data;horario;n_da_ocorrencia;tipo_de_ocorrencia;km;trecho;sentido;tipo_de_acidente;automovel;bicicleta;caminhao;moto;onibus;outros;tracao_animal;transporte_de_cargas_especiais;trator_maquinas;utilitarios;ilesos;levemente_feridos;moderadamente_feridos;gravemente_feridos;mortos
"18/11/2019";"21:47:00";"239";"Sem vítima";"30";"BR-290/RS";"Oeste";"Queda de ribanceira";1;0;0;0;0;0;0;0;0;0;1;0;0;0;0
"19/11/2019";"00:16:00";"2";"com vítima";"92";"BR-290/RS";"Leste";"Queda de moto";0;0;0;1;0;0;0;0;0;0;0;1;0;0;0
"19/11/2019";"01:33:00";"9";"Sem vítima";"26";"BR-290/RS";"Oeste";"Queda de ribanceira";0;0;1;0;0;0;0;0;0;0;1;0;0;0;0
"19/11/2019";"07:43:00";"42";"Sem vítima";"95";"BR-290/RS";"Oeste";"Colisão - Traseira";2;0;0;0;0;0;0;0;0;0;2;0;0;0;0
"19/11/2019";"09:45:00";"84";"Sem vítima";"11";"BR-448/RS";"Norte";"Colisão - Traseira";2;0;0;0;0;0;0;0;0;0;4;0;0;0;0
"19/11/2019";"11:05:00";"103";"Sem vítima";"338";"BR-386/RS";"Norte";"Colisão - Traseira";2;0;0;0;0;0;0;0;0;0;3;0;0;0;0
"19/11/2019";"16:00:00";"159";"Sem vítima";"428";"BR-386/RS";"Sul";"Colisão - Traseira";1;0;1;0;0;0;0;0;0;0;5;0;0;0;0
"19/11/2019";"17:09:00";"172";"Sem vítima";"68";"BR-290/RS";"Oeste";"Queda de ribanceira";1;0;0;0;0;0;0;0;0;0;1;0;0;0;0
"19/11/2019";"18:40:00";"186";"com vítima";"11";"BR-290/RS";"Leste";"Queda de moto";0;0;0;1;0;0;0;0;0;0;0;2;0;0;0
"19/11/2019";"19:43:00";"195";"com vítima";"24";"BR-101/RS";"Sul";"Queda de moto";0;0;0;1;0;0;0;0;0;0;0;2;0;0;0
"19/11/2019";"21:05:00";"207";"Sem vítima";"16";"BR-448/RS";"Sul";"Colisão - Lateral";1;0;2;0;0;0;0;0;0;0;3;0;0;0;0
"19/11/2019";"22:35:00";"218";"com vítima";"280";"BR-386/RS";"Sul";"Colisão - Lateral";1;0;1;0;0;0;0;0;0;0;2;0;0;0;1
"19/11/2019";"23:04:00";"224";"com vítima";"92";"BR-290/RS";"Leste";"Queda de moto";0;0;0;1;0;0;0;0;0;0;0;1;0;0;0
"20/11/2019";"16:50:00";"193";"com vítima";"347";"BR-386/RS";"Sul";"Colisão - Traseira";2;0;0;0;0;0;0;0;0;0;2;1;0;0;0
"20/11/2019";"19:54:00";"224";"com vítima";"19,23";"BR-101/RS";"Sul";"Queda de moto";0;0;0;1;0;0;0;0;0;0;0;0;0;1;0
"20/11/2019";"20:22:00";"230";"Sem vítima";"92";"BR-290/RS";"Oeste";"Colisão - Traseira";2;0;0;0;0;0;0;0;0;0;3;0;0;0;0
"21/11/2019";"07:51:00";"47";"Sem vítima";"16";"BR-448/RS";"Sul";"Colisão - Traseira";2;0;0;0;0;0;0;0;0;0;2;0;0;0;0
"21/11/2019";"08:51:00";"66";"Sem vítima";"399";"BR-386/RS";"Norte";"Capotamento";1;0;0;0;0;0;0;0;0;0;1;0;0;0;0
"21/11/2019";"09:40:00";"83";"Sem vítima";"87";"BR-290/RS";"Oeste";"Choque Barreira";1;0;0;0;0;0;0;0;0;0;1;0;0;0;0
"21/11/2019";"10:38:00";"96";"Sem vítima";"15";"BR-448/RS";"Sul";;0;0;1;0;0;0;0;0;0;0;1;0;0;0;0
"21/11/2019";"11:45:00";"113";"Sem vítima";"431";"BR-386/RS";"Norte";"Queda de ribanceira";1;0;0;0;0;0;0;0;0;0;1;0;0;0;0
"21/11/2019";"15:02:00";"151";"Sem vítima";"90";"BR-290/RS";"Leste";"Colisão - Lateral";1;0;1;0;0;1;0;0;0;0;3;0;0;0;0
"21/11/2019";"17:49:00";"183";"Sem vítima";"411";"BR-386/RS";"Sul";"Tombamento";0;0;0;0;1;0;0;0;0;0;2;0;0;0;0
"21/11/2019";"20:31:00";"211";"Sem vítima";"35,46";"BR-101/RS";"Norte";"Queda de ribanceira";1;0;0;0;0;0;0;0;0;0;3;0;0;0;0
"21/11/2019";"20:55:00";"215";"com vítima";"386";"BR-386/RS";"Sul";"Atropelamento - Morador/Trabalhador/Estudante";1;0;0;0;0;0;0;0;0;0;0;0;1;0;0
"21/11/2019";"21:19:00";"218";"Sem vítima";"47";"BR-290/RS";"Ambos";"Queda de ribanceira";1;0;0;0;0;0;0;0;0;0;2;0;0;0;0
"22/11/2019";"00:15:00";"3";"Sem vítima";"48";"BR-290/RS";"Oeste";"Atropelamento de Animal";0;0;1;0;0;0;0;0;0;0;1;0;0;0;0
"22/11/2019";"01:01:00";"6";"Sem vítima";"48,33";"BR-290/RS";"Oeste";"Atropelamento de Animal";1;0;0;0;0;0;0;0;0;0;2;0;0;0;0
"22/11/2019";"01:42:00";"10";"com vítima";"42";"BR-101/RS";"Sul";"Saída de pista";0;0;0;1;0;0;0;0;0;0;0;0;0;1;0
"22/11/2019";"04:56:00";"12";"Sem vítima";"80";"BR-290/RS";"Oeste";"Queda de ribanceira";0;0;0;1;0;0;0;0;0;0;1;0;0;0;0
"22/11/2019";"05:30:00";"15";"com vítima";"96";"BR-290/RS";"Oeste";"Saída de pista";0;0;0;1;0;0;0;0;0;0;0;0;1;0;0
"22/11/2019";"06:51:00";"21";"Sem vítima";"92";"BR-290/RS";"Leste";"Saída de pista";1;0;0;0;0;0;0;0;0;0;1;0;0;0;0
"22/11/2019";"07:02:00";"28";"com vítima";"58";"BR-290/RS";"Oeste";"Colisão - Traseira";1;0;1;0;0;0;0;0;0;0;2;1;0;0;0
"22/11/2019";"08:25:00";"52";"Sem vítima";"425";"BR-386/RS";"Sul";"Colisão - Traseira";2;0;0;0;0;0;0;0;0;0;4;0;0;0;0
"22/11/2019";"14:20:00";"148";"Sem vítima";"22";"BR-290/RS";"Oeste";"Saída de pista";1;0;0;0;0;0;0;0;0;0;2;0;0;0;0
"22/11/2019";"15:03:00";"161";"Sem vítima";"316,01";"BR-386/RS";"Sul";"Saída de pista";0;0;1;0;0;0;0;0;0;0;1;0;0;0;0
"22/11/2019";"15:28:00";"167";"Sem vítima";"393";"BR-386/RS";"Sul";"Colisão - Lateral";1;0;0;0;0;0;0;0;0;0;1;0;0;0;0
"22/11/2019";"16:05:00";"178";"com vítima";"43";"BR-101/RS";"Norte";"Saída de pista";1;0;0;0;0;0;0;0;0;0;0;0;2;0;0
"22/11/2019";"16:33:00";"184";"Sem vítima";"401";"BR-386/RS";"Norte";"Saída de pista";1;0;0;0;0;0;0;0;0;0;2;0;0;0;0
"22/11/2019";"16:57:00";"187";"com vítima";"71,17";"BR-290/RS";"Oeste";"Capotamento";0;0;0;0;1;0;0;0;0;0;0;0;0;1;0
"22/11/2019";"17:02:00";"189";"com vítima";"345";"BR-386/RS";"Sul";"Engavetamento";3;0;0;0;0;0;0;0;0;0;2;1;0;0;0
"22/11/2019";"18:29:00";"202";"com vítima";"87";"BR-290/RS";"Leste";"Colisão - Traseira";1;0;0;1;0;0;0;0;0;0;1;1;0;0;0
"22/11/2019";"18:51:00";"205";"Sem vítima";"21";"BR-448/RS";"Sul";"Choque Defensa";1;0;0;0;0;0;0;0;0;0;1;0;0;0;0
"22/11/2019";"19:07:00";"211";"com vítima";"23";"BR-101/RS";"Norte";"Colisão - Lateral";2;0;0;0;0;0;0;0;0;0;1;1;0;0;0
"22/11/2019";"19:31:00";"217";"com vítima";"353";"BR-386/RS";"Sul";"Atropelamento - Usuário";0;0;0;0;1;0;0;0;0;0;1;0;0;0;1
"22/11/2019";"20:25:00";"230";"Sem vítima";"35";"BR-101/RS";"Sul";"Queda de ribanceira";1;0;0;0;0;0;0;0;0;0;2;0;0;0;0
"22/11/2019";"21:13:00";"236";"Sem vítima";"12";"BR-448/RS";"Sul";"Colisão - Traseira";1;0;0;0;0;0;0;0;0;0;1;0;0;0;0
"22/11/2019";"21:51:00";"245";"com vítima";"18";"BR-290/RS";"Oeste";"Saída de pista";1;0;0;0;0;0;0;0;0;0;0;1;0;0;0
"23/11/2019";"00:59:00";"4";"Sem vítima";"15";"BR-290/RS";"Oeste";"Queda de ribanceira";1;0;0;0;0;0;0;0;0;0;1;0;0;0;0
"23/11/2019";"06:07:00";"22";"com vítima";"21";"BR-448/RS";"Sul";"Saída de pista";1;0;0;0;0;0;0;0;0;0;1;1;0;0;0
"23/11/2019";"09:28:00";"61";"Sem vítima";"64";"BR-101/RS";"Sul";"Saída de pista";1;0;0;0;0;0;0;0;0;0;2;0;0;0;0
"23/11/2019";"11:08:00";"89";"com vítima";"31";"BR-290/RS";"Leste";"Saída de pista";1;0;0;0;0;0;0;0;0;0;1;1;0;0;0
"23/11/2019";"11:17:00";"92";"Sem vítima";"353";"BR-386/RS";"Sul";"Colisão - Traseira";2;0;0;0;0;0;0;0;0;0;2;0;0;0;0
"23/11/2019";"11:43:00";"98";"Sem vítima";"26";"BR-290/RS";"Leste";"Saída de pista";1;0;0;0;0;0;0;0;0;0;1;0;0;0;0
"23/11/2019";"14:20:00";"115";"com vítima";"399";"BR-386/RS";"Sul";"Queda de moto";0;0;0;1;0;0;0;0;0;0;0;0;1;0;0
"23/11/2019";"15:16:00";"121";"com vítima";"338";"BR-386/RS";"Norte";"Colisão - Traseira";3;0;0;0;0;0;0;0;0;0;3;0;1;0;0
"23/11/2019";"15:18:00";"122";"com vítima";"34";"BR-290/RS";"Oeste";"Saída de pista";1;0;0;0;0;0;0;0;0;0;1;3;0;0;0
"23/11/2019";"21:10:00";"163";"Sem vítima";"11";"BR-290/RS";"Oeste";"Atropelamento de Animal";0;0;0;0;0;0;0;0;0;0;2;0;0;0;0
"24/11/2019";"06:00:00";"21";"com vítima";"419";"BR-386/RS";"Sul";"Queda de ribanceira";1;0;0;0;0;0;0;0;0;0;0;2;2;0;0
"24/11/2019";"11:42:00";"69";"com vítima";"77";"BR-290/RS";"Leste";"Choque Praça - Submarino";1;0;0;0;0;0;0;0;0;0;0;1;1;0;0
"24/11/2019";"14:23:00";"93";"Sem vítima";"355";"BR-386/RS";"Sul";"Colisão - Traseira";2;0;0;0;0;0;0;0;0;0;2;0;0;0;0
"24/11/2019";"18:09:00";"130";"com vítima";"205";"BR-386/RS";"Sul";"Capotamento";1;0;0;0;0;0;0;0;0;0;1;2;0;0;0
"25/11/2019";"02:41:00";"15";"Sem vítima";"435";"BR-386/RS";"Norte";"Atropelamento de Animal";0;0;0;0;1;0;0;0;0;0;1;0;0;0;0
"25/11/2019";"07:50:00";"59";"Sem vítima";"89";"BR-290/RS";"Oeste";"Colisão - Traseira";3;0;0;0;0;0;0;0;0;0;6;0;0;0;0
"25/11/2019";"08:39:00";"77";"com vítima";"87";"BR-290/RS";"Oeste";"Colisão - Traseira";1;0;0;1;0;0;0;0;0;0;3;1;0;0;0
"25/11/2019";"12:39:00";"128";"Sem vítima";"415";"BR-386/RS";"Norte";"Tombamento";0;0;1;0;0;0;0;0;0;0;1;0;0;0;0
"25/11/2019";"16:13:00";"166";"Sem vítima";"19";"BR-101/RS";"Sul";"Colisão - Lateral";2;0;1;0;0;0;0;0;0;0;2;0;0;0;0
"25/11/2019";"16:17:00";"168";"com vítima";"97";"BR-290/RS";"Oeste";"Queda de moto";0;0;0;1;0;0;0;0;0;0;0;1;0;0;0
"25/11/2019";"18:16:00";"194";"com vítima";"52,24";"BR-290/RS";"Oeste";"Colisão - Traseira";2;0;0;0;0;0;0;0;0;0;2;3;0;0;0
"26/11/2019";"01:59:00";"4";"Sem vítima";"354";"BR-386/RS";"Norte";"Choque Defensa";1;0;0;0;0;0;0;0;0;0;2;0;0;0;0
"26/11/2019";"14:37:00";"120";"Sem vítima";"95";"BR-290/RS";"Oeste";"Colisão - Traseira";2;0;0;0;0;0;0;0;0;0;2;0;0;0;0
"26/11/2019";"15:37:00";"129";"com vítima";"94";"BR-290/RS";"Leste";"Colisão - Lateral";2;0;1;0;0;0;0;0;0;0;3;0;2;0;0
"26/11/2019";"16:48:00";"138";"Sem vítima";"71";"BR-290/RS";"Leste";"Queda de ribanceira";0;0;0;0;1;0;0;0;0;0;1;0;0;0;0
"26/11/2019";"16:57:00";"141";"Sem vítima";"14";"BR-101/RS";"Norte";"Tombamento";0;0;1;0;0;0;0;0;0;0;1;0;0;0;0
"26/11/2019";"18:06:00";"152";"com vítima";"21,04";"BR-448/RS";"Norte";"Choque Barreira";2;0;1;0;0;0;0;0;0;0;0;0;1;0;0
"26/11/2019";"19:10:00";"160";"Sem vítima";"248";"BR-386/RS";"Norte";"Queda de ribanceira";0;0;0;0;0;0;0;0;0;0;1;0;0;0;0
"26/11/2019";"19:16:00";"162";"Sem vítima";"14";"BR-290/RS";"Leste";"Tombamento";0;0;0;0;1;0;0;0;0;0;2;0;0;0;0
"26/11/2019";"21:40:00";"170";"Sem vítima";"349";"BR-386/RS";"Sul";"Colisão - Traseira";2;0;0;0;0;0;0;0;0;0;2;0;0;0;0
"26/11/2019";"22:41:00";"176";"Sem vítima";"12";"BR-290/RS";"Leste";"Atropelamento de Animal";1;0;0;0;0;0;0;0;0;0;2;0;0;0;0
"27/11/2019";"00:03:00";"1";"Sem vítima";"35";"BR-101/RS";"Sul";"Tombamento";0;0;1;0;0;0;0;0;0;0;1;0;0;0;0
"27/11/2019";"08:45:00";"61";"com vítima";"95";"BR-290/RS";"Oeste";"Colisão - Lateral";1;0;0;1;0;0;0;0;0;0;1;1;0;0;0
"27/11/2019";"09:31:00";"72";"com vítima";"96";"BR-290/RS";"Oeste";"Colisão - Lateral";1;0;0;1;0;0;0;0;0;0;3;1;0;0;0
"27/11/2019";"09:49:00";"76";"Sem vítima";"410";"BR-386/RS";"Norte";"Colisão - Traseira";1;0;2;0;0;0;0;0;0;0;3;0;0;0;0
"27/11/2019";"10:39:00";"81";"Sem vítima";"13";"BR-448/RS";"Sul";"Colisão - Traseira";0;0;2;0;0;0;0;0;0;0;2;0;0;0;0
"27/11/2019";"15:27:00";"122";"Sem vítima";"87";"BR-290/RS";"Oeste";"Colisão - Traseira";1;0;0;0;1;0;0;0;0;0;2;0;0;0;0
"27/11/2019";"20:07:00";"169";"com vítima";"57";"BR-290/RS";"Oeste";"Capotamento";1;0;0;0;0;0;0;0;0;0;1;1;0;0;0
"27/11/2019";"20:12:00";"170";"Sem vítima";"248,1";"BR-386/RS";"Sul";"Saída de pista";1;0;0;0;0;0;0;0;0;0;2;0;0;0;0
"27/11/2019";"22:26:00";"186";"com vítima";"75";"BR-101/RS";"Ambos";"Capotamento";1;0;0;0;0;0;0;0;0;0;1;1;0;0;0
"28/11/2019";"07:32:00";"47";"com vítima";"308";"BR-386/RS";"Sul";"Colisão - Traseira";0;0;2;0;0;0;0;0;0;0;1;0;0;0;1
"28/11/2019";"14:00:00";"155";"Sem vítima";"234";"BR-386/RS";"Norte";"Saída de pista";1;0;0;0;0;0;0;0;0;0;1;0;0;0;0
"29/11/2019";"06:53:00";"21";"Sem vítima";"87";"BR-290/RS";"Oeste";"Engavetamento";3;0;0;0;0;0;0;0;0;0;5;0;0;0;0
"29/11/2019";"07:25:00";"32";"com vítima";"87";"BR-290/RS";"Oeste";"Engavetamento";3;0;0;0;0;0;0;0;0;0;3;1;0;0;0
"29/11/2019";"08:31:00";"61";"com vítima";"435";"BR-386/RS";"Norte";"Colisão - Transversal";2;0;0;0;0;0;0;0;0;0;1;1;0;0;0
"29/11/2019";"08:38:00";"66";"Sem vítima";"2";"BR-290/RS";"Oeste";"Queda de ribanceira";1;0;0;0;0;0;0;0;0;0;1;0;0;0;0
"29/11/2019";"09:17:00";"81";"com vítima";"91";"BR-290/RS";"Leste";"Queda de ribanceira";2;0;0;0;0;0;0;0;0;0;1;1;0;0;0
"29/11/2019";"11:30:00";"117";"Sem vítima";"96";"BR-290/RS";"Oeste";"Colisão - Lateral";2;0;0;0;0;0;0;0;0;0;2;0;0;0;0
"29/11/2019";"13:54:00";"151";"Sem vítima";"81";"BR-101/RS";"Sul";"Capotamento";1;0;0;0;0;0;0;0;0;0;2;0;0;0;0
"29/11/2019";"13:56:00";"152";"Sem vítima";"13";"BR-101/RS";"Norte";"Queda de ribanceira";1;0;0;0;0;0;0;0;0;0;1;0;0;0;0
"29/11/2019";"16:00:00";"184";"Sem vítima";"36";"BR-290/RS";"Leste";"Queda de ribanceira";1;0;0;0;0;0;0;0;0;0;1;0;0;0;0
"29/11/2019";"16:29:00";"194";"Sem vítima";"401";"BR-386/RS";"Sul";"Colisão - Traseira";2;0;0;0;0;0;0;0;0;0;2;0;0;0;0
"29/11/2019";"21:49:00";"266";"Sem vítima";"284";"BR-386/RS";"Norte";"Queda de ribanceira";1;0;0;0;0;0;0;0;0;0;1;0;0;0;0
"29/11/2019";"22:01:00";"268";"Sem vítima";"407";"BR-386/RS";"Sul";"Queda de ribanceira";1;0;0;0;0;0;0;0;0;0;1;0;0;0;0
"30/11/2019";"01:23:00";"8";"com vítima";"440";"BR-386/RS";"Norte";"Queda de moto";0;0;0;1;0;0;0;0;0;0;0;1;0;0;0
"30/11/2019";"01:47:00";"11";"com vítima";"92";"BR-290/RS";"Leste";"Colisão - Traseira";1;0;0;0;0;0;0;0;0;0;0;1;0;0;0
"30/11/2019";"02:20:00";"13";"com vítima";"73";"BR-290/RS";"Leste";"Tombamento";0;0;0;1;0;0;0;0;0;0;13;14;2;0;0
"30/11/2019";"05:49:00";"26";"com vítima";"24";"BR-290/RS";"Leste";"Capotamento";1;0;0;0;0;0;0;0;0;0;0;2;1;0;0
"30/11/2019";"15:30:00";"165";"com vítima";"28";"BR-290/RS";"Oeste";"Queda de moto";0;0;1;1;0;0;0;0;0;0;0;1;0;0;1
"30/11/2019";"18:01:00";"202";"Sem vítima";"435";"BR-386/RS";"Sul";"Colisão - Traseira";2;0;0;0;0;0;0;0;0;0;5;0;0;0;0
"30/11/2019";"18:18:00";"206";"Sem vítima";"43";"BR-101/RS";"Norte";"Colisão - Traseira";2;0;0;0;0;0;0;0;0;0;2;0;0;0;0
"30/11/2019";"19:43:00";"221";"Sem vítima";"77";"BR-290/RS";"Leste";"Outros";2;0;0;0;0;0;0;0;0;0;2;0;0;0;0
"01/12/2019";"05:45:00";"34";"Sem vítima";"35";"BR-290/RS";"Leste";"Saída de pista";1;0;0;0;0;0;0;0;0;0;1;0;0;0;0
"01/12/2019";"06:35:00";"28";"Sem vítima";"88";"BR-290/RS";"Leste";"Colisão - Traseira";2;0;0;0;0;0;0;0;0;0;1;0;0;0;0
"01/12/2019";"17:08:00";"158";"Sem vítima";"68";"BR-290/RS";"Oeste";"Colisão - Traseira";2;0;0;0;0;0;0;0;0;0;3;0;0;0;0
"01/12/2019";"21:07:00";"201";"Sem vítima";"29";"BR-290/RS";"Oeste";"Atropelamento de Animal";1;0;0;0;0;0;0;0;0;0;2;0;0;0;0
"01/12/2019";"22:21:00";"213";"Sem vítima";"374";"BR-386/RS";"Norte";"Saída de pista";1;0;0;0;0;0;0;0;0;0;4;0;0;0;0
"01/12/2019";"22:22:00";"214";"Sem vítima";"446";"BR-386/RS";"Norte";"Choque Defensa";1;0;0;0;0;0;0;0;0;0;2;0;0;0;0
"01/12/2019";"22:28:00";"215";"Sem vítima";"303";"BR-386/RS";"Norte";"Outros";0;0;1;0;0;0;0;0;0;0;1;0;0;0;0
"02/12/2019";"08:01:00";"50";"com vítima";"7";"BR-101/RS";"Sul";"Colisão - Traseira";0;0;1;1;0;0;0;0;0;0;1;0;0;1;0
"02/12/2019";"14:15:00";"127";"com vítima";"426";"BR-386/RS";"Norte";"Atropelamento - Funcionário";1;0;0;0;0;0;0;0;0;0;1;0;0;1;0
"02/12/2019";"15:07:00";"142";"Sem vítima";"4";"BR-290/RS";"Oeste";"Queda de ribanceira";1;0;0;0;0;0;0;0;0;0;2;0;0;0;0
"02/12/2019";"15:34:00";"149";"com vítima";"82";"BR-290/RS";"Oeste";"Queda de moto";0;0;0;1;0;0;0;0;0;0;1;1;0;0;0
"02/12/2019";"17:49:00";"172";"Sem vítima";"388";"BR-386/RS";"Sul";"Colisão - Traseira";1;0;1;0;0;0;0;0;0;0;2;0;0;0;0
"02/12/2019";"20:57:00";"208";"com vítima";"11";"BR-101/RS";"Norte";"Queda de ribanceira";0;0;0;1;0;0;0;0;0;0;0;2;0;0;0
"02/12/2019";"21:09:00";"211";"Sem vítima";"63";"BR-290/RS";"Leste";"Atropelamento de Animal";1;0;0;0;0;0;0;0;0;0;1;0;0;0;0
"03/12/2019";"07:36:00";"10";"Sem vítima";"11";"BR-448/RS";"Sul";"Colisão - Traseira";2;0;0;0;0;0;0;0;0;0;8;0;0;0;0
"03/12/2019";"12:58:00";"101";"com vítima";"4";"BR-448/RS";"Sul";"Queda de moto";0;0;0;1;0;0;0;0;0;0;0;0;1;0;0
"03/12/2019";"17:24:00";"161";"Sem vítima";"97";"BR-290/RS";"Leste";"Colisão - Traseira";1;0;1;0;0;0;0;0;0;0;2;0;0;0;0
"03/12/2019";"18:21:00";"174";"Sem vítima";"430";"BR-386/RS";"Sul";"Colisão - Traseira";0;0;2;0;0;0;0;0;0;0;2;0;0;0;0
"03/12/2019";"18:22:00";"175";"Sem vítima";"76";"BR-290/RS";"Oeste";"Capotamento";1;0;0;0;0;0;0;0;0;0;1;0;0;0;0
"03/12/2019";"23:20:00";"206";"com vítima";"97";"BR-290/RS";"Leste";"Atropelamento - Usuário";0;0;1;0;0;1;0;0;0;0;0;0;0;1;0
"04/12/2019";"03:01:00";"19";"Sem vítima";"303";"BR-386/RS";"Norte";"Capotamento";1;0;0;0;0;0;0;0;0;0;1;0;0;0;0
"04/12/2019";"03:26:00";"22";"Sem vítima";"54";"BR-290/RS";"Oeste";"Atropelamento de Animal";1;0;0;0;0;0;0;0;0;0;3;0;0;0;0
"04/12/2019";"14:55:00";"181";"com vítima";"260";"BR-386/RS";"Sul";"Atropelamento - Morador/Trabalhador/Estudante";0;0;1;0;0;0;0;0;0;0;0;0;1;0;0
"04/12/2019";"14:57:00";"183";"Sem vítima";"264";"BR-386/RS";"Sul";"Queda de ribanceira";1;0;0;0;0;0;0;0;0;0;3;0;0;0;0
"04/12/2019";"17:56:00";"223";"Sem vítima";"88";"BR-290/RS";"Leste";"Engavetamento";4;0;0;0;1;0;0;0;0;0;4;0;0;0;0
"04/12/2019";"17:57:00";"224";"com vítima";"14";"BR-290/RS";"Leste";"Saída de pista";1;0;0;0;0;0;0;0;0;0;2;1;1;0;0
"05/12/2019";"12:20:00";"142";"Sem vítima";"33";"BR-101/RS";"Ambos";"Choque Praça - Cabine";0;0;1;0;0;0;0;0;0;0;1;0;0;0;0
"05/12/2019";"14:47:00";"159";"Sem vítima";"416";"BR-386/RS";"Norte";"Queda de ribanceira";1;0;0;0;0;0;0;0;0;0;1;0;0;0;0
"05/12/2019";"17:22:00";"183";"com vítima";"91";"BR-290/RS";"Leste";"Colisão - Lateral";0;0;0;1;0;1;0;0;0;0;0;1;0;0;0
"05/12/2019";"20:45:00";"217";"com vítima";"265";"BR-386/RS";"Sul";"Saída de pista";1;0;0;0;0;0;0;0;0;0;0;0;0;1;0
"06/12/2019";"07:23:00";"40";"com vítima";"440";"BR-386/RS";"Sul";"Colisão - Traseira";1;0;1;0;0;0;0;0;0;0;2;1;0;0;0
"06/12/2019";"09:17:00";"88";"Sem vítima";"62,39";"BR-290/RS";"Leste";"Saída de pista";0;0;0;0;1;0;0;0;0;0;2;0;0;0;0
"06/12/2019";"15:32:00";"174";"Sem vítima";"350";"BR-386/RS";"Sul";"Saída de pista";1;0;0;0;0;0;0;0;0;0;1;0;0;0;0
"06/12/2019";"17:35:00";"220";"Sem vítima";"89";"BR-290/RS";"Leste";"Colisão - Lateral";1;0;1;0;0;0;0;0;0;0;2;0;0;0;0
"06/12/2019";"18:18:00";"233";"com vítima";"430";"BR-386/RS";"Norte";"Colisão - Traseira";0;0;0;2;0;0;0;0;0;0;2;1;0;0;0
"06/12/2019";"18:28:00";"238";"Sem vítima";"293,48";"BR-386/RS";"Norte";"Saída de pista";1;0;0;0;0;0;0;0;0;0;1;0;0;0;0
"06/12/2019";"18:48:00";"245";"Sem vítima";"37";"BR-101/RS";"Norte";"Colisão - Traseira";1;0;0;0;0;0;0;0;0;0;1;0;0;0;0
"06/12/2019";"19:24:00";"252";"Sem vítima";"344";"BR-386/RS";"Norte";"Colisão - Traseira";1;0;0;0;1;0;0;0;0;0;4;0;0;0;0
"06/12/2019";"21:20:00";"285";"com vítima";"14";"BR-101/RS";"Sul";"Atropelamento - Andarilho";1;0;0;0;0;0;0;0;0;0;1;1;0;0;0
"06/12/2019";"21:31:00";"288";"Sem vítima";"94";"BR-290/RS";"Oeste";"Choque Barreira";2;0;1;0;0;0;0;0;0;0;5;0;0;0;0
"06/12/2019";"22:21:00";"295";"Sem vítima";"4";"BR-290/RS";"Leste";"Capotamento";1;0;0;0;0;0;0;0;0;0;1;0;0;0;0
"06/12/2019";"22:24:00";"296";"com vítima";"27";"BR-290/RS";"Oeste";"Colisão - Traseira";0;0;1;0;1;0;0;0;0;0;2;0;1;1;0
"06/12/2019";"22:50:00";"301";"Sem vítima";"182";"BR-386/RS";"Norte";"Colisão - Traseira";1;0;1;0;0;0;0;0;0;0;2;0;0;0;0
"06/12/2019";"23:13:00";"304";"Sem vítima";"429";"BR-386/RS";"Norte";"Saída de pista";1;0;0;0;0;0;0;0;0;0;1;0;0;0;0
"07/12/2019";"04:59:00";"313";"Sem vítima";"206";"BR-386/RS";"Sul";"Atropelamento de Animal";1;0;0;0;0;0;0;0;0;0;1;0;0;0;0
"07/12/2019";"06:02:00";"317";"Sem vítima";"185";"BR-386/RS";"Norte";"Saída de pista";1;0;0;0;0;0;0;0;0;0;1;0;0;0;0
"07/12/2019";"06:37:00";"327";"com vítima";"446";"BR-386/RS";"Sul";"Queda de moto";0;0;0;1;0;0;0;0;0;0;0;0;0;0;1
"07/12/2019";"07:46:00";"343";"Sem vítima";"23";"BR-290/RS";"Leste";"Choque - Meio Fio";0;0;0;1;0;0;0;0;0;0;2;0;0;0;0
"07/12/2019";"15:25:00";"442";"com vítima";"88";"BR-290/RS";"Leste";"Queda de moto";0;0;1;1;0;0;0;0;0;0;0;1;0;0;0
"07/12/2019";"18:23:00";"482";"Sem vítima";"35";"BR-101/RS";"Sul";"Tombamento";0;0;0;0;1;0;0;0;0;0;1;0;0;0;0
"07/12/2019";"19:04:00";"487";"com vítima";"350";"BR-386/RS";"Norte";"Capotamento";2;0;0;0;0;0;0;0;0;0;2;3;1;0;0
"07/12/2019";"19:40:00";"493";"com vítima";"19";"BR-101/RS";"Norte";"Saída de pista";1;0;0;0;0;0;0;0;0;0;0;3;0;0;0
"07/12/2019";"22:02:00";"517";"Sem vítima";"415";"BR-386/RS";"Norte";"Queda de ribanceira";0;0;0;0;0;0;0;0;0;0;1;0;0;0;0
"08/12/2019";"01:25:00";"17";"com vítima";"70";"BR-290/RS";"Oeste";"Tombamento";0;0;1;0;0;0;0;0;0;0;0;0;1;0;0
"08/12/2019";"05:45:00";"34";"com vítima";"274";"BR-386/RS";"Norte";"Saída de pista";1;0;0;0;0;0;0;0;0;0;0;1;0;0;0
"08/12/2019";"08:53:00";"67";"Sem vítima";"429";"BR-386/RS";"Norte";"Saída de pista";1;0;0;0;0;0;0;0;0;0;1;0;0;0;0
"08/12/2019";"09:47:00";"74";"Sem vítima";"98";"BR-290/RS";"Leste";"Engavetamento";4;0;0;0;0;0;0;0;0;0;6;0;0;0;0
"08/12/2019";"12:04:00";"102";"com vítima";"6";"BR-290/RS";"Oeste";"Choque Barreira";1;0;0;0;0;0;0;0;0;0;0;0;1;0;1
"08/12/2019";"13:35:00";"116";"Sem vítima";"425";"BR-386/RS";"Sul";"Colisão - Traseira";2;0;0;0;0;0;0;0;0;0;8;0;0;0;0
"08/12/2019";"16:25:00";"146";"com vítima";"4";"BR-290/RS";"Oeste";"Queda de moto";0;0;0;1;0;0;0;0;0;0;0;1;0;0;0