data;horario;n_da_ocorrencia;tipo_de_ocorrencia;km;trecho;sentido;tipo_de_acidente;automovel;bicicleta;caminhao;moto;onibus;outros;tracao_animal;transporte_de_cargas_especiais;trator_maquinas;utilitarios;ilesos;levemente_feridos;moderadamente_feridos;gravemente_feridos;mortos
"18/02/2020";"12:40:00";"133";"Sem vítima";"407";"BR-386/RS";"Norte";"Queda de ribanceira";1;0;0;0;0;0;0;0;0;0;1;0;0;0;0
"18/02/2020";"13:14:00";"139";"com vítima";"352";"BR-386/RS";"Norte";"Choque Defensa";1;0;0;0;0;0;0;0;0;0;0;3;0;0;0
"18/02/2020";"13:46:00";"150";"Sem vítima";"299";"BR-386/RS";"Norte";"Saída de pista";1;0;0;0;0;0;0;0;0;0;2;0;0;0;0
"18/02/2020";"14:01:00";"151";"Sem vítima";"63";"BR-101/RS";"Norte";"Colisão - Lateral";1;0;1;0;0;0;0;0;0;0;2;0;0;0;0
"18/02/2020";"14:34:00";"156";"Sem vítima";"65";"BR-290/RS";"Oeste";"Queda de ribanceira";0;0;1;0;0;0;0;0;0;0;3;0;0;0;0
"18/02/2020";"20:44:00";"214";"Sem vítima";"436";"BR-386/RS";"Sul";"Colisão - Lateral";2;0;0;0;0;0;0;0;0;0;2;0;0;0;0
"18/02/2020";"20:48:00";"216";"Sem vítima";"92";"BR-290/RS";"Leste";"Colisão - Traseira";2;0;0;0;0;0;0;0;0;0;3;0;0;0;0
"18/02/2020";"21:18:00";"218";"Sem vítima";"57";"BR-101/RS";"Norte";"Capotamento";1;0;0;0;0;0;0;0;0;0;1;0;0;0;0
"19/02/2020";"01:08:00";"5";"com vítima";"41";"BR-290/RS";"Oeste";"Colisão - Traseira";2;0;0;0;0;0;0;0;0;0;2;0;1;0;0
"19/02/2020";"04:17:00";"16";"Sem vítima";"26";"BR-290/RS";"Leste";"Queda de ribanceira";1;0;0;0;0;0;0;0;0;0;1;0;0;0;0
"19/02/2020";"10:33:00";"96";"Sem vítima";"2";"BR-101/RS";"Sul";"Colisão - Traseira";1;0;0;1;0;0;0;0;0;0;3;0;0;0;0
"19/02/2020";"12:59:00";"127";"com vítima";"392";"BR-386/RS";"Norte";"Queda de moto";0;0;0;1;0;0;0;0;0;0;0;0;1;0;0
"19/02/2020";"14:49:00";"155";"Sem vítima";"77";"BR-290/RS";"Oeste";"Colisão - Traseira";2;0;0;0;0;0;0;0;0;0;6;0;0;0;0
"19/02/2020";"18:03:00";"203";"Sem vítima";"85";"BR-290/RS";"Leste";"Colisão - Traseira";1;0;1;0;0;0;0;0;0;0;4;0;0;0;0
"20/02/2020";"06:36:00";"25";"com vítima";"434";"BR-386/RS";"Norte";"Colisão - Lateral";1;0;0;1;0;0;0;0;0;0;1;1;0;0;0
"20/02/2020";"07:25:00";"31";"Sem vítima";"398";"BR-386/RS";"Norte";"Saída de pista";0;0;1;0;0;0;0;0;0;0;2;0;0;0;0
"20/02/2020";"08:53:00";"73";"Sem vítima";"446,02";"BR-386/RS";"Sul";"Colisão - Traseira";1;0;1;0;0;0;0;0;0;0;6;0;0;0;0
"20/02/2020";"09:27:00";"86";"Sem vítima";"7";"BR-101/RS";"Norte";"Colisão - Lateral";2;0;0;0;0;0;0;0;0;0;6;0;0;0;0
"20/02/2020";"17:16:00";"230";"com vítima";"438";"BR-386/RS";"Sul";"Queda de moto";0;0;0;1;0;0;0;0;0;0;0;0;2;0;0
"20/02/2020";"17:27:00";"232";"com vítima";"92";"BR-290/RS";"Leste";"Queda de moto";0;0;0;1;0;0;0;0;0;0;0;0;1;0;0
"20/02/2020";"21:12:00";"309";"com vítima";"289";"BR-386/RS";"Norte";"Colisão - Lateral";0;0;1;0;0;0;0;0;0;0;2;0;1;0;0
"20/02/2020";"22:02:00";"318";"Sem vítima";"321";"BR-386/RS";"Sul";"Saída de pista";1;0;0;0;0;0;0;0;0;0;1;0;0;0;0
"21/02/2020";"04:21:00";"28";"com vítima";"29";"BR-290/RS";"Oeste";"Capotamento";1;0;0;0;0;0;0;0;0;0;0;0;1;0;0
"21/02/2020";"07:16:00";"47";"com vítima";"438";"BR-386/RS";"Sul";"Colisão - Lateral";0;0;1;1;0;0;0;0;0;0;1;0;1;0;0
"21/02/2020";"07:28:00";"50";"com vítima";"49";"BR-101/RS";"Norte";"Colisão - Lateral";3;0;0;0;0;0;0;0;0;0;0;3;2;0;0
"21/02/2020";"13:53:00";"176";"Sem vítima";"22,47";"BR-448/RS";"Norte";"Colisão - Lateral";1;0;1;0;0;0;0;0;0;0;2;0;0;0;0
"21/02/2020";"16:06:00";"222";"Sem vítima";"306";"BR-386/RS";"Norte";"Tombamento";0;0;1;0;0;0;0;0;0;0;1;0;0;0;0
"21/02/2020";"16:50:00";"233";"Sem vítima";"74";"BR-290/RS";"Leste";"Colisão - Traseira";3;0;0;0;0;0;0;0;0;0;3;0;0;0;0
"21/02/2020";"16:53:00";"234";"Sem vítima";"19,43";"BR-290/RS";"Oeste";"Colisão - Traseira";2;0;0;0;0;0;0;0;0;0;5;0;0;0;0
"21/02/2020";"18:24:00";"268";"com vítima";"275";"BR-386/RS";"Norte";"Colisão - Traseira";4;0;2;0;0;0;0;0;0;0;7;2;0;1;1
"21/02/2020";"20:56:00";"318";"Sem vítima";"63";"BR-290/RS";"Leste";;2;0;0;0;0;0;0;0;0;0;1;0;0;0;0
"21/02/2020";"21:55:00";"337";"com vítima";"1";"BR-101/RS";"Norte";"Colisão - Traseira";1;0;0;1;0;0;0;0;0;0;0;1;0;0;0
"22/02/2020";"00:29:00";"12";"Sem vítima";"27";"BR-290/RS";"Leste";;1;0;1;0;0;0;0;0;0;0;4;0;0;0;0
"22/02/2020";"02:09:00";"39";"com vítima";"77";"BR-101/RS";"Sul";"Queda de ribanceira";1;0;0;0;0;0;0;0;0;0;0;2;0;0;0
"22/02/2020";"03:36:00";"54";"Sem vítima";"25";"BR-290/RS";"Leste";"Colisão - Traseira";0;0;0;0;0;0;0;0;0;0;1;0;0;0;0
"22/02/2020";"04:53:00";"71";"Sem vítima";"24";"BR-290/RS";"Leste";"Colisão - Traseira";2;0;0;0;0;0;0;0;0;0;2;0;0;0;0
"22/02/2020";"05:42:00";"85";"Sem vítima";"27";"BR-290/RS";"Leste";"Engavetamento";3;0;0;0;0;0;0;0;0;0;3;0;0;0;0
"22/02/2020";"05:52:00";"88";"Sem vítima";"68";"BR-290/RS";"Leste";"Colisão - Traseira";3;0;0;0;0;0;0;0;0;0;3;0;0;0;0
"22/02/2020";"06:31:00";"94";"Sem vítima";"428";"BR-386/RS";"Sul";"Queda de ribanceira";1;0;0;0;0;0;0;0;0;0;1;0;0;0;0
"22/02/2020";"06:52:00";"102";"Sem vítima";"3";"BR-101/RS";"Norte";"Queda de moto";0;0;0;1;0;0;0;0;0;0;1;0;0;0;0
"22/02/2020";"09:53:00";"168";"Sem vítima";"42";"BR-101/RS";"Norte";"Colisão - Traseira";1;0;0;0;0;0;0;0;0;0;2;0;0;0;0
"22/02/2020";"10:06:00";"171";"Sem vítima";"61";"BR-290/RS";"Leste";"Colisão - Lateral";2;0;0;0;0;0;0;0;0;0;1;0;0;0;0
"22/02/2020";"10:37:00";"177";"Sem vítima";"58";"BR-290/RS";"Oeste";"Colisão - Traseira";2;0;0;0;0;0;0;0;0;0;2;0;0;0;0
"22/02/2020";"11:09:00";"192";"Sem vítima";"34";"BR-290/RS";"Leste";"Colisão - Lateral";1;0;0;2;0;0;0;0;0;0;2;0;0;0;0
"22/02/2020";"12:22:00";"215";"Sem vítima";"45";"BR-290/RS";"Leste";"Colisão - Traseira";2;0;0;0;0;0;0;0;0;0;2;0;0;0;0
"22/02/2020";"12:36:00";"219";"Sem vítima";"39";"BR-290/RS";"Leste";"Colisão - Traseira";2;0;0;0;0;0;0;0;0;0;2;0;0;0;0
"22/02/2020";"12:50:00";"229";"Sem vítima";"40";"BR-290/RS";"Leste";"Saída de pista";0;0;0;0;0;0;0;0;0;0;1;0;0;0;0
"22/02/2020";"14:01:00";"254";"Sem vítima";"91";"BR-290/RS";"Leste";"Queda de moto";1;0;0;0;0;0;0;0;0;0;2;0;0;0;0
"22/02/2020";"16:00:00";"303";"com vítima";"46";"BR-290/RS";"Leste";"Colisão - Traseira";2;0;0;0;0;0;0;0;0;0;4;1;0;0;0
"22/02/2020";"17:11:00";"327";"Sem vítima";"42";"BR-290/RS";"Leste";"Saída de pista";1;0;0;0;0;0;0;0;0;0;1;0;0;0;0
"23/02/2020";"07:48:00";"37";"Sem vítima";"19";"BR-290/RS";"Oeste";"Colisão - Traseira";1;0;2;0;0;0;0;0;0;0;3;0;0;0;0
"23/02/2020";"18:04:00";"165";"com vítima";"39";"BR-290/RS";"Leste";"Capotamento";1;0;0;0;0;0;0;0;0;0;0;0;0;1;0
"23/02/2020";"19:07:00";"177";"com vítima";"435";"BR-386/RS";"Norte";"Colisão - Lateral";1;0;0;0;1;0;0;0;0;0;3;0;1;0;0
"23/02/2020";"21:46:00";"205";"com vítima";"350";"BR-386/RS";"Sul";"Capotamento";1;0;0;0;0;0;0;0;0;0;3;0;1;0;0
"24/02/2020";"07:19:00";"38";"Sem vítima";"435";"BR-386/RS";"Sul";"Colisão - Lateral";1;0;1;0;0;0;0;0;0;0;4;0;0;0;0
"24/02/2020";"08:40:00";"68";"com vítima";"77";"BR-290/RS";"Oeste";"Colisão - Traseira";2;0;0;0;0;0;0;0;0;0;4;1;0;0;0
"24/02/2020";"11:23:00";"108";"com vítima";"86";"BR-290/RS";"Leste";"Queda de moto";0;0;0;1;0;0;0;0;0;0;0;2;0;0;0
"24/02/2020";"17:49:00";"209";"com vítima";"343";"BR-386/RS";"Sul";"Colisão - Lateral";1;0;0;1;0;0;0;0;0;0;2;1;0;0;0
"24/02/2020";"19:12:00";"241";"Sem vítima";"411";"BR-386/RS";"Sul";"Saída de pista";1;0;0;0;0;0;0;0;0;0;2;0;0;0;0
"24/02/2020";"19:49:00";"252";"com vítima";"54";"BR-290/RS";"Oeste";"Queda de moto";0;0;0;1;0;0;0;0;0;0;0;2;0;0;0
"25/02/2020";"06:05:00";"34";"com vítima";"40";"BR-290/RS";"Leste";"Queda de ribanceira";1;0;0;0;0;0;0;0;0;0;2;2;0;0;0
"25/02/2020";"09:32:00";"86";"com vítima";"236";"BR-386/RS";"Norte";"Saída de pista";1;0;0;0;0;0;0;0;0;0;0;4;0;0;0
"25/02/2020";"09:49:00";"92";"com vítima";"286";"BR-386/RS";"Norte";"Colisão - Lateral";2;0;0;0;0;0;0;0;0;0;1;4;1;0;0
"25/02/2020";"12:22:00";"137";"Sem vítima";"11";"BR-290/RS";"Oeste";"Colisão - Traseira";3;0;0;0;0;0;0;0;0;0;3;0;0;0;0
"25/02/2020";"12:24:00";"139";"com vítima";"178";"BR-386/RS";"Norte";"Colisão - Lateral";2;0;0;0;0;0;0;0;0;0;3;2;0;0;0
"25/02/2020";"12:59:00";"155";"Sem vítima";"39";"BR-290/RS";"Oeste";"Colisão - Traseira";3;0;0;0;0;0;0;0;0;0;3;0;0;0;0
"25/02/2020";"13:37:00";"168";"Sem vítima";"5";"BR-290/RS";"Oeste";"Colisão - Traseira";2;0;0;0;0;0;0;0;0;0;2;0;0;0;0
"25/02/2020";"14:10:00";"184";"com vítima";"82";"BR-290/RS";"Oeste";"Saída de pista";1;0;0;0;0;0;0;0;0;0;0;1;0;0;0
"25/02/2020";"15:57:00";"222";"com vítima";"21";"BR-101/RS";"Sul";"Colisão - Lateral";2;0;0;0;0;0;0;0;0;0;1;1;0;0;0
"25/02/2020";"20:32:00";"335";"Sem vítima";"69";"BR-101/RS";"Sul";"Colisão - Traseira";2;0;0;0;0;0;0;0;0;0;1;0;0;0;0
"25/02/2020";"22:44:00";"370";"Sem vítima";"37";"BR-101/RS";"Sul";"Choque Defensa";1;0;0;0;0;0;0;0;0;0;3;0;0;0;0
"25/02/2020";"22:59:00";"375";"com vítima";"435";"BR-386/RS";"Norte";"Saída de pista";1;0;0;0;0;0;0;0;0;0;0;1;1;0;0
"25/02/2020";"23:03:00";"378";"Sem vítima";"94";"BR-290/RS";"Oeste";"Choque Defensa";1;0;0;0;0;0;0;0;0;0;1;0;0;0;0
"26/02/2020";"00:50:00";"4";"com vítima";"372";"BR-386/RS";"Norte";"Saída de pista";1;0;0;0;0;0;0;0;0;0;1;1;0;0;0
"26/02/2020";"01:06:00";"8";"com vítima";"249";"BR-386/RS";"Sul";"Capotamento";1;0;0;0;0;0;0;0;0;0;1;0;1;0;0
"26/02/2020";"01:21:00";"10";"Sem vítima";"22";"BR-448/RS";"Sul";"Choque Barreira";1;0;0;0;0;0;0;0;0;0;1;0;0;0;0
"26/02/2020";"02:55:00";"23";"com vítima";"64";"BR-290/RS";"Oeste";"Saída de pista";1;0;0;0;0;0;0;0;0;0;0;3;0;1;0
"26/02/2020";"04:59:00";"31";"Sem vítima";"446";"BR-386/RS";"Sul";"Choque Barreira";0;0;1;0;0;0;0;0;0;0;1;0;0;0;0
"26/02/2020";"10:46:00";"139";"Sem vítima";"19";"BR-290/RS";"Leste";"Colisão - Traseira";2;0;0;0;0;0;0;0;0;0;2;0;0;0;0
"26/02/2020";"11:46:00";"155";"Sem vítima";"84";"BR-101/RS";"Sul";"Colisão - Traseira";2;0;0;0;0;0;0;0;0;0;1;0;0;0;0
"26/02/2020";"11:50:00";"158";"Sem vítima";"92";"BR-290/RS";"Leste";"Colisão - Traseira";1;0;1;0;0;0;0;0;0;0;1;0;0;0;0
"26/02/2020";"11:55:00";"160";"Sem vítima";"82";"BR-101/RS";"Sul";"Colisão - Traseira";2;0;0;0;0;0;0;0;0;0;1;0;0;0;0
"26/02/2020";"12:21:00";"166";"com vítima";"221";"BR-386/RS";"Sul";"Atropelamento - Morador/Trabalhador/Estudante";1;0;0;0;0;0;0;0;0;0;1;0;0;0;1
"26/02/2020";"12:45:00";"171";"Sem vítima";"52";"BR-290/RS";"Oeste";;2;0;0;0;0;0;0;0;0;0;3;0;0;0;0
"26/02/2020";"13:33:00";"184";"Sem vítima";"57";"BR-290/RS";"Oeste";;2;0;0;0;0;0;0;0;0;0;3;0;0;0;0
"26/02/2020";"14:08:00";"199";"Sem vítima";"57";"BR-290/RS";"Oeste";;2;0;0;0;0;0;0;0;0;0;2;0;0;0;0
"26/02/2020";"14:43:00";"208";"com vítima";"348";"BR-386/RS";"Norte";"Colisão - Lateral";1;0;0;0;0;0;0;0;0;0;1;1;0;0;0
"26/02/2020";"18:20:00";"260";"com vítima";"53";"BR-290/RS";"Oeste";"Colisão - Traseira";4;0;1;0;0;0;0;0;0;0;3;2;0;0;0
"26/02/2020";"18:30:00";"263";"com vítima";"54";"BR-290/RS";"Oeste";"Colisão - Traseira";2;0;0;0;0;0;0;0;0;0;5;0;0;1;0
"26/02/2020";"20:17:00";"284";"com vítima";"53";"BR-290/RS";"Oeste";"Colisão - Traseira";3;0;0;0;0;0;0;0;0;0;3;0;1;0;0
"27/02/2020";"09:00:00";"89";"Sem vítima";"79";"BR-101/RS";"Ambos";"Capotamento";1;0;0;0;0;0;0;0;0;0;2;0;0;0;0
"27/02/2020";"19:53:00";"225";"Sem vítima";"69";"BR-290/RS";"Oeste";"Queda de ribanceira";1;0;0;0;0;0;0;0;0;0;2;0;0;0;0
"27/02/2020";"20:21:00";"231";"com vítima";"216";"BR-386/RS";"Norte";"Colisão - Lateral";2;0;0;0;0;0;0;0;0;0;2;0;1;0;0
"27/02/2020";"20:50:00";"234";"com vítima";"347";"BR-386/RS";"Norte";"Atropelamento - Andarilho";1;0;0;0;0;0;0;0;0;0;2;0;0;1;0
"28/02/2020";"05:11:00";"7";"com vítima";"76";"BR-101/RS";"Norte";"Atropelamento de Animal";1;0;0;0;0;0;0;0;0;0;1;3;0;0;0
"28/02/2020";"05:48:00";"11";"Sem vítima";"417";"BR-386/RS";"Sul";"Saída de pista";0;0;0;0;0;0;0;0;1;0;1;0;0;0;0
"28/02/2020";"08:39:00";"49";"Sem vítima";"92";"BR-290/RS";"Oeste";"Choque Barreira";1;0;0;0;0;0;0;0;0;0;1;0;0;0;0
"28/02/2020";"10:59:00";"91";"Sem vítima";"245";"BR-386/RS";"Norte";"Colisão - Lateral";2;0;0;0;0;0;0;0;0;0;3;0;0;0;0
"28/02/2020";"11:10:00";"98";"Sem vítima";"191";"BR-386/RS";"Norte";"Colisão - Lateral";1;0;2;0;0;0;0;0;0;0;3;0;0;0;0
"28/02/2020";"13:04:00";"122";"com vítima";"54";"BR-290/RS";"Oeste";"Colisão - Traseira";2;0;0;0;0;0;0;0;0;0;2;0;1;0;0
"28/02/2020";"17:17:00";"191";"Sem vítima";"221";"BR-386/RS";"Norte";"Colisão - Traseira";1;0;0;0;0;1;0;0;0;0;2;0;0;0;0
"28/02/2020";"17:20:00";"192";"com vítima";"30";"BR-290/RS";"Leste";"Queda de ribanceira";1;0;0;0;0;0;0;0;0;0;1;0;1;0;0
"28/02/2020";"21:29:00";"261";"Sem vítima";"19";"BR-290/RS";"Leste";"Capotamento";1;0;0;0;0;0;0;0;0;0;3;0;0;0;0
"28/02/2020";"22:35:00";"273";"com vítima";"85";"BR-290/RS";"Leste";"Choque Defensa";1;0;0;0;0;0;0;0;0;0;0;1;0;0;0
"28/02/2020";"22:50:00";"277";"Sem vítima";"71";"BR-290/RS";"Leste";"Choque Defensa";1;0;0;0;0;0;0;0;0;0;2;0;0;0;0
"01/03/2020";"05:25:00";"12";"Sem vítima";"2";"BR-448/RS";"Sul";"Choque Defensa";1;0;0;0;0;0;0;0;0;0;1;0;0;0;0
"01/03/2020";"08:07:00";"35";"com vítima";"367";"BR-386/RS";"Norte";"Saída de pista";0;0;0;0;0;0;0;0;0;0;0;1;0;0;0
"01/03/2020";"08:33:00";"42";"com vítima";"393";"BR-386/RS";"Norte";"Queda de moto";0;0;0;1;0;0;0;0;0;0;0;1;0;0;0
"01/03/2020";"11:57:00";"84";"Sem vítima";"252";"BR-386/RS";"Norte";"Saída de pista";1;0;0;0;0;0;0;0;0;0;1;0;0;0;0
"01/03/2020";"12:15:00";"89";"Sem vítima";"375";"BR-386/RS";"Norte";"Colisão - Lateral";2;0;0;0;0;0;0;0;0;0;1;0;0;0;0
"01/03/2020";"15:02:00";"126";"com vítima";"37";"BR-290/RS";"Oeste";"Capotamento";1;0;0;0;0;0;0;0;0;0;1;3;0;0;0
"01/03/2020";"16:17:00";"145";"com vítima";"40,03";"BR-290/RS";"Leste";"Queda de moto";1;0;0;1;0;0;0;0;0;0;0;1;0;0;0
"01/03/2020";"22:00:00";"242";"com vítima";"87";"BR-101/RS";"Norte";"Colisão - Lateral";2;0;0;0;0;0;0;0;0;0;1;1;0;0;0
"02/03/2020";"03:52:00";"17";"Sem vítima";"369";"BR-386/RS";"Norte";"Saída de pista";1;0;0;0;0;0;0;0;0;0;2;0;0;0;0
"02/03/2020";"06:11:00";"31";"Sem vítima";"43";"BR-101/RS";"Sul";"Queda de ribanceira";1;0;0;0;0;0;0;0;0;0;1;0;0;0;0
"02/03/2020";"07:13:00";"39";"com vítima";"348";"BR-386/RS";"Norte";"Colisão - Lateral";1;0;0;1;0;0;0;0;0;0;2;0;1;0;0
"02/03/2020";"07:50:00";"48";"com vítima";"346";"BR-386/RS";"Sul";"Colisão - Traseira";3;0;0;0;0;0;0;0;0;0;2;0;1;0;0
"02/03/2020";"08:25:00";"61";"Sem vítima";"346";"BR-386/RS";"Sul";"Colisão - Traseira";3;0;0;0;0;0;0;0;0;0;3;0;0;0;0
"02/03/2020";"08:46:00";"70";"Sem vítima";"86";"BR-101/RS";"Ambos";"Colisão - Traseira";1;0;1;0;0;0;0;0;0;0;2;0;0;0;0
"03/03/2020";"01:07:00";"5";"com vítima";"80";"BR-290/RS";"Oeste";"Capotamento";0;0;0;0;0;0;0;1;0;0;0;0;1;0;0
"03/03/2020";"07:17:00";"29";"Sem vítima";"77";"BR-290/RS";"Oeste";"Colisão - Traseira";3;0;0;0;0;0;0;0;0;0;3;0;0;0;0
"03/03/2020";"08:26:00";"55";"com vítima";"339";"BR-386/RS";"Norte";"Colisão - Frontal";1;0;1;0;0;0;0;0;0;0;0;0;1;1;0
"03/03/2020";"17:31:00";"169";"Sem vítima";"41";"BR-101/RS";"Sul";"Queda de ribanceira";0;0;1;0;0;0;0;0;0;0;1;0;0;0;0
"03/03/2020";"19:02:00";"188";"Sem vítima";"86";"BR-290/RS";"Leste";"Engavetamento";3;0;0;0;0;0;0;0;0;0;3;0;0;0;0
"04/03/2020";"06:47:00";"18";"com vítima";"354";"BR-386/RS";"Sul";"Capotamento";1;0;0;0;0;0;0;0;0;0;0;1;0;0;0
"04/03/2020";"08:54:00";"69";"com vítima";"92";"BR-290/RS";"Oeste";"Queda de moto";0;0;0;1;0;0;0;0;0;0;0;0;1;0;0
"05/03/2020";"01:27:00";"8";"Sem vítima";"23";"BR-101/RS";"Norte";"Choque Defensa";1;0;0;0;0;0;0;0;0;0;1;0;0;0;0
"05/03/2020";"04:28:00";"16";"Sem vítima";"358";"BR-386/RS";"Sul";"Saída de pista";1;0;0;0;0;0;0;0;0;0;1;0;0;0;0
"05/03/2020";"12:13:00";"139";"Sem vítima";"344";"BR-386/RS";"Sul";"Engavetamento";3;0;0;0;0;0;0;0;0;0;3;0;0;0;0
"05/03/2020";"12:49:00";"147";"Sem vítima";"91";"BR-290/RS";"Leste";"Colisão - Lateral";1;0;0;0;0;0;0;1;0;0;2;0;0;0;0
"05/03/2020";"15:44:00";"185";"Sem vítima";"25";"BR-290/RS";"Leste";"Colisão - Lateral";2;0;0;0;0;0;0;1;0;0;5;0;0;0;0
"05/03/2020";"17:06:00";"201";"Sem vítima";"92";"BR-290/RS";"Leste";"Choque com objeto sobre a pista";1;0;0;0;0;0;0;1;0;0;2;0;0;0;0
"05/03/2020";"18:03:00";"213";"Sem vítima";"77";"BR-290/RS";"Oeste";"Colisão - Traseira";2;0;0;0;0;0;0;0;0;0;1;0;0;0;0
"05/03/2020";"18:14:00";"215";"com vítima";"343";"BR-386/RS";"Sul";"Engavetamento";2;0;0;1;0;0;0;0;0;0;2;1;0;0;0
"06/03/2020";"11:32:00";"126";"Sem vítima";"44";"BR-290/RS";"Oeste";"Queda de ribanceira";1;0;0;0;0;0;0;0;0;0;1;0;0;0;0
"06/03/2020";"11:33:00";"125";"Sem vítima";"69";"BR-290/RS";"Oeste";"Colisão - Traseira";1;0;1;0;0;0;0;0;0;0;4;0;0;0;0
"06/03/2020";"11:53:00";"131";"Sem vítima";"382";"BR-386/RS";"Sul";"Choque Defensa";1;0;0;0;0;0;0;0;0;0;1;0;0;0;0
"06/03/2020";"12:01:00";"136";"Sem vítima";"216";"BR-386/RS";"Norte";"Colisão - Traseira";1;0;1;0;0;0;0;0;0;0;2;0;0;0;0
"06/03/2020";"12:27:00";"143";"Sem vítima";"331";"BR-386/RS";"Norte";"Colisão - Traseira";2;0;0;0;0;0;0;0;0;0;6;0;0;0;0
"06/03/2020";"14:05:00";"159";"Sem vítima";"348";"BR-386/RS";"Norte";"Engavetamento";3;0;1;0;0;0;0;0;0;0;4;0;0;0;0
"06/03/2020";"14:38:00";"165";"com vítima";"270";"BR-386/RS";"Sul";"Colisão - Transversal";1;0;1;0;0;0;0;0;0;0;2;1;0;0;0
"06/03/2020";"15:34:00";"185";"com vítima";"91";"BR-290/RS";"Leste";"Colisão - Traseira";2;0;0;0;0;0;0;0;0;0;0;0;2;0;0
"06/03/2020";"20:24:00";"254";"Sem vítima";"427";"BR-386/RS";"Sul";"Colisão - Lateral";2;0;0;0;0;0;0;0;0;0;2;0;0;0;0
"07/03/2020";"02:08:00";"83";"com vítima";"32";"BR-290/RS";"Leste";"Atropelamento de Animal";3;0;0;0;0;0;0;0;0;0;8;1;0;0;0
"07/03/2020";"14:32:00";"204";"Sem vítima";"8";"BR-448/RS";"Norte";"Colisão - Traseira";2;0;0;0;0;0;0;0;0;0;3;0;0;0;0
"07/03/2020";"16:47:00";"236";"Sem vítima";"83";"BR-290/RS";"Oeste";"Choque Barreira";1;0;0;0;0;0;0;0;0;0;1;0;0;0;0
"07/03/2020";"23:44:00";"303";"Sem vítima";"349";"BR-386/RS";"Sul";"Colisão - Traseira";2;0;0;0;0;0;0;0;0;0;2;0;0;0;0
"08/03/2020";"08:40:00";"46";"com vítima";"60";"BR-290/RS";"Oeste";"Queda de ribanceira";1;0;0;0;0;0;0;0;0;0;3;1;0;0;0
"08/03/2020";"10:16:00";"65";"Sem vítima";"9";"BR-101/RS";"Norte";"Colisão - Lateral";1;0;0;0;0;0;0;1;0;0;6;0;0;0;0
"08/03/2020";"16:28:00";"130";"com vítima";"85";"BR-101/RS";"Sul";"Capotamento";1;0;0;0;0;0;0;0;0;0;0;1;1;0;0
"08/03/2020";"16:44:00";"136";"com vítima";"30";"BR-290/RS";"Leste";"Engavetamento";3;0;2;0;0;0;0;0;0;0;2;2;1;0;0
"08/03/2020";"16:55:00";"140";"Sem vítima";"417";"BR-386/RS";"Norte";"Choque Defensa";1;0;0;0;0;0;0;0;0;0;3;0;0;0;0
"08/03/2020";"18:23:00";"169";"Sem vítima";"9";"BR-290/RS";"Oeste";"Colisão - Traseira";2;0;0;0;0;0;0;0;0;0;6;0;0;0;0
"08/03/2020";"21:26:00";"206";"Sem vítima";"387";"BR-386/RS";"Norte";"Saída de pista";1;0;0;0;0;0;0;0;0;0;1;0;0;0;0
"09/03/2020";"06:27:00";"20";"Sem vítima";"351,3";"BR-386/RS";"Sul";"Atropelamento de Animal";1;0;0;0;0;0;0;0;0;0;1;0;0;0;0
"09/03/2020";"08:08:00";"46";"com vítima";"300";"BR-386/RS";"Norte";"Engavetamento";3;0;0;0;0;0;0;0;0;0;6;0;1;0;0
"09/03/2020";"08:41:00";"61";"Sem vítima";"380";"BR-386/RS";"Norte";"Saída de pista";1;0;0;0;0;0;0;0;0;0;2;0;0;0;0
"09/03/2020";"08:46:00";"63";"Sem vítima";"88";"BR-290/RS";"Oeste";"Colisão - Traseira";2;0;0;0;0;0;0;0;0;0;2;0;0;0;0
"09/03/2020";"08:57:00";"68";"com vítima";"94";"BR-290/RS";"Oeste";"Engavetamento";3;0;0;0;0;0;0;0;0;0;2;0;2;0;0
"09/03/2020";"09:57:00";"89";"Sem vítima";"87";"BR-290/RS";"Oeste";"Colisão - Traseira";2;0;0;0;0;0;0;0;0;0;2;0;0;0;0
"09/03/2020";"17:29:00";"227";"Sem vítima";"41";"BR-290/RS";"Oeste";"Queda de ribanceira";1;0;0;0;0;0;0;0;0;0;1;0;0;0;0
"09/03/2020";"17:51:00";"237";"Sem vítima";"344";"BR-386/RS";"Sul";"Colisão - Traseira";1;0;1;0;0;0;0;0;0;0;3;0;0;0;0
"10/03/2020";"11:27:00";"134";"Sem vítima";"45";"BR-290/RS";"Oeste";"Queda de ribanceira";0;0;1;0;0;0;0;0;0;0;1;0;0;0;0
"10/03/2020";"12:01:00";"141";"com vítima";"98";"BR-290/RS";"Oeste";"Queda de moto";0;0;0;1;0;0;0;0;0;0;0;1;1;0;0
"10/03/2020";"12:03:00";"142";"Sem vítima";"77";"BR-290/RS";"Oeste";"Colisão - Traseira";2;0;0;0;0;0;0;0;0;0;8;0;0;0;0
"10/03/2020";"15:56:00";"204";"com vítima";"43";"BR-290/RS";"Oeste";"Colisão - Traseira";1;0;1;0;0;0;0;0;0;0;2;1;0;0;0
"10/03/2020";"19:24:00";"242";"com vítima";"347";"BR-386/RS";"Norte";"Queda de moto";1;0;0;1;0;0;0;0;0;0;2;1;1;0;0
"11/03/2020";"02:22:00";"16";"Sem vítima";"306";"BR-386/RS";"Norte";"Saída de pista";0;0;1;0;0;0;0;0;0;0;2;0;0;0;0
"11/03/2020";"16:26:00";"181";"com vítima";"396";"BR-386/RS";"Sul";"Queda de moto";2;0;0;0;0;0;0;0;0;0;1;1;0;0;0
"11/03/2020";"20:31:00";"229";"Sem vítima";"442";"BR-386/RS";"Sul";"Colisão - Lateral";2;0;0;0;0;0;0;0;0;0;3;0;0;0;0