data;horario;n_da_ocorrencia;tipo_de_ocorrencia;km;trecho;sentido;tipo_de_acidente;automovel;bicicleta;caminhao;moto;onibus;outros;tracao_animal;transporte_de_cargas_especiais;trator_maquinas;utilitarios;ilesos;levemente_feridos;moderadamente_feridos;gravemente_feridos;mortos
"16/06/2020";"16:56:00";"150";"Sem vítima";"86";"BR-290/RS";"Oeste";"Queda de ribanceira";1;0;0;0;0;1;0;0;0;0;2;0;0;0;0
"16/06/2020";"17:38:00";"160";"Sem vítima";"293";"BR-386/RS";"Sul";"Saída de pista";1;0;0;0;0;0;0;0;0;0;2;0;0;0;0
"16/06/2020";"17:51:00";"162";"Sem vítima";"1";"BR-290/RS";"Oeste";"Saída de pista";1;0;0;0;0;0;0;0;0;0;1;0;0;0;0
"16/06/2020";"20:10:00";"192";"Sem vítima";"343";"BR-386/RS";"Sul";"Saída de pista";1;0;0;0;0;0;0;0;0;0;1;0;0;0;0
"17/06/2020";"08:06:00";"42";"Sem vítima";"410";"BR-386/RS";"Sul";"Choque - Sinalização";1;0;0;0;0;0;0;0;0;0;1;0;0;0;0
"17/06/2020";"08:36:00";"58";"Sem vítima";"64";"BR-290/RS";"Leste";"Colisão - Lateral";1;0;1;0;0;0;0;0;0;0;1;0;0;0;0
"17/06/2020";"08:47:00";"62";"Sem vítima";"60";"BR-290/RS";"Oeste";"Colisão - Traseira";2;0;0;0;0;0;0;0;0;0;4;0;0;0;0
"17/06/2020";"18:14:00";"188";"com vítima";"338";"BR-386/RS";"Sul";"Colisão - Frontal";1;0;0;1;0;0;0;0;0;0;1;0;1;1;0
"17/06/2020";"18:23:00";"191";"Sem vítima";"87";"BR-290/RS";"Leste";"Colisão - Lateral";3;0;0;0;0;0;0;0;0;0;4;0;0;0;0
"18/06/2020";"03:39:00";"10";"Sem vítima";"40";"BR-101/RS";"Sul";"Queda de ribanceira";1;0;0;0;0;0;0;0;0;0;2;0;0;0;0
"18/06/2020";"12:48:00";"113";"Sem vítima";"376";"BR-386/RS";"Norte";"Queda de ribanceira";1;0;0;0;0;0;0;0;0;0;1;0;0;0;0
"18/06/2020";"13:53:00";"126";"Sem vítima";"255";"BR-386/RS";"Norte";"Choque com veículo na faixa de rolamento";1;0;1;0;0;0;0;0;0;0;3;0;0;0;0
"18/06/2020";"18:19:00";"182";"com vítima";"306";"BR-386/RS";"Norte";"Tombamento";0;0;1;0;0;0;0;0;0;0;0;0;1;0;0
"18/06/2020";"18:39:00";"186";"Sem vítima";"91";"BR-290/RS";"Leste";"Colisão - Traseira";2;0;1;0;0;0;0;0;0;0;4;0;0;0;0
"18/06/2020";"20:44:00";"197";"com vítima";"19";"BR-101/RS";"Sul";"Colisão - Traseira";1;0;0;1;0;0;0;0;0;0;2;2;0;0;0
"18/06/2020";"22:14:00";"204";"Sem vítima";"75";"BR-290/RS";"Oeste";"Choque Defensa";1;0;0;0;0;0;0;0;0;0;1;0;0;0;0
"19/06/2020";"08:03:00";"31";"Sem vítima";"445";"BR-386/RS";"Norte";"Queda de ribanceira";1;0;0;0;0;0;0;0;0;0;1;0;0;0;0
"19/06/2020";"18:11:00";"159";"Sem vítima";"25";"BR-290/RS";"Oeste";"Colisão - Traseira";2;0;0;0;0;0;0;0;0;0;10;0;0;0;0
"20/06/2020";"00:45:00";"3";"com vítima";"356";"BR-386/RS";"Sul";"Queda de ribanceira";1;0;0;0;0;0;0;0;0;0;0;1;0;0;0
"20/06/2020";"04:57:00";"24";"com vítima";"350";"BR-386/RS";"Norte";;1;0;0;0;0;0;0;0;0;0;1;1;0;0;0
"20/06/2020";"09:05:00";"61";"Sem vítima";"351";"BR-386/RS";"Norte";"Engavetamento";3;0;0;0;0;0;0;0;0;0;3;0;0;0;0
"20/06/2020";"11:49:00";"100";"Sem vítima";"398";"BR-386/RS";"Sul";"Queda de ribanceira";1;0;0;0;0;0;0;0;0;0;1;0;0;0;0
"20/06/2020";"17:51:00";"168";"Sem vítima";"338";"BR-386/RS";"Norte";"Colisão - Lateral";1;0;1;0;0;0;0;0;0;0;3;0;0;0;0
"20/06/2020";"18:02:00";"171";"com vítima";"347";"BR-386/RS";"Norte";"Colisão - Lateral";1;0;0;1;0;0;0;0;0;0;1;0;1;0;0
"20/06/2020";"21:02:00";"198";"Sem vítima";"349";"BR-386/RS";"Sul";"Saída de pista";1;0;0;0;0;0;0;0;0;0;1;0;0;0;0
"21/06/2020";"02:02:00";"9";"com vítima";"56";"BR-290/RS";"Oeste";"Colisão - Traseira";2;0;0;0;0;0;0;0;0;0;0;1;3;1;0
"21/06/2020";"05:46:00";"21";"com vítima";"31";"BR-290/RS";"Ambos";"Saída de pista";1;0;0;0;0;0;0;0;0;0;2;2;0;0;0
"21/06/2020";"07:03:00";"24";"Sem vítima";"45";"BR-290/RS";"Oeste";"Queda de ribanceira";1;0;0;0;0;0;0;0;0;0;3;0;0;0;0
"21/06/2020";"09:02:00";"54";"Sem vítima";"98";"BR-290/RS";"Leste";"Queda de ribanceira";1;0;0;0;0;0;0;0;0;0;1;0;0;0;0
"21/06/2020";"10:41:00";"75";"com vítima";"91";"BR-290/RS";"Oeste";"Colisão - Traseira";2;0;1;0;0;0;0;0;0;0;4;1;0;0;0
"21/06/2020";"11:18:00";"85";"Sem vítima";"324";"BR-386/RS";"Sul";"Queda de ribanceira";1;0;0;0;0;0;0;0;0;0;2;0;0;0;0
"21/06/2020";"15:07:00";"122";"Sem vítima";"346";"BR-386/RS";"Norte";"Capotamento";1;0;0;0;0;0;0;0;0;0;1;0;0;0;0
"21/06/2020";"16:27:00";"141";"Sem vítima";"228";"BR-386/RS";"Norte";"Queda de ribanceira";1;0;0;0;0;0;0;0;0;0;2;0;0;0;0
"21/06/2020";"17:01:00";"147";"com vítima";"298";"BR-386/RS";"Sul";"Colisão - Lateral";0;0;1;0;0;0;0;0;0;0;2;0;1;0;0
"21/06/2020";"17:10:00";"149";"Sem vítima";"22";"BR-101/RS";"Norte";"Outros";2;0;0;0;0;0;0;0;0;0;3;0;0;0;0
"22/06/2020";"06:14:00";"22";"Sem vítima";"68";"BR-290/RS";"Oeste";"Queda de ribanceira";1;0;0;0;0;0;0;0;0;0;2;0;0;0;0
"22/06/2020";"07:40:00";"35";"Sem vítima";"22";"BR-448/RS";"Sul";"Choque Defensa";1;0;0;0;0;0;0;0;0;0;1;0;0;0;0
"22/06/2020";"09:59:00";"73";"Sem vítima";"77";"BR-290/RS";"Oeste";"Colisão - Lateral";1;0;1;0;0;0;0;0;0;0;2;0;0;0;0
"22/06/2020";"12:31:00";"106";"com vítima";"334";"BR-386/RS";"Ambos";"Queda de moto";1;0;0;0;0;0;0;0;0;0;0;0;1;0;0
"22/06/2020";"18:59:00";"182";"Sem vítima";"86";"BR-290/RS";"Leste";"Colisão - Traseira";2;0;0;0;0;0;0;0;0;0;4;0;0;0;0
"23/06/2020";"05:14:00";"12";"com vítima";"87";"BR-290/RS";"Oeste";"Queda de ribanceira";1;0;0;0;0;0;0;0;0;0;0;1;0;0;0
"23/06/2020";"08:17:00";"35";"Sem vítima";"267";"BR-386/RS";"Sul";;1;0;1;0;0;0;0;0;0;0;4;0;0;0;0
"23/06/2020";"09:41:00";"61";"Sem vítima";"387";"BR-386/RS";"Sul";"Colisão - Lateral";2;0;0;0;0;0;0;0;0;0;5;0;0;0;0
"23/06/2020";"11:28:00";"86";"Sem vítima";"19";"BR-290/RS";"Leste";"Colisão - Traseira";1;0;1;0;0;0;0;0;0;0;6;0;0;0;0
"24/06/2020";"02:41:00";"8";"Sem vítima";"356";"BR-386/RS";"Sul";"Queda de ribanceira";1;0;0;0;0;0;0;0;0;0;3;0;0;0;0
"24/06/2020";"06:45:00";"18";"Sem vítima";"57";"BR-101/RS";"Sul";"Choque com veículo no acostamento";1;0;1;0;0;0;0;0;0;0;2;0;0;0;0
"24/06/2020";"09:31:00";"61";"Sem vítima";"60";"BR-290/RS";"Oeste";"Choque Praça - Cabine";0;0;1;0;0;0;0;0;0;0;1;0;0;0;0
"24/06/2020";"12:23:00";"89";"com vítima";"44";"BR-101/RS";"Norte";"Colisão - Lateral";0;0;1;1;0;0;0;0;0;0;1;0;1;0;0
"24/06/2020";"14:03:00";"114";"Sem vítima";"335";"BR-386/RS";"Sul";"Queda de ribanceira";0;0;1;0;0;0;0;0;0;0;1;0;0;0;0
"24/06/2020";"16:12:00";"141";"com vítima";"37";"BR-290/RS";"Leste";"Capotamento";1;0;0;0;0;0;0;0;0;0;0;0;1;1;0
"24/06/2020";"18:38:00";"167";"com vítima";"82";"BR-290/RS";"Leste";"Queda de moto";0;0;0;1;0;0;0;0;0;0;1;1;0;0;0
"24/06/2020";"21:42:00";"195";"com vítima";"347";"BR-386/RS";"Norte";"Choque com veículo no acostamento";0;0;1;1;0;0;0;0;0;0;1;0;1;0;0
"25/06/2020";"09:08:00";"59";"com vítima";"15";"BR-448/RS";"Sul";"Choque Barreira";1;0;0;0;0;0;0;0;0;0;0;1;0;0;0
"25/06/2020";"09:42:00";"64";"com vítima";"254";"BR-386/RS";"Sul";"Colisão - Lateral";1;0;0;0;0;1;0;0;0;0;3;0;2;0;0
"25/06/2020";"11:27:00";"84";"Sem vítima";"75";"BR-290/RS";"Leste";"Colisão - Traseira";1;0;1;0;0;0;0;0;0;0;3;0;0;0;0
"25/06/2020";"12:01:00";"89";"Sem vítima";"426";"BR-386/RS";"Sul";"Choque com veículo na faixa de rolamento";1;0;1;0;0;0;0;0;0;0;3;0;0;0;0
"25/06/2020";"12:05:00";"90";"com vítima";"10";"BR-290/RS";"Leste";"Queda de ribanceira";2;0;0;0;0;0;0;0;0;0;2;2;0;0;0
"25/06/2020";"13:44:00";"99";"Sem vítima";"65";"BR-101/RS";"Norte";"Choque Barreira";1;0;0;0;0;0;0;0;0;0;2;0;0;0;0
"25/06/2020";"14:37:00";"105";"com vítima";"73";"BR-290/RS";"Oeste";"Queda de ribanceira";1;0;0;0;0;0;0;0;0;0;0;1;0;0;0
"25/06/2020";"15:57:00";"119";"Sem vítima";"55";"BR-290/RS";"Oeste";"Saída de pista";1;0;0;0;0;0;0;0;0;0;2;0;0;0;0
"25/06/2020";"16:18:00";"124";"Sem vítima";"9";"BR-290/RS";"Leste";"Saída de pista";1;0;0;0;0;0;0;0;0;0;1;0;0;0;0
"25/06/2020";"16:19:00";"125";"Sem vítima";"14";"BR-290/RS";"Leste";"Queda de ribanceira";1;0;0;0;0;0;0;0;0;0;1;0;0;0;0
"25/06/2020";"16:30:00";"126";"Sem vítima";"35";"BR-290/RS";"Oeste";"Queda de ribanceira";1;0;0;0;0;0;0;0;0;0;2;0;0;0;0
"25/06/2020";"18:23:00";"141";"Sem vítima";"21";"BR-448/RS";"Sul";"Choque Barreira";1;0;0;0;0;0;0;0;0;0;1;0;0;0;0
"25/06/2020";"19:53:00";"157";"Sem vítima";"5";"BR-448/RS";"Norte";"Choque Defensa";1;0;0;0;0;0;0;0;0;0;1;0;0;0;0
"26/06/2020";"01:19:00";"7";"Sem vítima";"40";"BR-290/RS";"Oeste";"Tombamento";0;0;1;0;0;0;0;0;0;0;1;0;0;0;0
"26/06/2020";"07:34:00";"34";"Sem vítima";"56";"BR-290/RS";"Leste";"Saída de pista";1;0;0;0;0;0;0;0;0;0;3;0;0;0;0
"26/06/2020";"07:45:00";"38";"com vítima";"77";"BR-290/RS";"Leste";"Colisão - Lateral";1;0;0;1;0;0;0;0;0;0;1;1;0;0;0
"26/06/2020";"17:13:00";"164";"Sem vítima";"310";"BR-386/RS";"Ambos";"Tombamento";0;0;1;0;0;0;0;0;0;0;1;0;0;0;0
"26/06/2020";"19:09:00";"184";"Sem vítima";"35";"BR-101/RS";"Norte";;1;0;0;0;0;0;0;0;0;0;1;0;0;0;0
"26/06/2020";"19:53:00";"191";"Sem vítima";"69";"BR-290/RS";"Oeste";"Queda de ribanceira";1;0;0;0;0;0;0;0;0;0;2;0;0;0;0
"26/06/2020";"20:15:00";"195";"Sem vítima";"26";"BR-290/RS";"Leste";"Atropelamento de Animal";1;0;0;0;0;0;0;0;0;0;1;0;0;0;0
"27/06/2020";"10:55:00";"72";"com vítima";"319";"BR-386/RS";"Norte";"Choque Talude";1;0;0;0;0;0;0;0;0;0;0;1;0;0;0
"27/06/2020";"13:36:00";"100";"Sem vítima";"75";"BR-290/RS";"Leste";"Choque Barreira";1;0;0;0;0;0;0;0;0;0;1;0;0;0;0
"27/06/2020";"15:14:00";"113";"Sem vítima";"35";"BR-101/RS";"Sul";"Colisão - Traseira";1;0;1;0;0;0;0;0;0;0;3;0;0;0;0
"27/06/2020";"16:28:00";"125";"Sem vítima";"9";"BR-101/RS";"Norte";"Saída de pista";1;0;0;0;0;0;0;0;0;0;1;0;0;0;0
"27/06/2020";"17:48:00";"146";"com vítima";"45";"BR-290/RS";"Leste";"Queda de ribanceira";1;0;0;0;0;0;0;0;0;0;1;0;1;0;0
"28/06/2020";"07:22:00";"17";"com vítima";"346";"BR-386/RS";"Norte";"Tombamento";0;0;1;0;0;0;0;0;0;0;0;1;0;0;0
"28/06/2020";"07:29:00";"18";"Sem vítima";"60";"BR-290/RS";"Oeste";"Choque Praça - Cabine";0;0;0;0;0;1;0;0;0;0;3;0;0;0;0
"28/06/2020";"14:05:00";"60";"Sem vítima";"16";"BR-290/RS";"Leste";"Queda de ribanceira";0;0;1;0;0;0;0;0;0;0;2;0;0;0;0
"28/06/2020";"15:18:00";"76";"Sem vítima";"221";"BR-386/RS";"Norte";"Queda de ribanceira";1;0;0;0;0;0;0;0;0;0;1;0;0;0;0
"28/06/2020";"15:34:00";"80";"Sem vítima";"419";"BR-386/RS";"Norte";"Queda de moto";0;0;0;1;0;0;0;0;0;0;1;0;0;0;0
"28/06/2020";"15:55:00";"87";"com vítima";"87";"BR-101/RS";"Sul";"Colisão - Lateral";1;0;1;0;0;0;0;0;0;0;2;2;0;0;0
"28/06/2020";"16:02:00";"88";"Sem vítima";"67,31";"BR-101/RS";"Norte";"Colisão - Traseira";1;0;1;0;0;0;0;0;0;0;2;0;0;0;0
"28/06/2020";"16:33:00";"101";"Sem vítima";"346,17";"BR-386/RS";"Norte";"Colisão - Traseira";2;0;0;0;0;0;0;0;0;0;6;0;0;0;0
"28/06/2020";"21:11:00";"149";"Sem vítima";"186";"BR-386/RS";"Sul";"Atropelamento de Animal";1;0;0;0;0;0;0;0;0;0;2;0;0;0;0
"28/06/2020";"21:34:00";"153";"Sem vítima";"61";"BR-290/RS";"Leste";"Colisão - Traseira";1;0;0;0;0;0;0;0;0;0;1;0;0;0;0
"28/06/2020";"21:39:00";"154";"com vítima";"437";"BR-386/RS";"Sul";"Colisão - Lateral";2;0;0;0;0;0;0;0;0;0;0;1;0;2;0
"28/06/2020";"22:18:00";"157";"Sem vítima";"35";"BR-290/RS";"Oeste";"Atropelamento de Animal";1;0;0;0;0;0;0;0;0;0;4;0;0;0;0
"28/06/2020";"22:56:00";"159";"Sem vítima";"437";"BR-386/RS";"Sul";"Choque com objeto sobre a pista";1;0;0;0;0;0;0;0;0;0;1;0;0;0;0
"29/06/2020";"04:13:00";"7";"Sem vítima";"358";"BR-386/RS";"Sul";"Queda de ribanceira";1;0;0;0;0;0;0;0;0;0;4;0;0;0;0
"29/06/2020";"09:08:00";"43";"com vítima";"287";"BR-386/RS";"Sul";"Colisão - Lateral";2;0;0;0;0;0;0;0;0;0;2;0;2;0;0
"29/06/2020";"09:38:00";"54";"Sem vítima";"360";"BR-386/RS";"Norte";"Queda de ribanceira";2;0;0;0;0;0;0;0;0;0;4;0;0;0;0
"29/06/2020";"11:58:00";"83";"Sem vítima";"17";"BR-290/RS";"Oeste";"Saída de pista";1;0;0;0;0;0;0;0;0;0;1;0;0;0;0
"29/06/2020";"17:30:00";"118";"Sem vítima";"285";"BR-386/RS";"Sul";"Queda de ribanceira";1;0;0;0;0;0;0;0;0;0;3;0;0;0;0
"29/06/2020";"18:15:00";"123";"com vítima";"221";"BR-386/RS";"Norte";"Colisão - Traseira";3;0;0;0;0;0;0;0;0;0;1;1;4;0;0
"29/06/2020";"20:45:00";"149";"Sem vítima";"371";"BR-386/RS";"Norte";"Queda de ribanceira";1;0;0;0;0;0;0;0;0;0;2;0;0;0;0
"30/06/2020";"01:19:00";"6";"Sem vítima";"77";"BR-290/RS";"Oeste";"Choque Barreira";1;0;0;0;0;0;0;0;0;0;1;0;0;0;0
"30/06/2020";"06:27:00";"19";"com vítima";"91";"BR-290/RS";"Oeste";"Queda de ribanceira";1;0;0;0;0;0;0;0;0;0;0;1;0;0;0
"30/06/2020";"07:01:00";"21";"Sem vítima";"401";"BR-386/RS";"Norte";"Queda de ribanceira";1;0;0;0;0;0;0;0;0;0;2;0;0;0;0
"30/06/2020";"08:59:00";"38";"com vítima";"351";"BR-386/RS";"Norte";"Choque Defensa";1;0;0;0;0;0;0;0;0;0;1;1;0;0;0
"30/06/2020";"09:45:00";"51";"Sem vítima";"92";"BR-290/RS";"Leste";"Choque Defensa";1;0;0;0;0;0;0;0;0;0;1;0;0;0;0
"30/06/2020";"09:56:00";"55";"Sem vítima";"54";"BR-290/RS";"Oeste";;0;0;1;0;0;0;0;0;0;0;1;0;0;0;0
"30/06/2020";"10:31:00";"63";"Sem vítima";"356";"BR-386/RS";"Sul";"Choque com veículo na faixa de rolamento";1;0;1;0;0;0;0;0;0;0;2;0;0;0;0
"30/06/2020";"11:39:00";"74";"Sem vítima";"9";"BR-290/RS";"Oeste";"Queda de ribanceira";1;0;0;0;0;0;0;0;0;0;2;0;0;0;0
"30/06/2020";"11:53:00";"77";"com vítima";"356";"BR-386/RS";"Sul";"Queda de ribanceira";1;0;0;0;0;0;0;0;0;0;0;0;2;0;0
"30/06/2020";"12:11:00";"79";"Sem vítima";"257";"BR-386/RS";"Norte";"Queda de ribanceira";0;0;1;0;0;0;0;0;0;0;1;0;0;0;0
"30/06/2020";"12:18:00";"83";"com vítima";"23";"BR-290/RS";"Oeste";"Queda de ribanceira";0;0;1;0;0;0;0;0;0;0;0;0;1;1;0
"30/06/2020";"13:04:00";"90";"Sem vítima";"91";"BR-290/RS";"Leste";"Colisão - Lateral";1;0;1;0;0;0;0;0;0;0;3;0;0;0;0
"30/06/2020";"13:06:00";"91";"com vítima";"21";"BR-290/RS";"Leste";"Queda de ribanceira";1;0;0;0;0;0;0;0;0;0;0;0;1;0;0
"30/06/2020";"13:08:00";"93";"Sem vítima";"88,3";"BR-290/RS";"Leste";;1;0;0;0;0;0;0;0;0;0;1;0;0;0;0
"30/06/2020";"13:59:00";"110";"Sem vítima";"7";"BR-290/RS";"Oeste";"Queda de ribanceira";1;0;0;0;0;0;0;0;0;0;3;0;0;0;0
"30/06/2020";"16:18:00";"142";"Sem vítima";"85";"BR-101/RS";"Norte";"Choque Barreira";0;0;1;0;0;0;0;0;0;0;1;0;0;0;0
"30/06/2020";"19:22:00";"167";"com vítima";"216";"BR-386/RS";"Norte";"Colisão - Frontal";2;0;0;0;0;0;0;0;0;0;1;2;0;0;0
"30/06/2020";"20:04:00";"177";"Sem vítima";"69";"BR-290/RS";"Oeste";"Queda de ribanceira";1;0;0;0;0;0;0;0;0;0;1;0;0;0;0
"30/06/2020";"20:54:00";"185";"com vítima";"66";"BR-101/RS";"Sul";"Queda de ribanceira";0;0;1;0;0;0;0;0;0;0;0;4;0;0;0
"30/06/2020";"22:38:00";"195";"Sem vítima";"220";"BR-386/RS";"Norte";"Queda de ribanceira";0;0;1;0;0;0;0;0;0;0;2;0;0;0;0
"01/07/2020";"04:48:00";"31";"Sem vítima";"303";"BR-386/RS";"Sul";"Choque - Meio Fio";2;0;0;0;0;0;0;0;0;0;2;0;0;0;0
"01/07/2020";"05:43:00";"38";"Sem vítima";"53";"BR-290/RS";"Oeste";;0;0;0;0;0;0;0;0;0;1;1;0;0;0;0
"01/07/2020";"06:59:00";"52";"Sem vítima";"60";"BR-101/RS";"Norte";"Queda de ribanceira";1;0;0;0;0;0;0;0;0;0;1;0;0;0;0
"01/07/2020";"17:33:00";"162";"Sem vítima";"11";"BR-290/RS";"Leste";;1;0;0;0;0;0;0;0;0;0;6;0;0;0;0
"01/07/2020";"17:45:00";"168";"Sem vítima";"91";"BR-290/RS";"Leste";"Colisão - Traseira";2;0;0;0;0;0;0;0;0;0;1;0;0;0;0
"01/07/2020";"17:57:00";"172";"Sem vítima";"11,23";"BR-290/RS";"Leste";"Queda de ribanceira";1;0;0;0;0;0;0;0;0;0;1;0;0;0;0
"01/07/2020";"18:29:00";"177";"com vítima";"435";"BR-386/RS";"Norte";"Colisão - Lateral";2;0;0;0;0;0;0;0;0;0;1;0;1;0;0
"01/07/2020";"18:42:00";"179";"Sem vítima";"47";"BR-290/RS";"Leste";;1;0;0;0;0;0;0;0;0;0;1;0;0;0;0
"01/07/2020";"19:21:00";"182";"Sem vítima";"431";"BR-386/RS";"Norte";"Atropelamento de Animal";1;0;0;0;0;0;0;0;0;0;1;0;0;0;0
"01/07/2020";"20:30:00";"192";"Sem vítima";"348";"BR-386/RS";"Norte";"Colisão - Lateral";1;0;1;0;0;0;0;0;0;0;3;0;0;0;0
"02/07/2020";"06:53:00";"14";"Sem vítima";"94";"BR-290/RS";"Leste";"Choque com objeto sobre a pista";1;0;1;0;0;0;0;0;0;0;3;0;0;0;0
"02/07/2020";"08:03:00";"25";"com vítima";"85";"BR-101/RS";"Sul";"Atropelamento - Esportista";1;0;0;0;0;0;0;0;0;0;0;0;1;0;0
"02/07/2020";"15:22:00";"110";"Sem vítima";"96";"BR-290/RS";"Leste";"Colisão - Lateral";1;0;0;0;0;0;0;1;0;0;2;0;0;0;0
"02/07/2020";"18:24:00";"140";"Sem vítima";"68";"BR-290/RS";"Leste";"Colisão - Traseira";1;0;0;0;0;0;0;1;0;0;2;0;0;0;0
"02/07/2020";"18:32:00";"141";"Sem vítima";"426";"BR-386/RS";"Norte";"Colisão - Lateral";1;0;0;0;0;0;0;1;0;0;3;0;0;0;0
"02/07/2020";"18:34:00";"142";"Sem vítima";"77";"BR-290/RS";"Leste";"Colisão - Traseira";1;0;0;0;0;0;0;0;0;1;2;0;0;0;0
"03/07/2020";"00:57:00";"4";"Sem vítima";"32";"BR-290/RS";"Oeste";"Atropelamento de Animal";0;0;0;0;0;0;0;0;1;0;1;0;0;0;0
"03/07/2020";"03:21:00";"8";"Sem vítima";"89";"BR-290/RS";"Leste";"Tombamento";1;0;0;0;0;0;0;0;0;0;1;0;0;0;0
"03/07/2020";"08:28:00";"46";"com vítima";"96";"BR-290/RS";"Oeste";"Colisão - Traseira";2;0;0;0;0;0;0;0;0;0;1;0;1;0;0
"03/07/2020";"12:06:00";"100";"Sem vítima";"306";"BR-386/RS";"Norte";"Tombamento";0;0;0;0;0;0;0;1;0;0;1;0;0;0;0
"03/07/2020";"19:26:00";"174";"Sem vítima";"345";"BR-386/RS";"Sul";"Colisão - Traseira";2;0;0;0;0;0;0;0;0;0;2;0;0;0;0
"03/07/2020";"21:34:00";"196";"Sem vítima";"17";"BR-290/RS";"Oeste";"Queda de ribanceira";1;0;0;0;0;0;0;0;0;0;2;0;0;0;0
"04/07/2020";"01:20:00";"6";"Sem vítima";"98";"BR-290/RS";"Leste";"Colisão - Traseira";1;0;0;0;0;0;0;0;0;1;2;0;0;0;0
"04/07/2020";"04:54:00";"13";"Sem vítima";"14";"BR-101/RS";"Norte";"Tombamento";1;0;0;0;0;0;0;0;0;0;3;0;0;0;0
"04/07/2020";"17:35:00";"150";"Sem vítima";"20";"BR-101/RS";"Norte";"Colisão - Lateral";1;0;0;1;0;0;0;0;0;0;2;0;0;0;0
"04/07/2020";"18:14:00";"157";"com vítima";"346";"BR-386/RS";"Norte";"Colisão - Traseira";1;0;0;1;0;0;0;0;0;0;1;2;0;0;0
"04/07/2020";"18:44:00";"162";"Sem vítima";"384";"BR-386/RS";"Norte";"Queda de ribanceira";1;0;0;0;0;0;0;0;0;0;1;0;0;0;0
"04/07/2020";"22:13:00";"183";"com vítima";"342";"BR-386/RS";"Norte";"Colisão - Traseira";1;0;0;1;0;0;0;0;0;0;2;0;1;0;0
"05/07/2020";"10:28:00";"30";"Sem vítima";"73";"BR-101/RS";"Norte";"Colisão - Traseira";1;0;0;0;0;1;0;0;0;0;2;0;0;0;0
"05/07/2020";"11:09:00";"34";"Sem vítima";"261";"BR-386/RS";"Norte";"Queda de ribanceira";1;0;0;0;0;0;0;0;0;0;3;0;0;0;0
"05/07/2020";"11:33:00";"37";"com vítima";"346";"BR-386/RS";"Norte";"Colisão - Lateral";2;0;0;0;0;0;0;0;0;0;0;0;1;0;0
"05/07/2020";"12:36:00";"46";"com vítima";"75";"BR-290/RS";"Leste";"Queda de moto";0;0;0;1;0;0;0;0;0;0;0;1;0;0;0
"05/07/2020";"14:53:00";"65";"Sem vítima";"91";"BR-290/RS";"Oeste";"Queda de ribanceira";1;0;0;0;0;0;0;0;0;0;1;0;0;0;0
"05/07/2020";"14:56:00";"66";"Sem vítima";"231";"BR-386/RS";"Sul";"Queda de ribanceira";1;0;0;0;0;0;0;0;0;0;4;0;0;0;0
"05/07/2020";"15:11:00";"70";"com vítima";"379";"BR-386/RS";"Sul";"Queda de ribanceira";1;0;0;0;0;0;0;0;0;0;0;1;0;0;0
"05/07/2020";"15:19:00";"73";"Sem vítima";"38";"BR-290/RS";"Oeste";"Queda de ribanceira";2;0;0;0;0;0;0;0;0;0;5;0;0;0;0
"05/07/2020";"17:40:00";"100";"Sem vítima";"262";"BR-386/RS";"Sul";"Queda de ribanceira";1;0;0;0;0;0;0;0;0;0;1;0;0;0;0
"05/07/2020";"18:41:00";"114";"Sem vítima";"442";"BR-386/RS";"Norte";"Saída de pista";1;0;0;0;0;0;0;0;0;0;1;0;0;0;0
"05/07/2020";"21:13:00";"134";"Sem vítima";"350";"BR-386/RS";"Norte";"Choque Barreira";1;0;0;0;0;0;0;0;0;0;1;0;0;0;0
"05/07/2020";"23:49:00";"140";"Sem vítima";"68";"BR-290/RS";"Oeste";"Saída de pista";1;0;0;0;0;0;0;0;0;0;1;0;0;0;0
"06/07/2020";"09:25:00";"86";"Sem vítima";"356";"BR-386/RS";"Sul";"Saída de pista";1;0;0;0;0;0;0;0;0;0;1;0;0;0;0
"06/07/2020";"10:03:00";"95";"Sem vítima";"198";"BR-386/RS";"Sul";"Colisão - Lateral";2;0;0;0;0;0;0;0;0;1;5;0;0;0;0
"06/07/2020";"14:35:00";"148";"com vítima";"253";"BR-386/RS";"Sul";"Colisão - Lateral";2;0;0;0;0;0;0;0;0;0;3;0;1;0;0
"06/07/2020";"15:56:00";"164";"com vítima";"417";"BR-386/RS";"Sul";"Colisão - Transversal";2;0;0;0;0;0;0;0;0;0;2;2;1;0;0
"06/07/2020";"17:40:00";"187";"Sem vítima";"94";"BR-290/RS";"Leste";"Queda de moto";0;0;0;1;0;0;0;0;0;0;1;0;0;0;0
"07/07/2020";"00:17:00";"1";"Sem vítima";"318";"BR-386/RS";"Sul";"Tombamento";1;0;0;0;0;0;0;0;0;0;2;0;0;0;0
"07/07/2020";"02:33:00";"5";"Sem vítima";"61";"BR-290/RS";"Oeste";"Atropelamento de Animal";1;0;0;0;0;0;0;0;0;0;2;0;0;0;0
"07/07/2020";"05:38:00";"10";"Sem vítima";"97";"BR-290/RS";"Leste";"Saída de pista";1;0;0;0;0;0;0;0;0;0;1;0;0;0;0
"07/07/2020";"08:40:00";"30";"Sem vítima";"10";"BR-448/RS";"Norte";"Tombamento";1;0;0;0;0;0;0;0;0;0;1;0;0;0;0
"07/07/2020";"11:48:00";"55";"Sem vítima";"208";"BR-386/RS";"Norte";"Choque Talude";1;0;0;0;0;0;0;0;0;0;3;0;0;0;0
"07/07/2020";"13:13:00";"67";"Sem vítima";"351";"BR-386/RS";"Sul";"Saída de pista";1;0;0;0;0;0;0;0;0;0;1;0;0;0;0
"07/07/2020";"16:30:00";"90";"Sem vítima";"351";"BR-386/RS";"Norte";"Queda de ribanceira";3;0;0;0;0;0;0;0;0;0;7;0;0;0;0