data;horario;n_da_ocorrencia;tipo_de_ocorrencia;km;trecho;sentido;tipo_de_acidente;automovel;bicicleta;caminhao;moto;onibus;outros;tracao_animal;transporte_de_cargas_especiais;trator_maquinas;utilitarios;ilesos;levemente_feridos;moderadamente_feridos;gravemente_feridos;mortos
"19/11/2020";"07:59:00";"65";"Acidente c";"353";"BR-386/RS";"Norte";"Capotamento";1;0;0;0;0;0;0;0;0;0;0;1;0;0;0
"19/11/2020";"08:52:00";"86";"Acidente s";"97";"BR-290/RS";"Oeste";"Colisão - Traseira";2;0;0;0;0;0;0;0;0;0;1;0;0;0;0
"19/11/2020";"08:54:00";"87";"Acidente s";"346";"BR-386/RS";"Sul";"Colisão - Lateral";1;0;0;0;0;0;0;1;0;0;2;0;0;0;0
"19/11/2020";"10:45:00";"120";"Acidente s";"35";"BR-101/RS";"Norte";"Colisão - Traseira";2;0;0;0;0;0;0;0;0;0;2;0;0;0;0
"19/11/2020";"13:46:00";"156";"Acidente s";"2";"BR-290/RS";"Oeste";"Saída de pista";1;0;0;0;0;0;0;0;0;0;2;0;0;0;0
"19/11/2020";"14:59:00";"171";"Acidente s";"90";"BR-290/RS";"Leste";"Engavetamento";3;0;0;0;0;0;0;0;0;0;9;0;0;0;0
"19/11/2020";"19:44:00";"230";"Acidente s";"267";"BR-386/RS";"Sul";"Saída de pista";1;0;0;0;0;0;0;0;0;0;1;0;0;0;0
"19/11/2020";"22:46:00";"254";"Acidente s";"8,43";"BR-448/RS";"Norte";"Colisão - Traseira";2;0;0;0;0;0;0;0;0;0;5;0;0;0;0
"20/11/2020";"06:39:00";"279";"Acidente s";"417";"BR-386/RS";"Sul";;1;0;0;0;0;0;0;0;0;1;2;0;0;0;0
"20/11/2020";"07:22:00";"295";"Acidente s";"24";"BR-101/RS";"Norte";"Colisão - Traseira";1;0;0;0;0;1;0;0;0;0;4;0;0;0;0
"20/11/2020";"07:41:00";"310";"Acidente c";"90";"BR-290/RS";"Oeste";"Colisão - Traseira";1;0;0;1;0;0;0;0;0;0;2;0;1;0;0
"20/11/2020";"07:46:00";"312";"Acidente s";"88";"BR-290/RS";"Oeste";"Colisão - Lateral";1;0;0;1;0;0;0;0;0;0;6;0;0;0;0
"20/11/2020";"08:12:00";"324";"Acidente c";"400";"BR-386/RS";"Norte";"Colisão - Frontal";1;0;0;0;0;0;0;1;0;0;1;1;0;1;0
"20/11/2020";"14:29:00";"427";"Acidente s";"55";"BR-290/RS";"Leste";"Choque com objeto sobre a pista";1;0;0;0;0;0;0;0;0;0;3;0;0;0;0
"20/11/2020";"15:10:00";"439";"Acidente s";"19";"BR-290/RS";"Leste";"Colisão - Traseira";1;0;0;0;0;0;0;1;0;0;3;0;0;0;0
"20/11/2020";"15:31:00";"445";"Acidente s";"83";"BR-290/RS";"Leste";"Colisão - Lateral";1;0;1;0;0;0;0;0;0;0;3;0;0;0;0
"20/11/2020";"15:37:00";"447";"Acidente s";"10";"BR-448/RS";"Norte";"Colisão - Traseira";2;0;0;0;0;0;0;0;0;0;3;0;0;0;0
"20/11/2020";"16:39:00";"463";"Acidente s";"95";"BR-290/RS";"Oeste";"Engavetamento";2;0;1;0;0;0;0;0;0;0;4;0;0;0;0
"21/11/2020";"03:08:00";"18";"Acidente c";"410";"BR-386/RS";"Sul";"Saída de pista";0;0;1;0;0;0;0;0;0;0;0;0;0;1;0
"21/11/2020";"05:15:00";"25";"Acidente c";"86";"BR-290/RS";"Leste";"Queda de moto";0;0;0;1;0;0;0;0;0;0;0;1;1;0;0
"21/11/2020";"06:28:00";"31";"Acidente s";"77,4";"BR-290/RS";"Leste";"Choque Praça - Submarino";1;0;0;0;0;0;0;0;0;0;1;0;0;0;0
"21/11/2020";"08:21:00";"71";"Acidente s";"344";"BR-386/RS";"Norte";"Queda de ribanceira";1;0;0;0;0;0;0;0;0;0;1;0;0;0;0
"21/11/2020";"09:21:00";"85";"Acidente c";"62";"BR-290/RS";"Leste";"Colisão - Lateral";2;0;0;0;0;0;0;0;0;0;3;6;0;0;0
"21/11/2020";"10:04:00";"98";"Acidente c";"343";"BR-386/RS";"Norte";"Capotamento";1;0;0;0;0;0;0;0;0;0;0;0;1;0;0
"21/11/2020";"10:37:00";"109";"Acidente c";"346";"BR-386/RS";"Norte";"Queda de moto";0;0;0;1;0;0;0;0;0;0;1;1;0;0;0
"21/11/2020";"10:45:00";"111";"Acidente s";"97";"BR-290/RS";"Ambos";"Colisão - Traseira";2;0;0;0;0;0;0;0;0;0;4;0;0;0;0
"21/11/2020";"11:48:00";"127";"Acidente s";"91";"BR-290/RS";"Leste";"Choque Barreira";2;0;0;0;0;0;0;0;0;0;2;0;0;0;0
"21/11/2020";"19:52:00";"208";"Acidente s";"6";"BR-448/RS";"Norte";"Saída de pista";1;0;0;0;0;0;0;0;0;0;1;0;0;0;0
"21/11/2020";"21:00:00";"216";"Acidente c";"304";"BR-386/RS";"Norte";"Queda de ribanceira";0;0;1;0;0;0;0;0;0;0;1;1;0;0;0
"22/11/2020";"01:51:00";"18";"Acidente s";"37";"BR-101/RS";"Sul";"Saída de pista";0;0;0;0;0;0;0;1;0;0;1;0;0;0;0
"22/11/2020";"03:20:00";"22";"Acidente s";"35";"BR-290/RS";"Leste";"Atropelamento de Animal";1;0;0;0;0;0;0;0;0;0;3;0;0;0;0
"22/11/2020";"16:07:00";"141";"Acidente s";"362";"BR-386/RS";"Norte";"Colisão - Lateral";0;0;0;1;0;0;0;1;0;0;3;0;0;0;0
"22/11/2020";"16:52:00";"153";"Acidente s";"81";"BR-101/RS";"Sul";"Colisão - Traseira";6;0;0;0;0;0;0;0;0;0;12;0;0;0;0
"22/11/2020";"20:40:00";"208";"Acidente s";"22";"BR-290/RS";"Oeste";"Colisão - Traseira";3;0;0;0;0;0;0;0;0;0;7;0;0;0;0
"22/11/2020";"23:12:00";"228";"Acidente c";"292";"BR-386/RS";"Sul";"Queda de ribanceira";0;0;1;0;0;0;0;0;0;0;0;1;0;0;0
"23/11/2020";"06:07:00";"26";"Acidente s";"77";"BR-290/RS";"Leste";"Choque Praça - Submarino";1;0;0;0;0;0;0;0;0;0;4;0;0;0;0
"23/11/2020";"06:31:00";"29";"Acidente s";"95";"BR-290/RS";"Oeste";"Colisão - Traseira";1;0;1;0;0;0;0;0;0;0;2;0;0;0;0
"23/11/2020";"12:32:00";"136";"Acidente s";"306";"BR-386/RS";"Sul";"Colisão - Traseira";1;0;1;0;0;0;0;0;0;0;4;0;0;0;0
"23/11/2020";"14:54:00";"157";"Acidente s";"92";"BR-290/RS";"Leste";"Queda de moto";0;0;0;1;0;0;0;0;0;0;2;0;0;0;0
"24/11/2020";"09:43:00";"84";"Acidente s";"398";"BR-386/RS";"Norte";"Queda de ribanceira";1;0;0;0;0;0;0;0;0;0;1;0;0;0;0
"24/11/2020";"09:52:00";"85";"Acidente s";"417";"BR-386/RS";"Sul";;0;0;1;0;0;0;0;0;0;0;1;0;0;0;0
"24/11/2020";"21:54:00";"237";"Acidente s";"91";"BR-290/RS";"Leste";"Colisão - Traseira";2;0;0;0;0;0;0;0;0;0;2;0;0;0;0
"25/11/2020";"10:52:00";"134";"Acidente c";"10";"BR-290/RS";"Leste";"Colisão - Frontal";1;0;1;0;0;0;0;0;0;0;0;0;0;0;3
"25/11/2020";"11:05:00";"137";"Acidente s";"346";"BR-386/RS";"Ambos";"Outros";0;0;1;0;0;0;0;0;0;0;1;0;0;0;0
"25/11/2020";"16:12:00";"237";"Acidente s";"15";"BR-290/RS";"Leste";"Colisão - Traseira";3;0;0;0;0;0;0;0;0;0;6;0;0;0;0
"25/11/2020";"20:23:00";"305";"Acidente s";"44";"BR-290/RS";"Oeste";"Colisão - Traseira";2;0;0;0;0;0;0;0;0;0;4;0;0;0;0
"25/11/2020";"22:43:00";"323";"Acidente s";"25,1";"BR-101/RS";"Sul";"Queda de ribanceira";0;0;1;0;0;0;0;0;0;0;1;0;0;0;0
"25/11/2020";"23:45:00";"328";"Acidente s";"38";"BR-290/RS";"Leste";"Capotamento";1;0;0;0;0;0;0;0;0;0;1;0;0;0;0
"25/11/2020";"23:56:00";"329";"Acidente s";"77";"BR-290/RS";"Leste";"Choque Defensa";1;0;0;0;0;0;0;0;0;0;2;0;0;0;0
"26/11/2020";"01:01:00";"9";"Acidente s";"383";"BR-386/RS";"Sul";"Saída de pista";1;0;0;0;0;0;0;0;0;0;1;0;0;0;0
"26/11/2020";"08:27:00";"51";"Acidente s";"96";"BR-290/RS";"Oeste";"Colisão - Lateral";1;0;1;0;0;0;0;0;0;0;2;0;0;0;0
"26/11/2020";"14:58:00";"167";"Acidente s";"11";"BR-448/RS";"Sul";"Choque com objeto sobre a pista";1;0;0;0;0;0;0;0;0;0;2;0;0;0;0
"26/11/2020";"17:16:00";"193";"Acidente s";"21";"BR-448/RS";"Sul";"Choque Barreira";1;0;1;0;0;0;0;0;0;0;1;0;0;0;0
"26/11/2020";"17:49:00";"200";"Acidente c";"77";"BR-290/RS";"Leste";"Colisão - Lateral";1;0;0;1;0;0;0;0;0;0;1;0;1;0;0
"26/11/2020";"18:00:00";"205";"Acidente s";"366";"BR-386/RS";"Norte";"Saída de pista";1;0;0;0;0;0;0;0;0;0;1;0;0;0;0
"27/11/2020";"06:06:00";"19";"Acidente c";"76";"BR-101/RS";"Sul";"Colisão - Frontal";2;0;0;0;0;0;0;0;0;0;1;2;0;0;0
"27/11/2020";"06:26:00";"22";"Acidente c";"4";"BR-101/RS";"Norte";;1;0;0;0;0;0;0;0;0;0;0;1;0;0;0
"27/11/2020";"07:53:00";"48";"Acidente s";"19";"BR-290/RS";"Leste";"Colisão - Traseira";2;0;0;0;0;0;0;0;0;0;5;0;0;0;0
"27/11/2020";"10:01:00";"83";"Acidente s";"62";"BR-101/RS";"Sul";"Saída de pista";1;0;0;0;0;0;0;0;0;0;1;0;0;0;0
"27/11/2020";"18:24:00";"177";"Acidente s";"412";"BR-386/RS";"Ambos";"Colisão - Traseira";1;0;0;0;0;0;0;0;0;1;2;0;0;0;0
"27/11/2020";"21:00:00";"207";"Acidente s";"345";"BR-386/RS";"Sul";"Colisão - Transversal";1;0;1;0;0;0;0;0;0;0;2;0;0;0;0
"28/11/2020";"01:02:00";"8";"Acidente s";"399";"BR-386/RS";"Sul";"Queda de ribanceira";1;0;0;0;0;0;0;0;0;0;4;0;0;0;0
"28/11/2020";"01:32:00";"10";"Acidente s";"35";"BR-290/RS";"Leste";"Queda de ribanceira";0;0;1;0;0;0;0;0;0;0;2;0;0;0;0
"28/11/2020";"03:36:00";"17";"Acidente s";"39";"BR-290/RS";"Leste";"Saída de pista";0;0;1;0;0;0;0;0;0;0;3;0;0;0;0
"28/11/2020";"13:07:00";"136";"Acidente s";"306";"BR-386/RS";"Norte";"Saída de pista";1;0;0;0;0;0;0;0;0;0;2;0;0;0;0
"28/11/2020";"13:44:00";"143";"Acidente s";"291";"BR-386/RS";"Norte";"Saída de pista";0;0;1;0;0;0;0;0;0;0;1;0;0;0;0
"28/11/2020";"14:23:00";"150";"Acidente s";"19";"BR-290/RS";"Leste";"Colisão - Traseira";2;0;0;0;0;0;0;0;0;0;3;0;0;0;0
"28/11/2020";"15:41:00";"166";"Acidente s";"304";"BR-386/RS";"Norte";"Saída de pista";0;0;0;0;0;0;0;0;0;1;3;0;0;0;0
"28/11/2020";"16:51:00";"183";"Acidente s";"46";"BR-101/RS";"Sul";"Choque Barreira";1;0;0;0;0;0;0;0;0;0;2;0;0;0;0
"28/11/2020";"17:12:00";"190";"Acidente s";"9";"BR-101/RS";"Norte";"Saída de pista";1;0;0;0;0;0;0;0;0;0;1;0;0;0;0
"28/11/2020";"17:21:00";"192";"Acidente c";"259";"BR-386/RS";"Sul";"Tombamento";0;0;0;0;0;0;0;1;0;0;0;0;0;1;0
"28/11/2020";"22:31:00";"237";"Acidente s";"87";"BR-290/RS";"Leste";"Saída de pista";1;0;0;0;0;0;0;0;0;0;1;0;0;0;0
"29/11/2020";"03:27:00";"20";"Acidente s";"5";"BR-290/RS";"Oeste";"Saída de pista";1;0;0;0;0;0;0;0;0;0;3;0;0;0;0
"29/11/2020";"05:30:00";"24";"Acidente s";"92";"BR-290/RS";"Leste";"Queda de moto";0;0;0;1;0;0;0;0;0;0;2;0;0;0;0
"30/11/2020";"13:22:00";"149";"Acidente s";"16";"BR-101/RS";"Norte";"Queda de ribanceira";0;0;1;0;0;0;0;0;0;0;2;0;0;0;0
"30/11/2020";"17:49:00";"204";"Acidente c";"7";"BR-101/RS";"Norte";"Colisão - Traseira";2;0;0;0;0;0;0;0;0;0;3;1;0;0;0
"30/11/2020";"20:56:00";"236";"Acidente c";"48";"BR-290/RS";"Oeste";"Colisão - Lateral";1;0;1;0;0;0;0;0;0;0;1;1;0;0;0
"30/11/2020";"22:35:00";"242";"Acidente c";"25";"BR-290/RS";"Leste";"Tombamento";0;0;1;0;0;0;0;0;0;0;0;0;2;0;0
"01/12/2020";"04:04:00";"13";"Acidente s";"429";"BR-386/RS";"Norte";"Tombamento";0;0;0;0;0;0;0;0;0;1;2;0;0;0;0
"01/12/2020";"04:53:00";"14";"Acidente s";"92";"BR-290/RS";"Oeste";"Choque Defensa";1;0;0;0;0;0;0;0;0;0;1;0;0;0;0
"01/12/2020";"07:49:00";"51";"Acidente c";"87";"BR-290/RS";"Oeste";"Colisão - Traseira";1;0;0;1;0;0;0;0;0;0;1;1;0;0;0
"01/12/2020";"08:42:00";"73";"Acidente c";"92";"BR-290/RS";"Oeste";"Capotamento";1;0;0;0;0;0;0;0;0;0;0;1;0;0;0
"01/12/2020";"09:54:00";"112";"Acidente c";"57";"BR-290/RS";"Leste";"Capotamento";1;0;0;0;0;0;0;0;0;0;2;1;1;0;0
"01/12/2020";"16:30:00";"196";"Acidente c";"347";"BR-386/RS";"Norte";"Colisão - Traseira";0;0;1;1;0;0;0;0;0;0;1;1;0;0;0
"01/12/2020";"17:37:00";"213";"Acidente s";"347";"BR-386/RS";"Sul";"Colisão - Lateral";2;0;0;0;0;0;0;0;0;0;2;0;0;0;0
"01/12/2020";"18:43:00";"234";"Acidente s";"4";"BR-448/RS";"Norte";"Colisão - Traseira";1;0;1;0;0;0;0;0;0;0;2;0;0;0;0
"02/12/2020";"01:29:00";"277";"Acidente s";"183";"BR-386/RS";"Norte";"Queda de ribanceira";1;0;0;0;0;0;0;0;0;0;2;0;0;0;0
"02/12/2020";"05:25:00";"294";"Acidente c";"3";"BR-290/RS";"Oeste";"Tombamento";0;0;1;0;0;0;0;0;0;0;0;1;0;0;0
"02/12/2020";"14:03:00";"457";"Acidente s";"290";"BR-386/RS";"Sul";"Queda de ribanceira";0;0;1;0;0;0;0;0;0;0;1;0;0;0;0
"02/12/2020";"17:51:00";"519";"Acidente s";"328";"BR-386/RS";"Norte";"Colisão - Lateral";1;0;1;0;0;0;0;0;0;0;2;0;0;0;0
"02/12/2020";"19:03:00";"541";"Acidente s";"299";"BR-386/RS";"Norte";"Saída de pista";0;0;1;0;0;0;0;0;0;0;1;0;0;0;0
"02/12/2020";"19:37:00";"551";"Acidente s";"334";"BR-386/RS";"Sul";"Saída de pista";1;0;0;0;0;0;0;0;0;0;1;0;0;0;0
"02/12/2020";"20:32:00";"562";"Acidente c";"10";"BR-448/RS";"Norte";"Queda de moto";0;0;0;1;0;0;0;0;0;0;0;1;0;0;0
"02/12/2020";"21:24:00";"572";"Acidente s";"356";"BR-386/RS";"Sul";"Saída de pista";1;0;0;0;0;0;0;0;0;0;1;0;0;0;0
"02/12/2020";"22:39:00";"585";"Acidente c";"76";"BR-290/RS";"Oeste";"Queda de moto";0;0;0;1;0;0;0;0;0;0;0;0;1;0;0
"02/12/2020";"23:18:00";"594";"Acidente s";"50";"BR-290/RS";"Oeste";"Capotamento";1;0;0;0;0;0;0;0;0;0;1;0;0;0;0
"02/12/2020";"23:20:00";"595";"Acidente s";"28";"BR-101/RS";"Sul";"Saída de pista";0;0;0;0;0;0;0;1;0;0;1;0;0;0;0
"03/12/2020";"08:32:00";"75";"Acidente s";"289";"BR-386/RS";"Norte";"Colisão - Lateral";1;0;1;0;0;0;0;0;0;0;4;0;0;0;0
"03/12/2020";"09:06:00";"83";"Acidente s";"350";"BR-386/RS";"Sul";"Colisão - Lateral";1;0;1;0;0;0;0;0;0;0;3;0;0;0;0
"03/12/2020";"13:35:00";"173";"Acidente s";"95";"BR-290/RS";"Leste";"Choque Barreira";1;0;0;0;0;0;0;0;0;0;1;0;0;0;0
"03/12/2020";"14:47:00";"187";"Acidente s";"95";"BR-290/RS";"Oeste";"Colisão - Lateral";1;0;0;0;0;1;0;0;0;0;2;0;0;0;0
"03/12/2020";"17:04:00";"229";"Acidente s";"289";"BR-386/RS";"Norte";"Tombamento";0;0;0;0;0;0;0;1;0;0;1;0;0;0;0
"03/12/2020";"18:08:00";"242";"Acidente s";"75";"BR-290/RS";"Leste";"Colisão - Traseira";2;0;0;0;0;0;0;0;0;0;3;0;0;0;0
"04/12/2020";"02:22:00";"12";"Acidente s";"346";"BR-386/RS";"Norte";"Saída de pista";1;0;0;0;0;0;0;0;0;0;1;0;0;0;0
"04/12/2020";"06:07:00";"31";"Acidente s";"351";"BR-386/RS";"Norte";"Colisão - Traseira";1;0;0;0;0;0;0;1;0;0;2;0;0;0;0
"04/12/2020";"07:57:00";"64";"Acidente s";"93";"BR-290/RS";"Oeste";"Engavetamento";3;0;0;0;0;0;0;0;0;0;3;0;0;0;0
"04/12/2020";"12:45:00";"171";"Acidente c";"92";"BR-290/RS";"Leste";"Queda de moto";0;0;0;1;0;0;0;0;0;0;0;1;0;0;0
"04/12/2020";"17:18:00";"247";"Acidente s";"426";"BR-386/RS";"Sul";"Colisão - Traseira";1;0;0;0;0;0;0;0;0;0;1;0;0;0;0
"04/12/2020";"18:19:00";"263";"Acidente c";"92";"BR-290/RS";"Oeste";"Capotamento";2;0;0;0;0;0;0;0;0;0;0;0;2;0;0
"04/12/2020";"19:13:00";"273";"Acidente s";"91";"BR-290/RS";"Leste";"Colisão - Traseira";2;0;0;0;0;0;0;0;0;0;2;0;0;0;0
"04/12/2020";"22:34:00";"316";"Acidente c";"361";"BR-386/RS";"Norte";"Queda de ribanceira";1;0;0;0;0;0;0;0;0;0;0;1;0;0;0
"04/12/2020";"23:09:00";"324";"Acidente s";"412";"BR-386/RS";"Norte";"Queda de ribanceira";1;0;0;0;0;0;0;0;0;0;1;0;0;0;0
"05/12/2020";"02:07:00";"16";"Acidente c";"438";"BR-386/RS";"Norte";"Capotamento";1;0;0;0;0;1;0;0;0;0;1;0;2;0;1
"05/12/2020";"03:21:00";"18";"Acidente c";"37";"BR-290/RS";"Leste";"Capotamento";1;0;0;0;0;0;0;0;0;0;0;0;1;0;0
"05/12/2020";"05:42:00";"27";"Acidente s";"92";"BR-290/RS";"Leste";"Queda de moto";0;0;0;1;0;0;0;0;0;0;1;0;0;0;0
"05/12/2020";"07:07:00";"37";"Acidente c";"339";"BR-386/RS";"Norte";"Colisão - Frontal";0;0;2;0;0;0;0;0;0;0;0;0;0;2;0
"05/12/2020";"09:58:00";"96";"Acidente s";"45";"BR-101/RS";"Norte";"Capotamento";1;0;0;0;0;0;0;0;0;0;4;0;0;0;0
"05/12/2020";"18:47:00";"175";"Acidente s";"415";"BR-386/RS";"Sul";"Queda de ribanceira";2;0;0;0;0;0;0;0;0;0;4;0;0;0;0
"05/12/2020";"20:05:00";"186";"Acidente c";"16";"BR-290/RS";"Leste";"Queda de ribanceira";1;0;0;0;0;0;0;0;0;0;0;1;2;0;0
"06/12/2020";"04:50:00";"18";"Acidente s";"417";"BR-386/RS";"Norte";"Queda de ribanceira";1;0;0;0;0;0;0;0;0;0;2;0;0;0;0
"06/12/2020";"07:13:00";"27";"Acidente s";"92";"BR-290/RS";"Oeste";"Choque Defensa";1;0;0;0;0;0;0;0;0;0;1;0;0;0;0
"06/12/2020";"13:48:00";"97";"Acidente s";"4";"BR-290/RS";"Leste";"Capotamento";1;0;0;0;0;0;0;0;0;0;2;0;0;0;0
"06/12/2020";"17:45:00";"144";"Acidente c";"440";"BR-386/RS";"Sul";"Queda de ribanceira";1;0;0;0;0;0;0;0;0;0;0;0;1;0;0
"07/12/2020";"09:49:00";"97";"Acidente s";"94";"BR-290/RS";"Oeste";"Engavetamento";1;0;0;0;0;0;0;0;0;0;1;0;0;0;0
"07/12/2020";"10:37:00";"119";"Acidente c";"342";"BR-386/RS";"Sul";"Colisão - Lateral";2;0;0;0;0;0;0;0;0;0;1;1;0;0;0
"07/12/2020";"12:40:00";"148";"Acidente s";"38";"BR-290/RS";"Ambos";"Saída de pista";1;0;0;0;0;0;0;0;0;0;3;0;0;0;0
"07/12/2020";"13:01:00";"154";"Acidente c";"88";"BR-290/RS";"Oeste";"Choque Defensa";1;0;0;0;0;0;0;0;0;0;0;1;0;0;0
"07/12/2020";"13:27:00";"161";"Acidente c";"74";"BR-101/RS";"Norte";"Choque - Arvore";1;0;0;0;0;0;0;0;0;0;0;1;0;0;0
"07/12/2020";"13:29:00";"162";"Acidente c";"247";"BR-386/RS";"Sul";"Colisão - Lateral";1;0;0;1;0;0;0;0;0;0;1;1;0;0;0
"07/12/2020";"13:39:00";"165";"Acidente s";"292";"BR-386/RS";"Norte";"Saída de pista";0;0;0;0;0;0;0;1;0;0;1;0;0;0;0
"07/12/2020";"20:48:00";"251";"Acidente c";"345";"BR-386/RS";"Sul";"Queda de moto";0;0;0;1;0;0;0;0;0;0;0;2;0;0;0
"08/12/2020";"01:01:00";"3";"Acidente c";"29";"BR-290/RS";"Leste";"Saída de pista";1;0;0;0;0;0;0;0;0;0;0;0;1;0;0
"08/12/2020";"07:46:00";"63";"Acidente s";"60";"BR-290/RS";"Oeste";"Engavetamento";2;0;0;0;0;0;0;0;0;1;4;0;0;0;0
"08/12/2020";"08:30:00";"94";"Acidente c";"445";"BR-386/RS";"Sul";"Queda de moto";0;0;0;1;0;0;0;0;0;0;0;1;0;0;0
"08/12/2020";"10:19:00";"140";"Acidente s";"28";"BR-101/RS";"Sul";"Saída de pista";1;0;0;0;0;0;0;0;0;0;2;0;0;0;0
"08/12/2020";"15:10:00";"217";"Acidente s";"1";"BR-448/RS";"Sul";"Colisão - Lateral";1;0;0;0;0;0;0;1;0;0;3;0;0;0;0
"08/12/2020";"15:40:00";"224";"Acidente c";"58";"BR-290/RS";"Oeste";"Colisão - Traseira";1;0;0;1;0;0;0;0;0;0;1;1;0;0;0
"08/12/2020";"15:50:00";"227";"Acidente s";"92";"BR-290/RS";"Leste";"Colisão - Lateral";1;0;1;0;0;0;0;0;0;0;3;0;0;0;0
"08/12/2020";"16:05:00";"230";"Acidente s";"26";"BR-290/RS";"Leste";"Saída de pista";1;0;0;0;0;0;0;0;0;0;1;0;0;0;0
"08/12/2020";"16:51:00";"240";"Acidente c";"344";"BR-386/RS";"Norte";"Queda de moto";0;0;0;1;0;0;0;0;0;0;1;1;0;0;0
"08/12/2020";"18:30:00";"257";"Acidente s";"91";"BR-290/RS";"Leste";"Queda de moto";0;0;0;1;0;0;0;0;0;0;1;0;0;0;0
"08/12/2020";"23:19:00";"304";"Acidente s";"32";"BR-290/RS";"Leste";"Atropelamento de Animal";1;0;0;0;0;0;0;0;0;0;3;0;0;0;0
"09/12/2020";"01:20:00";"6";"Acidente s";"215";"BR-386/RS";"Sul";"Colisão - Traseira";1;0;0;0;0;0;0;1;0;0;3;0;0;0;0
"09/12/2020";"03:14:00";"11";"Acidente s";"60";"BR-290/RS";"Leste";"Choque Praça - Cabine";0;0;0;0;0;1;0;0;0;0;2;0;0;0;0
"09/12/2020";"09:37:00";"98";"Acidente c";"22";"BR-448/RS";"Sul";"Choque Barreira";0;0;0;1;0;0;0;0;0;0;0;0;1;0;0
"09/12/2020";"09:50:00";"103";"Acidente s";"362";"BR-386/RS";"Norte";"Colisão - Lateral";1;0;0;0;0;0;0;1;0;0;3;0;0;0;0
"09/12/2020";"16:26:00";"188";"Acidente s";"95";"BR-290/RS";"Leste";"Colisão - Traseira";1;0;0;0;0;0;0;0;0;1;3;0;0;0;0
"09/12/2020";"18:30:00";"210";"Acidente c";"345";"BR-386/RS";"Sul";"Colisão - Traseira";1;0;1;1;0;0;0;0;0;0;2;0;0;1;0
"10/12/2020";"08:26:00";"70";"Atropelame";"75";"BR-290/RS";"Leste";"Atropelamento - Morador/Trabalhador/Estudante";1;0;0;0;0;0;0;0;0;0;2;0;0;1;0
"10/12/2020";"09:00:00";"86";"Acidente s";"74";"BR-290/RS";"Oeste";"Colisão - Traseira";1;0;1;0;0;0;0;0;0;0;2;0;0;0;0
"10/12/2020";"11:54:00";"159";"Acidente c";"348";"BR-386/RS";"Norte";"Colisão - Lateral";1;0;0;1;0;0;0;0;0;0;1;1;0;0;0
"10/12/2020";"16:05:00";"235";"Acidente s";"91";"BR-290/RS";"Oeste";"Choque Barreira";1;0;0;0;0;0;0;0;0;0;3;0;0;0;0
"10/12/2020";"16:57:00";"253";"Acidente s";"89";"BR-290/RS";"Oeste";"Colisão - Lateral";1;0;1;0;0;0;0;0;0;0;2;0;0;0;0
"10/12/2020";"19:12:00";"286";"Acidente s";"227";"BR-386/RS";"Sul";"Colisão - Lateral";2;0;0;0;0;0;0;0;0;0;2;0;0;0;0
"11/12/2020";"07:05:00";"28";"Acidente c";"343";"BR-386/RS";"Sul";"Colisão - Transversal";2;0;0;0;0;0;0;0;0;0;1;0;1;0;0
"11/12/2020";"07:52:00";"59";"Acidente s";"215";"BR-386/RS";"Sul";"Colisão - Traseira";1;0;1;0;0;0;0;0;0;0;2;0;0;0;0
"11/12/2020";"08:00:00";"69";"Acidente s";"445";"BR-386/RS";"Norte";"Engavetamento";3;0;0;0;0;0;0;0;0;0;3;0;0;0;0
"11/12/2020";"13:05:00";"189";"Acidente c";"343";"BR-386/RS";"Sul";"Colisão - Transversal";0;0;0;2;0;0;0;0;0;0;2;0;1;0;0
"11/12/2020";"14:49:00";"228";"Acidente c";"220";"BR-386/RS";"Norte";"Engavetamento";1;0;0;0;0;0;0;2;0;0;2;1;0;0;0
"11/12/2020";"16:52:00";"264";"Acidente s";"74";"BR-290/RS";"Oeste";"Colisão - Traseira";2;0;0;0;0;0;0;0;0;0;3;0;0;0;0
"11/12/2020";"18:05:00";"290";"Acidente c";"88";"BR-290/RS";"Leste";"Colisão - Traseira";2;0;0;0;0;0;0;0;0;0;1;1;0;0;0
"11/12/2020";"18:13:00";"294";"Acidente s";"372";"BR-386/RS";"Sul";"Queda de ribanceira";1;0;0;0;0;0;0;0;0;0;1;0;0;0;0
"11/12/2020";"22:52:00";"357";"Acidente s";"51";"BR-290/RS";"Oeste";"Choque com objeto sobre a pista";1;0;0;0;0;0;0;0;0;0;2;0;0;0;0
"12/12/2020";"00:33:00";"9";"Acidente s";"62";"BR-290/RS";"Oeste";"Colisão - Lateral";0;0;0;1;0;0;0;1;0;0;2;0;0;0;0
"12/12/2020";"01:14:00";"14";"Acidente s";"394";"BR-386/RS";"Sul";"Queda de ribanceira";1;0;0;0;0;0;0;0;0;0;1;0;0;0;0
"12/12/2020";"02:35:00";"18";"Acidente s";"431,36";"BR-386/RS";"Norte";"Saída de pista";1;0;0;0;0;0;0;0;0;0;1;0;0;0;0
"12/12/2020";"12:04:00";"136";"Acidente s";"22";"BR-448/RS";"Norte";"Choque Barreira";1;0;0;0;0;0;0;0;0;0;3;0;0;0;0
"12/12/2020";"12:31:00";"143";"Acidente s";"440";"BR-386/RS";"Norte";"Queda de ribanceira";1;0;0;0;0;0;0;0;0;0;1;0;0;0;0
"12/12/2020";"12:43:00";"146";"Acidente c";"443";"BR-386/RS";"Norte";"Colisão - Frontal";2;0;0;0;0;0;0;0;0;0;0;3;0;0;0
"12/12/2020";"16:31:00";"205";"Acidente s";"288";"BR-386/RS";"Norte";"Capotamento";1;0;0;0;0;0;0;0;0;0;1;0;0;0;0