data;horario;n_da_ocorrencia;tipo_de_ocorrencia;km;trecho;sentido;tipo_de_acidente;automovel;bicicleta;caminhao;moto;onibus;outros;tracao_animal;transporte_de_cargas_especiais;trator_maquinas;utilitarios;ilesos;levemente_feridos;moderadamente_feridos;gravemente_feridos;mortos
"04/02/2021";"08:27:00";"57";"Acidente c";"292";"BR-386/RS";"Norte";;1;0;0;0;0;0;0;0;0;0;1;1;0;0;0
"04/02/2021";"11:22:00";"125";"Acidente s";"60";"BR-290/RS";"Oeste";"Colisão - Traseira";2;0;0;0;0;0;0;0;0;0;2;0;0;0;0
"04/02/2021";"14:38:00";"179";"Acidente s";"408";"BR-386/RS";"Norte";"Saída de pista";0;0;0;0;0;1;0;0;0;0;1;0;0;0;0
"04/02/2021";"14:49:00";"180";"Acidente s";"5";"BR-448/RS";"Norte";"Capotamento";1;0;0;0;0;0;0;0;0;0;1;0;0;0;0
"04/02/2021";"15:17:00";"187";"Acidente s";"394";"BR-386/RS";"Sul";"Queda de ribanceira";1;0;0;0;0;0;0;0;0;0;2;0;0;0;0
"04/02/2021";"16:11:00";"203";"Acidente c";"97";"BR-290/RS";"Leste";;2;0;0;0;0;0;0;0;0;0;1;1;0;0;0
"04/02/2021";"17:28:00";"219";"Acidente c";"375";"BR-386/RS";"Norte";"Colisão - Traseira";0;0;0;1;0;0;0;0;0;1;2;0;1;0;0
"04/02/2021";"19:16:00";"240";"Acidente s";"280";"BR-386/RS";"Sul";"Colisão - Traseira";1;0;0;0;0;0;0;0;0;1;4;0;0;0;0
"05/02/2021";"03:34:00";"9";"Acidente s";"360";"BR-386/RS";"Norte";"Saída de pista";1;0;0;0;0;0;0;0;0;0;1;0;0;0;0
"05/02/2021";"04:14:00";"10";"Acidente c";"298";"BR-386/RS";"Sul";"Saída de pista";1;0;0;0;0;0;0;0;0;0;0;1;0;0;0
"05/02/2021";"07:21:00";"32";"Acidente c";"342";"BR-386/RS";"Sul";"Colisão - Lateral";1;0;0;1;0;0;0;0;0;0;0;2;0;0;0
"05/02/2021";"09:31:00";"94";"Acidente c";"425";"BR-386/RS";"Sul";"Choque Barreira";0;0;1;0;0;0;0;0;0;0;0;1;0;0;0
"05/02/2021";"11:22:00";"131";"Acidente s";"92";"BR-290/RS";"Leste";"Colisão - Lateral";1;0;0;0;0;0;0;1;0;0;2;0;0;0;0
"05/02/2021";"16:30:00";"205";"Acidente s";"87";"BR-290/RS";"Leste";"Colisão - Lateral";2;0;0;0;0;0;0;0;0;0;2;0;0;0;0
"05/02/2021";"17:38:00";"224";"Acidente s";"89";"BR-290/RS";"Oeste";"Colisão - Lateral";1;0;0;1;0;0;0;0;0;0;2;0;0;0;0
"05/02/2021";"17:39:00";"225";"Acidente s";"427";"BR-386/RS";"Sul";"Colisão - Traseira";1;0;0;0;0;0;0;0;0;0;6;0;0;0;0
"05/02/2021";"19:47:00";"255";"Acidente c";"215,47";"BR-386/RS";"Norte";"Colisão - Frontal";1;0;0;1;0;0;0;0;0;0;2;0;1;0;0
"05/02/2021";"19:53:00";"258";"Acidente s";"445";"BR-386/RS";"Norte";"Atropelamento de Animal";0;0;0;1;0;0;0;0;0;0;1;0;0;0;0
"05/02/2021";"22:14:00";"289";"Acidente c";"80";"BR-290/RS";"Oeste";"Atropelamento - Morador/Trabalhador/Estudante";1;0;0;0;0;0;0;0;0;0;1;0;0;1;0
"06/02/2021";"05:59:00";"30";"Acidente s";"44";"BR-290/RS";"Leste";"Queda de ribanceira";1;0;0;0;0;0;0;0;0;0;1;0;0;0;0
"06/02/2021";"10:03:00";"101";"Acidente s";"343";"BR-386/RS";"Norte";"Colisão - Traseira";0;0;0;0;0;0;0;1;0;1;2;0;0;0;0
"06/02/2021";"10:53:00";"120";"Acidente c";"98";"BR-290/RS";"Leste";"Colisão - Traseira";0;0;0;0;0;0;0;0;0;1;0;1;0;0;0
"06/02/2021";"15:21:00";"165";"Acidente c";"19";"BR-290/RS";"Oeste";"Capotamento";1;0;0;0;0;0;0;0;0;0;0;1;1;1;0
"06/02/2021";"20:57:00";"241";"Acidente c";"343";"BR-386/RS";"Ambos";"Colisão - Transversal";1;0;0;1;0;0;0;0;0;0;1;1;0;0;0
"07/02/2021";"00:31:00";"3";"Acidente c";"344";"BR-386/RS";"Norte";"Colisão - Lateral";1;0;0;1;0;0;0;0;0;0;1;0;0;1;0
"07/02/2021";"06:12:00";"27";"Acidente s";"94";"BR-290/RS";"Leste";"Queda de moto";0;0;0;1;0;0;0;0;0;0;1;0;0;0;0
"07/02/2021";"06:35:00";"31";"Acidente c";"95";"BR-290/RS";"Leste";"Queda de moto";0;0;0;1;0;0;0;0;0;0;0;0;1;0;0
"07/02/2021";"07:55:00";"34";"Acidente c";"186";"BR-386/RS";"Norte";"Capotamento";1;0;0;0;0;0;0;0;0;0;0;3;0;0;0
"07/02/2021";"10:41:00";"80";"Acidente s";"27";"BR-290/RS";"Oeste";"Saída de pista";1;0;0;0;0;0;0;0;0;0;5;0;0;0;0
"07/02/2021";"17:09:00";"172";"Acidente s";"56";"BR-290/RS";"Oeste";"Colisão - Traseira";3;0;0;0;0;0;0;0;0;0;6;0;0;0;0
"07/02/2021";"17:12:00";"175";"Acidente s";"80";"BR-290/RS";"Leste";"Saída de pista";1;0;0;0;0;0;0;0;0;0;4;0;0;0;0
"07/02/2021";"18:13:00";"192";"Acidente c";"274";"BR-386/RS";"Sul";"Colisão - Lateral";2;0;0;0;0;0;0;0;0;0;3;1;0;0;0
"07/02/2021";"18:29:00";"197";"Acidente s";"16";"BR-101/RS";"Sul";"Choque com objeto sobre a pista";1;0;0;0;0;0;0;0;0;0;1;0;0;0;0
"07/02/2021";"20:58:00";"257";"Acidente s";"253";"BR-386/RS";"Norte";"Saída de pista";1;0;0;0;0;0;0;0;0;0;2;0;0;0;0
"08/02/2021";"02:14:00";"9";"Acidente s";"350";"BR-386/RS";"Norte";"Saída de pista";1;0;0;0;0;0;0;0;0;0;2;0;0;0;0
"08/02/2021";"07:40:00";"39";"Acidente c";"87";"BR-290/RS";"Oeste";"Colisão - Lateral";1;0;0;1;0;0;0;0;0;0;0;0;1;0;0
"08/02/2021";"08:08:00";"60";"Atropelame";"9";"BR-101/RS";"Sul";"Atropelamento - Usuário";1;0;0;0;0;0;0;0;0;0;1;0;0;0;1
"08/02/2021";"08:13:00";"66";"Acidente s";"83";"BR-290/RS";"Oeste";"Colisão - Traseira";2;0;0;0;0;0;0;0;0;0;2;0;0;0;0
"08/02/2021";"08:54:00";"87";"Acidente c";"80";"BR-290/RS";"Oeste";"Capotamento";2;0;0;0;0;0;0;0;0;0;1;1;0;0;0
"08/02/2021";"08:56:00";"88";"Acidente s";"92";"BR-290/RS";"Oeste";;1;0;1;0;0;0;0;0;0;0;1;0;0;0;0
"08/02/2021";"15:56:00";"219";"Acidente s";"60";"BR-290/RS";"Leste";"Choque Barreira";1;0;0;0;0;0;0;0;0;0;3;0;0;0;0
"08/02/2021";"19:15:00";"261";"Acidente s";"71";"BR-101/RS";"Norte";"Queda de ribanceira";0;0;0;0;0;0;0;0;0;1;1;0;0;0;0
"09/02/2021";"07:43:00";"42";"Acidente s";"75";"BR-290/RS";"Ambos";"Colisão - Lateral";1;0;0;0;0;0;0;0;0;1;2;0;0;0;0
"09/02/2021";"09:55:00";"109";"Acidente c";"296";"BR-386/RS";"Sul";"Capotamento";0;0;0;0;0;0;0;1;0;0;0;0;0;1;0
"09/02/2021";"13:20:00";"150";"Acidente s";"35";"BR-101/RS";"Sul";"Queda de moto";1;0;0;0;0;0;0;0;0;0;1;0;0;0;0
"09/02/2021";"13:35:00";"154";"Acidente c";"37";"BR-290/RS";"Oeste";"Colisão - Traseira";2;0;0;0;0;0;0;0;0;0;5;1;1;0;0
"09/02/2021";"17:24:00";"210";"Acidente s";"428";"BR-386/RS";"Norte";"Colisão - Traseira";1;0;0;0;0;1;0;0;0;0;3;0;0;0;0
"10/02/2021";"00:20:00";"2";"Acidente c";"25";"BR-290/RS";"Leste";"Colisão - Traseira";0;0;1;0;0;0;0;0;0;1;1;1;0;0;0
"10/02/2021";"07:25:00";"30";"Acidente s";"372";"BR-386/RS";"Norte";"Tombamento";0;0;0;0;0;0;0;1;0;0;1;0;0;0;0
"10/02/2021";"09:22:00";"94";"Acidente s";"430";"BR-386/RS";"Norte";"Queda de ribanceira";0;0;0;0;0;0;0;1;0;0;1;0;0;0;0
"10/02/2021";"10:41:00";"127";"Acidente s";"60";"BR-290/RS";"Leste";"Colisão - Traseira";2;0;0;0;0;0;0;0;0;0;2;0;0;0;0
"10/02/2021";"15:40:00";"195";"Acidente c";"353";"BR-386/RS";"Sul";"Engavetamento";1;0;2;0;0;0;0;0;0;0;4;0;1;0;0
"10/02/2021";"16:25:00";"208";"Acidente s";"92";"BR-290/RS";"Leste";"Queda de ribanceira";0;0;0;0;0;0;0;1;0;0;1;0;0;0;0
"10/02/2021";"17:42:00";"231";"Acidente s";"92";"BR-290/RS";"Oeste";"Colisão - Traseira";2;0;0;0;0;0;0;0;0;0;4;0;0;0;0
"10/02/2021";"23:24:00";"274";"Acidente s";"1";"BR-290/RS";"Leste";"Atropelamento de Animal";1;0;0;0;0;0;0;0;0;0;4;0;0;0;0
"11/02/2021";"07:20:00";"31";"Acidente c";"92";"BR-290/RS";"Oeste";"Queda de moto";0;0;0;1;0;0;0;0;0;0;0;0;1;0;0
"11/02/2021";"08:19:00";"55";"Acidente c";"424";"BR-386/RS";"Sul";"Colisão - Traseira";1;0;0;0;0;0;0;0;0;0;2;0;1;0;0
"11/02/2021";"09:27:00";"87";"Acidente s";"35";"BR-101/RS";"Norte";"Colisão - Traseira";2;0;0;0;0;0;0;0;0;0;2;0;0;0;0
"11/02/2021";"10:33:00";"109";"Acidente s";"401";"BR-386/RS";"Norte";"Colisão - Traseira";1;0;0;0;0;0;0;0;0;1;2;0;0;0;0
"11/02/2021";"14:42:00";"176";"Acidente s";"235";"BR-386/RS";"Sul";"Queda de ribanceira";2;0;0;0;0;0;0;0;0;0;6;0;0;0;0
"11/02/2021";"15:33:00";"189";"Acidente s";"356";"BR-386/RS";"Norte";"Queda de ribanceira";1;0;0;0;0;0;0;0;0;0;1;0;0;0;0
"11/02/2021";"16:41:00";"208";"Acidente s";"39";"BR-290/RS";"Leste";"Queda de ribanceira";0;0;0;0;0;0;0;0;0;1;1;0;0;0;0
"12/02/2021";"10:09:00";"129";"Acidente c";"92";"BR-290/RS";"Leste";"Colisão - Lateral";1;0;0;1;0;0;0;0;0;0;1;0;1;0;0
"12/02/2021";"10:55:00";"148";"Acidente s";"424";"BR-386/RS";"Sul";"Colisão - Traseira";2;0;0;0;0;0;0;0;0;0;2;0;0;0;0
"12/02/2021";"14:25:00";"203";"Acidente s";"53";"BR-290/RS";"Leste";"Colisão - Lateral";2;0;0;0;0;0;0;0;0;0;2;0;0;0;0
"12/02/2021";"16:09:00";"230";"Acidente s";"345";"BR-386/RS";"Sul";"Engavetamento";4;0;0;0;0;0;0;0;0;0;6;0;0;0;0
"12/02/2021";"16:27:00";"236";"Acidente s";"57";"BR-290/RS";"Leste";"Colisão - Traseira";3;0;0;0;0;0;0;0;0;0;4;0;0;0;0
"12/02/2021";"16:38:00";"238";"Acidente c";"9";"BR-101/RS";"Norte";"Colisão - Lateral";2;0;0;0;0;0;0;0;0;0;1;0;1;0;0
"12/02/2021";"17:59:00";"260";"Acidente c";"234";"BR-386/RS";"Norte";"Capotamento";1;0;0;0;0;0;0;0;0;0;0;2;0;0;0
"12/02/2021";"18:24:00";"268";"Acidente s";"94";"BR-290/RS";"Leste";"Colisão - Traseira";2;0;0;0;0;0;0;0;0;0;2;0;0;0;0
"12/02/2021";"18:56:00";"280";"Acidente s";"28";"BR-290/RS";"Leste";"Colisão - Lateral";2;0;0;0;0;0;0;0;0;0;6;0;0;0;0
"12/02/2021";"19:14:00";"284";"Acidente c";"75";"BR-290/RS";"Leste";"Colisão - Lateral";2;0;0;1;0;0;0;0;0;0;7;0;1;0;0
"12/02/2021";"19:19:00";"285";"Acidente s";"3";"BR-290/RS";"Leste";"Colisão - Traseira";2;0;0;0;0;0;0;0;0;0;1;0;0;0;0
"12/02/2021";"20:44:00";"315";"Acidente s";"37";"BR-290/RS";"Leste";"Colisão - Traseira";2;0;0;0;0;0;0;0;0;0;2;0;0;0;0
"12/02/2021";"21:26:00";"326";"Acidente s";"61";"BR-290/RS";"Leste";"Colisão - Traseira";2;0;0;0;0;0;0;0;0;0;2;0;0;0;0
"12/02/2021";"22:08:00";"340";"Acidente c";"417";"BR-386/RS";"Sul";"Tombamento";1;0;0;0;0;0;0;0;0;0;0;0;1;0;0
"13/02/2021";"00:17:00";"2";"Acidente s";"26";"BR-290/RS";"Leste";"Engavetamento";4;0;0;0;0;0;0;0;0;0;12;0;0;0;0
"13/02/2021";"00:30:00";"4";"Acidente c";"284";"BR-386/RS";"Sul";"Colisão - Frontal";1;0;2;0;0;0;0;0;0;0;2;0;1;2;0
"13/02/2021";"07:13:00";"54";"Acidente s";"75";"BR-290/RS";"Leste";"Colisão - Traseira";2;0;0;0;0;0;0;0;0;0;2;0;0;0;0
"13/02/2021";"10:03:00";"136";"Acidente s";"59";"BR-290/RS";"Leste";;2;0;0;0;0;0;0;0;0;0;2;0;0;0;0
"13/02/2021";"10:21:00";"142";"Acidente s";"59";"BR-290/RS";"Leste";;2;0;0;0;0;0;0;0;0;0;2;0;0;0;0
"13/02/2021";"11:29:00";"180";"Acidente s";"55";"BR-101/RS";"Sul";"Capotamento";1;0;0;0;0;0;0;0;0;0;2;0;0;0;0
"13/02/2021";"11:44:00";"186";"Acidente s";"64";"BR-290/RS";"Leste";;1;0;0;0;0;0;0;0;0;0;2;0;0;0;0
"13/02/2021";"13:26:00";"221";"Acidente s";"435";"BR-386/RS";"Norte";"Colisão - Lateral";2;0;0;0;0;0;0;0;0;0;4;0;0;0;0
"13/02/2021";"19:00:00";"333";"Acidente c";"62";"BR-101/RS";"Norte";"Choque Barreira";1;0;0;0;0;0;0;0;0;0;0;1;0;0;0
"13/02/2021";"20:53:00";"348";"Acidente s";"354";"BR-386/RS";"Sul";"Saída de pista";1;0;0;0;0;0;0;0;0;0;1;0;0;0;0
"13/02/2021";"23:45:00";"373";"Acidente s";"94";"BR-290/RS";"Leste";"Choque Barreira";1;0;0;0;0;0;0;0;0;0;3;0;0;0;0
"14/02/2021";"01:35:00";"7";"Acidente s";"270";"BR-386/RS";"Sul";"Colisão - Transversal";2;0;0;0;0;0;0;0;0;0;3;0;0;0;0
"14/02/2021";"02:01:00";"11";"Acidente s";"42";"BR-290/RS";"Oeste";"Saída de pista";2;0;0;0;0;0;0;0;0;0;2;0;0;0;0
"14/02/2021";"04:36:00";"19";"Acidente s";"247";"BR-386/RS";"Norte";"Saída de pista";1;0;0;0;0;0;0;0;0;0;1;0;0;0;0
"14/02/2021";"09:04:00";"74";"Acidente s";"348";"BR-386/RS";"Norte";"Choque - Poste";1;0;0;0;0;0;0;0;0;0;2;0;0;0;0
"14/02/2021";"09:35:00";"80";"Acidente s";"64";"BR-290/RS";"Leste";"Queda de ribanceira";1;0;0;0;0;0;0;0;0;0;2;0;0;0;0
"14/02/2021";"10:14:00";"88";"Acidente c";"19";"BR-290/RS";"Leste";"Colisão - Lateral";2;0;0;0;0;0;0;0;0;0;4;1;0;0;0
"14/02/2021";"10:42:00";"98";"Acidente s";"4";"BR-290/RS";"Oeste";"Choque Defensa";1;0;0;0;0;0;0;0;0;0;3;0;0;0;0
"14/02/2021";"11:07:00";"109";"Acidente c";"372";"BR-386/RS";"Norte";"Queda de moto";0;0;0;1;0;0;0;0;0;0;1;1;0;0;0
"14/02/2021";"11:50:00";"121";"Acidente s";"59";"BR-290/RS";"Oeste";"Colisão - Lateral";1;0;0;0;0;0;0;0;0;0;2;0;0;0;0
"14/02/2021";"11:51:00";"122";"Acidente c";"21";"BR-101/RS";"Norte";;2;0;0;0;0;0;0;0;0;0;2;1;0;0;0
"14/02/2021";"14:56:00";"152";"Acidente c";"33";"BR-290/RS";"Oeste";"Queda de moto";0;0;0;1;0;0;0;0;0;0;0;1;1;0;0
"14/02/2021";"15:57:00";"172";"Acidente s";"444";"BR-386/RS";"Norte";"Capotamento";1;0;0;0;0;0;0;0;0;0;1;0;0;0;0
"14/02/2021";"18:14:00";"204";"Acidente s";"92";"BR-290/RS";"Oeste";"Colisão - Lateral";1;0;1;0;0;0;0;0;0;0;2;0;0;0;0
"14/02/2021";"18:58:00";"212";"Acidente s";"419";"BR-386/RS";"Sul";"Choque Defensa";1;0;0;0;0;0;0;0;0;0;3;0;0;0;0
"14/02/2021";"20:07:00";"232";"Acidente s";"390";"BR-386/RS";"Sul";"Saída de pista";1;0;0;0;0;0;0;0;0;0;1;0;0;0;0
"14/02/2021";"21:46:00";"249";"Acidente c";"58";"BR-290/RS";"Oeste";"Colisão - Traseira";2;0;0;0;0;0;0;0;0;0;4;2;0;0;0
"14/02/2021";"21:54:00";"251";"Acidente s";"82";"BR-290/RS";"Oeste";"Atropelamento de Animal";1;0;0;0;0;0;0;0;0;0;1;0;0;0;0
"16/02/2021";"05:41:00";"12";"Acidente s";"72";"BR-290/RS";"Oeste";"Capotamento";1;0;0;0;0;0;0;0;0;0;1;0;0;0;0
"16/02/2021";"07:42:00";"29";"Acidente s";"74";"BR-290/RS";"Oeste";"Capotamento";1;0;0;0;0;0;0;0;0;0;1;0;0;0;0
"16/02/2021";"12:25:00";"130";"Acidente s";"418";"BR-386/RS";"Sul";"Choque - Sinalização";1;0;0;0;0;0;0;0;0;0;3;0;0;0;0
"16/02/2021";"15:03:00";"183";"Acidente s";"55";"BR-101/RS";"Sul";"Colisão - Lateral";2;0;0;0;0;0;0;0;0;0;8;0;0;0;0
"16/02/2021";"15:50:00";"197";"Acidente s";"4";"BR-290/RS";"Leste";"Queda de ribanceira";1;0;0;0;0;0;0;0;0;0;1;0;0;0;0
"16/02/2021";"17:06:00";"225";"Acidente c";"36";"BR-290/RS";"Oeste";"Colisão - Lateral";2;0;0;0;0;0;0;0;0;0;5;1;0;0;0
"16/02/2021";"18:05:00";"236";"Acidente c";"19";"BR-290/RS";"Oeste";"Colisão - Lateral";1;0;0;1;0;0;0;0;0;0;1;2;0;0;0
"16/02/2021";"18:20:00";"241";"Acidente s";"50";"BR-290/RS";"Leste";"Colisão - Traseira";2;0;0;0;0;0;0;0;0;0;2;0;0;0;0
"16/02/2021";"19:09:00";"260";"Acidente s";"306";"BR-386/RS";"Sul";"Colisão - Traseira";1;0;0;0;0;1;0;0;0;0;6;0;0;0;0
"16/02/2021";"19:37:00";"265";"Acidente s";"426";"BR-386/RS";"Norte";"Colisão - Traseira";2;0;0;0;0;0;0;0;0;0;2;0;0;0;0
"16/02/2021";"22:52:00";"310";"Acidente s";"4";"BR-101/RS";"Norte";"Capotamento";1;0;0;0;0;0;0;0;0;0;1;0;0;0;0
"16/02/2021";"23:25:00";"316";"Acidente c";"80";"BR-290/RS";"Oeste";"Queda de ribanceira";0;0;0;1;0;0;0;0;0;0;0;1;0;0;0
"17/02/2021";"03:53:00";"27";"Acidente c";"84";"BR-290/RS";"Oeste";"Queda de ribanceira";1;0;0;0;0;0;0;0;0;0;0;4;0;0;0
"17/02/2021";"07:56:00";"68";"Acidente c";"344";"BR-386/RS";"Norte";"Colisão - Lateral";2;0;0;0;0;0;0;0;0;0;1;1;0;0;0
"17/02/2021";"08:18:00";"84";"Acidente c";"58";"BR-290/RS";"Oeste";"Colisão - Lateral";3;0;0;0;0;0;0;0;0;0;5;1;1;0;0
"17/02/2021";"08:25:00";"86";"Acidente s";"346";"BR-386/RS";"Sul";"Colisão - Lateral";1;0;0;0;0;0;0;0;0;1;3;0;0;0;0
"17/02/2021";"08:44:00";"94";"Acidente s";"416";"BR-386/RS";"Norte";"Colisão - Lateral";1;0;0;0;0;0;0;1;0;0;2;0;0;0;0
"17/02/2021";"08:52:00";"97";"Acidente s";"57";"BR-290/RS";"Oeste";"Colisão - Traseira";2;0;0;0;0;0;0;0;0;0;5;0;0;0;0
"17/02/2021";"09:33:00";"116";"Acidente s";"23";"BR-290/RS";"Oeste";"Colisão - Lateral";2;0;0;0;0;0;0;0;0;0;2;0;0;0;0
"17/02/2021";"10:45:00";"146";"Acidente s";"53";"BR-290/RS";"Oeste";"Colisão - Traseira";2;0;0;0;0;0;0;0;0;0;2;0;0;0;0
"17/02/2021";"11:49:00";"167";"Acidente s";"9";"BR-290/RS";"Leste";"Colisão - Traseira";2;0;0;0;0;0;0;0;0;0;2;0;0;0;0
"17/02/2021";"15:10:00";"218";"Acidente c";"349";"BR-386/RS";"Norte";"Queda de moto";0;0;0;1;0;0;0;0;0;0;0;2;0;0;0
"17/02/2021";"16:24:00";"248";"Acidente s";"95";"BR-290/RS";"Oeste";"Colisão - Lateral";2;0;0;0;0;0;0;0;0;0;2;0;0;0;0
"17/02/2021";"18:08:00";"282";"Acidente s";"59";"BR-290/RS";"Oeste";"Colisão - Lateral";2;0;0;0;0;0;0;0;0;0;2;0;0;0;0
"17/02/2021";"19:16:00";"297";"Acidente s";"85";"BR-101/RS";"Sul";"Queda de ribanceira";1;0;0;0;0;0;0;0;0;0;2;0;0;0;0
"18/02/2021";"04:47:00";"17";"Acidente s";"17";"BR-101/RS";"Sul";"Saída de pista";1;0;0;0;0;0;0;0;0;0;1;0;0;0;0
"18/02/2021";"08:04:00";"67";"Acidente s";"313";"BR-386/RS";"Norte";"Colisão - Lateral";0;0;1;0;0;1;0;0;0;0;2;0;0;0;0
"18/02/2021";"08:16:00";"69";"Acidente c";"185";"BR-386/RS";"Norte";"Engavetamento";3;0;0;0;0;0;0;0;0;1;4;1;0;0;0
"18/02/2021";"09:24:00";"101";"Acidente s";"69";"BR-101/RS";"Sul";"Colisão - Traseira";2;0;0;0;0;0;0;0;0;0;4;0;0;0;0
"18/02/2021";"13:05:00";"155";"Acidente c";"4";"BR-290/RS";"Oeste";"Colisão - Transversal";2;0;0;0;0;0;0;0;0;0;0;2;0;1;1
"18/02/2021";"14:49:00";"186";"Acidente s";"345";"BR-386/RS";"Norte";"Colisão - Traseira";2;0;0;0;0;0;0;0;0;0;2;0;0;0;0
"18/02/2021";"17:34:00";"221";"Acidente c";"20";"BR-290/RS";"Leste";"Queda de ribanceira";1;0;0;0;0;0;0;0;0;0;0;1;0;0;0
"18/02/2021";"17:41:00";"226";"Acidente s";"354";"BR-386/RS";"Norte";"Colisão - Lateral";2;0;0;0;0;0;0;0;0;0;3;0;0;0;0
"18/02/2021";"18:58:00";"247";"Acidente c";"4";"BR-290/RS";"Ambos";"Colisão - Transversal";2;0;0;0;0;0;0;0;0;0;3;2;0;0;0
"18/02/2021";"19:23:00";"250";"Acidente c";"2";"BR-101/RS";"Norte";"Saída de pista";1;0;0;0;0;0;0;0;0;0;1;2;0;0;0
"18/02/2021";"19:53:00";"256";"Acidente s";"35";"BR-101/RS";"Norte";"Colisão - Traseira";0;0;1;0;1;0;0;0;0;0;2;0;0;0;0
"19/02/2021";"09:45:00";"114";"Acidente c";"353";"BR-386/RS";"Sul";"Colisão - Traseira";1;0;0;1;0;0;0;0;0;0;1;1;0;0;0
"19/02/2021";"10:08:00";"126";"Acidente s";"39";"BR-290/RS";"Leste";"Saída de pista";1;0;0;0;0;0;0;0;0;0;1;0;0;0;0
"19/02/2021";"11:00:00";"143";"Acidente c";"248";"BR-386/RS";"Norte";"Engavetamento";5;0;0;0;0;0;0;0;0;0;13;1;0;0;0
"19/02/2021";"13:50:00";"179";"Acidente s";"4";"BR-290/RS";"Oeste";"Choque - Sinalização";1;0;0;0;0;0;0;0;0;0;1;0;0;0;0
"19/02/2021";"15:33:00";"207";"Acidente s";"413";"BR-386/RS";"Norte";"Choque - Poste";1;0;0;0;0;0;0;0;0;0;1;0;0;0;0
"19/02/2021";"15:41:00";"209";"Acidente s";"94";"BR-290/RS";"Leste";"Engavetamento";3;0;0;0;0;0;0;0;0;0;3;0;0;0;0
"19/02/2021";"16:14:00";"216";"Acidente c";"76";"BR-290/RS";"Oeste";"Capotamento";1;0;0;0;0;0;0;0;0;0;0;2;1;0;0
"19/02/2021";"17:44:00";"233";"Acidente s";"88";"BR-290/RS";"Leste";"Colisão - Traseira";2;0;0;0;0;0;0;0;0;0;2;0;0;0;0
"19/02/2021";"19:10:00";"260";"Acidente c";"271";"BR-386/RS";"Sul";"Colisão - Traseira";2;0;0;0;0;0;0;0;0;0;2;1;0;1;0
"19/02/2021";"19:12:00";"263";"Acidente c";"253";"BR-386/RS";"Norte";"Engavetamento";4;0;0;0;0;0;0;0;0;0;5;1;0;0;0
"19/02/2021";"19:36:00";"266";"Acidente s";"92";"BR-290/RS";"Leste";"Colisão - Lateral";1;0;0;0;0;0;0;1;0;0;2;0;0;0;0
"19/02/2021";"20:46:00";"278";"Acidente s";"19";"BR-290/RS";"Leste";"Colisão - Lateral";1;0;1;0;0;0;0;0;0;0;5;0;0;0;0
"20/02/2021";"11:09:00";"113";"Acidente c";"11";"BR-101/RS";"Sul";"Colisão - Traseira";1;0;1;0;0;0;0;0;0;0;1;0;2;0;0
"20/02/2021";"15:21:00";"166";"Acidente s";"359";"BR-386/RS";"Norte";"Capotamento";1;0;0;0;0;0;0;0;0;0;1;0;0;0;0
"20/02/2021";"15:22:00";"170";"Acidente c";"273";"BR-386/RS";"Sul";"Queda de moto";0;0;0;1;0;0;0;0;0;0;0;0;1;0;0
"21/02/2021";"00:22:00";"1";"Acidente s";"1";"BR-448/RS";"Sul";"Choque Defensa";0;0;0;0;0;0;0;0;0;1;1;0;0;0;0
"21/02/2021";"17:35:00";"184";"Acidente c";"349";"BR-386/RS";"Norte";"Colisão - Traseira";1;0;0;1;0;0;0;0;0;0;2;1;0;0;0
"21/02/2021";"17:35:00";"185";"Acidente s";"400";"BR-386/RS";"Norte";"Saída de pista";1;0;0;0;0;0;0;0;0;0;3;0;0;0;0
"21/02/2021";"21:49:00";"238";"Acidente s";"40";"BR-290/RS";"Oeste";"Engavetamento";2;0;0;0;0;0;0;1;0;0;8;0;0;0;0
"22/02/2021";"09:34:00";"114";"Acidente s";"28";"BR-290/RS";"Oeste";"Capotamento";1;0;0;0;0;0;0;0;0;0;1;0;0;0;0
"22/02/2021";"09:48:00";"122";"Acidente s";"426";"BR-386/RS";"Sul";;2;0;0;0;0;0;0;0;0;0;2;0;0;0;0
"22/02/2021";"11:28:00";"150";"Atropelame";"68";"BR-101/RS";"Norte";"Atropelamento - Funcionário";1;0;0;0;0;0;0;0;0;0;0;1;0;0;0
"22/02/2021";"17:47:00";"277";"Acidente c";"398";"BR-386/RS";"Sul";;0;0;1;0;0;0;0;0;0;0;1;5;0;0;0
"23/02/2021";"06:36:00";"19";"Acidente s";"8";"BR-290/RS";"Leste";"Queda de ribanceira";1;0;0;0;0;0;0;0;0;0;1;0;0;0;0
"23/02/2021";"07:21:00";"36";"Acidente c";"342";"BR-386/RS";"Norte";"Colisão - Lateral";1;0;0;1;0;0;0;0;0;0;1;1;0;0;0
"23/02/2021";"07:45:00";"44";"Acidente s";"377";"BR-386/RS";"Sul";"Capotamento";1;0;0;0;0;0;0;0;0;0;2;0;0;0;0
"23/02/2021";"12:17:00";"138";"Acidente c";"261";"BR-386/RS";"Sul";"Colisão - Frontal";0;0;1;0;0;0;0;1;0;0;0;1;1;0;0
"23/02/2021";"19:25:00";"227";"Acidente s";"302";"BR-386/RS";"Sul";"Saída de pista";1;0;0;0;0;0;0;0;0;0;1;0;0;0;0
"23/02/2021";"20:25:00";"236";"Acidente c";"81";"BR-101/RS";"Sul";"Atropelamento de Animal";1;0;0;0;0;0;0;0;0;0;3;1;0;0;0
"23/02/2021";"22:00:00";"250";"Acidente s";"80";"BR-290/RS";"Leste";"Queda de ribanceira";1;0;0;0;0;0;0;0;0;0;1;0;0;0;0
"24/02/2021";"19:32:00";"213";"Acidente c";"15";"BR-448/RS";"Norte";"Tombamento";0;0;0;0;0;0;0;1;0;0;0;1;0;0;0