data;horario;n_da_ocorrencia;tipo_de_ocorrencia;km;trecho;sentido;tipo_de_acidente;automovel;bicicleta;caminhao;moto;onibus;outros;tracao_animal;transporte_de_cargas_especiais;trator_maquinas;utilitarios;ilesos;levemente_feridos;moderadamente_feridos;gravemente_feridos;mortos
"02/06/2021";"04:43:00";"17";"Acidente s";"289";"BR-386/RS";"Norte";"Saída de pista";1;0;0;0;0;1;0;0;0;0;2;0;0;0;0
"02/06/2021";"14:22:00";"151";"Acidente s";"443";"BR-386/RS";"Norte";"Colisão - Lateral";1;0;0;0;0;0;0;0;0;0;1;0;0;0;0
"02/06/2021";"18:14:00";"198";"Atropelame";"417";"BR-386/RS";"Norte";"Atropelamento - Andarilho";1;0;0;0;0;0;0;0;0;0;1;0;1;0;0
"02/06/2021";"19:50:00";"213";"Acidente s";"247";"BR-386/RS";"Norte";"Queda de ribanceira";1;0;0;0;0;0;0;0;0;0;2;0;0;0;0
"02/06/2021";"21:40:00";"231";"Acidente s";"227";"BR-386/RS";"Sul";"Colisão - Lateral";2;0;0;0;0;0;0;0;0;0;3;0;0;0;0
"03/06/2021";"02:58:00";"11";"Acidente s";"93";"BR-290/RS";"Leste";"Colisão - Traseira";2;0;0;1;0;0;0;0;0;0;3;0;0;0;0
"03/06/2021";"09:02:00";"60";"Acidente s";"424";"BR-386/RS";"Norte";"Colisão - Traseira";1;0;0;1;0;0;0;0;0;0;3;0;0;0;0
"03/06/2021";"09:55:00";"78";"Acidente s";"356";"BR-386/RS";"Norte";"Colisão - Lateral";1;0;0;0;0;0;0;0;0;0;1;0;0;0;0
"03/06/2021";"11:52:00";"96";"Acidente s";"79";"BR-290/RS";"Oeste";"Queda de ribanceira";2;0;0;0;0;0;0;0;0;0;5;0;0;0;0
"03/06/2021";"16:29:00";"132";"Acidente s";"18";"BR-290/RS";"Leste";"Queda de ribanceira";1;0;0;0;0;1;0;0;0;0;3;0;0;0;0
"03/06/2021";"16:34:00";"133";"Acidente c";"371";"BR-386/RS";"Norte";"Saída de pista";1;0;0;1;0;0;0;0;0;0;2;0;0;0;0
"03/06/2021";"16:58:00";"140";"Acidente s";"19";"BR-290/RS";"Leste";"Colisão - Traseira";1;0;0;0;0;0;0;0;0;0;1;0;0;0;0
"03/06/2021";"17:22:00";"147";"Acidente c";"374";"BR-386/RS";"Norte";"Colisão - Traseira";1;0;0;0;0;0;0;0;0;0;2;0;0;0;0
"03/06/2021";"20:08:00";"173";"Acidente s";"85";"BR-290/RS";"Oeste";"Queda de moto";0;0;0;1;0;0;0;0;0;0;0;1;0;0;0
"03/06/2021";"21:08:00";"182";"Acidente s";"306";"BR-386/RS";"Norte";"Choque com objeto sobre a pista";2;0;0;0;0;0;0;0;0;0;5;0;0;0;0
"03/06/2021";"21:37:00";"190";"Acidente s";"44";"BR-101/RS";"Norte";"Colisão - Traseira";1;0;0;1;0;0;0;0;0;0;0;1;0;1;0
"04/06/2021";"08:59:00";"79";"Acidente s";"426";"BR-386/RS";"Sul";"Colisão - Traseira";2;0;0;0;0;0;0;0;0;0;4;0;0;0;0
"04/06/2021";"15:04:00";"163";"Acidente s";"80";"BR-101/RS";"Norte";"Colisão - Traseira";2;0;0;0;0;0;0;0;0;0;2;0;0;0;0
"04/06/2021";"16:34:00";"185";"Acidente s";"88";"BR-290/RS";"Leste";"Colisão - Lateral";1;0;0;0;0;0;0;0;0;1;2;0;0;0;0
"04/06/2021";"19:31:00";"227";"Acidente s";"70";"BR-290/RS";"Leste";;1;0;0;0;0;0;0;1;0;0;2;0;0;0;0
"04/06/2021";"20:25:00";"236";"Acidente s";"5";"BR-290/RS";"Oeste";"Queda de moto";0;0;0;1;0;0;0;0;0;0;2;0;0;0;0
"04/06/2021";"20:27:00";"238";"Acidente c";"405";"BR-386/RS";"Sul";"Saída de pista";0;0;0;1;0;0;0;0;0;0;1;0;0;0;0
"04/06/2021";"21:49:00";"249";"Acidente s";"92";"BR-290/RS";"Leste";"Colisão - Lateral";1;0;0;0;0;0;0;0;0;0;0;0;1;0;0
"05/06/2021";"00:37:00";"4";"Acidente s";"223";"BR-386/RS";"Sul";"Saída de pista";1;0;0;0;0;0;0;0;0;0;1;0;0;0;0
"05/06/2021";"07:03:00";"38";"Acidente s";"307";"BR-386/RS";"Norte";"Saída de pista";1;0;0;0;0;0;0;0;0;0;2;0;0;0;0
"05/06/2021";"16:40:00";"177";"Acidente s";"80";"BR-290/RS";"Leste";;1;0;0;0;0;0;0;0;0;0;1;0;0;0;0
"05/06/2021";"17:31:00";"189";"Acidente c";"34";"BR-101/RS";"Norte";"Colisão - Lateral";1;0;0;0;0;0;0;0;0;0;1;0;0;0;0
"05/06/2021";"18:30:00";"199";"Atropelame";"72";"BR-101/RS";"Norte";"Atropelamento - Usuário";1;0;0;0;0;0;0;0;0;0;1;0;0;0;0
"05/06/2021";"19:32:00";"210";"Acidente s";"405";"BR-386/RS";"Ambos";"Saída de pista";0;0;0;2;0;0;0;0;0;0;0;2;0;0;0
"05/06/2021";"20:50:00";"225";"Acidente s";"354";"BR-386/RS";"Norte";"Saída de pista";1;0;0;0;0;0;0;0;0;0;1;1;0;0;0
"05/06/2021";"21:10:00";"230";"Acidente s";"418";"BR-386/RS";"Norte";"Saída de pista";1;0;0;0;0;0;0;0;0;0;2;0;0;0;0
"05/06/2021";"21:43:00";"236";"Acidente s";"16";"BR-290/RS";"Oeste";"Saída de pista";1;0;0;0;0;0;0;0;0;0;2;0;0;0;0
"05/06/2021";"21:51:00";"238";"Acidente s";"77";"BR-290/RS";"Oeste";"Choque Barreira";1;0;0;0;0;0;0;0;0;0;1;0;0;0;0
"05/06/2021";"22:17:00";"242";"Acidente s";"11";"BR-290/RS";"Oeste";"Saída de pista";2;0;0;0;0;0;0;0;0;0;6;0;0;0;0
"05/06/2021";"23:59:00";"250";"Acidente s";"80";"BR-290/RS";"Leste";"Queda de ribanceira";1;0;0;0;0;0;0;0;0;0;1;0;0;0;0
"06/06/2021";"00:51:00";"5";"Acidente s";"347";"BR-386/RS";"Norte";"Saída de pista";2;0;0;0;0;0;0;0;0;0;3;0;0;0;0
"06/06/2021";"05:51:00";"21";"Acidente c";"327";"BR-386/RS";"Ambos";"Colisão - Frontal";0;0;0;0;0;0;0;0;0;1;1;0;0;0;0
"06/06/2021";"09:27:00";"42";"Acidente s";"97";"BR-290/RS";"Leste";"Colisão - Lateral";1;0;0;0;0;0;0;0;0;0;1;0;0;0;0
"06/06/2021";"17:14:00";"113";"Acidente s";"61";"BR-290/RS";"Oeste";"Queda de ribanceira";1;0;0;0;0;0;0;0;0;0;1;0;0;0;0
"06/06/2021";"20:45:00";"152";"Acidente s";"80";"BR-290/RS";"Leste";"Queda de ribanceira";2;0;0;0;0;0;0;0;0;0;0;1;3;1;0
"06/06/2021";"22:13:00";"164";"Acidente s";"285";"BR-386/RS";"Norte";"Colisão - Traseira";2;0;0;0;0;0;0;0;0;0;2;0;0;0;0
"07/06/2021";"06:24:00";"24";"Acidente c";"48";"BR-290/RS";"Oeste";"Queda de moto";1;0;0;1;0;0;0;0;0;0;1;1;0;0;0
"07/06/2021";"10:04:00";"96";"Acidente c";"417";"BR-386/RS";"Sul";"Tombamento";0;0;0;1;0;0;0;0;0;0;1;0;0;0;0
"07/06/2021";"12:17:00";"130";"Acidente c";"35";"BR-290/RS";"Oeste";"Colisão - Traseira";0;0;0;1;0;0;0;0;0;0;0;1;0;0;0
"07/06/2021";"15:01:00";"162";"Acidente s";"345";"BR-386/RS";"Norte";"Colisão - Traseira";0;0;0;0;0;1;0;0;0;0;0;1;0;0;0
"07/06/2021";"18:24:00";"190";"Acidente c";"87";"BR-290/RS";"Leste";"Colisão - Traseira";2;0;0;0;0;0;0;0;0;0;4;0;1;0;0
"07/06/2021";"19:17:00";"196";"Acidente s";"344";"BR-386/RS";"Sul";"Queda de moto";1;0;1;0;0;0;0;0;0;0;3;0;0;0;0
"08/06/2021";"06:01:00";"9";"Acidente c";"331";"BR-386/RS";"Norte";"Saída de pista";1;0;0;0;0;0;0;0;0;0;1;0;0;0;0
"08/06/2021";"06:37:00";"16";"Acidente s";"75";"BR-290/RS";"Oeste";"Engavetamento";1;0;0;0;0;0;0;0;0;0;1;0;0;0;0
"08/06/2021";"07:27:00";"33";"Acidente c";"344";"BR-386/RS";"Norte";"Saída de pista";1;0;0;0;0;0;0;0;0;0;2;0;0;0;0
"08/06/2021";"12:30:00";"121";"Acidente s";"82";"BR-290/RS";"Oeste";"Choque Barreira";1;0;0;0;0;0;0;0;0;0;0;1;0;0;0
"08/06/2021";"13:31:00";"131";"Acidente s";"95";"BR-290/RS";"Leste";"Choque Barreira";4;0;0;0;0;0;0;0;0;0;4;0;0;0;0
"08/06/2021";"15:19:00";"153";"Acidente c";"5";"BR-290/RS";"Oeste";"Queda de ribanceira";0;0;0;1;0;0;0;0;0;0;0;1;0;0;0
"08/06/2021";"18:45:00";"175";"Acidente c";"52";"BR-290/RS";"Leste";"Capotamento";1;0;0;0;0;0;0;0;0;0;1;0;0;0;0
"08/06/2021";"20:19:00";"183";"Acidente s";"20";"BR-448/RS";"Sul";"Saída de pista";1;0;0;0;0;0;0;0;0;0;0;0;1;0;0
"08/06/2021";"20:54:00";"186";"Acidente s";"36";"BR-101/RS";"Norte";"Queda de ribanceira";1;0;0;0;0;0;0;0;0;0;0;0;1;0;0
"09/06/2021";"08:20:00";"57";"Acidente s";"440";"BR-386/RS";"Norte";;0;0;0;0;0;0;0;0;0;0;1;0;0;0;0
"09/06/2021";"11:20:00";"106";"Acidente c";"50";"BR-290/RS";"Leste";"Queda de ribanceira";1;0;0;0;0;0;0;0;0;0;1;0;0;0;0
"09/06/2021";"12:59:00";"115";"Acidente c";"7";"BR-290/RS";"Leste";"Capotamento";1;0;0;0;0;0;0;0;0;0;0;0;1;1;0
"09/06/2021";"13:02:00";"117";"Acidente c";"345";"BR-386/RS";"Sul";"Colisão - Transversal";1;0;0;0;0;0;0;0;0;0;0;1;2;0;0
"09/06/2021";"14:41:00";"132";"Acidente s";"262";"BR-386/RS";"Sul";;1;0;0;1;0;0;0;0;0;0;1;1;1;0;0
"09/06/2021";"15:14:00";"138";"Acidente c";"351";"BR-386/RS";"Norte";"Colisão - Transversal";0;0;0;0;0;0;0;1;0;0;1;0;0;0;0
"09/06/2021";"15:34:00";"144";"Acidente s";"2";"BR-290/RS";"Oeste";"Colisão - Lateral";1;0;0;0;0;0;0;0;0;1;1;0;2;0;0
"09/06/2021";"18:00:00";"165";"Acidente s";"89";"BR-290/RS";"Leste";"Colisão - Traseira";0;0;2;0;0;0;0;0;0;0;2;0;0;0;0
"09/06/2021";"18:37:00";"173";"Acidente s";"90";"BR-290/RS";"Leste";"Queda de moto";2;0;0;0;0;0;0;0;0;0;2;0;0;0;0
"09/06/2021";"22:56:00";"217";"Acidente s";"339";"BR-386/RS";"Norte";"Choque Barreira";0;0;0;1;0;0;0;0;0;0;1;0;0;0;0
"10/06/2021";"08:08:00";"48";"Acidente s";"48";"BR-290/RS";"Leste";"Queda de ribanceira";2;0;0;0;0;0;0;0;0;0;4;0;0;0;0
"10/06/2021";"08:27:00";"51";"Acidente s";"95";"BR-290/RS";"Oeste";"Colisão - Traseira";2;0;0;0;0;0;0;0;0;0;5;0;0;0;0
"10/06/2021";"09:04:00";"60";"Acidente s";"423";"BR-386/RS";"Sul";"Queda de ribanceira";1;0;0;0;0;0;0;0;0;0;2;0;0;0;0
"10/06/2021";"09:45:00";"68";"Acidente s";"32";"BR-290/RS";"Oeste";;1;0;0;0;0;0;0;0;0;0;1;0;0;0;0
"10/06/2021";"10:01:00";"75";"Acidente s";"14";"BR-448/RS";"Norte";"Choque Defensa";1;0;0;0;0;0;0;0;0;0;1;0;0;0;0
"10/06/2021";"10:50:00";"85";"Acidente s";"372";"BR-386/RS";"Norte";"Colisão - Lateral";0;0;1;0;1;0;0;0;0;0;1;0;1;1;0
"10/06/2021";"12:17:00";"100";"Acidente s";"4";"BR-290/RS";"Leste";"Queda de ribanceira";1;0;0;0;0;0;0;0;0;0;1;0;0;0;0
"10/06/2021";"12:26:00";"103";"Acidente s";"425";"BR-386/RS";"Sul";"Capotamento";2;0;0;0;0;0;0;0;0;0;3;0;0;0;0
"10/06/2021";"12:32:00";"105";"Acidente s";"440";"BR-386/RS";"Norte";"Choque - Poste";1;0;0;0;0;0;0;0;0;0;2;0;0;0;0
"10/06/2021";"18:49:00";"177";"Acidente c";"434";"BR-386/RS";"Ambos";"Colisão - Frontal";1;0;0;0;0;0;0;0;0;0;1;0;0;0;0
"11/06/2021";"17:18:00";"186";"Acidente s";"19";"BR-448/RS";"Sul";"Colisão - Traseira";0;0;0;0;0;2;0;0;0;0;3;0;0;0;0
"11/06/2021";"17:34:00";"192";"Acidente s";"75";"BR-290/RS";"Leste";"Engavetamento";4;0;0;0;0;0;0;0;0;0;4;0;0;0;0
"11/06/2021";"18:05:00";"200";"Acidente c";"253";"BR-386/RS";"Norte";"Colisão - Traseira";1;0;0;1;0;0;0;0;0;0;1;1;0;0;0
"11/06/2021";"18:56:00";"216";"Acidente s";"19";"BR-290/RS";"Leste";"Colisão - Traseira";2;0;0;0;0;0;0;0;0;0;2;0;0;0;0
"11/06/2021";"20:12:00";"233";"Acidente s";"339";"BR-386/RS";"Norte";"Saída de pista";1;0;0;0;0;0;0;0;0;0;1;0;0;0;0
"11/06/2021";"21:26:00";"244";"Acidente s";"33";"BR-101/RS";"Norte";"Saída de pista";1;0;0;0;0;1;0;0;0;0;3;0;0;0;0
"12/06/2021";"19:40:00";"157";"Acidente c";"367";"BR-386/RS";"Norte";"Colisão - Transversal";1;0;0;1;0;0;0;0;0;0;4;0;1;0;0
"12/06/2021";"23:55:00";"179";"Acidente s";"28";"BR-290/RS";"Oeste";"Saída de pista";1;0;0;0;0;0;0;0;0;0;2;0;0;0;0
"13/06/2021";"00:02:00";"2";"Acidente s";"65";"BR-290/RS";"Oeste";"Colisão - Traseira";1;0;0;0;0;0;0;0;0;1;2;0;0;0;0
"13/06/2021";"08:56:00";"31";"Acidente s";"75";"BR-290/RS";"Leste";"Choque Defensa";1;0;0;0;0;0;0;0;0;0;1;0;0;0;0
"13/06/2021";"10:41:00";"58";"Acidente s";"75";"BR-290/RS";"Leste";"Colisão - Lateral";2;0;0;0;0;0;0;0;0;0;3;0;0;0;0
"13/06/2021";"15:37:00";"109";"Acidente s";"6";"BR-101/RS";"Norte";"Colisão - Transversal";2;0;0;0;0;0;0;0;0;0;4;0;0;0;0
"13/06/2021";"16:52:00";"124";"Acidente s";"426";"BR-386/RS";"Sul";"Colisão - Lateral";1;0;0;0;0;0;0;0;0;0;1;0;0;0;0
"13/06/2021";"18:42:00";"135";"Acidente s";"81";"BR-290/RS";"Leste";"Queda de moto";1;0;0;0;0;0;0;0;0;0;1;0;0;0;0
"13/06/2021";"18:58:00";"139";"Acidente s";"216";"BR-386/RS";"Norte";"Colisão - Traseira";2;0;0;0;0;0;0;0;0;0;2;0;0;0;0
"13/06/2021";"20:46:00";"155";"Acidente s";"247";"BR-386/RS";"Sul";"Atropelamento de Animal";2;0;0;0;0;0;0;0;0;0;8;0;0;0;0
"13/06/2021";"22:00:00";"161";"Acidente s";"23";"BR-290/RS";"Leste";"Colisão - Lateral";0;0;0;1;0;0;0;0;0;0;2;0;0;0;0
"14/06/2021";"00:49:00";"8";"Acidente s";"12";"BR-290/RS";"Leste";"Atropelamento de Animal";2;0;0;0;0;0;0;0;0;0;3;0;0;0;0
"14/06/2021";"06:45:00";"28";"Acidente c";"352";"BR-386/RS";"Sul";"Colisão - Frontal";3;0;0;0;0;0;0;0;0;0;3;0;0;0;0
"14/06/2021";"10:23:00";"115";"Acidente s";"290";"BR-386/RS";"Norte";"Saída de pista";1;0;0;0;0;0;0;0;0;0;3;0;0;0;0
"14/06/2021";"11:22:00";"131";"Acidente s";"18";"BR-448/RS";"Sul";"Choque Barreira";1;0;0;1;0;0;0;0;0;0;1;0;0;1;0
"14/06/2021";"13:11:00";"152";"Acidente c";"371";"BR-386/RS";"Norte";"Capotamento";1;0;0;0;0;0;0;0;0;0;2;0;0;0;0
"14/06/2021";"14:06:00";"168";"Acidente c";"92";"BR-290/RS";"Leste";"Colisão - Traseira";1;0;0;0;0;0;0;0;0;0;1;0;0;0;0
"14/06/2021";"16:14:00";"194";"Acidente s";"75";"BR-101/RS";"Sul";"Queda de Carga";1;0;1;0;0;0;0;0;0;0;1;2;0;0;0
"14/06/2021";"18:32:00";"214";"Atropelame";"353";"BR-386/RS";"Sul";"Atropelamento - Usuário";2;0;0;0;0;0;0;0;0;0;2;0;2;0;0
"14/06/2021";"18:33:00";"215";"Acidente s";"87";"BR-290/RS";"Leste";"Engavetamento";0;0;1;0;0;0;0;0;0;0;1;0;0;0;0
"14/06/2021";"21:08:00";"236";"Acidente c";"55";"BR-290/RS";"Leste";"Colisão - Traseira";1;0;0;0;0;0;0;0;0;0;1;0;0;0;1
"15/06/2021";"03:23:00";"17";"Acidente s";"28";"BR-290/RS";"Leste";"Queda de ribanceira";0;0;1;0;0;0;0;0;0;0;1;0;0;0;0
"15/06/2021";"18:41:00";"225";"Acidente s";"2";"BR-290/RS";"Leste";"Choque com objeto sobre a pista";1;0;1;0;0;0;0;0;0;0;2;0;0;0;0
"16/06/2021";"05:50:00";"11";"Acidente s";"57";"BR-101/RS";"Norte";"Tombamento";0;0;0;0;0;0;0;1;0;0;1;0;0;0;0
"16/06/2021";"10:08:00";"91";"Acidente s";"354";"BR-386/RS";"Norte";"Outros";1;0;0;0;0;1;0;0;0;0;2;0;0;0;0
"16/06/2021";"18:10:00";"178";"Acidente c";"20";"BR-101/RS";"Sul";"Engavetamento";2;0;0;0;0;0;0;0;0;0;2;0;0;0;0
"16/06/2021";"18:11:00";"179";"Acidente s";"346";"BR-386/RS";"Norte";"Outros";0;0;0;3;0;0;0;0;0;0;1;2;0;0;0
"16/06/2021";"19:00:00";"188";"Acidente s";"85";"BR-290/RS";"Leste";"Colisão - Traseira";0;0;0;2;0;0;0;0;0;0;2;0;0;0;0
"17/06/2021";"01:15:00";"7";"Acidente c";"38";"BR-290/RS";"Oeste";"Saída de pista";1;0;1;0;0;0;0;0;0;0;2;0;0;0;0
"17/06/2021";"06:56:00";"31";"Acidente c";"349";"BR-386/RS";"Sul";"Colisão - Traseira";0;0;0;0;0;0;0;1;0;0;1;0;0;0;0
"17/06/2021";"07:57:00";"61";"Acidente s";"91";"BR-290/RS";"Oeste";"Engavetamento";1;0;1;0;0;0;0;0;0;0;2;0;0;0;0
"17/06/2021";"09:28:00";"92";"Acidente c";"40";"BR-101/RS";"Sul";"Colisão - Traseira";1;0;0;0;0;0;0;0;0;0;0;0;0;0;1
"17/06/2021";"10:20:00";"104";"Acidente s";"318";"BR-386/RS";"Norte";"Choque Defensa";0;0;0;0;0;1;0;0;0;0;0;0;1;0;0
"17/06/2021";"11:43:00";"123";"Acidente s";"426";"BR-386/RS";"Norte";"Colisão - Traseira";0;0;1;1;0;0;0;0;0;0;1;1;0;0;0
"17/06/2021";"11:56:00";"125";"Acidente c";"57";"BR-290/RS";"Leste";"Colisão - Lateral";3;0;0;0;0;0;0;0;0;0;3;0;0;0;0
"17/06/2021";"14:58:00";"152";"Acidente s";"62";"BR-290/RS";"Leste";"Colisão - Lateral";2;0;0;0;0;0;0;0;0;0;2;0;0;0;0
"17/06/2021";"16:20:00";"166";"Acidente s";"373";"BR-386/RS";"Norte";"Choque Defensa";0;0;0;0;0;0;0;0;0;1;1;0;0;0;0
"17/06/2021";"16:23:00";"167";"Acidente s";"293";"BR-386/RS";"Sul";"Tombamento";2;0;0;0;0;0;0;0;0;0;4;0;0;0;0
"17/06/2021";"16:45:00";"173";"Acidente s";"249";"BR-386/RS";"Sul";"Colisão - Lateral";2;0;0;0;0;0;0;0;0;0;3;1;0;0;0
"17/06/2021";"17:10:00";"184";"Acidente s";"418";"BR-386/RS";"Sul";"Colisão - Traseira";1;0;1;0;0;0;0;0;0;0;2;0;0;0;0
"17/06/2021";"18:09:00";"198";"Atropelame";"95";"BR-290/RS";"Oeste";"Atropelamento - Andarilho";1;0;0;0;0;0;0;0;0;0;1;0;0;0;0
"18/06/2021";"03:04:00";"11";"Acidente s";"210";"BR-386/RS";"Sul";"Atropelamento de Animal";0;0;0;0;0;0;0;0;0;1;1;0;0;0;0
"18/06/2021";"07:37:00";"48";"Acidente s";"86";"BR-290/RS";"Leste";"Colisão - Lateral";0;0;1;0;0;0;0;0;0;0;0;1;0;0;0
"18/06/2021";"09:35:00";"84";"Acidente s";"23";"BR-290/RS";"Leste";"Atropelamento de Animal";1;0;0;0;0;0;0;0;0;0;0;0;1;0;0
"18/06/2021";"11:35:00";"119";"Acidente s";"22";"BR-448/RS";"Sul";"Choque Defensa";1;0;0;1;0;0;0;0;0;0;1;0;0;0;0
"18/06/2021";"14:05:00";"146";"Acidente s";"53";"BR-290/RS";"Leste";"Choque - Canaleta";1;0;0;0;0;0;0;0;0;0;1;0;0;0;0
"18/06/2021";"14:48:00";"158";"Acidente c";"343";"BR-386/RS";"Ambos";"Colisão - Lateral";1;0;0;0;0;0;0;0;0;0;1;0;0;0;0
"18/06/2021";"15:21:00";"170";"Acidente c";"223";"BR-386/RS";"Norte";"Saída de pista";1;0;0;0;0;0;0;0;0;0;1;0;0;0;0
"18/06/2021";"15:26:00";"171";"Acidente s";"367";"BR-386/RS";"Norte";"Colisão - Lateral";2;0;0;0;0;0;0;0;0;0;2;0;1;0;0
"18/06/2021";"18:06:00";"207";"Acidente s";"91";"BR-290/RS";"Leste";"Colisão - Transversal";0;0;0;0;0;0;0;1;0;0;0;1;0;0;0
"18/06/2021";"18:27:00";"210";"Acidente s";"86";"BR-290/RS";"Leste";"Colisão - Traseira";1;0;1;0;0;0;0;0;0;0;3;0;0;0;0
"18/06/2021";"18:46:00";"212";"Acidente s";"90";"BR-290/RS";"Leste";"Colisão - Lateral";2;0;0;0;0;0;0;0;0;0;2;0;0;0;0
"18/06/2021";"18:50:00";"214";"Acidente c";"9";"BR-448/RS";"Norte";"Choque Defensa";2;0;0;0;0;0;0;0;0;0;2;0;0;0;0
"18/06/2021";"19:58:00";"227";"Acidente s";"215";"BR-386/RS";"Sul";"Colisão - Traseira";3;0;0;0;0;0;0;0;0;0;3;0;0;0;0
"18/06/2021";"22:05:00";"244";"Acidente c";"398";"BR-386/RS";"Norte";"Tombamento";1;0;0;0;0;0;0;0;0;0;3;1;0;0;0
"18/06/2021";"22:11:00";"246";"Acidente c";"51";"BR-101/RS";"Sul";"Saída de pista";2;0;0;0;0;0;0;0;0;0;3;0;0;0;0
"19/06/2021";"04:13:00";"15";"Acidente s";"94";"BR-290/RS";"Oeste";"Choque Barreira";1;0;0;0;0;0;0;1;0;0;4;0;0;0;0
"19/06/2021";"10:45:00";"69";"Acidente s";"22";"BR-448/RS";"Sul";"Choque Defensa";0;0;1;0;0;0;0;0;0;0;1;0;0;0;0
"19/06/2021";"10:52:00";"71";"Acidente s";"73";"BR-290/RS";"Leste";"Colisão - Traseira";2;0;0;0;0;0;0;0;0;0;3;0;0;0;0
"19/06/2021";"11:07:00";"73";"Acidente s";"73";"BR-290/RS";"Leste";"Colisão - Lateral";1;0;0;0;0;0;0;0;0;0;0;0;0;1;0
"19/06/2021";"12:19:00";"85";"Acidente s";"405";"BR-386/RS";"Sul";"Queda de ribanceira";1;0;0;0;0;0;0;0;0;0;1;0;0;0;0
"19/06/2021";"14:21:00";"106";"Acidente s";"252";"BR-386/RS";"Sul";"Tombamento";1;0;0;0;0;0;0;0;0;0;1;0;0;0;0
"19/06/2021";"16:08:00";"127";"Acidente s";"369";"BR-386/RS";"Norte";"Colisão - Lateral";1;0;0;0;0;0;0;0;0;0;1;0;0;0;0
"19/06/2021";"17:55:00";"149";"Acidente c";"62";"BR-101/RS";"Norte";"Choque - Poste";2;0;0;0;0;0;0;0;0;0;4;0;0;0;0
"19/06/2021";"19:19:00";"164";"Acidente s";"13";"BR-101/RS";"Sul";"Saída de pista";1;0;0;0;0;0;0;0;0;0;4;0;0;0;0
"20/06/2021";"00:45:00";"5";"Acidente s";"435";"BR-386/RS";"Sul";"Queda de ribanceira";1;0;0;0;0;0;0;0;0;0;1;0;1;0;0
"20/06/2021";"02:32:00";"12";"Acidente s";"6";"BR-290/RS";"Leste";"Saída de pista";1;0;0;0;0;0;0;0;0;0;3;0;0;0;0
"20/06/2021";"05:54:00";"21";"Acidente s";"361";"BR-386/RS";"Sul";"Queda de ribanceira";1;0;0;0;0;0;0;0;0;0;1;0;0;0;0
"20/06/2021";"10:06:00";"46";"Acidente s";"22";"BR-448/RS";"Norte";"Choque Barreira";2;0;0;0;0;0;0;0;0;0;2;0;0;0;0
"20/06/2021";"10:32:00";"52";"Acidente s";"305";"BR-386/RS";"Sul";"Capotamento";2;0;0;0;0;0;0;0;0;0;4;1;0;0;0
"20/06/2021";"10:53:00";"54";"Acidente s";"97";"BR-290/RS";"Oeste";"Colisão - Traseira";1;0;0;0;0;0;0;0;0;0;1;0;0;0;0
"20/06/2021";"17:30:00";"131";"Acidente c";"37";"BR-290/RS";"Oeste";"Queda de moto";1;0;0;0;0;0;0;0;0;0;2;0;0;0;0
"20/06/2021";"18:42:00";"144";"Acidente c";"37";"BR-290/RS";"Oeste";"Colisão - Lateral";1;0;0;0;0;0;0;0;0;0;1;0;0;0;0
"20/06/2021";"21:24:00";"172";"Acidente s";"178";"BR-386/RS";"Sul";"Queda de ribanceira";1;0;0;0;0;0;0;0;0;0;1;0;0;0;0
"21/06/2021";"00:30:00";"3";"Acidente s";"58";"BR-290/RS";"Oeste";"Colisão - Lateral";1;0;0;0;0;0;0;0;0;0;1;0;0;0;0
"21/06/2021";"10:59:00";"112";"Acidente c";"295";"BR-386/RS";"Norte";"Colisão - Traseira";1;0;0;0;0;1;0;0;0;0;2;0;0;0;0
"21/06/2021";"12:50:00";"120";"Acidente c";"21";"BR-448/RS";"Sul";"Colisão - Lateral";0;0;0;0;0;0;0;2;0;0;1;2;1;1;0
"21/06/2021";"13:51:00";"138";"Acidente c";"426";"BR-386/RS";"Sul";"Colisão - Traseira";1;0;0;1;0;0;0;0;0;0;1;1;0;0;0
"21/06/2021";"16:46:00";"165";"Acidente s";"417";"BR-386/RS";"Sul";"Queda de Carga";1;0;1;0;0;0;0;0;0;0;4;1;0;0;0
"21/06/2021";"16:47:00";"166";"Acidente c";"75";"BR-290/RS";"Oeste";"Colisão - Lateral";0;0;0;0;0;0;0;1;0;0;1;0;0;0;0
"21/06/2021";"16:48:00";"167";"Acidente s";"245";"BR-386/RS";"Sul";"Colisão - Transversal";1;0;0;1;0;0;0;0;0;0;0;1;0;0;0
"21/06/2021";"17:54:00";"181";"Acidente s";"83";"BR-290/RS";"Leste";"Colisão - Lateral";2;0;0;0;0;0;0;0;0;0;5;0;0;0;0
"21/06/2021";"19:39:00";"196";"Acidente s";"88,31";"BR-290/RS";"Leste";"Colisão - Lateral";1;0;0;0;0;0;0;1;0;0;2;0;0;0;0
"22/06/2021";"19:32:00";"203";"Acidente s";"375";"BR-386/RS";"Sul";"Choque Praça - Cabine";0;0;0;0;0;0;0;1;0;0;1;0;0;0;0
"23/06/2021";"15:30:00";"166";"Acidente s";"417";"BR-386/RS";"Norte";"Queda de ribanceira";1;0;0;0;0;0;0;0;0;0;3;0;0;0;0
"23/06/2021";"18:30:00";"191";"Acidente c";"84";"BR-290/RS";"Leste";"Engavetamento";3;0;0;0;0;0;0;0;0;1;4;0;2;0;0
"24/06/2021";"01:11:00";"6";"Acidente s";"272";"BR-386/RS";"Sul";"Atropelamento de Animal";1;0;0;0;0;0;0;1;0;0;2;0;0;0;0
"24/06/2021";"06:21:00";"30";"Acidente c";"358";"BR-386/RS";"Sul";"Engavetamento";2;0;0;0;0;0;0;0;0;0;7;0;0;0;0
"24/06/2021";"08:34:00";"85";"Acidente s";"350";"BR-386/RS";"Norte";"Colisão - Lateral";0;0;1;0;0;0;0;0;0;0;1;0;0;0;0