data;horario;n_da_ocorrencia;tipo_de_ocorrencia;km;trecho;sentido;tipo_de_acidente;automovel;bicicleta;caminhao;moto;onibus;outros;tracao_animal;transporte_de_cargas_especiais;trator_maquinas;utilitarios;ilesos;levemente_feridos;moderadamente_feridos;gravemente_feridos;mortos
"29/08/2021";"17:40:00";"146";"Acidente c";"15";"BR-448/RS";"Norte";"Queda de moto";0;0;0;1;0;0;0;0;0;0;0;0;2;0;0
"30/08/2021";"00:46:00";"8";"Acidente c";"226";"BR-386/RS";"Sul";"Choque - Arvore";1;0;0;0;0;0;0;0;0;0;0;0;1;2;0
"30/08/2021";"09:01:00";"87";"Acidente c";"332";"BR-386/RS";"Norte";"Queda de moto";0;0;0;1;0;0;0;0;0;0;0;0;1;0;0
"30/08/2021";"16:01:00";"173";"Acidente s";"85";"BR-290/RS";"Leste";"Choque Barreira";1;0;0;0;0;0;0;0;0;0;1;0;0;0;0
"30/08/2021";"18:09:00";"200";"Acidente s";"48";"BR-290/RS";"Leste";"Capotamento";1;0;0;0;0;0;0;0;0;0;1;0;0;0;0
"30/08/2021";"18:58:00";"221";"Acidente s";"64";"BR-290/RS";"Leste";"Atropelamento de Animal";1;0;0;0;0;0;0;0;0;0;1;0;0;0;0
"30/08/2021";"20:22:00";"243";"Acidente c";"68";"BR-290/RS";"Ambos";"Colisão - Traseira";1;0;0;1;0;0;0;0;0;0;2;1;1;0;0
"31/08/2021";"07:11:00";"51";"Acidente c";"393";"BR-386/RS";"Sul";"Colisão - Traseira";1;0;0;0;0;0;0;1;0;0;2;1;0;0;0
"31/08/2021";"07:45:00";"70";"Acidente c";"417";"BR-386/RS";"Sul";"Tombamento";0;0;0;0;0;0;0;1;0;0;0;1;0;0;0
"31/08/2021";"09:05:00";"95";"Acidente s";"92";"BR-290/RS";"Oeste";"Colisão - Lateral";2;0;0;0;0;0;0;0;0;0;4;0;0;0;0
"31/08/2021";"09:50:00";"108";"Acidente s";"19";"BR-290/RS";"Oeste";"Colisão - Lateral";1;0;1;0;0;0;0;0;0;0;2;0;0;0;0
"31/08/2021";"12:07:00";"139";"Acidente s";"92";"BR-290/RS";"Oeste";"Choque Defensa";2;0;0;0;0;0;0;0;0;0;2;0;0;0;0
"31/08/2021";"13:44:00";"150";"Acidente s";"426";"BR-386/RS";"Sul";"Colisão - Traseira";1;0;0;0;0;0;0;1;0;0;2;0;0;0;0
"31/08/2021";"20:40:00";"262";"Acidente s";"65";"BR-290/RS";"Leste";"Choque com objeto sobre a pista";0;0;0;0;0;1;0;1;0;0;2;0;0;0;0
"31/08/2021";"21:29:00";"276";"Acidente s";"400";"BR-386/RS";"Sul";"Queda de ribanceira";1;0;0;0;0;0;0;0;0;0;2;0;0;0;0
"01/09/2021";"04:02:00";"17";"Acidente s";"46";"BR-290/RS";"Leste";"Atropelamento de Animal";1;0;0;0;0;0;0;0;0;0;3;0;0;0;0
"01/09/2021";"04:52:00";"23";"Acidente s";"351";"BR-386/RS";"Norte";"Saída de pista";1;0;0;0;0;0;0;0;0;0;1;0;0;0;0
"01/09/2021";"08:51:00";"129";"Acidente s";"96,08";"BR-290/RS";"Oeste";"Colisão - Traseira";2;0;0;0;0;0;0;0;0;0;2;0;0;0;0
"01/09/2021";"13:19:00";"192";"Acidente s";"247";"BR-386/RS";"Norte";"Colisão - Traseira";2;0;0;0;0;0;0;0;0;0;4;0;0;0;0
"01/09/2021";"13:25:00";"194";"Acidente s";"42";"BR-290/RS";"Oeste";"Queda de ribanceira";1;0;0;0;0;0;0;0;0;0;1;0;0;0;0
"01/09/2021";"13:45:00";"203";"Acidente s";"1";"BR-290/RS";"Oeste";;1;0;1;0;0;0;0;0;0;0;2;0;0;0;0
"01/09/2021";"16:16:00";"237";"Acidente s";"9";"BR-290/RS";"Leste";"Choque Defensa";0;0;0;0;0;0;0;1;0;1;2;0;0;0;0
"01/09/2021";"19:29:00";"283";"Acidente c";"350";"BR-386/RS";"Sul";"Colisão - Traseira";1;0;0;0;0;0;0;0;0;0;0;1;0;0;0
"02/09/2021";"00:23:00";"6";"Acidente s";"349";"BR-386/RS";"Sul";"Saída de pista";1;0;0;0;0;0;0;0;0;0;1;0;0;0;0
"02/09/2021";"02:29:00";"18";"Acidente s";"417";"BR-386/RS";"Norte";"Choque Defensa";0;0;0;0;0;0;0;0;0;0;1;0;0;0;0
"02/09/2021";"05:34:00";"29";"Acidente s";"304";"BR-386/RS";"Norte";"Colisão - Lateral";1;0;1;0;0;0;0;0;0;0;2;0;0;0;0
"02/09/2021";"09:03:00";"109";"Acidente c";"294";"BR-386/RS";"Sul";"Colisão - Traseira";1;0;1;0;0;0;0;0;0;0;5;1;0;0;0
"02/09/2021";"13:10:00";"168";"Acidente c";"346";"BR-386/RS";"Ambos";"Colisão - Lateral";1;0;0;0;0;0;0;2;0;0;2;0;1;0;1
"02/09/2021";"15:05:00";"190";"Acidente s";"347";"BR-386/RS";"Norte";"Colisão - Lateral";0;0;0;2;0;0;0;0;0;0;2;0;0;0;0
"02/09/2021";"22:34:00";"303";"Acidente s";"368";"BR-386/RS";"Sul";"Atropelamento de Animal";1;0;0;0;0;0;0;0;0;0;2;0;0;0;0
"03/09/2021";"07:36:00";"74";"Acidente c";"87";"BR-290/RS";"Oeste";"Colisão - Traseira";1;0;0;2;0;0;0;0;0;0;1;2;0;0;0
"03/09/2021";"08:15:00";"89";"Acidente s";"343";"BR-386/RS";"Norte";"Colisão - Transversal";2;0;0;0;0;0;0;0;0;0;3;0;0;0;0
"03/09/2021";"08:39:00";"97";"Acidente c";"440";"BR-386/RS";"Sul";"Queda de moto";0;0;0;1;0;0;0;0;0;0;0;1;0;0;0
"03/09/2021";"16:05:00";"192";"Acidente s";"60";"BR-290/RS";"Leste";"Colisão - Traseira";2;0;0;0;0;0;0;0;0;0;2;0;0;0;0
"03/09/2021";"16:36:00";"197";"Acidente s";"11";"BR-101/RS";"Sul";"Queda de ribanceira";1;0;0;0;0;0;0;0;0;0;2;0;0;0;0
"04/09/2021";"05:46:00";"34";"Acidente s";"80";"BR-290/RS";"Leste";"Saída de pista";1;0;0;0;0;0;0;0;0;0;3;0;0;0;0
"04/09/2021";"07:40:00";"52";"Acidente c";"439";"BR-386/RS";"Sul";"Capotamento";1;0;0;0;0;0;0;0;0;0;0;1;0;0;0
"04/09/2021";"13:12:00";"130";"Acidente s";"328";"BR-386/RS";"Sul";"Saída de pista";1;0;0;0;0;0;0;0;0;0;1;0;0;0;0
"04/09/2021";"15:42:00";"154";"Acidente s";"284";"BR-386/RS";"Sul";"Colisão - Traseira";1;0;0;1;0;0;0;0;0;0;3;0;0;0;0
"04/09/2021";"17:31:00";"182";"Acidente c";"362";"BR-386/RS";"Norte";"Colisão - Transversal";2;0;0;0;0;0;0;0;0;0;3;2;0;0;0
"04/09/2021";"20:09:00";"225";"Acidente c";"43";"BR-101/RS";"Norte";"Saída de pista";1;0;0;0;0;0;0;0;0;0;0;1;0;0;0
"04/09/2021";"20:42:00";"229";"Acidente s";"80";"BR-290/RS";"Leste";"Saída de pista";1;0;0;0;0;0;0;0;0;0;2;0;0;0;0
"05/09/2021";"04:31:00";"17";"Acidente s";"90";"BR-290/RS";"Leste";"Queda de ribanceira";1;0;0;0;0;0;0;0;0;0;2;0;0;0;0
"05/09/2021";"06:39:00";"34";"Acidente s";"62";"BR-290/RS";"Leste";"Queda de ribanceira";1;0;0;0;0;0;0;0;0;0;1;0;0;0;0
"05/09/2021";"07:52:00";"41";"Acidente c";"27";"BR-290/RS";"Oeste";"Colisão - Traseira";2;0;0;0;0;0;0;0;0;0;1;0;0;1;0
"05/09/2021";"08:05:00";"44";"Acidente c";"243";"BR-386/RS";"Norte";"Outros";0;0;0;0;0;0;0;0;0;1;0;0;0;0;1
"05/09/2021";"14:01:00";"92";"Acidente c";"47";"BR-101/RS";"Norte";"Queda de moto";0;0;0;1;0;0;0;0;0;0;0;1;0;0;0
"05/09/2021";"14:32:00";"97";"Acidente s";"4";"BR-101/RS";"Sul";;3;0;0;0;0;0;0;0;0;0;3;0;0;0;0
"06/09/2021";"02:18:00";"8";"Acidente s";"261";"BR-386/RS";"Sul";"Saída de pista";1;0;0;0;0;0;0;0;0;0;2;0;0;0;0
"06/09/2021";"07:06:00";"37";"Acidente s";"431";"BR-386/RS";"Sul";"Saída de pista";1;0;0;0;0;0;0;0;0;0;4;0;0;0;0
"06/09/2021";"12:13:00";"148";"Acidente c";"57";"BR-101/RS";"Sul";"Capotamento";0;0;1;0;0;0;0;0;0;1;0;0;1;0;1
"06/09/2021";"16:04:00";"203";"Acidente c";"346";"BR-386/RS";"Norte";"Queda de moto";0;0;0;1;0;0;0;0;0;0;0;0;2;0;0
"06/09/2021";"22:36:00";"283";"Acidente s";"260";"BR-386/RS";"Sul";"Saída de pista";1;0;0;0;0;0;0;0;0;0;1;0;0;0;0
"06/09/2021";"23:15:00";"289";"Acidente s";"344";"BR-386/RS";"Norte";"Saída de pista";1;0;0;0;0;0;0;0;0;0;3;0;0;0;0
"06/09/2021";"23:59:00";"295";"Acidente c";"221";"BR-386/RS";"Norte";"Atropelamento de Animal";1;0;0;0;0;0;0;0;0;0;0;1;0;0;0
"07/09/2021";"03:11:00";"11";"Acidente s";"11";"BR-290/RS";"Leste";"Saída de pista";1;0;0;0;0;0;0;0;0;0;3;0;0;0;0
"07/09/2021";"05:08:00";"16";"Acidente s";"373";"BR-386/RS";"Norte";"Saída de pista";1;0;0;0;0;0;0;0;0;0;1;0;0;0;0
"07/09/2021";"06:11:00";"27";"Acidente s";"223";"BR-386/RS";"Sul";"Saída de pista";1;0;0;0;0;0;0;0;0;0;1;0;0;0;0
"07/09/2021";"07:24:00";"47";"Acidente s";"87";"BR-290/RS";"Oeste";"Choque Defensa";1;0;0;0;0;0;0;0;0;0;1;0;0;0;0
"07/09/2021";"07:33:00";"48";"Acidente s";"93";"BR-290/RS";"Oeste";"Choque Barreira";1;0;0;0;0;0;0;0;0;0;1;0;0;0;0
"07/09/2021";"07:45:00";"49";"Acidente c";"50";"BR-290/RS";"Leste";"Saída de pista";1;0;0;0;0;0;0;0;0;0;0;1;0;0;0
"07/09/2021";"09:51:00";"67";"Acidente s";"334";"BR-386/RS";"Sul";"Saída de pista";1;0;0;0;0;0;0;0;0;0;1;0;0;0;0
"07/09/2021";"10:25:00";"72";"Acidente s";"346";"BR-386/RS";"Norte";"Saída de pista";1;0;0;0;0;0;0;0;0;0;3;0;0;0;0
"07/09/2021";"10:34:00";"76";"Acidente c";"42";"BR-101/RS";"Norte";"Queda de moto";0;0;0;1;0;0;0;0;0;0;1;1;0;0;0
"07/09/2021";"10:46:00";"77";"Acidente s";"401";"BR-386/RS";"Norte";"Choque - Sinalização";1;0;0;0;0;0;0;0;0;0;5;0;0;0;0
"07/09/2021";"11:18:00";"84";"Acidente s";"360";"BR-386/RS";"Norte";"Saída de pista";1;0;0;0;0;0;0;0;0;0;1;0;0;0;0
"07/09/2021";"12:03:00";"98";"Acidente s";"406";"BR-386/RS";"Sul";"Saída de pista";1;0;0;0;0;0;0;0;0;0;1;0;0;0;0
"07/09/2021";"12:47:00";"105";"Acidente s";"354";"BR-386/RS";"Norte";"Choque Defensa";1;0;0;0;0;0;0;0;0;0;1;0;0;0;0
"07/09/2021";"13:10:00";"109";"Acidente s";"375";"BR-386/RS";"Norte";"Queda de ribanceira";1;0;0;0;0;0;0;0;0;0;2;0;0;0;0
"07/09/2021";"13:19:00";"112";"Acidente s";"78";"BR-290/RS";"Oeste";"Saída de pista";1;0;0;0;0;0;0;0;0;0;1;0;0;0;0
"07/09/2021";"13:31:00";"116";"Acidente c";"351";"BR-386/RS";"Norte";"Colisão - Traseira";2;0;0;0;0;0;0;0;0;0;2;3;0;0;0
"07/09/2021";"13:49:00";"121";"Acidente s";"401";"BR-386/RS";"Norte";"Choque - Sinalização";1;0;0;0;0;0;0;0;0;0;3;0;0;0;0
"07/09/2021";"14:45:00";"124";"Acidente s";"356";"BR-386/RS";"Norte";"Choque Defensa";1;0;0;0;0;0;0;0;0;0;1;0;0;0;0
"07/09/2021";"14:51:00";"125";"Acidente s";"28";"BR-101/RS";"Sul";"Choque Talude";1;0;0;0;0;0;0;0;0;0;2;0;0;0;0
"07/09/2021";"15:19:00";"132";"Acidente c";"397";"BR-386/RS";"Sul";"Queda de ribanceira";1;0;0;0;0;0;0;0;0;0;1;0;0;1;0
"07/09/2021";"15:21:00";"133";"Acidente c";"353";"BR-386/RS";"Norte";"Choque Defensa";1;0;0;0;0;0;0;0;0;0;3;1;0;0;0
"07/09/2021";"15:37:00";"137";"Acidente c";"307";"BR-386/RS";"Sul";"Saída de pista";1;0;0;0;0;0;0;0;0;0;2;0;1;0;0
"07/09/2021";"15:40:00";"138";"Acidente s";"307";"BR-386/RS";"Sul";"Saída de pista";1;0;0;0;0;0;0;0;0;0;2;0;0;0;0
"07/09/2021";"16:11:00";"146";"Acidente s";"1";"BR-290/RS";"Oeste";"Queda de ribanceira";1;0;0;0;0;0;0;0;0;0;2;0;0;0;0
"07/09/2021";"16:15:00";"147";"Acidente c";"401";"BR-386/RS";"Norte";"Choque Defensa";1;0;0;0;0;0;0;0;0;0;2;1;0;0;0
"07/09/2021";"16:34:00";"150";"Acidente s";"92";"BR-290/RS";"Leste";"Choque Barreira";1;0;0;0;0;0;0;0;0;0;2;0;0;0;0
"07/09/2021";"18:40:00";"183";"Acidente s";"277";"BR-386/RS";"Sul";"Colisão - Lateral";1;0;1;0;0;0;0;0;0;0;5;0;0;0;0
"07/09/2021";"18:48:00";"186";"Acidente c";"347";"BR-386/RS";"Norte";"Colisão - Transversal";1;0;0;1;0;0;0;0;0;0;0;3;0;0;1
"07/09/2021";"19:29:00";"195";"Acidente c";"344";"BR-386/RS";"Sul";"Colisão - Traseira";2;0;0;0;0;0;0;0;0;0;6;2;0;0;0
"07/09/2021";"22:33:00";"217";"Acidente s";"414";"BR-386/RS";"Norte";"Choque - Meio Fio";1;0;0;0;0;0;0;0;0;0;1;0;0;0;0
"08/09/2021";"00:32:00";"3";"Acidente c";"382";"BR-386/RS";"Sul";"Tombamento";0;0;0;0;0;0;0;1;0;0;0;1;0;0;0
"08/09/2021";"01:50:00";"11";"Acidente s";"44";"BR-290/RS";"Leste";"Atropelamento de Animal";1;0;0;0;0;0;0;0;0;0;3;0;0;0;0
"08/09/2021";"03:27:00";"18";"Acidente s";"353";"BR-386/RS";"Norte";"Choque Defensa";1;0;0;0;0;0;0;0;0;0;2;0;0;0;0
"08/09/2021";"03:28:00";"19";"Acidente c";"92";"BR-290/RS";"Oeste";"Colisão - Lateral";1;0;0;1;0;0;0;0;0;0;2;1;0;0;0
"08/09/2021";"06:52:00";"33";"Acidente s";"77";"BR-290/RS";"Oeste";"Queda de ribanceira";1;0;0;0;0;0;0;0;0;0;1;0;0;0;0
"08/09/2021";"07:08:00";"37";"Acidente c";"272";"BR-386/RS";"Norte";"Tombamento";0;0;0;0;0;1;0;0;0;0;0;0;1;0;0
"08/09/2021";"07:55:00";"54";"Acidente s";"6";"BR-290/RS";"Leste";"Queda de ribanceira";1;0;0;0;0;0;0;0;0;0;1;0;0;0;0
"08/09/2021";"08:06:00";"61";"Acidente s";"1";"BR-448/RS";"Sul";"Saída de pista";1;0;0;0;0;0;0;0;0;0;2;0;0;0;0
"08/09/2021";"08:27:00";"66";"Acidente s";"259";"BR-386/RS";"Norte";"Choque Defensa";1;0;0;0;0;0;0;0;0;0;3;0;0;0;0
"08/09/2021";"08:55:00";"72";"Acidente s";"352";"BR-386/RS";"Norte";"Choque Defensa";1;0;0;0;0;0;0;0;0;0;1;0;0;0;0
"08/09/2021";"09:14:00";"76";"Acidente s";"36";"BR-101/RS";"Sul";"Choque Barreira";1;0;0;0;0;0;0;0;0;0;1;0;0;0;0
"08/09/2021";"09:36:00";"82";"Acidente s";"31";"BR-290/RS";"Oeste";"Queda de ribanceira";1;0;0;0;0;0;0;0;0;0;1;0;0;0;0
"08/09/2021";"09:40:00";"83";"Acidente s";"307";"BR-386/RS";"Norte";"Queda de ribanceira";1;0;0;0;0;0;0;0;0;0;1;0;0;0;0
"08/09/2021";"10:35:00";"90";"Acidente s";"411";"BR-386/RS";"Norte";"Saída de pista";1;0;0;0;0;0;0;0;0;0;3;0;0;0;0
"08/09/2021";"10:50:00";"92";"Acidente s";"440";"BR-386/RS";"Norte";"Saída de pista";2;0;0;0;0;0;0;0;0;0;2;0;0;0;0
"08/09/2021";"11:16:00";"98";"Acidente c";"62";"BR-101/RS";"Sul";"Queda de ribanceira";1;0;0;0;0;0;0;0;0;0;1;1;0;0;0
"08/09/2021";"13:36:00";"126";"Acidente s";"353";"BR-386/RS";"Sul";"Saída de pista";1;0;0;0;0;0;0;0;0;0;1;0;0;0;0
"08/09/2021";"13:57:00";"133";"Acidente c";"71";"BR-101/RS";"Norte";"Queda de ribanceira";1;0;0;0;0;0;0;0;0;0;0;1;0;0;0
"08/09/2021";"17:54:00";"184";"Acidente s";"2";"BR-101/RS";"Sul";"Colisão - Transversal";2;0;0;0;0;0;0;0;0;0;2;0;0;0;0
"08/09/2021";"23:11:00";"223";"Acidente s";"357";"BR-386/RS";"Sul";"Queda de ribanceira";1;0;0;0;0;0;0;0;0;0;1;0;0;0;0
"09/09/2021";"03:53:00";"9";"Acidente s";"375";"BR-386/RS";"Norte";"Atropelamento de Animal";1;0;0;0;0;0;0;0;0;0;1;0;0;0;0
"09/09/2021";"06:34:00";"26";"Acidente s";"86";"BR-290/RS";"Oeste";;1;0;0;0;0;0;0;0;0;0;1;0;0;0;0
"09/09/2021";"16:41:00";"168";"Acidente c";"398";"BR-386/RS";"Norte";"Tombamento";0;0;1;0;0;0;0;0;0;0;3;1;1;0;0
"09/09/2021";"17:25:00";"175";"Acidente s";"327";"BR-386/RS";"Sul";"Colisão - Transversal";1;0;0;1;0;0;0;0;0;0;2;0;0;0;0
"09/09/2021";"17:45:00";"178";"Acidente s";"440";"BR-386/RS";"Sul";"Saída de pista";1;0;0;0;0;0;0;0;0;0;1;0;0;0;0
"09/09/2021";"17:58:00";"182";"Acidente s";"87";"BR-290/RS";"Leste";"Colisão - Traseira";2;0;0;0;0;0;0;0;0;0;3;0;0;0;0
"09/09/2021";"20:16:00";"195";"Acidente s";"92";"BR-290/RS";"Leste";"Atropelamento - Esportista";1;0;0;0;0;0;0;0;0;0;2;0;0;0;0
"09/09/2021";"22:07:00";"209";"Acidente s";"46";"BR-290/RS";"Oeste";"Saída de pista";1;0;0;0;0;0;0;0;0;0;1;0;0;0;0
"10/09/2021";"08:58:00";"89";"Acidente s";"78";"BR-101/RS";"Sul";"Colisão - Traseira";0;0;0;0;0;0;0;2;0;0;2;0;0;0;0
"10/09/2021";"09:33:00";"97";"Acidente c";"88";"BR-290/RS";"Oeste";"Queda de moto";0;0;0;1;0;0;0;0;0;0;0;0;1;0;0
"10/09/2021";"11:23:00";"131";"Acidente c";"44";"BR-290/RS";"Oeste";"Queda de ribanceira";1;0;0;0;0;0;0;0;0;0;1;0;2;0;0
"10/09/2021";"15:37:00";"193";"Acidente s";"348";"BR-386/RS";"Norte";"Saída de pista";1;0;1;0;0;0;0;0;0;0;2;0;0;0;0
"10/09/2021";"18:50:00";"241";"Acidente s";"92";"BR-290/RS";"Leste";"Colisão - Traseira";2;0;0;0;0;0;0;0;0;0;2;0;0;0;0
"10/09/2021";"19:03:00";"246";"Atropelame";"70";"BR-290/RS";"Oeste";"Atropelamento - Usuário";1;0;0;0;0;0;0;0;0;0;1;0;0;0;1
"11/09/2021";"02:44:00";"8";"Acidente s";"32";"BR-101/RS";"Sul";;0;0;1;0;0;0;0;0;0;0;1;0;0;0;0
"11/09/2021";"03:14:00";"11";"Acidente s";"347";"BR-386/RS";"Sul";"Saída de pista";1;0;0;0;0;0;0;0;0;0;1;0;0;0;0
"11/09/2021";"09:24:00";"92";"Atropelame";"72";"BR-290/RS";"Oeste";"Atropelamento - Esportista";0;0;0;0;0;1;0;0;0;0;0;1;0;0;0
"11/09/2021";"10:02:00";"106";"Acidente c";"327";"BR-386/RS";"Norte";"Queda de moto";1;0;0;0;0;0;0;0;0;0;0;1;0;0;0
"11/09/2021";"12:52:00";"148";"Acidente s";"75";"BR-290/RS";"Oeste";"Queda de ribanceira";1;0;0;0;0;0;0;0;0;0;1;0;0;0;0
"11/09/2021";"19:27:00";"220";"Acidente s";"220";"BR-386/RS";"Ambos";"Colisão - Transversal";2;0;0;0;0;0;0;0;0;0;2;0;0;0;0
"11/09/2021";"19:59:00";"225";"Acidente s";"15";"BR-448/RS";"Norte";"Saída de pista";1;0;0;0;0;0;0;0;0;0;1;0;0;0;0
"12/09/2021";"06:07:00";"23";"Acidente s";"372";"BR-386/RS";"Norte";"Saída de pista";1;0;0;0;0;0;0;0;0;0;1;0;0;0;0
"12/09/2021";"09:22:00";"67";"Acidente c";"91";"BR-290/RS";"Leste";"Queda de ribanceira";0;0;0;1;0;0;0;0;0;0;0;0;0;1;0
"12/09/2021";"16:07:00";"121";"Acidente c";"267";"BR-386/RS";"Sul";"Colisão - Lateral";2;0;0;0;0;0;0;0;0;0;6;1;1;0;0
"12/09/2021";"16:13:00";"123";"Acidente s";"80";"BR-290/RS";"Leste";"Queda de ribanceira";1;0;0;0;0;0;0;0;0;0;2;0;0;0;0
"12/09/2021";"17:03:00";"138";"Atropelame";"87";"BR-101/RS";"Norte";"Atropelamento - Andarilho";0;0;0;0;0;0;0;0;0;1;1;0;0;0;1
"12/09/2021";"18:15:00";"160";"Acidente s";"10";"BR-448/RS";"Norte";"Saída de pista";1;0;0;0;0;0;0;0;0;0;1;0;0;0;0
"12/09/2021";"19:52:00";"180";"Acidente c";"343";"BR-386/RS";"Ambos";"Colisão - Lateral";1;0;0;1;0;0;0;0;0;0;2;0;2;0;0
"12/09/2021";"20:07:00";"183";"Acidente c";"362";"BR-386/RS";"Sul";"Queda de moto";2;0;0;0;0;0;0;0;0;0;1;0;1;0;0
"12/09/2021";"23:53:00";"219";"Acidente s";"26";"BR-290/RS";"Leste";"Saída de pista";1;0;0;0;0;0;0;0;0;0;2;0;0;0;0
"13/09/2021";"05:10:00";"29";"Acidente s";"350";"BR-386/RS";"Norte";"Colisão - Lateral";2;0;0;0;0;0;0;0;0;0;2;0;0;0;0
"13/09/2021";"07:03:00";"46";"Acidente s";"76";"BR-290/RS";"Leste";"Choque Barreira";1;0;0;0;0;0;0;0;0;0;1;0;0;0;0
"13/09/2021";"07:30:00";"56";"Acidente s";"88";"BR-290/RS";"Oeste";"Colisão - Traseira";3;0;0;0;0;0;0;0;0;0;7;0;0;0;0
"13/09/2021";"07:56:00";"66";"Acidente c";"85";"BR-290/RS";"Oeste";"Colisão - Lateral";1;0;0;1;0;0;0;0;0;0;1;1;0;0;0
"13/09/2021";"08:37:00";"80";"Acidente s";"50";"BR-290/RS";"Oeste";"Queda de ribanceira";1;0;0;0;0;0;0;0;0;0;1;0;0;0;0
"13/09/2021";"09:55:00";"98";"Acidente c";"23";"BR-290/RS";"Leste";"Queda de ribanceira";1;0;0;0;0;0;0;0;0;0;0;0;2;0;0
"13/09/2021";"11:20:00";"119";"Acidente s";"382";"BR-386/RS";"Sul";"Saída de pista";0;0;0;0;0;0;0;0;0;1;3;0;0;0;0
"13/09/2021";"11:22:00";"120";"Acidente s";"358";"BR-386/RS";"Sul";"Saída de pista";1;0;0;0;0;0;0;0;0;0;2;0;0;0;0
"13/09/2021";"11:35:00";"121";"Acidente s";"64";"BR-290/RS";"Oeste";"Saída de pista";1;0;0;0;0;0;0;0;0;0;1;0;0;0;0
"13/09/2021";"13:32:00";"136";"Acidente c";"10";"BR-290/RS";"Leste";"Queda de ribanceira";1;0;0;0;0;0;0;0;0;0;0;1;0;0;0
"13/09/2021";"15:03:00";"145";"Acidente s";"7";"BR-290/RS";"Leste";"Queda de ribanceira";1;0;0;0;0;0;0;0;0;0;1;0;0;0;0
"13/09/2021";"15:30:00";"151";"Acidente c";"8";"BR-290/RS";"Ambos";"Queda de ribanceira";1;0;0;0;0;0;0;0;0;0;0;1;2;0;0
"13/09/2021";"17:07:00";"169";"Acidente s";"22";"BR-448/RS";"Sul";"Choque Barreira";1;0;0;0;0;0;0;0;0;0;2;0;0;0;0
"13/09/2021";"18:30:00";"185";"Acidente s";"440";"BR-386/RS";"Norte";"Choque Defensa";1;0;0;0;0;0;0;0;0;0;1;0;0;0;0
"13/09/2021";"21:58:00";"225";"Acidente c";"316";"BR-386/RS";"Norte";"Saída de pista";0;0;1;0;0;0;0;0;0;0;0;1;0;0;0
"13/09/2021";"22:32:00";"230";"Acidente s";"5";"BR-290/RS";"Oeste";"Saída de pista";1;0;0;0;0;0;0;0;0;0;2;0;0;0;0
"14/09/2021";"05:12:00";"16";"Acidente s";"375";"BR-386/RS";"Sul";"Atropelamento de Animal";0;0;0;0;0;0;0;1;0;1;2;0;0;0;0
"14/09/2021";"07:18:00";"38";"Acidente s";"4";"BR-101/RS";"Norte";;1;0;0;0;0;0;0;0;0;0;4;0;0;0;0
"14/09/2021";"14:03:00";"153";"Acidente s";"92";"BR-290/RS";"Oeste";"Colisão - Lateral";1;0;1;0;0;0;0;0;0;0;2;0;0;0;0
"14/09/2021";"22:42:00";"229";"Acidente c";"47";"BR-290/RS";"Leste";"Capotamento";1;0;0;0;0;0;0;0;0;0;0;1;0;0;0
"15/09/2021";"07:40:00";"54";"Acidente c";"90";"BR-290/RS";"Oeste";"Colisão - Traseira";2;0;0;0;0;0;0;0;0;0;1;1;0;0;0
"15/09/2021";"08:55:00";"87";"Acidente s";"84";"BR-101/RS";"Norte";"Colisão - Traseira";2;0;0;0;0;0;0;0;0;0;2;0;0;0;0
"15/09/2021";"11:31:00";"135";"Acidente c";"344";"BR-386/RS";"Sul";"Colisão - Traseira";1;0;0;1;0;0;0;0;0;0;1;1;0;0;0
"15/09/2021";"12:06:00";"144";"Acidente s";"343";"BR-386/RS";"Sul";"Queda de moto";0;0;0;1;0;0;0;0;0;0;1;0;0;0;0
"15/09/2021";"17:51:00";"221";"Acidente s";"390";"BR-386/RS";"Sul";"Saída de pista";2;0;0;0;0;0;0;0;0;0;2;0;0;0;0
"16/09/2021";"04:59:00";"24";"Acidente s";"373";"BR-386/RS";"Sul";"Colisão - Traseira";0;0;0;0;0;0;0;1;0;1;3;0;0;0;0
"16/09/2021";"05:31:00";"29";"Acidente s";"94";"BR-290/RS";"Leste";"Queda de moto";1;0;0;0;0;0;0;0;0;0;1;0;0;0;0
"16/09/2021";"06:14:00";"38";"Acidente s";"391";"BR-386/RS";"Norte";"Colisão - Traseira";0;0;0;0;0;0;0;0;0;2;3;0;0;0;0
"16/09/2021";"07:35:00";"78";"Acidente s";"91";"BR-290/RS";"Oeste";"Engavetamento";4;0;0;0;0;0;0;0;0;0;4;0;0;0;0
"16/09/2021";"07:52:00";"86";"Acidente s";"88";"BR-290/RS";"Oeste";"Choque Barreira";3;0;0;0;0;0;0;0;0;0;6;0;0;0;0
"16/09/2021";"12:54:00";"160";"Atropelame";"83";"BR-290/RS";"Oeste";;0;0;0;0;0;0;0;0;0;1;0;0;0;1;0
"16/09/2021";"14:31:00";"186";"Acidente c";"350";"BR-386/RS";"Sul";"Colisão - Traseira";1;0;0;1;0;0;0;0;0;0;1;0;1;0;0
"16/09/2021";"15:57:00";"205";"Acidente c";"47";"BR-101/RS";"Sul";"Colisão - Traseira";1;0;0;0;0;0;0;0;0;1;1;1;0;0;0
"16/09/2021";"15:58:00";"206";"Acidente s";"97";"BR-290/RS";"Leste";"Colisão - Traseira";3;0;0;0;0;0;0;0;0;0;9;0;0;0;0
"16/09/2021";"19:05:00";"258";"Acidente s";"344";"BR-386/RS";"Norte";"Colisão - Traseira";2;0;0;0;0;0;0;0;0;0;2;0;0;0;0