data;horario;n_da_ocorrencia;tipo_de_ocorrencia;km;trecho;sentido;tipo_de_acidente;automovel;bicicleta;caminhao;moto;onibus;outros;tracao_animal;transporte_de_cargas_especiais;trator_maquinas;utilitarios;ilesos;levemente_feridos;moderadamente_feridos;gravemente_feridos;mortos
"03/11/2021";"08:03:00";"84";"Acidente s";"437";"BR-386/RS";"Sul";"Engavetamento";2;0;0;0;0;0;0;0;0;1;3;0;0;0;0
"03/11/2021";"09:03:00";"116";"Acidente c";"345";"BR-386/RS";"Norte";"Colisão - Traseira";2;0;0;0;0;0;0;0;0;0;1;1;0;0;0
"03/11/2021";"10:18:00";"127";"Acidente s";"92";"BR-290/RS";"Leste";"Colisão - Traseira";2;0;0;0;0;0;0;0;0;0;5;0;0;0;0
"03/11/2021";"11:31:00";"142";"Acidente s";"65";"BR-290/RS";"Oeste";"Choque Defensa";1;0;0;0;0;0;0;0;0;0;1;0;0;0;0
"03/11/2021";"12:01:00";"149";"Acidente s";"22";"BR-448/RS";"Sul";"Choque Barreira";1;0;0;0;0;0;0;0;0;0;1;0;0;0;0
"03/11/2021";"13:33:00";"172";"Acidente s";"73";"BR-290/RS";"Leste";"Colisão - Lateral";1;0;1;0;0;0;0;0;0;0;2;0;0;0;0
"03/11/2021";"16:26:00";"197";"Acidente s";"4";"BR-101/RS";"Norte";"Queda de ribanceira";1;0;0;0;0;0;0;0;0;0;1;0;0;0;0
"03/11/2021";"16:55:00";"205";"Acidente s";"435";"BR-386/RS";"Norte";"Colisão - Transversal";2;0;0;0;0;0;0;0;0;0;2;0;0;0;0
"03/11/2021";"19:05:00";"228";"Acidente c";"345";"BR-386/RS";"Norte";"Queda de moto";0;0;0;1;0;0;0;0;0;0;0;1;0;0;0
"03/11/2021";"20:33:00";"241";"Acidente s";"400";"BR-386/RS";"Sul";"Saída de pista";1;0;0;0;0;0;0;0;0;0;2;0;0;0;0
"03/11/2021";"23:36:00";"262";"Acidente s";"77";"BR-101/RS";"Norte";"Atropelamento de Animal";0;0;0;0;0;0;0;0;0;0;1;0;0;0;0
"04/11/2021";"10:07:00";"142";"Acidente s";"96";"BR-290/RS";"Oeste";"Colisão - Traseira";1;0;0;1;0;0;0;0;0;0;2;0;0;0;0
"04/11/2021";"15:46:00";"229";"Acidente s";"335";"BR-386/RS";"Sul";"Colisão - Traseira";0;0;0;0;0;0;0;0;0;2;2;0;0;0;0
"04/11/2021";"17:31:00";"245";"Acidente s";"94";"BR-290/RS";"Oeste";"Colisão - Lateral";1;0;0;1;0;0;0;0;0;0;3;0;0;0;0
"04/11/2021";"22:49:00";"305";"Acidente s";"55";"BR-290/RS";"Oeste";"Saída de pista";1;0;0;0;0;0;0;0;0;0;2;0;0;0;0
"05/11/2021";"04:22:00";"20";"Acidente s";"32";"BR-290/RS";"Leste";"Outros";1;0;0;0;0;0;0;0;0;0;1;0;0;0;0
"05/11/2021";"07:54:00";"95";"Acidente s";"17";"BR-448/RS";"Sul";"Colisão - Traseira";2;0;0;0;0;0;0;0;0;0;2;0;0;0;0
"05/11/2021";"09:40:00";"140";"Acidente s";"307";"BR-386/RS";"Sul";"Choque Talude";0;0;0;0;0;0;0;0;0;0;2;0;0;0;0
"05/11/2021";"10:17:00";"150";"Acidente s";"86";"BR-290/RS";"Oeste";"Colisão - Traseira";1;0;0;0;0;1;0;0;0;0;4;0;0;0;0
"05/11/2021";"18:33:00";"267";"Acidente s";"15";"BR-448/RS";"Sul";"Colisão - Lateral";1;0;0;0;0;0;0;0;0;0;3;0;0;0;0
"06/11/2021";"03:55:00";"17";"Acidente s";"382";"BR-386/RS";"Sul";"Saída de pista";0;0;0;1;0;0;0;0;0;0;1;0;0;0;0
"06/11/2021";"07:33:00";"45";"Acidente c";"234";"BR-386/RS";"Norte";"Colisão - Frontal";1;0;0;1;0;0;0;0;0;1;2;0;0;1;0
"06/11/2021";"08:02:00";"51";"Acidente s";"347";"BR-386/RS";"Sul";"Capotamento";1;0;0;0;0;0;0;0;0;0;1;0;0;0;0
"06/11/2021";"09:32:00";"74";"Acidente s";"89";"BR-290/RS";"Oeste";"Colisão - Lateral";3;0;0;0;0;0;0;0;0;0;4;0;0;0;0
"06/11/2021";"11:34:00";"95";"Acidente s";"8";"BR-290/RS";"Oeste";"Choque Defensa";1;0;0;0;0;0;0;0;0;0;1;0;0;0;0
"06/11/2021";"11:56:00";"98";"Acidente c";"63";"BR-101/RS";"Norte";;1;0;0;0;0;0;0;0;0;0;0;0;2;0;0
"06/11/2021";"12:12:00";"103";"Acidente s";"410";"BR-386/RS";"Norte";"Queda de ribanceira";1;0;0;0;0;0;0;0;0;0;2;0;0;0;0
"06/11/2021";"13:10:00";"115";"Acidente c";"10";"BR-448/RS";"Norte";"Capotamento";1;0;0;0;0;0;0;0;0;0;0;1;0;0;0
"06/11/2021";"13:35:00";"119";"Acidente s";"9";"BR-101/RS";"Sul";"Colisão - Lateral";0;0;0;0;0;0;0;1;0;0;2;0;0;0;0
"06/11/2021";"14:13:00";"132";"Acidente s";"97";"BR-290/RS";"Oeste";"Colisão - Lateral";2;0;0;0;0;0;0;0;0;0;4;0;0;0;0
"06/11/2021";"14:51:00";"140";"Acidente s";"397";"BR-386/RS";"Norte";"Capotamento";1;0;0;0;0;0;0;0;0;0;3;0;0;0;0
"06/11/2021";"15:51:00";"149";"Acidente c";"396";"BR-386/RS";"Norte";"Capotamento";1;0;0;0;0;0;0;0;0;0;3;1;0;0;0
"06/11/2021";"17:23:00";"166";"Acidente s";"92";"BR-290/RS";"Oeste";"Colisão - Traseira";2;0;0;0;0;0;0;0;0;0;2;0;0;0;0
"06/11/2021";"20:43:00";"197";"Acidente c";"240";"BR-386/RS";"Sul";"Capotamento";1;0;0;0;0;0;0;0;0;0;1;2;0;0;0
"06/11/2021";"23:57:00";"221";"Acidente c";"29";"BR-101/RS";"Sul";"Saída de pista";1;0;0;0;0;0;0;0;0;0;1;1;0;0;0
"07/11/2021";"09:57:00";"54";"Acidente s";"80";"BR-290/RS";"Oeste";"Queda de ribanceira";1;0;0;0;0;0;0;0;0;0;2;0;0;0;0
"07/11/2021";"11:39:00";"68";"Acidente s";"19,1";"BR-290/RS";"Leste";;2;0;0;0;0;0;0;0;0;0;2;0;0;0;0
"07/11/2021";"15:02:00";"97";"Acidente c";"270";"BR-386/RS";"Norte";"Colisão - Traseira";2;0;0;0;0;0;0;0;0;0;3;1;0;0;0
"07/11/2021";"16:37:00";"109";"Acidente c";"27";"BR-290/RS";"Oeste";"Queda de ribanceira";1;0;0;0;0;0;0;0;0;0;0;2;1;0;0
"07/11/2021";"19:17:00";"145";"Acidente c";"416";"BR-386/RS";"Norte";"Colisão - Traseira";2;0;0;0;0;0;0;0;0;0;2;1;0;0;0
"07/11/2021";"19:56:00";"158";"Acidente s";"38";"BR-290/RS";"Leste";"Colisão - Lateral";2;0;0;0;0;0;0;0;0;0;2;0;0;0;0
"07/11/2021";"22:43:00";"187";"Acidente s";"7";"BR-290/RS";"Oeste";"Saída de pista";1;0;0;0;0;0;0;0;0;0;1;0;0;0;0
"08/11/2021";"08:13:00";"84";"Acidente s";"343";"BR-386/RS";"Sul";"Colisão - Traseira";1;0;0;0;0;0;0;0;0;1;2;0;0;0;0
"08/11/2021";"15:10:00";"175";"Acidente c";"238";"BR-386/RS";"Norte";"Saída de pista";1;0;0;0;0;0;0;0;0;0;0;2;0;0;0
"08/11/2021";"15:30:00";"178";"Acidente s";"17";"BR-290/RS";"Leste";"Queda de ribanceira";1;0;0;0;0;0;0;0;0;0;2;0;0;0;0
"08/11/2021";"18:20:00";"204";"Acidente c";"351";"BR-386/RS";"Norte";"Saída de pista";1;0;0;0;0;0;0;0;0;0;0;0;1;0;0
"08/11/2021";"23:50:00";"253";"Acidente c";"419";"BR-386/RS";"Norte";"Colisão - Traseira";1;0;0;0;0;0;0;0;0;0;1;0;1;0;0
"09/11/2021";"11:58:00";"163";"Acidente s";"358";"BR-386/RS";"Sul";"Saída de pista";1;0;0;0;0;0;0;0;0;0;1;0;0;0;0
"09/11/2021";"12:38:00";"169";"Acidente s";"247";"BR-386/RS";"Norte";"Saída de pista";1;0;0;0;0;0;0;0;0;0;2;0;0;0;0
"09/11/2021";"13:42:00";"182";"Acidente s";"328";"BR-386/RS";"Norte";"Colisão - Traseira";1;0;0;0;0;0;0;1;0;0;2;0;0;0;0
"09/11/2021";"15:37:00";"206";"Acidente s";"327";"BR-386/RS";"Sul";"Colisão - Traseira";2;0;0;0;0;0;0;0;0;0;2;0;0;0;0
"09/11/2021";"16:03:00";"213";"Acidente s";"243";"BR-386/RS";"Sul";"Tombamento";0;0;0;0;0;0;0;1;0;0;1;0;0;0;0
"09/11/2021";"18:38:00";"255";"Acidente s";"426";"BR-386/RS";"Sul";"Colisão - Traseira";2;0;0;0;0;0;0;0;0;0;2;0;0;0;0
"09/11/2021";"19:42:00";"270";"Acidente c";"336";"BR-386/RS";"Norte";"Queda de moto";0;0;0;1;0;0;0;0;0;0;1;1;0;0;0
"10/11/2021";"08:05:00";"70";"Acidente s";"392";"BR-386/RS";"Sul";"Queda de ribanceira";1;0;0;0;0;0;0;0;0;0;1;0;0;0;0
"10/11/2021";"12:15:00";"168";"Acidente c";"246";"BR-386/RS";"Ambos";"Colisão - Transversal";1;0;0;1;0;0;0;0;0;0;1;2;0;0;0
"10/11/2021";"13:13:00";"181";"Acidente s";"367";"BR-386/RS";"Norte";"Colisão - Transversal";2;0;0;0;0;0;0;0;0;0;5;0;0;0;0
"10/11/2021";"13:48:00";"192";"Acidente c";"326";"BR-386/RS";"Norte";"Colisão - Transversal";2;0;0;0;0;0;0;0;0;0;1;2;0;0;0
"10/11/2021";"14:18:00";"203";"Acidente s";"434";"BR-386/RS";"Sul";"Colisão - Lateral";1;0;0;0;0;0;0;1;0;0;3;0;0;0;0
"10/11/2021";"14:43:00";"210";"Acidente s";"291";"BR-386/RS";"Sul";"Tombamento";0;0;0;0;0;0;0;0;0;0;1;0;0;0;0
"10/11/2021";"19:24:00";"288";"Acidente s";"407";"BR-386/RS";"Norte";"Outros";1;0;0;0;0;1;0;0;0;0;4;0;0;0;0
"11/11/2021";"04:14:00";"17";"Acidente s";"294";"BR-386/RS";"Norte";"Queda de ribanceira";0;0;0;0;0;0;0;1;0;0;1;0;0;0;0
"11/11/2021";"09:05:00";"115";"Acidente s";"236";"BR-386/RS";"Sul";"Colisão - Traseira";2;0;0;0;0;0;0;0;0;0;2;0;0;0;0
"11/11/2021";"16:55:00";"239";"Acidente s";"77";"BR-290/RS";"Leste";"Colisão - Lateral";1;0;1;0;0;0;0;0;0;0;3;0;0;0;0
"11/11/2021";"17:58:00";"255";"Acidente c";"92";"BR-290/RS";"Oeste";"Queda de moto";0;0;0;1;0;0;0;0;0;0;0;1;0;0;0
"12/11/2021";"01:25:00";"6";"Acidente s";"55";"BR-290/RS";"Leste";"Saída de pista";1;0;0;0;0;0;0;0;0;0;2;0;0;0;0
"12/11/2021";"04:27:00";"18";"Acidente c";"89";"BR-290/RS";"Oeste";"Colisão - Traseira";0;0;0;1;0;0;0;1;0;0;1;1;0;0;0
"12/11/2021";"07:46:00";"76";"Acidente s";"86";"BR-290/RS";"Leste";"Colisão - Lateral";0;0;0;2;0;0;0;0;0;0;2;0;0;0;0
"12/11/2021";"08:17:00";"98";"Acidente c";"342";"BR-386/RS";"Norte";"Colisão - Transversal";2;0;0;0;0;0;0;0;0;0;1;1;0;0;0
"12/11/2021";"15:37:00";"211";"Acidente s";"412";"BR-386/RS";"Sul";"Colisão - Transversal";2;0;0;0;0;0;0;0;0;0;2;0;0;0;0
"12/11/2021";"16:31:00";"224";"Acidente c";"1";"BR-448/RS";"Sul";"Choque Barreira";1;0;0;0;0;1;0;0;0;0;5;1;0;0;0
"12/11/2021";"17:38:00";"251";"Acidente s";"85";"BR-290/RS";"Leste";"Colisão - Traseira";2;0;0;0;0;0;0;0;0;0;9;0;0;0;0
"12/11/2021";"17:59:00";"256";"Acidente s";"2";"BR-101/RS";"Sul";"Colisão - Traseira";0;0;0;0;0;0;0;0;0;0;4;0;0;0;0
"12/11/2021";"20:00:00";"283";"Acidente c";"19";"BR-290/RS";"Leste";"Queda de moto";1;0;0;0;0;0;0;0;0;0;1;1;0;0;0
"12/11/2021";"20:39:00";"298";"Acidente s";"247";"BR-386/RS";"Norte";"Queda de ribanceira";1;0;0;0;0;0;0;0;0;0;1;0;0;0;0
"13/11/2021";"02:58:00";"11";"Acidente c";"18";"BR-448/RS";"Norte";"Atropelamento de Animal";0;0;0;1;0;0;0;0;0;0;0;0;1;0;0
"13/11/2021";"05:44:00";"28";"Acidente s";"94";"BR-290/RS";"Oeste";"Capotamento";1;0;0;0;0;0;0;0;0;0;1;0;0;0;0
"13/11/2021";"06:51:00";"50";"Acidente c";"13";"BR-448/RS";"Norte";"Capotamento";1;0;0;0;0;0;0;0;0;0;0;1;0;0;0
"13/11/2021";"08:13:00";"77";"Acidente s";"216";"BR-386/RS";"Norte";"Colisão - Traseira";1;0;0;0;0;0;0;0;0;0;3;0;0;0;0
"13/11/2021";"08:26:00";"81";"Acidente s";"60";"BR-290/RS";"Leste";"Choque Praça - Cancela";0;0;1;0;0;0;0;0;0;0;1;0;0;0;0
"13/11/2021";"10:05:00";"112";"Acidente s";"41";"BR-290/RS";"Leste";;1;0;0;0;0;0;0;0;0;0;1;0;0;0;0
"13/11/2021";"12:04:00";"147";"Acidente s";"35";"BR-290/RS";"Leste";"Colisão - Traseira";1;0;0;1;0;0;0;0;0;0;2;0;0;0;0
"13/11/2021";"12:42:00";"153";"Acidente c";"98";"BR-290/RS";"Oeste";"Colisão - Lateral";2;0;0;0;0;0;0;0;0;0;2;0;1;0;0
"13/11/2021";"13:53:00";"168";"Acidente s";"90";"BR-290/RS";"Leste";"Colisão - Lateral";1;0;0;0;0;0;0;0;0;0;2;0;0;0;0
"13/11/2021";"14:00:00";"171";"Acidente s";"24";"BR-101/RS";"Norte";"Colisão - Lateral";1;0;1;0;0;0;0;0;0;0;3;0;0;0;0
"13/11/2021";"21:14:00";"267";"Acidente s";"276";"BR-386/RS";"Sul";"Choque - Pilar";1;0;0;0;0;0;0;0;0;0;1;0;0;0;0
"14/11/2021";"01:42:00";"22";"Acidente s";"378";"BR-386/RS";"Sul";"Saída de pista";1;0;0;0;0;0;0;0;0;0;1;0;0;0;0
"14/11/2021";"03:01:00";"20";"Acidente s";"336";"BR-386/RS";"Sul";"Saída de pista";0;0;0;0;0;0;0;0;0;0;1;0;0;0;0
"14/11/2021";"05:44:00";"28";"Acidente c";"52";"BR-101/RS";"Sul";"Tombamento";0;0;0;0;0;0;0;0;0;0;0;1;0;0;0
"14/11/2021";"06:25:00";"37";"Acidente c";"382";"BR-386/RS";"Norte";;1;0;0;0;0;0;0;0;0;0;0;0;1;0;0
"14/11/2021";"13:33:00";"95";"Acidente s";"437";"BR-386/RS";"Norte";"Saída de pista";1;0;0;0;0;0;0;0;0;0;2;0;0;0;0
"15/11/2021";"03:16:00";"14";"Acidente c";"70";"BR-290/RS";"Ambos";"Saída de pista";1;0;0;0;0;0;0;0;0;0;0;0;1;0;0
"15/11/2021";"05:32:00";"16";"Acidente s";"328";"BR-386/RS";"Norte";"Saída de pista";1;0;0;0;0;0;0;0;0;0;3;0;0;0;0
"15/11/2021";"14:50:00";"168";"Acidente s";"362";"BR-386/RS";"Sul";"Colisão - Lateral";1;0;0;1;0;0;0;0;0;0;3;0;0;0;0
"15/11/2021";"17:01:00";"245";"Acidente s";"91";"BR-290/RS";"Oeste";"Tombamento";0;0;0;0;0;0;0;1;0;0;1;0;0;0;0
"15/11/2021";"17:56:00";"271";"Acidente s";"89";"BR-290/RS";"Oeste";"Colisão - Traseira";0;0;0;2;0;0;0;0;0;0;4;0;0;0;0
"15/11/2021";"23:03:00";"381";"Acidente s";"189";"BR-386/RS";"Norte";"Colisão - Lateral";1;0;0;0;0;0;0;1;0;0;7;0;0;0;0
"16/11/2021";"00:34:00";"3";"Acidente s";"42";"BR-290/RS";"Oeste";"Queda de moto";1;0;0;0;0;0;0;0;0;0;2;0;0;0;0
"16/11/2021";"06:09:00";"38";"Acidente s";"35";"BR-101/RS";"Sul";"Colisão - Lateral";1;0;0;0;0;0;0;1;0;0;3;0;0;0;0
"16/11/2021";"06:41:00";"41";"Acidente s";"425";"BR-386/RS";"Sul";"Queda de moto";0;0;0;1;0;0;0;0;0;0;2;0;0;0;0
"16/11/2021";"06:54:00";"45";"Acidente c";"76";"BR-290/RS";"Oeste";"Engavetamento";2;0;0;0;0;0;0;0;0;0;3;0;1;2;0
"16/11/2021";"08:51:00";"107";"Acidente s";"95";"BR-290/RS";"Oeste";"Colisão - Lateral";1;0;0;0;0;0;0;1;0;0;2;0;0;0;0
"16/11/2021";"11:35:00";"159";"Acidente s";"397";"BR-386/RS";"Norte";"Saída de pista";1;0;0;0;0;0;0;0;0;0;1;0;0;0;0
"16/11/2021";"14:09:00";"200";"Acidente s";"23";"BR-101/RS";"Norte";"Colisão - Traseira";1;0;0;1;0;0;0;0;0;0;3;0;0;0;0
"16/11/2021";"16:35:00";"239";"Acidente s";"92";"BR-290/RS";"Leste";"Colisão - Lateral";2;0;0;0;0;0;0;0;0;0;3;0;0;0;0
"16/11/2021";"16:35:00";"240";"Acidente c";"304";"BR-386/RS";"Norte";"Saída de pista";1;0;0;0;0;0;0;0;0;0;0;1;0;0;0
"16/11/2021";"18:06:00";"268";"Acidente s";"96";"BR-290/RS";"Leste";"Colisão - Traseira";1;0;0;0;0;0;0;0;0;1;2;0;0;0;0
"16/11/2021";"18:45:00";"278";"Acidente c";"23";"BR-101/RS";"Norte";"Colisão - Lateral";2;0;0;0;0;0;0;0;0;0;2;2;1;0;0
"16/11/2021";"19:22:00";"289";"Acidente s";"423";"BR-386/RS";"Sul";"Queda de ribanceira";1;0;0;0;0;0;0;0;0;0;2;0;0;0;0
"17/11/2021";"07:20:00";"45";"Acidente s";"94";"BR-290/RS";"Oeste";"Colisão - Traseira";1;0;0;0;0;0;0;0;0;0;2;0;0;0;0
"17/11/2021";"08:14:00";"67";"Acidente s";"426";"BR-386/RS";"Norte";"Choque Praça - Cancela";0;0;0;0;0;1;0;0;0;0;1;0;0;0;0
"17/11/2021";"08:20:00";"73";"Acidente s";"75";"BR-290/RS";"Leste";"Queda de ribanceira";1;0;0;0;0;0;0;0;0;0;1;0;0;0;0
"17/11/2021";"10:38:00";"117";"Acidente s";"45";"BR-101/RS";"Norte";"Colisão - Lateral";1;0;1;0;0;0;0;0;0;0;2;0;0;0;0
"17/11/2021";"17:08:00";"199";"Acidente s";"237";"BR-386/RS";"Norte";"Queda de ribanceira";1;0;0;0;0;0;0;0;0;0;3;0;0;0;0
"17/11/2021";"17:50:00";"205";"Acidente c";"267";"BR-386/RS";"Norte";"Colisão - Lateral";1;0;1;0;0;0;0;0;0;0;2;0;1;0;0
"17/11/2021";"22:35:00";"241";"Acidente c";"441";"BR-386/RS";"Sul";"Colisão - Lateral";4;0;0;0;0;0;0;0;0;0;4;1;0;0;0
"18/11/2021";"04:42:00";"11";"Acidente s";"82";"BR-290/RS";"Oeste";"Queda de ribanceira";0;0;0;0;0;1;0;0;0;0;1;0;0;0;0
"18/11/2021";"07:25:00";"39";"Acidente s";"284";"BR-386/RS";"Sul";"Engavetamento";2;0;0;0;0;0;0;0;0;0;4;0;0;0;0
"18/11/2021";"08:16:00";"58";"Acidente c";"83";"BR-101/RS";"Sul";"Colisão - Traseira";1;0;0;1;0;0;0;0;0;0;1;1;0;0;0
"18/11/2021";"10:41:00";"105";"Acidente s";"68";"BR-290/RS";"Oeste";"Colisão - Lateral";1;0;0;0;0;0;0;0;0;0;2;0;0;0;0
"18/11/2021";"11:10:00";"114";"Acidente s";"95";"BR-290/RS";"Oeste";"Colisão - Traseira";2;0;0;0;0;0;0;0;0;0;4;0;0;0;0
"18/11/2021";"11:38:00";"127";"Acidente s";"39";"BR-101/RS";"Sul";"Queda de ribanceira";1;0;0;0;0;0;0;0;0;0;1;0;0;0;0
"18/11/2021";"12:40:00";"137";"Acidente c";"331";"BR-386/RS";"Sul";"Colisão - Transversal";1;0;0;0;0;1;0;0;0;0;1;0;1;0;0
"18/11/2021";"13:50:00";"151";"Acidente s";"247";"BR-386/RS";"Norte";"Colisão - Lateral";0;0;0;0;0;2;0;0;0;0;2;0;0;0;0
"18/11/2021";"14:32:00";"160";"Acidente s";"21";"BR-448/RS";"Norte";"Colisão - Traseira";2;0;0;0;0;0;0;0;0;0;2;0;0;0;0
"19/11/2021";"00:07:00";"2";"Acidente s";"96";"BR-290/RS";"Oeste";"Colisão - Traseira";2;0;0;0;0;0;0;0;0;0;8;0;0;0;0
"19/11/2021";"05:02:00";"16";"Acidente s";"433";"BR-386/RS";"Norte";"Saída de pista";0;0;1;0;0;0;0;0;0;1;3;0;0;0;0
"19/11/2021";"07:20:00";"51";"Acidente c";"21";"BR-448/RS";"Sul";"Queda de moto";0;0;0;1;0;0;0;0;0;0;0;2;0;0;0
"19/11/2021";"10:47:00";"138";"Acidente s";"414";"BR-386/RS";"Norte";"Colisão - Lateral";1;0;1;0;0;0;0;0;0;0;3;0;0;0;0
"19/11/2021";"18:13:00";"235";"Acidente c";"398";"BR-386/RS";"Sul";"Capotamento";1;0;0;0;0;0;0;0;0;0;0;0;1;0;0
"19/11/2021";"21:02:00";"281";"Acidente s";"92";"BR-290/RS";"Ambos";"Saída de pista";1;0;0;0;0;0;0;0;0;0;1;0;0;0;0
"20/11/2021";"00:28:00";"3";"Acidente s";"35";"BR-290/RS";"Leste";"Choque com objeto sobre a pista";0;0;0;0;0;0;0;1;0;0;1;0;0;0;0
"20/11/2021";"06:19:00";"30";"Acidente c";"2";"BR-290/RS";"Oeste";"Colisão - Lateral";1;0;0;1;0;0;0;0;0;0;1;1;0;0;0
"20/11/2021";"07:22:00";"46";"Acidente s";"92";"BR-290/RS";"Oeste";"Colisão - Traseira";1;0;0;0;0;0;0;0;0;1;2;0;0;0;0
"20/11/2021";"07:51:00";"63";"Acidente c";"50";"BR-101/RS";"Norte";"Choque - Arvore";1;0;0;0;0;0;0;0;0;0;0;0;3;0;0
"20/11/2021";"11:12:00";"111";"Acidente s";"386";"BR-386/RS";"Norte";"Colisão - Traseira";2;0;0;0;0;0;0;0;0;0;4;0;0;0;0
"20/11/2021";"11:49:00";"122";"Acidente s";"3";"BR-290/RS";"Oeste";"Colisão - Traseira";1;0;1;0;0;0;0;0;0;0;2;0;0;0;0
"20/11/2021";"12:01:00";"125";"Atropelame";"386";"BR-386/RS";"Norte";;1;0;0;0;0;0;0;0;0;0;1;2;0;1;0
"20/11/2021";"15:49:00";"171";"Acidente s";"249";"BR-386/RS";"Sul";"Queda de ribanceira";1;0;0;0;0;0;0;0;0;0;1;0;0;0;0
"21/11/2021";"05:43:00";"31";"Acidente c";"87";"BR-290/RS";"Leste";"Capotamento";1;0;0;0;0;0;0;0;0;0;0;2;0;0;0
"21/11/2021";"13:04:00";"105";"Acidente s";"406";"BR-386/RS";"Sul";"Saída de pista";1;0;0;0;0;0;0;0;0;0;2;0;0;0;0
"21/11/2021";"15:19:00";"134";"Acidente s";"50";"BR-290/RS";"Leste";"Colisão - Traseira";3;0;0;0;0;0;0;0;0;0;9;0;0;0;0
"21/11/2021";"18:09:00";"189";"Acidente s";"345";"BR-386/RS";"Norte";"Colisão - Lateral";2;0;0;0;0;0;0;0;0;0;5;0;0;0;0
"21/11/2021";"18:19:00";"195";"Acidente s";"87";"BR-290/RS";"Leste";"Colisão - Traseira";2;0;0;0;0;0;0;0;0;0;5;0;0;0;0
"21/11/2021";"19:08:00";"214";"Acidente s";"202";"BR-386/RS";"Sul";"Saída de pista";1;0;0;0;0;0;0;0;0;0;2;0;0;0;0
"21/11/2021";"19:41:00";"223";"Acidente c";"81";"BR-290/RS";"Leste";"Saída de pista";1;0;0;0;0;0;0;0;0;0;1;1;0;0;0
"21/11/2021";"19:59:00";"231";"Acidente s";"362";"BR-386/RS";"Norte";"Queda de moto";0;0;0;1;0;0;0;0;0;0;1;0;0;0;0
"21/11/2021";"21:35:00";"255";"Acidente c";"32";"BR-101/RS";"Norte";"Colisão - Traseira";2;0;0;0;0;0;0;0;0;0;4;1;0;0;0
"22/11/2021";"07:13:00";"40";"Acidente s";"248";"BR-386/RS";"Norte";"Queda de ribanceira";1;0;0;0;0;0;0;0;0;0;1;0;0;0;0
"22/11/2021";"07:46:00";"58";"Acidente s";"52";"BR-101/RS";"Sul";"Saída de pista";0;0;0;0;0;0;0;1;0;0;1;0;0;0;0
"22/11/2021";"07:58:00";"67";"Acidente c";"96";"BR-290/RS";"Oeste";"Colisão - Transversal";2;0;0;0;0;0;0;0;0;0;1;2;0;0;0
"22/11/2021";"09:47:00";"106";"Acidente s";"92";"BR-290/RS";"Leste";"Engavetamento";1;0;0;0;0;0;0;0;0;2;3;0;0;0;0
"22/11/2021";"10:53:00";"134";"Acidente s";"426";"BR-386/RS";"Sul";"Colisão - Traseira";2;0;0;0;0;0;0;0;0;0;5;0;0;0;0
"22/11/2021";"10:57:00";"137";"Acidente c";"91";"BR-290/RS";"Oeste";"Queda de moto";0;0;0;1;0;0;0;0;0;0;0;1;0;0;0
"22/11/2021";"15:39:00";"203";"Acidente s";"24";"BR-290/RS";"Leste";"Colisão - Traseira";1;0;0;0;0;1;0;0;0;0;2;0;0;0;0
"22/11/2021";"22:39:00";"289";"Atropelame";"16";"BR-290/RS";"Oeste";"Atropelamento - Andarilho";1;0;0;0;0;0;0;0;0;0;1;0;1;0;0
"23/11/2021";"07:40:00";"58";"Acidente s";"342";"BR-386/RS";"Sul";"Engavetamento";3;0;0;0;0;0;0;0;0;0;7;0;0;0;0
"23/11/2021";"09:24:00";"106";"Acidente s";"249";"BR-386/RS";"Sul";"Engavetamento";3;0;0;0;0;0;0;0;0;0;3;0;0;0;0
"23/11/2021";"10:47:00";"141";"Acidente s";"417";"BR-386/RS";"Sul";"Saída de pista";1;0;0;0;0;0;0;0;0;0;1;0;0;0;0
"23/11/2021";"11:09:00";"148";"Acidente c";"320";"BR-386/RS";"Norte";"Capotamento";1;0;0;0;0;0;0;0;0;0;0;1;0;0;0
"23/11/2021";"12:01:00";"166";"Acidente c";"247";"BR-386/RS";"Sul";"Queda de ribanceira";2;0;0;0;0;0;0;0;0;0;0;2;0;0;0
"23/11/2021";"12:42:00";"172";"Acidente s";"278";"BR-386/RS";"Norte";"Queda de ribanceira";1;0;0;0;0;0;0;0;0;0;3;0;0;0;0
"23/11/2021";"16:44:00";"217";"Acidente c";"343";"BR-386/RS";"Norte";"Colisão - Traseira";1;0;0;1;0;0;0;0;0;0;1;1;0;0;0
"23/11/2021";"16:59:00";"220";"Acidente s";"202";"BR-386/RS";"Norte";"Choque Praça - Cabine";0;0;0;0;0;0;0;1;0;0;1;0;0;0;0
"23/11/2021";"17:23:00";"226";"Acidente s";"436";"BR-386/RS";"Norte";"Colisão - Transversal";1;0;0;0;0;1;0;0;0;0;4;0;0;0;0
"23/11/2021";"20:05:00";"259";"Atropelame";"412";"BR-386/RS";"Norte";"Atropelamento - Morador/Trabalhador/Estudante";1;0;0;0;0;0;0;0;0;0;1;0;0;0;1
"23/11/2021";"21:45:00";"283";"Acidente s";"40";"BR-101/RS";"Sul";"Colisão - Traseira";2;0;0;0;0;0;0;0;0;0;2;0;0;0;0
"24/11/2021";"07:18:00";"69";"Acidente s";"88";"BR-290/RS";"Oeste";"Engavetamento";3;0;0;0;0;0;0;0;0;0;3;0;0;0;0
"24/11/2021";"09:39:00";"134";"Acidente c";"343";"BR-386/RS";"Norte";"Colisão - Lateral";1;0;0;1;0;0;0;0;0;0;1;1;0;0;0
"24/11/2021";"10:39:00";"156";"Acidente s";"424";"BR-386/RS";"Sul";"Atropelamento de Animal";1;0;0;0;0;0;0;0;0;0;2;0;0;0;0