data;horario;n_da_ocorrencia;tipo_de_ocorrencia;km;trecho;sentido;tipo_de_acidente;automovel;bicicleta;caminhao;moto;onibus;outros;tracao_animal;transporte_de_cargas_especiais;trator_maquinas;utilitarios;ilesos;levemente_feridos;moderadamente_feridos;gravemente_feridos;mortos
"24/11/2021";"12:57:00";"197";"Acidente c";"407";"BR-386/RS";"Norte";"Colisão - Traseira";0;0;0;0;0;0;0;1;0;1;2;0;2;0;0
"24/11/2021";"15:07:00";"232";"Acidente s";"434";"BR-386/RS";"Norte";"Colisão - Traseira";1;0;0;0;0;0;0;1;0;0;2;0;0;0;0
"24/11/2021";"15:45:00";"241";"Acidente s";"40";"BR-101/RS";"Sul";"Queda de moto";0;0;0;1;0;0;0;0;0;0;1;0;0;0;0
"24/11/2021";"17:37:00";"278";"Acidente s";"352";"BR-386/RS";"Norte";"Colisão - Lateral";2;0;0;0;0;0;0;0;0;0;2;0;0;0;0
"24/11/2021";"18:10:00";"282";"Acidente s";"19";"BR-290/RS";"Oeste";"Colisão - Traseira";2;0;0;0;0;0;0;0;0;0;5;0;0;0;0
"24/11/2021";"18:26:00";"292";"Acidente c";"86";"BR-290/RS";"Leste";"Queda de moto";1;0;0;1;0;0;0;0;0;0;1;1;0;0;0
"24/11/2021";"23:33:00";"336";"Acidente s";"410";"BR-386/RS";"Sul";"Colisão - Traseira";0;0;0;0;0;0;0;2;0;0;2;0;0;0;0
"25/11/2021";"05:58:00";"23";"Acidente s";"248";"BR-386/RS";"Sul";"Colisão - Lateral";0;0;1;0;0;0;0;0;0;0;2;0;0;0;0
"25/11/2021";"07:50:00";"66";"Acidente s";"345";"BR-386/RS";"Norte";"Queda de moto";0;0;0;1;0;0;0;0;0;0;1;0;0;0;0
"25/11/2021";"11:05:00";"140";"Acidente s";"11";"BR-290/RS";"Oeste";"Capotamento";1;0;0;0;0;0;0;0;0;0;1;0;0;0;0
"25/11/2021";"13:43:00";"180";"Acidente c";"237";"BR-386/RS";"Sul";"Engavetamento";2;0;0;0;0;0;0;0;0;0;4;1;0;0;0
"25/11/2021";"15:30:00";"213";"Acidente s";"305";"BR-386/RS";"Norte";"Colisão - Lateral";0;0;0;0;0;0;0;1;0;1;2;0;0;0;0
"25/11/2021";"15:51:00";"219";"Acidente s";"41";"BR-101/RS";"Sul";"Tombamento";0;0;0;0;0;0;0;0;0;0;1;0;0;0;0
"25/11/2021";"16:07:00";"222";"Acidente s";"235";"BR-386/RS";"Sul";"Queda de ribanceira";1;0;0;0;0;0;0;0;0;0;1;0;0;0;0
"25/11/2021";"16:47:00";"237";"Acidente s";"439";"BR-386/RS";"Sul";"Colisão - Traseira";0;0;1;0;0;0;0;1;0;0;2;0;0;0;0
"25/11/2021";"16:48:00";"238";"Acidente s";"261";"BR-386/RS";"Norte";"Capotamento";1;0;0;0;0;0;0;0;0;0;1;0;0;0;0
"25/11/2021";"17:56:00";"256";"Acidente s";"28";"BR-101/RS";"Sul";"Saída de pista";1;0;0;0;0;0;0;0;0;0;2;0;0;0;0
"25/11/2021";"17:59:00";"258";"Acidente c";"396,23";"BR-386/RS";"Sul";"Colisão - Frontal";2;0;0;0;0;0;0;0;0;0;4;0;4;1;0
"25/11/2021";"18:51:00";"275";"Acidente s";"11";"BR-290/RS";"Ambos";"Saída de pista";1;0;0;0;0;0;0;0;0;0;1;0;0;0;0
"25/11/2021";"19:15:00";"281";"Acidente s";"25";"BR-101/RS";"Sul";"Colisão - Lateral";2;0;0;0;0;0;0;0;0;0;5;0;0;0;0
"25/11/2021";"19:22:00";"282";"Acidente s";"92";"BR-290/RS";"Oeste";"Queda de ribanceira";1;0;0;0;0;0;0;0;0;0;1;0;0;0;0
"25/11/2021";"20:15:00";"291";"Acidente s";"81";"BR-290/RS";"Leste";"Saída de pista";1;0;0;0;0;0;0;0;0;0;2;0;0;0;0
"25/11/2021";"20:41:00";"302";"Acidente s";"418";"BR-386/RS";"Ambos";"Saída de pista";1;0;0;0;0;0;0;0;0;0;2;0;0;0;0
"26/11/2021";"07:50:00";"47";"Acidente s";"441";"BR-386/RS";"Norte";"Queda de ribanceira";0;0;0;0;0;0;0;0;0;0;1;0;0;0;0
"26/11/2021";"07:56:00";"51";"Acidente s";"347";"BR-386/RS";"Sul";"Queda de ribanceira";1;0;0;0;0;0;0;0;0;0;2;0;0;0;0
"26/11/2021";"08:09:00";"54";"Acidente s";"84";"BR-290/RS";"Oeste";"Colisão - Traseira";0;0;1;1;0;0;0;0;0;0;2;0;0;0;0
"26/11/2021";"13:26:00";"141";"Atropelame";"253";"BR-386/RS";"Norte";"Atropelamento - Funcionário";0;0;0;0;0;0;0;0;0;1;0;1;0;0;0
"26/11/2021";"14:35:00";"162";"Acidente s";"20";"BR-290/RS";"Leste";"Colisão - Traseira";1;0;0;0;0;0;0;0;0;0;1;0;0;0;0
"26/11/2021";"15:31:00";"173";"Acidente s";"354";"BR-386/RS";"Norte";"Queda de ribanceira";0;0;1;0;0;0;0;0;0;0;1;0;0;0;0
"26/11/2021";"15:40:00";"175";"Acidente c";"77";"BR-290/RS";"Leste";"Colisão - Lateral";1;0;0;0;0;0;0;0;0;0;1;2;0;0;0
"26/11/2021";"17:15:00";"190";"Acidente c";"304";"BR-386/RS";"Norte";"Saída de pista";0;0;0;0;0;0;0;0;0;0;0;1;0;0;0
"26/11/2021";"18:17:00";"208";"Acidente s";"350";"BR-386/RS";"Sul";"Colisão - Traseira";2;0;0;0;0;0;0;0;0;0;2;0;0;0;0
"26/11/2021";"18:43:00";"216";"Acidente s";"49";"BR-290/RS";"Leste";"Saída de pista";1;0;0;0;0;0;0;0;0;0;1;0;0;0;0
"26/11/2021";"20:06:00";"235";"Acidente s";"80";"BR-290/RS";"Leste";"Queda de ribanceira";1;0;0;0;0;0;0;0;0;0;4;0;0;0;0
"26/11/2021";"22:23:00";"263";"Acidente s";"57";"BR-290/RS";"Oeste";"Saída de pista";0;0;0;0;0;0;0;1;0;0;1;0;0;0;0
"26/11/2021";"22:26:00";"265";"Acidente s";"80";"BR-290/RS";"Leste";"Queda de ribanceira";1;0;0;0;0;0;0;0;0;0;3;0;0;0;0
"26/11/2021";"22:28:00";"266";"Acidente s";"22";"BR-448/RS";"Sul";"Capotamento";1;0;0;0;0;0;0;0;0;0;1;0;0;0;0
"27/11/2021";"07:45:00";"43";"Acidente c";"344";"BR-386/RS";"Norte";"Colisão - Transversal";2;0;0;0;0;0;0;0;0;0;0;2;2;0;0
"27/11/2021";"09:42:00";"66";"Acidente c";"235";"BR-386/RS";"Sul";;0;0;0;0;0;0;0;1;0;0;0;1;0;0;0
"27/11/2021";"09:53:00";"70";"Acidente s";"342";"BR-386/RS";"Norte";"Colisão - Lateral";2;0;0;0;0;0;0;0;0;0;3;0;0;0;0
"27/11/2021";"14:32:00";"128";"Acidente s";"357";"BR-386/RS";"Norte";"Queda de ribanceira";1;0;0;0;0;0;0;0;0;0;4;0;0;0;0
"27/11/2021";"17:02:00";"154";"Acidente c";"234";"BR-386/RS";"Sul";"Colisão - Transversal";1;0;0;1;0;0;0;0;0;0;1;0;1;0;0
"27/11/2021";"20:28:00";"199";"Acidente c";"267";"BR-386/RS";"Sul";"Saída de pista";1;0;0;0;0;0;0;0;0;0;0;1;0;0;0
"27/11/2021";"23:32:00";"227";"Acidente s";"19";"BR-290/RS";"Oeste";"Choque Praça - Submarino";1;0;0;0;0;0;0;0;0;0;4;0;0;0;0
"28/11/2021";"00:05:00";"2";"Acidente s";"270,38";"BR-386/RS";"Sul";"Colisão - Transversal";2;0;0;0;0;0;0;0;0;0;3;0;0;0;0
"28/11/2021";"01:22:00";"12";"Acidente s";"221";"BR-386/RS";"Norte";"Saída de pista";1;0;0;0;0;0;0;0;0;0;1;0;0;0;0
"28/11/2021";"02:55:00";"18";"Acidente c";"355";"BR-386/RS";"Sul";"Tombamento";0;0;0;0;0;1;0;0;0;0;0;0;1;0;0
"28/11/2021";"03:56:00";"22";"Acidente c";"386";"BR-386/RS";"Sul";"Choque - Arvore";1;0;0;0;0;0;0;0;0;0;0;0;0;0;1
"28/11/2021";"05:46:00";"36";"Acidente s";"413";"BR-386/RS";"Norte";"Queda de moto";0;0;0;1;0;0;0;0;0;0;1;0;0;0;0
"28/11/2021";"20:49:00";"200";"Acidente s";"85";"BR-101/RS";"Norte";"Colisão - Transversal";2;0;0;0;0;0;0;0;0;0;4;0;0;0;0
"28/11/2021";"21:09:00";"205";"Acidente s";"79";"BR-290/RS";"Oeste";"Colisão - Lateral";1;0;0;0;0;0;0;0;0;0;8;0;0;0;0
"28/11/2021";"21:35:00";"208";"Acidente c";"59";"BR-290/RS";"Oeste";"Colisão - Traseira";2;0;0;0;0;0;0;0;0;0;3;1;0;0;0
"29/11/2021";"09:43:00";"135";"Acidente s";"92,27";"BR-290/RS";"Oeste";"Colisão - Lateral";1;0;1;0;0;0;0;0;0;0;2;0;0;0;0
"29/11/2021";"10:15:00";"145";"Acidente c";"329";"BR-386/RS";"Sul";"Queda de moto";0;0;0;1;0;0;0;0;0;0;1;1;0;0;0
"29/11/2021";"15:46:00";"243";"Acidente s";"22";"BR-101/RS";"Norte";"Choque - Sinalização";1;0;0;0;0;0;0;0;0;0;4;0;0;0;0
"29/11/2021";"20:08:00";"304";"Acidente s";"68";"BR-290/RS";"Leste";"Colisão - Lateral";2;0;0;0;0;0;0;0;0;0;2;0;0;0;0
"29/11/2021";"20:40:00";"315";"Acidente s";"45";"BR-290/RS";"Leste";"Colisão - Traseira";2;0;0;0;0;0;0;0;0;0;2;0;0;0;0
"30/11/2021";"05:34:00";"40";"Acidente s";"19";"BR-290/RS";"Oeste";"Queda de ribanceira";1;0;0;0;0;0;0;0;0;0;2;0;0;0;0
"30/11/2021";"07:28:00";"88";"Acidente s";"226";"BR-386/RS";"Norte";"Colisão - Traseira";1;0;0;0;0;1;0;0;0;0;2;0;0;0;0
"30/11/2021";"07:35:00";"91";"Acidente c";"438";"BR-386/RS";"Norte";"Atropelamento de Animal";0;0;0;1;0;0;0;0;0;0;0;1;0;0;0
"30/11/2021";"08:11:00";"106";"Acidente c";"437";"BR-386/RS";"Norte";"Colisão - Frontal";2;0;0;0;0;0;0;0;0;0;1;1;0;0;0
"30/11/2021";"11:39:00";"160";"Acidente s";"367";"BR-386/RS";"Sul";"Colisão - Lateral";2;0;0;0;0;0;0;0;0;0;6;0;0;0;0
"30/11/2021";"13:58:00";"202";"Acidente c";"342";"BR-386/RS";"Ambos";"Colisão - Frontal";2;0;0;0;0;0;0;0;0;0;1;1;0;0;0
"30/11/2021";"15:28:00";"231";"Acidente c";"91";"BR-290/RS";"Leste";;0;0;0;1;0;0;0;0;0;0;0;1;1;0;0
"30/11/2021";"17:14:00";"258";"Acidente s";"19,21";"BR-290/RS";"Leste";"Colisão - Lateral";0;0;2;0;1;0;0;0;0;0;4;0;0;0;0
"30/11/2021";"20:50:00";"303";"Acidente s";"443";"BR-386/RS";"Sul";"Queda de ribanceira";1;0;0;0;0;0;0;0;0;0;2;0;0;0;0
"01/12/2021";"04:53:00";"13";"Acidente c";"285,54";"BR-386/RS";"Norte";"Colisão - Transversal";1;0;0;0;0;0;0;0;0;1;1;0;1;1;0
"01/12/2021";"08:35:00";"79";"Acidente s";"231";"BR-386/RS";"Norte";"Queda de ribanceira";1;0;0;0;0;0;0;0;0;0;1;0;0;0;0
"01/12/2021";"09:56:00";"110";"Acidente s";"83";"BR-290/RS";"Oeste";"Queda de ribanceira";1;0;0;0;0;0;0;0;0;0;1;0;0;0;0
"01/12/2021";"14:41:00";"166";"Acidente s";"419";"BR-386/RS";"Norte";"Colisão - Traseira";0;0;0;0;0;0;0;2;0;0;2;0;0;0;0
"01/12/2021";"16:11:00";"188";"Acidente c";"329";"BR-386/RS";"Sul";"Colisão - Transversal";0;0;0;0;0;0;0;1;0;0;1;1;0;0;0
"02/12/2021";"01:45:00";"10";"Acidente s";"305";"BR-386/RS";"Norte";"Saída de pista";1;0;0;0;0;0;0;0;0;0;1;0;0;0;0
"02/12/2021";"07:02:00";"48";"Acidente s";"11";"BR-101/RS";"Sul";"Atropelamento de Animal";1;0;0;0;0;0;0;0;0;0;1;0;0;0;0
"02/12/2021";"08:20:00";"92";"Acidente s";"361";"BR-386/RS";"Norte";"Queda de ribanceira";1;0;0;0;0;0;0;0;0;0;1;0;0;0;0
"02/12/2021";"10:12:00";"135";"Acidente s";"24";"BR-290/RS";"Leste";"Colisão - Traseira";2;0;0;0;0;0;0;0;0;0;3;0;0;0;0
"02/12/2021";"13:59:00";"179";"Acidente s";"32";"BR-101/RS";"Norte";"Colisão - Traseira";1;0;0;0;0;1;0;0;0;0;5;0;0;0;0
"02/12/2021";"14:08:00";"182";"Acidente s";"381";"BR-386/RS";"Sul";"Capotamento";1;0;0;0;0;0;0;0;0;0;2;0;0;0;0
"02/12/2021";"17:47:00";"224";"Acidente s";"388";"BR-386/RS";"Norte";"Colisão - Transversal";1;0;1;0;0;0;0;0;0;0;4;0;0;0;0
"02/12/2021";"18:28:00";"233";"Acidente s";"441";"BR-386/RS";"Norte";"Colisão - Traseira";2;0;0;0;0;0;0;0;0;0;2;0;0;0;0
"02/12/2021";"19:37:00";"257";"Acidente c";"10";"BR-448/RS";"Norte";"Queda de moto";0;0;0;1;0;0;0;0;0;0;0;0;1;0;0
"02/12/2021";"23:43:00";"286";"Acidente c";"48";"BR-290/RS";"Oeste";"Capotamento";1;0;0;0;0;0;0;0;0;0;0;2;0;0;0
"03/12/2021";"06:29:00";"36";"Acidente s";"344";"BR-386/RS";"Ambos";"Queda de ribanceira";1;0;0;0;0;0;0;0;0;0;1;0;0;0;0
"03/12/2021";"07:10:00";"44";"Acidente s";"12";"BR-448/RS";"Norte";"Queda de moto";0;0;0;1;0;0;0;0;0;0;1;0;0;0;0
"03/12/2021";"07:12:00";"47";"Acidente s";"18";"BR-290/RS";"Leste";"Capotamento";1;0;0;0;0;0;0;0;0;0;2;0;0;0;0
"03/12/2021";"07:39:00";"65";"Acidente c";"88";"BR-290/RS";"Oeste";"Engavetamento";1;0;0;3;0;0;0;0;0;0;2;2;0;0;0
"03/12/2021";"08:08:00";"82";"Acidente c";"85";"BR-290/RS";"Oeste";"Colisão - Lateral";0;0;0;2;0;0;0;0;0;0;1;2;0;0;0
"03/12/2021";"08:10:00";"84";"Acidente s";"426";"BR-386/RS";"Norte";"Colisão - Traseira";2;0;0;0;0;0;0;0;0;0;2;0;0;0;0
"03/12/2021";"13:56:00";"196";"Acidente s";"38,47";"BR-290/RS";"Leste";"Colisão - Traseira";2;0;0;0;0;0;0;0;0;0;2;0;0;0;0
"03/12/2021";"14:02:00";"198";"Acidente s";"87";"BR-101/RS";"Norte";"Tombamento";0;0;0;0;0;1;0;0;0;0;1;0;0;0;0
"03/12/2021";"18:02:00";"254";"Acidente s";"88";"BR-290/RS";"Leste";"Colisão - Traseira";1;0;0;1;0;0;0;0;0;0;3;0;0;0;0
"03/12/2021";"21:00:00";"299";"Acidente s";"230";"BR-386/RS";"Sul";"Choque Defensa";1;0;0;0;0;0;0;0;0;0;1;0;0;0;0
"03/12/2021";"21:28:00";"304";"Acidente c";"430";"BR-386/RS";"Norte";"Queda de ribanceira";2;0;0;0;0;0;0;0;0;0;1;1;0;0;0
"03/12/2021";"22:02:00";"307";"Acidente c";"29";"BR-290/RS";"Leste";"Saída de pista";0;0;0;0;0;0;0;1;0;0;0;0;1;0;0
"04/12/2021";"00:15:00";"3";"Acidente s";"71";"BR-290/RS";"Oeste";"Colisão - Traseira";2;0;0;0;0;0;0;0;0;0;3;0;0;0;0
"04/12/2021";"05:33:00";"30";"Acidente c";"325";"BR-386/RS";"Norte";"Choque Barreira";0;0;0;1;0;0;0;0;0;0;0;1;0;0;0
"04/12/2021";"08:07:00";"77";"Acidente c";"332";"BR-386/RS";"Norte";"Colisão - Transversal";1;0;0;0;0;0;0;0;0;1;1;1;0;0;0
"04/12/2021";"10:47:00";"137";"Acidente s";"413";"BR-386/RS";"Sul";"Choque - Meio Fio";2;0;0;0;0;0;0;0;0;0;2;0;0;0;0
"04/12/2021";"14:12:00";"198";"Acidente s";"76";"BR-290/RS";"Oeste";"Queda de moto";0;0;0;1;0;0;0;0;0;0;2;0;0;0;0
"04/12/2021";"14:15:00";"199";"Acidente c";"359";"BR-386/RS";"Norte";"Capotamento";1;0;0;0;0;0;0;0;0;0;0;2;0;2;0
"04/12/2021";"20:04:00";"284";"Atropelame";"388";"BR-386/RS";"Sul";"Atropelamento - Morador/Trabalhador/Estudante";1;0;0;1;0;0;0;0;0;0;2;0;0;0;1
"04/12/2021";"23:18:00";"310";"Acidente s";"34";"BR-290/RS";"Leste";"Saída de pista";0;0;0;0;0;0;0;0;0;0;1;0;0;0;0
"04/12/2021";"23:28:00";"312";"Acidente s";"295";"BR-386/RS";"Sul";"Saída de pista";1;0;0;0;0;0;0;0;0;0;3;0;0;0;0
"05/12/2021";"00:34:00";"7";"Acidente s";"339";"BR-386/RS";"Sul";"Outros";1;0;0;0;0;0;0;0;0;0;2;0;0;0;0
"05/12/2021";"02:45:00";"15";"Acidente c";"65";"BR-290/RS";"Leste";"Saída de pista";1;0;0;0;0;0;0;0;0;0;0;1;0;0;0
"05/12/2021";"03:26:00";"19";"Acidente s";"430";"BR-386/RS";"Norte";"Queda de ribanceira";1;0;0;0;0;0;0;0;0;0;2;0;0;0;0
"05/12/2021";"04:08:00";"23";"Acidente s";"334";"BR-386/RS";"Norte";"Saída de pista";1;0;0;0;0;0;0;0;0;0;2;0;0;0;0
"05/12/2021";"04:13:00";"24";"Acidente s";"51";"BR-290/RS";"Oeste";"Queda de moto";0;0;0;1;0;0;0;0;0;0;1;0;0;0;0
"05/12/2021";"09:10:00";"79";"Acidente s";"199";"BR-386/RS";"Sul";"Colisão - Lateral";2;0;0;0;0;0;0;0;0;0;3;0;0;0;0
"05/12/2021";"11:22:00";"108";"Acidente c";"71";"BR-290/RS";"Oeste";"Capotamento";1;0;0;0;0;0;0;0;0;0;0;1;1;0;0
"05/12/2021";"13:23:00";"129";"Acidente s";"431,35";"BR-386/RS";"Norte";"Choque Defensa";1;0;0;0;0;0;0;0;0;0;2;0;0;0;0
"06/12/2021";"04:10:00";"29";"Acidente s";"9";"BR-290/RS";"Leste";"Saída de pista";1;0;0;0;0;0;0;0;0;0;2;0;0;0;0
"06/12/2021";"05:47:00";"49";"Acidente s";"284";"BR-386/RS";"Sul";"Choque com objeto sobre a pista";1;0;0;0;0;0;0;1;0;0;3;0;0;0;0
"06/12/2021";"06:11:00";"52";"Acidente s";"12";"BR-290/RS";"Leste";"Saída de pista";1;0;0;0;0;0;0;0;0;0;1;0;0;0;0
"06/12/2021";"06:45:00";"56";"Acidente s";"424";"BR-386/RS";"Sul";"Queda de ribanceira";1;0;0;0;0;0;0;0;0;0;1;0;0;0;0
"06/12/2021";"06:51:00";"57";"Acidente s";"76";"BR-290/RS";"Leste";"Capotamento";1;0;0;0;0;0;0;0;0;0;1;0;0;0;0
"06/12/2021";"08:06:00";"78";"Acidente s";"419";"BR-386/RS";"Sul";"Queda de ribanceira";1;0;0;0;0;0;0;0;0;0;1;0;0;0;0
"06/12/2021";"08:08:00";"79";"Acidente s";"300";"BR-386/RS";"Sul";"Queda de ribanceira";1;0;0;0;0;0;0;0;0;0;3;0;0;0;0
"06/12/2021";"08:54:00";"96";"Acidente s";"65";"BR-290/RS";"Leste";"Choque Defensa";1;0;0;0;0;0;0;0;0;0;2;0;0;0;0
"06/12/2021";"11:50:00";"159";"Acidente s";"435";"BR-386/RS";"Sul";"Colisão - Transversal";2;0;0;0;0;0;0;0;0;0;3;0;0;0;0
"06/12/2021";"13:57:00";"188";"Acidente c";"373";"BR-386/RS";"Sul";"Queda de moto";0;0;0;1;0;0;0;0;0;0;0;1;0;0;0
"06/12/2021";"15:14:00";"203";"Acidente s";"334";"BR-386/RS";"Sul";"Colisão - Transversal";2;0;0;0;0;0;0;0;0;0;3;0;0;0;0
"06/12/2021";"17:10:00";"223";"Acidente c";"444";"BR-386/RS";"Sul";"Colisão - Lateral";1;0;0;1;0;0;0;0;0;0;1;1;0;0;0
"06/12/2021";"18:26:00";"235";"Acidente s";"86";"BR-290/RS";"Leste";"Colisão - Lateral";2;0;0;0;0;0;0;0;0;0;5;0;0;0;0
"06/12/2021";"23:11:00";"277";"Acidente s";"391";"BR-386/RS";"Sul";"Colisão - Lateral";2;0;0;0;0;0;0;0;0;0;3;0;0;0;0
"06/12/2021";"23:33:00";"279";"Acidente s";"394";"BR-386/RS";"Sul";"Atropelamento de Animal";0;0;0;0;0;1;0;0;0;0;1;0;0;0;0
"06/12/2021";"23:48:00";"281";"Acidente s";"382";"BR-386/RS";"Norte";"Colisão - Lateral";0;0;1;0;0;0;0;0;0;0;3;0;0;0;0
"06/12/2021";"23:56:00";"282";"Acidente s";"278";"BR-386/RS";"Norte";"Saída de pista";0;0;1;0;0;0;0;0;0;0;1;0;0;0;0
"07/12/2021";"00:55:00";"6";"Acidente s";"53";"BR-101/RS";"Norte";"Saída de pista";0;0;0;0;0;0;0;1;0;0;1;0;0;0;0
"07/12/2021";"06:31:00";"47";"Acidente s";"202";"BR-386/RS";"Sul";"Choque Praça - Cabine";0;0;0;0;0;0;0;0;0;0;1;0;0;0;0
"07/12/2021";"10:59:00";"134";"Acidente s";"298";"BR-386/RS";"Sul";"Colisão - Lateral";0;0;1;0;0;0;0;1;0;0;2;0;0;0;0
"07/12/2021";"12:18:00";"152";"Acidente s";"434";"BR-386/RS";"Norte";"Colisão - Lateral";2;0;0;0;0;0;0;0;0;0;1;0;0;0;0
"07/12/2021";"15:26:00";"188";"Acidente c";"412";"BR-386/RS";"Sul";"Colisão - Lateral";1;0;0;1;0;0;0;0;0;0;2;1;0;0;0
"08/12/2021";"00:48:00";"6";"Acidente s";"47";"BR-101/RS";"Norte";"Saída de pista";0;0;0;0;0;0;0;1;0;0;1;0;0;0;0
"08/12/2021";"08:01:00";"74";"Acidente c";"26";"BR-290/RS";"Oeste";"Colisão - Lateral";2;0;0;0;0;0;0;0;0;0;4;1;0;0;0
"08/12/2021";"10:36:00";"131";"Acidente c";"75";"BR-290/RS";"Oeste";"Queda de ribanceira";0;0;0;0;0;0;0;1;0;0;0;1;0;0;0
"08/12/2021";"14:10:00";"177";"Acidente c";"344";"BR-386/RS";"Norte";"Queda de moto";1;0;0;1;0;0;0;0;0;0;0;1;0;0;0
"08/12/2021";"18:31:00";"252";"Acidente c";"435";"BR-386/RS";"Norte";"Colisão - Transversal";1;0;0;3;0;0;0;0;0;0;1;2;1;0;0
"08/12/2021";"22:58:00";"298";"Acidente s";"73";"BR-290/RS";"Oeste";"Colisão - Traseira";1;0;0;0;0;0;0;0;0;1;2;0;0;0;0
"09/12/2021";"00:58:00";"5";"Acidente s";"19";"BR-101/RS";"Sul";"Colisão - Transversal";2;0;0;0;0;0;0;0;0;0;3;0;0;0;0
"09/12/2021";"16:00:00";"228";"Acidente s";"241";"BR-386/RS";"Norte";"Colisão - Transversal";2;0;0;0;0;0;0;0;0;0;2;0;0;0;0
"10/12/2021";"03:48:00";"19";"Acidente s";"84";"BR-290/RS";"Leste";"Saída de pista";1;0;0;0;0;0;0;0;0;0;1;0;0;0;0
"10/12/2021";"07:34:00";"76";"Acidente s";"3";"BR-448/RS";"Norte";"Colisão - Traseira";1;0;0;1;0;0;0;0;0;0;4;0;0;0;0
"10/12/2021";"09:04:00";"118";"Acidente c";"92";"BR-290/RS";"Leste";"Colisão - Lateral";2;0;0;0;0;0;0;0;0;0;0;3;0;0;0
"10/12/2021";"12:47:00";"171";"Acidente c";"415";"BR-386/RS";"Sul";"Queda de moto";0;0;0;1;0;0;0;0;0;0;0;0;1;0;0
"10/12/2021";"19:39:00";"275";"Acidente s";"270";"BR-386/RS";"Sul";"Colisão - Transversal";2;0;0;0;0;0;0;0;0;0;3;0;0;0;0
"11/12/2021";"05:00:00";"18";"Acidente c";"355";"BR-386/RS";"Sul";"Colisão - Traseira";0;0;0;1;0;0;0;0;0;0;0;1;0;0;0
"11/12/2021";"05:21:00";"22";"Acidente c";"94";"BR-290/RS";"Leste";"Choque Barreira";1;0;0;0;0;0;0;0;0;0;0;1;0;0;0
"11/12/2021";"05:49:00";"24";"Atropelame";"70";"BR-101/RS";"Sul";"Atropelamento - Andarilho";1;0;0;0;0;0;0;0;0;0;1;0;0;1;0
"11/12/2021";"10:07:00";"78";"Acidente s";"375";"BR-386/RS";"Norte";"Choque Praça - Submarino";1;0;0;0;0;0;0;0;0;0;1;0;0;0;0
"11/12/2021";"10:45:00";"89";"Acidente s";"19";"BR-290/RS";"Leste";"Colisão - Traseira";1;0;0;0;0;1;0;0;0;0;3;0;0;0;0
"11/12/2021";"19:57:00";"201";"Acidente c";"269";"BR-386/RS";"Sul";"Colisão - Transversal";2;0;0;0;0;0;0;0;0;0;3;1;0;0;0
"11/12/2021";"20:03:00";"203";"Acidente c";"349";"BR-386/RS";"Sul";"Engavetamento";3;0;0;0;0;0;0;0;0;0;4;1;0;0;0
"11/12/2021";"20:28:00";"212";"Acidente s";"416";"BR-386/RS";"Norte";"Saída de pista";1;0;0;0;0;0;0;0;0;0;1;0;0;0;0
"11/12/2021";"21:42:00";"221";"Acidente c";"69";"BR-290/RS";"Oeste";"Saída de pista";1;0;0;0;0;0;0;0;0;0;0;1;0;0;0
"12/12/2021";"00:27:00";"4";"Acidente s";"2";"BR-101/RS";"Sul";"Atropelamento de Animal";0;0;0;0;0;1;0;0;0;0;1;0;0;0;0
"12/12/2021";"00:32:00";"6";"Acidente c";"46";"BR-101/RS";"Sul";"Colisão - Traseira";2;0;0;0;0;0;0;0;0;0;3;0;1;0;0
"12/12/2021";"04:20:00";"20";"Acidente s";"242";"BR-386/RS";"Sul";"Saída de pista";1;0;0;0;0;0;0;0;0;0;2;0;0;0;0
"12/12/2021";"04:59:00";"24";"Acidente s";"53";"BR-101/RS";"Sul";"Saída de pista";0;0;0;0;0;0;0;1;0;0;1;0;0;0;0
"12/12/2021";"07:46:00";"44";"Acidente s";"86";"BR-101/RS";"Norte";"Colisão - Traseira";3;0;0;0;0;0;0;0;0;0;7;0;0;0;0
"12/12/2021";"15:13:00";"123";"Acidente c";"343";"BR-386/RS";"Norte";"Colisão - Lateral";1;0;0;1;0;0;0;0;0;0;4;1;0;0;0
"13/12/2021";"01:51:00";"14";"Acidente s";"95";"BR-290/RS";"Oeste";"Choque Barreira";1;0;0;0;0;0;0;0;0;0;1;0;0;0;0
"13/12/2021";"02:30:00";"19";"Acidente c";"62";"BR-290/RS";"Oeste";"Tombamento";0;0;0;0;0;0;0;0;0;0;45;2;0;0;0
"13/12/2021";"07:32:00";"74";"Acidente s";"431";"BR-386/RS";"Norte";"Choque com veículo no acostamento";2;0;0;0;0;0;0;0;0;0;2;0;0;0;0
"13/12/2021";"09:12:00";"132";"Acidente s";"184";"BR-386/RS";"Sul";"Atropelamento de Animal";1;0;0;0;0;0;0;0;0;0;2;0;0;0;0
"13/12/2021";"09:24:00";"136";"Acidente s";"8";"BR-101/RS";"Sul";"Tombamento";0;0;0;0;0;0;0;0;0;0;2;0;0;0;0
"13/12/2021";"14:56:00";"247";"Acidente c";"76";"BR-101/RS";"Norte";"Capotamento";1;0;0;0;0;0;0;0;0;0;0;0;2;0;0
"13/12/2021";"15:28:00";"258";"Acidente c";"185";"BR-386/RS";"Norte";"Queda de ribanceira";0;0;0;0;0;0;0;0;0;1;2;0;1;0;0
"13/12/2021";"17:03:00";"286";"Acidente s";"47";"BR-290/RS";"Oeste";"Saída de pista";0;0;0;0;0;0;0;0;0;1;2;0;0;0;0
"13/12/2021";"18:38:00";"325";"Acidente c";"348";"BR-386/RS";"Norte";"Colisão - Transversal";1;0;0;1;0;0;0;0;0;0;2;1;0;0;0