data;horario;n_da_ocorrencia;tipo_de_ocorrencia;km;trecho;sentido;tipo_de_acidente;automovel;bicicleta;caminhao;moto;onibus;outros;tracao_animal;transporte_de_cargas_especiais;trator_maquinas;utilitarios;ilesos;levemente_feridos;moderadamente_feridos;gravemente_feridos;mortos
"13/12/2021";"18:55:00";"333";"Acidente s";"425";"BR-386/RS";"Sul";"Colisão - Lateral";0;0;0;0;0;1;0;0;0;1;2;0;0;0;0
"13/12/2021";"22:19:00";"366";"Acidente c";"260";"BR-386/RS";"Norte";"Saída de pista";0;0;0;0;0;0;0;1;0;0;0;0;1;0;0
"14/12/2021";"07:52:00";"78";"Acidente c";"395";"BR-386/RS";"Norte";"Saída de pista";1;0;0;0;0;0;0;0;0;0;0;1;0;0;0
"14/12/2021";"08:18:00";"90";"Acidente s";"440";"BR-386/RS";"Norte";"Saída de pista";1;0;0;0;0;0;0;0;0;1;3;0;0;0;0
"14/12/2021";"11:16:00";"126";"Acidente s";"19";"BR-290/RS";"Oeste";"Choque Praça - Cabine";0;0;0;0;0;1;0;0;0;0;2;0;0;0;0
"14/12/2021";"11:16:00";"125";"Acidente s";"303";"BR-386/RS";"Sul";"Saída de pista";0;0;1;0;0;0;0;0;0;0;1;0;0;0;0
"14/12/2021";"13:16:00";"136";"Acidente s";"283";"BR-386/RS";"Sul";"Saída de pista";1;0;0;0;0;0;0;0;0;0;1;0;0;0;0
"14/12/2021";"13:34:00";"137";"Acidente s";"22";"BR-448/RS";"Sul";"Choque Barreira";1;0;0;0;0;0;0;0;0;0;1;0;0;0;0
"14/12/2021";"13:40:00";"138";"Acidente s";"440";"BR-386/RS";"Sul";"Queda de ribanceira";1;0;0;0;0;0;0;0;0;0;2;0;0;0;0
"14/12/2021";"14:10:00";"141";"Acidente s";"227";"BR-386/RS";"Sul";"Saída de pista";0;0;0;0;0;0;0;1;0;0;1;0;0;0;0
"14/12/2021";"15:08:00";"159";"Acidente s";"24";"BR-290/RS";"Oeste";"Saída de pista";1;0;0;0;0;0;0;0;0;0;1;0;0;0;0
"14/12/2021";"20:36:00";"235";"Acidente s";"424";"BR-386/RS";"Sul";"Colisão - Traseira";1;0;0;0;0;0;0;0;0;0;3;0;0;0;0
"14/12/2021";"20:43:00";"238";"Acidente c";"36";"BR-101/RS";"Norte";"Choque Defensa";1;0;0;0;0;0;0;0;0;0;2;0;0;0;0
"14/12/2021";"20:53:00";"241";"Acidente s";"36";"BR-101/RS";"Norte";"Colisão - Traseira";0;0;0;0;0;0;0;2;0;0;2;0;0;0;0
"15/12/2021";"03:39:00";"8";"Acidente c";"380";"BR-386/RS";"Norte";"Tombamento";0;0;0;0;0;0;0;1;0;0;0;0;1;0;0
"15/12/2021";"04:34:00";"11";"Acidente s";"291";"BR-386/RS";"Sul";"Saída de pista";0;0;0;0;0;0;0;0;0;0;1;0;0;0;0
"15/12/2021";"05:55:00";"27";"Acidente s";"73";"BR-290/RS";"Oeste";"Queda de moto";0;0;0;1;0;0;0;0;0;0;1;0;0;0;0
"15/12/2021";"06:29:00";"34";"Acidente s";"16";"BR-101/RS";"Sul";"Choque Barreira";1;0;0;0;0;0;0;0;0;0;1;0;0;0;0
"15/12/2021";"08:27:00";"79";"Acidente c";"393";"BR-386/RS";"Norte";"Tombamento";0;0;1;0;0;0;0;0;0;0;0;1;0;0;0
"15/12/2021";"09:10:00";"97";"Acidente s";"88";"BR-290/RS";"Oeste";"Colisão - Traseira";1;0;0;0;0;1;0;0;0;0;2;0;0;0;0
"15/12/2021";"10:12:00";"112";"Acidente c";"356";"BR-386/RS";"Norte";"Colisão - Lateral";1;0;1;0;0;0;0;0;0;0;1;1;0;0;0
"15/12/2021";"14:36:00";"167";"Acidente c";"95";"BR-290/RS";"Leste";"Colisão - Traseira";1;0;0;1;0;0;0;0;0;0;2;1;0;0;0
"15/12/2021";"17:48:00";"189";"Acidente c";"75";"BR-290/RS";"Leste";"Engavetamento";2;0;0;0;0;1;0;0;0;0;5;1;0;0;0
"15/12/2021";"18:08:00";"193";"Acidente s";"436";"BR-386/RS";"Sul";"Colisão - Transversal";2;0;0;0;0;0;0;0;0;0;3;0;0;0;0
"15/12/2021";"20:19:00";"224";"Acidente c";"87";"BR-290/RS";"Leste";"Atropelamento de Animal";0;0;0;1;0;0;0;0;0;0;0;0;1;0;0
"16/12/2021";"06:07:00";"24";"Acidente s";"80";"BR-290/RS";"Leste";"Saída de pista";1;0;0;0;0;0;0;0;0;0;1;0;0;0;0
"16/12/2021";"11:30:00";"115";"Acidente s";"10";"BR-448/RS";"Norte";"Choque Defensa";1;0;0;0;0;0;0;0;0;0;1;0;0;0;0
"16/12/2021";"15:16:00";"159";"Acidente s";"426";"BR-386/RS";"Sul";"Colisão - Traseira";2;0;0;0;0;0;0;0;0;0;2;0;0;0;0
"16/12/2021";"16:20:00";"183";"Acidente c";"11";"BR-290/RS";"Leste";"Queda de moto";0;0;0;1;0;0;0;0;0;0;0;0;1;0;0
"16/12/2021";"16:46:00";"190";"Acidente c";"21";"BR-101/RS";"Sul";"Choque Barreira";1;0;0;0;0;0;0;0;0;0;1;4;0;0;0
"16/12/2021";"16:57:00";"192";"Acidente c";"304";"BR-386/RS";"Norte";"Tombamento";0;0;0;0;0;0;0;1;0;0;1;1;0;0;0
"17/12/2021";"01:34:00";"10";"Acidente s";"373,51";"BR-386/RS";"Norte";"Saída de pista";1;0;0;0;0;0;0;0;0;0;2;0;0;0;0
"17/12/2021";"02:15:00";"12";"Atropelame";"68";"BR-290/RS";"Oeste";"Atropelamento - Morador/Trabalhador/Estudante";1;0;0;0;0;0;0;0;0;0;4;1;0;0;0
"17/12/2021";"07:21:00";"68";"Acidente s";"87";"BR-290/RS";"Oeste";"Colisão - Traseira";2;0;0;1;0;0;0;0;0;0;5;0;0;0;0
"17/12/2021";"07:43:00";"85";"Acidente s";"3";"BR-448/RS";"Norte";"Queda de moto";0;0;0;1;0;0;0;0;0;0;2;0;0;0;0
"17/12/2021";"10:44:00";"176";"Acidente s";"335";"BR-386/RS";"Norte";"Colisão - Traseira";1;0;0;0;0;0;0;0;0;0;4;0;0;0;0
"17/12/2021";"14:05:00";"231";"Acidente c";"90";"BR-290/RS";"Leste";"Capotamento";2;0;0;0;0;0;0;0;0;0;1;0;1;0;0
"17/12/2021";"15:41:00";"263";"Acidente s";"368";"BR-386/RS";"Norte";"Colisão - Traseira";2;0;0;0;0;1;0;0;0;0;4;0;0;0;0
"17/12/2021";"16:00:00";"267";"Acidente c";"234";"BR-386/RS";"Norte";"Choque com veículo na faixa de rolamento";2;0;0;0;0;0;0;1;0;0;2;2;0;0;0
"17/12/2021";"16:44:00";"278";"Atropelame";"430";"BR-386/RS";"Sul";"Atropelamento - Morador/Trabalhador/Estudante";0;0;0;1;0;0;0;0;0;1;1;0;0;0;1
"17/12/2021";"16:51:00";"280";"Acidente s";"345";"BR-386/RS";"Norte";"Colisão - Traseira";2;0;0;0;0;1;0;0;0;0;3;0;0;0;0
"17/12/2021";"20:29:00";"332";"Acidente s";"247";"BR-386/RS";"Norte";"Colisão - Lateral";2;0;0;0;0;0;0;0;0;0;3;0;0;0;0
"18/12/2021";"00:10:00";"3";"Acidente c";"79";"BR-101/RS";"Norte";"Saída de pista";1;0;0;0;0;0;0;0;0;0;0;1;0;0;0
"18/12/2021";"01:35:00";"9";"Acidente s";"68";"BR-290/RS";"Oeste";"Saída de pista";1;0;0;0;0;0;0;0;0;0;1;0;0;0;0
"18/12/2021";"10:25:00";"138";"Acidente c";"35";"BR-290/RS";"Leste";"Colisão - Traseira";1;0;0;0;0;0;0;0;0;0;2;0;0;3;0
"18/12/2021";"11:10:00";"155";"Acidente s";"204";"BR-386/RS";"Norte";"Saída de pista";1;0;0;0;0;0;0;0;0;0;1;0;0;0;0
"18/12/2021";"16:46:00";"247";"Acidente s";"22";"BR-448/RS";"Norte";"Colisão - Lateral";2;0;0;0;0;0;0;0;0;0;4;0;0;0;0
"18/12/2021";"18:12:00";"265";"Acidente s";"93";"BR-290/RS";"Leste";"Queda de moto";0;0;0;1;0;0;0;0;0;0;2;0;0;0;0
"18/12/2021";"20:39:00";"290";"Acidente s";"362";"BR-386/RS";"Sul";"Colisão - Lateral";1;0;0;0;0;0;0;0;0;0;5;0;0;0;0
"18/12/2021";"21:00:00";"296";"Acidente s";"41";"BR-290/RS";"Leste";"Queda de moto";0;0;0;1;0;0;0;0;0;0;1;0;0;0;0
"18/12/2021";"23:18:00";"313";"Acidente s";"12";"BR-290/RS";"Oeste";"Colisão - Lateral";2;0;0;0;0;0;0;0;0;0;4;0;0;0;0
"19/12/2021";"01:05:00";"4";"Acidente c";"283";"BR-386/RS";"Norte";"Colisão - Frontal";1;0;0;0;0;0;0;0;0;0;3;0;0;2;1
"19/12/2021";"04:08:00";"15";"Acidente c";"352";"BR-386/RS";"Norte";"Saída de pista";1;0;0;0;0;0;0;0;0;0;0;1;0;0;0
"19/12/2021";"05:01:00";"17";"Acidente c";"8";"BR-101/RS";"Norte";"Saída de pista";2;0;0;0;0;0;0;0;0;0;1;0;1;0;0
"19/12/2021";"06:09:00";"26";"Acidente s";"74";"BR-290/RS";"Oeste";"Saída de pista";1;0;0;0;0;0;0;0;0;0;1;0;0;0;0
"19/12/2021";"06:31:00";"32";"Acidente s";"60,18";"BR-290/RS";"Oeste";"Colisão - Traseira";2;0;0;0;0;0;0;0;0;0;2;0;0;0;0
"19/12/2021";"07:32:00";"48";"Acidente s";"282";"BR-386/RS";"Norte";"Queda de moto";0;0;0;1;0;1;0;0;0;0;1;0;0;0;0
"19/12/2021";"08:32:00";"59";"Acidente s";"67";"BR-101/RS";"Norte";"Queda de ribanceira";1;0;0;0;0;0;0;0;0;0;4;0;0;0;0
"19/12/2021";"08:51:00";"61";"Acidente c";"341";"BR-386/RS";"Norte";"Colisão - Traseira";2;0;0;0;0;1;0;0;0;0;4;1;0;0;0
"19/12/2021";"09:41:00";"70";"Acidente s";"60";"BR-290/RS";"Oeste";"Colisão - Lateral";1;0;0;0;0;0;0;0;0;0;2;0;0;0;0
"19/12/2021";"10:22:00";"79";"Acidente c";"6";"BR-290/RS";"Leste";"Choque com objeto sobre a pista";1;0;0;0;0;0;0;0;0;0;1;1;0;0;0
"19/12/2021";"12:26:00";"110";"Acidente s";"49";"BR-290/RS";"Leste";"Saída de pista";1;0;0;0;0;0;0;0;0;0;1;0;0;0;0
"19/12/2021";"15:03:00";"146";"Acidente c";"25";"BR-290/RS";"Oeste";"Capotamento";1;0;0;0;0;0;0;0;0;0;0;0;2;2;0
"20/12/2021";"00:52:00";"5";"Atropelame";"90";"BR-290/RS";"Leste";"Atropelamento - Andarilho";1;0;0;0;0;0;0;0;0;0;1;0;0;0;1
"20/12/2021";"08:45:00";"107";"Acidente s";"92";"BR-290/RS";"Leste";"Choque Barreira";1;0;0;0;0;0;0;0;0;0;3;0;0;0;0
"20/12/2021";"10:12:00";"135";"Acidente s";"288";"BR-386/RS";"Ambos";"Colisão - Lateral";2;0;0;0;0;0;0;0;0;0;4;0;0;0;0
"20/12/2021";"12:36:00";"181";"Acidente s";"82";"BR-290/RS";"Leste";"Queda de ribanceira";1;0;0;0;0;0;0;0;0;0;1;0;0;0;0
"20/12/2021";"17:47:00";"264";"Acidente s";"88";"BR-290/RS";"Leste";"Engavetamento";3;0;0;0;0;0;0;0;0;0;4;0;0;0;0
"20/12/2021";"18:21:00";"271";"Acidente s";"87";"BR-290/RS";"Leste";"Engavetamento";3;0;0;0;0;0;0;0;0;0;3;0;0;0;0
"20/12/2021";"18:51:00";"278";"Acidente c";"92";"BR-290/RS";"Oeste";"Queda de moto";0;0;0;1;0;0;0;0;0;0;0;1;1;0;0
"20/12/2021";"20:07:00";"303";"Acidente c";"19";"BR-101/RS";"Norte";"Saída de pista";1;0;0;0;0;0;0;0;0;0;0;1;1;0;0
"21/12/2021";"05:20:00";"25";"Acidente s";"412";"BR-386/RS";"Norte";"Choque Talude";1;0;0;0;0;0;0;0;0;0;1;0;0;0;0
"21/12/2021";"08:30:00";"91";"Acidente s";"344";"BR-386/RS";"Sul";"Choque com veículo na faixa de rolamento";4;0;0;0;0;0;0;0;0;0;6;0;0;0;0
"21/12/2021";"08:52:00";"97";"Acidente s";"345";"BR-386/RS";"Sul";"Colisão - Traseira";1;0;0;0;0;0;0;0;0;0;1;0;0;0;0
"21/12/2021";"11:00:00";"132";"Acidente s";"386";"BR-386/RS";"Sul";"Colisão - Lateral";2;0;0;0;0;0;0;0;0;0;4;0;0;0;0
"21/12/2021";"12:45:00";"154";"Acidente c";"61";"BR-290/RS";"Leste";"Queda de ribanceira";0;0;0;0;0;0;0;0;0;1;1;0;1;0;0
"21/12/2021";"13:08:00";"155";"Acidente s";"426";"BR-386/RS";"Sul";"Colisão - Traseira";0;0;0;0;0;0;0;0;0;1;2;0;0;0;0
"21/12/2021";"14:20:00";"172";"Acidente s";"414";"BR-386/RS";"Sul";"Colisão - Lateral";1;0;1;0;0;0;0;0;0;0;2;0;0;0;0
"21/12/2021";"16:56:00";"211";"Acidente c";"75";"BR-290/RS";"Oeste";"Queda de moto";1;0;0;0;0;0;0;0;0;0;0;1;0;0;0
"21/12/2021";"17:29:00";"220";"Acidente s";"76";"BR-101/RS";"Norte";"Saída de pista";1;0;0;0;0;0;0;0;0;0;2;0;0;0;0
"21/12/2021";"19:37:00";"251";"Acidente c";"5";"BR-290/RS";"Leste";"Queda de moto";0;0;0;1;0;0;0;0;0;0;1;1;0;0;0
"22/12/2021";"01:11:00";"9";"Acidente s";"35";"BR-290/RS";"Leste";"Tombamento";0;0;1;0;0;0;0;0;0;0;1;0;0;0;0
"22/12/2021";"07:11:00";"50";"Acidente s";"359";"BR-386/RS";"Sul";"Colisão - Traseira";2;0;0;0;0;0;0;0;0;0;4;0;0;0;0
"22/12/2021";"08:11:00";"82";"Acidente s";"95";"BR-290/RS";"Oeste";"Engavetamento";3;0;0;0;0;0;0;0;0;0;7;0;0;0;0
"22/12/2021";"09:34:00";"124";"Acidente s";"11";"BR-448/RS";"Norte";"Choque Defensa";0;0;1;0;0;0;0;0;0;0;1;0;0;0;0
"22/12/2021";"10:20:00";"144";"Acidente s";"251,22";"BR-386/RS";"Norte";"Colisão - Traseira";0;0;0;0;0;1;0;0;0;0;2;0;0;0;0
"22/12/2021";"12:04:00";"181";"Acidente s";"392";"BR-386/RS";"Norte";"Colisão - Traseira";2;0;0;0;0;0;0;0;0;0;5;0;0;0;0
"22/12/2021";"12:58:00";"192";"Acidente c";"347";"BR-386/RS";"Norte";"Colisão - Traseira";1;0;0;1;0;0;0;0;0;0;1;0;1;0;0
"22/12/2021";"17:27:00";"256";"Acidente s";"435";"BR-386/RS";"Sul";"Colisão - Traseira";2;0;0;0;0;0;0;0;0;0;4;0;0;0;0
"23/12/2021";"01:28:00";"4";"Acidente s";"86";"BR-290/RS";"Leste";"Choque Defensa";1;0;0;0;0;0;0;0;0;0;1;0;0;0;0
"23/12/2021";"06:17:00";"33";"Acidente s";"187";"BR-386/RS";"Ambos";"Saída de pista";1;0;0;0;0;0;0;0;0;0;4;0;0;0;0
"23/12/2021";"06:48:00";"48";"Acidente s";"35";"BR-290/RS";"Leste";"Colisão - Lateral";1;0;0;0;0;1;0;0;0;0;3;0;0;0;0
"23/12/2021";"07:30:00";"71";"Acidente s";"343";"BR-386/RS";"Norte";"Colisão - Traseira";2;0;0;0;0;0;0;0;0;0;4;0;0;0;0
"23/12/2021";"08:17:00";"94";"Acidente c";"234";"BR-386/RS";"Norte";"Colisão - Transversal";2;0;0;0;0;0;0;1;0;0;3;0;2;0;0
"23/12/2021";"08:26:00";"98";"Acidente s";"342";"BR-386/RS";"Norte";"Engavetamento";3;0;0;0;0;0;0;0;0;0;11;0;0;0;0
"23/12/2021";"09:48:00";"141";"Acidente s";"242";"BR-386/RS";"Norte";"Colisão - Traseira";2;0;0;0;0;0;0;0;0;0;2;0;0;0;0
"23/12/2021";"10:42:00";"163";"Acidente s";"344";"BR-386/RS";"Norte";"Colisão - Traseira";2;0;0;0;0;0;0;0;0;0;4;0;0;0;0
"23/12/2021";"11:56:00";"190";"Acidente c";"15";"BR-290/RS";"Oeste";"Colisão - Lateral";2;0;0;0;0;0;0;0;0;0;4;2;1;0;0
"23/12/2021";"13:27:00";"226";"Acidente c";"21,31";"BR-448/RS";"Norte";"Queda de moto";0;0;0;1;0;0;0;0;0;0;0;0;1;0;0
"23/12/2021";"15:59:00";"285";"Acidente c";"42";"BR-290/RS";"Oeste";"Capotamento";1;0;0;0;0;0;0;0;0;0;1;1;0;0;0
"23/12/2021";"16:55:00";"304";"Acidente s";"351";"BR-386/RS";"Sul";"Colisão - Traseira";1;0;1;0;0;0;0;0;0;0;2;0;0;0;0
"23/12/2021";"20:24:00";"366";"Acidente c";"417";"BR-386/RS";"Sul";"Colisão - Transversal";2;0;0;0;0;0;0;0;0;0;2;2;0;1;0
"23/12/2021";"22:54:00";"393";"Acidente c";"407";"BR-386/RS";"Norte";"Colisão - Frontal";5;0;0;0;0;0;0;0;0;0;2;5;3;1;0
"24/12/2021";"07:22:00";"57";"Acidente c";"26";"BR-290/RS";"Oeste";"Queda de ribanceira";1;0;0;0;0;0;0;0;0;0;0;3;1;0;0
"24/12/2021";"07:26:00";"60";"Acidente s";"277";"BR-386/RS";"Norte";"Colisão - Traseira";2;0;0;0;0;0;0;0;0;0;6;0;0;0;0
"24/12/2021";"07:55:00";"69";"Acidente s";"340";"BR-386/RS";"Norte";"Colisão - Traseira";2;0;0;0;0;0;0;0;0;0;6;0;0;0;0
"24/12/2021";"08:11:00";"71";"Acidente s";"205";"BR-386/RS";"Norte";"Colisão - Traseira";2;0;0;0;0;0;0;0;0;0;5;0;0;0;0
"24/12/2021";"09:30:00";"98";"Acidente c";"72";"BR-101/RS";"Sul";"Capotamento";1;0;0;0;0;0;0;0;0;0;2;0;1;0;0
"24/12/2021";"09:46:00";"108";"Acidente s";"268";"BR-386/RS";"Sul";"Queda de ribanceira";1;0;0;0;0;0;0;0;0;0;1;0;0;0;0
"24/12/2021";"11:35:00";"140";"Acidente s";"42";"BR-290/RS";"Oeste";"Queda de ribanceira";1;0;0;0;0;0;0;0;0;0;1;0;0;0;0
"24/12/2021";"12:16:00";"153";"Acidente s";"13";"BR-448/RS";"Norte";"Colisão - Traseira";1;0;0;0;0;0;0;0;0;1;3;0;0;0;0
"24/12/2021";"12:46:00";"160";"Acidente s";"59";"BR-290/RS";"Oeste";"Queda de ribanceira";1;0;0;0;0;0;0;0;0;0;3;0;0;0;0
"24/12/2021";"14:36:00";"186";"Acidente c";"66";"BR-290/RS";"Leste";"Capotamento";2;0;0;0;0;0;0;0;0;0;5;1;0;0;0
"24/12/2021";"17:28:00";"239";"Acidente s";"22";"BR-448/RS";"Sul";"Choque Barreira";1;0;0;0;0;0;0;0;0;0;1;0;0;0;0
"24/12/2021";"21:15:00";"286";"Acidente s";"3";"BR-448/RS";"Sul";"Choque Defensa";1;0;0;0;0;0;0;0;0;0;1;0;0;0;0
"25/12/2021";"00:59:00";"8";"Acidente s";"69";"BR-101/RS";"Norte";"Saída de pista";1;0;0;0;0;0;0;0;0;0;1;0;0;0;0
"25/12/2021";"02:03:00";"16";"Acidente s";"69";"BR-101/RS";"Norte";"Saída de pista";1;0;0;0;0;0;0;0;0;0;1;0;0;0;0
"25/12/2021";"02:47:00";"18";"Acidente s";"72";"BR-101/RS";"Sul";"Saída de pista";1;0;0;0;0;0;0;0;0;0;1;0;0;0;0
"25/12/2021";"06:47:00";"35";"Acidente c";"43";"BR-290/RS";"Leste";"Capotamento";1;0;0;0;0;0;0;0;0;0;0;0;2;1;0
"25/12/2021";"09:21:00";"58";"Acidente s";"350";"BR-386/RS";"Norte";"Queda de ribanceira";1;0;0;0;0;0;0;0;0;0;1;0;0;0;0
"25/12/2021";"19:06:00";"186";"Acidente c";"53";"BR-290/RS";"Oeste";"Saída de pista";1;0;0;0;0;0;0;0;0;0;0;2;0;0;0
"26/12/2021";"06:29:00";"35";"Acidente s";"63";"BR-101/RS";"Norte";"Capotamento";1;0;0;0;0;0;0;0;0;0;1;0;0;0;0
"26/12/2021";"06:59:00";"37";"Acidente s";"307";"BR-386/RS";"Norte";"Queda de moto";0;0;0;1;0;0;0;0;0;0;2;0;0;0;0
"26/12/2021";"08:12:00";"52";"Acidente s";"22";"BR-448/RS";"Norte";"Choque Barreira";1;0;0;0;0;0;0;0;0;0;2;0;0;0;0
"26/12/2021";"08:24:00";"54";"Acidente s";"22";"BR-448/RS";"Norte";"Choque Barreira";1;0;0;0;0;0;0;0;0;0;1;0;0;0;0
"26/12/2021";"09:45:00";"69";"Acidente s";"219";"BR-386/RS";"Sul";"Colisão - Lateral";2;0;0;0;0;0;0;0;0;0;2;0;0;0;0
"26/12/2021";"14:17:00";"125";"Acidente s";"426";"BR-386/RS";"Sul";"Colisão - Traseira";2;0;0;0;0;0;0;0;0;0;4;0;0;0;0
"26/12/2021";"14:35:00";"131";"Acidente s";"411";"BR-386/RS";"Sul";"Choque Defensa";1;0;0;0;0;0;0;0;0;0;1;0;0;0;0
"27/12/2021";"00:13:00";"1";"Acidente s";"407";"BR-386/RS";"Sul";"Saída de pista";1;0;0;0;0;0;0;0;0;0;1;0;0;0;0
"27/12/2021";"06:38:00";"44";"Acidente s";"23";"BR-290/RS";"Oeste";"Colisão - Traseira";2;0;0;0;0;0;0;0;0;0;5;0;0;0;0
"27/12/2021";"06:59:00";"56";"Acidente c";"56";"BR-290/RS";"Oeste";"Colisão - Lateral";2;0;0;0;0;0;0;0;0;0;4;2;0;0;0
"27/12/2021";"07:33:00";"76";"Acidente c";"95";"BR-290/RS";"Leste";"Colisão - Lateral";0;0;0;1;0;0;0;0;0;0;1;1;0;0;0
"27/12/2021";"11:47:00";"183";"Acidente s";"289";"BR-386/RS";"Sul";"Colisão - Traseira";1;0;0;0;0;1;0;0;0;0;3;0;0;0;0
"27/12/2021";"13:05:00";"216";"Acidente s";"310";"BR-386/RS";"Sul";"Colisão - Lateral";2;0;0;0;0;0;0;0;0;0;7;0;0;0;0
"27/12/2021";"14:59:00";"270";"Acidente c";"20";"BR-101/RS";"Sul";"Colisão - Transversal";2;0;0;0;0;0;0;0;0;0;3;1;0;0;0
"27/12/2021";"16:40:00";"305";"Acidente s";"375";"BR-386/RS";"Sul";"Colisão - Traseira";1;0;0;1;0;0;0;0;0;0;6;0;0;0;0
"27/12/2021";"18:33:00";"341";"Acidente s";"279";"BR-386/RS";"Sul";"Choque com objeto sobre a pista";1;0;0;0;0;0;0;0;0;0;1;0;0;0;0
"28/12/2021";"06:05:00";"28";"Acidente c";"20";"BR-290/RS";"Leste";"Capotamento";1;0;0;0;0;0;0;0;0;0;0;4;1;0;0
"28/12/2021";"08:31:00";"95";"Acidente s";"60";"BR-290/RS";"Leste";"Colisão - Traseira";2;0;0;0;0;0;0;0;0;0;5;0;0;0;0
"28/12/2021";"11:53:00";"165";"Acidente s";"202";"BR-386/RS";"Norte";"Saída de pista";1;0;1;0;0;0;0;0;0;0;7;0;0;0;0
"28/12/2021";"16:53:00";"239";"Acidente s";"88";"BR-290/RS";"Leste";"Colisão - Lateral";2;0;0;0;0;0;0;0;0;0;3;0;0;0;0
"28/12/2021";"18:30:00";"267";"Acidente s";"80";"BR-290/RS";"Leste";"Engavetamento";3;0;0;0;0;0;0;0;0;0;4;0;0;0;0
"29/12/2021";"01:46:00";"5";"Acidente s";"53";"BR-290/RS";"Oeste";"Colisão - Traseira";2;0;0;0;0;0;0;0;0;0;6;0;0;0;0
"29/12/2021";"03:52:00";"12";"Acidente s";"57";"BR-101/RS";"Norte";"Saída de pista";1;0;0;0;0;0;0;0;0;0;2;0;0;0;0
"29/12/2021";"07:49:00";"52";"Acidente c";"74";"BR-101/RS";"Sul";"Saída de pista";1;0;0;0;0;0;0;0;0;0;0;1;0;0;0
"29/12/2021";"08:30:00";"77";"Acidente s";"375";"BR-386/RS";"Sul";"Choque Praça - Cabine";0;0;1;0;0;0;0;0;0;0;1;0;0;0;0
"29/12/2021";"11:37:00";"127";"Acidente c";"80";"BR-101/RS";"Norte";"Colisão - Lateral";1;0;0;1;0;0;0;0;0;0;1;1;0;0;0
"29/12/2021";"13:13:00";"156";"Acidente c";"57";"BR-101/RS";"Sul";"Queda de moto";0;0;0;1;0;0;0;0;0;0;0;1;0;0;0
"29/12/2021";"14:01:00";"164";"Acidente s";"71";"BR-290/RS";"Oeste";"Saída de pista";0;0;0;0;0;0;0;1;0;0;1;0;0;0;0
"29/12/2021";"19:00:00";"228";"Acidente s";"45";"BR-290/RS";"Oeste";"Saída de pista";1;0;0;0;0;0;0;0;0;0;2;0;0;0;0
"29/12/2021";"19:56:00";"243";"Acidente c";"340";"BR-386/RS";"Sul";"Atropelamento de Animal";0;0;0;1;0;0;0;0;0;0;0;0;1;0;0
"30/12/2021";"04:41:00";"27";"Acidente s";"85";"BR-290/RS";"Oeste";"Choque Defensa";1;0;0;0;0;0;0;0;0;0;1;0;0;0;0
"30/12/2021";"10:39:00";"151";"Acidente s";"227";"BR-386/RS";"Norte";"Colisão - Lateral";1;0;1;0;0;0;0;0;0;0;4;0;0;0;0
"30/12/2021";"11:57:00";"183";"Acidente s";"69";"BR-290/RS";"Leste";"Colisão - Traseira";2;0;0;0;0;0;0;0;0;0;5;0;0;0;0
"30/12/2021";"15:00:00";"246";"Acidente s";"19";"BR-101/RS";"Sul";"Colisão - Transversal";2;0;0;0;0;0;0;0;0;0;7;0;0;0;0
"30/12/2021";"16:02:00";"263";"Acidente s";"356";"BR-386/RS";"Norte";"Saída de pista";1;0;0;0;0;0;0;0;0;0;4;0;0;0;0
"30/12/2021";"16:03:00";"264";"Acidente s";"91";"BR-290/RS";"Leste";"Colisão - Lateral";2;0;0;0;0;0;0;0;0;0;2;0;0;0;0
"30/12/2021";"16:32:00";"278";"Acidente c";"25";"BR-290/RS";"Leste";"Engavetamento";2;0;0;0;0;0;0;0;0;0;1;1;0;0;0
"30/12/2021";"16:35:00";"282";"Acidente s";"284";"BR-386/RS";"Sul";"Choque com objeto sobre a pista";1;0;0;0;0;0;0;0;0;0;1;0;0;0;0
"30/12/2021";"16:50:00";"286";"Acidente c";"93";"BR-290/RS";"Leste";"Colisão - Traseira";1;0;0;1;0;0;0;0;0;0;3;0;1;0;0
"30/12/2021";"18:28:00";"318";"Acidente s";"80";"BR-290/RS";"Leste";"Engavetamento";3;0;0;0;0;0;0;0;0;0;8;0;0;0;0
"30/12/2021";"21:42:00";"397";"Acidente s";"28";"BR-290/RS";"Leste";"Colisão - Traseira";1;0;0;1;0;0;0;0;0;0;6;0;0;0;0
"30/12/2021";"22:15:00";"415";"Acidente s";"55";"BR-101/RS";"Sul";"Saída de pista";1;0;0;0;0;0;0;0;0;0;4;0;0;0;0
"31/12/2021";"00:50:00";"17";"Acidente s";"4";"BR-290/RS";"Leste";"Saída de pista";1;0;0;0;0;0;0;0;0;0;1;0;0;0;0
"31/12/2021";"03:45:00";"51";"Acidente s";"230";"BR-386/RS";"Sul";"Saída de pista";0;0;1;0;0;0;0;0;0;0;1;0;0;0;0
"31/12/2021";"04:42:00";"59";"Acidente c";"19";"BR-290/RS";"Leste";"Colisão - Traseira";2;0;0;0;0;0;0;0;0;0;5;1;1;0;0
"31/12/2021";"07:57:00";"119";"Acidente s";"1";"BR-448/RS";"Norte";"Choque Defensa";0;0;0;0;0;0;0;0;0;1;1;0;0;0;0
"31/12/2021";"09:50:00";"167";"Acidente s";"296";"BR-386/RS";"Sul";"Colisão - Traseira";2;0;0;0;0;0;0;0;0;0;6;0;0;0;0
"31/12/2021";"11:23:00";"202";"Acidente s";"247";"BR-386/RS";"Sul";"Colisão - Lateral";3;0;0;0;0;1;0;0;0;0;7;0;0;0;0