data;horario;n_da_ocorrencia;tipo_de_ocorrencia;km;trecho;sentido;tipo_de_acidente;automovel;bicicleta;caminhao;moto;onibus;outros;tracao_animal;transporte_de_cargas_especiais;trator_maquinas;utilitarios;ilesos;levemente_feridos;moderadamente_feridos;gravemente_feridos;mortos
"17/01/2022";"08:42:00";"117";"Acidente s";"3";"BR-290/RS";"Oeste";"Colisão - Traseira";2;0;0;0;0;0;0;0;0;0;2;0;0;0;0
"17/01/2022";"09:41:00";"144";"Acidente s";"60";"BR-290/RS";"Oeste";"Colisão - Traseira";1;0;0;0;0;0;0;1;0;0;4;0;0;0;0
"17/01/2022";"11:41:00";"185";"Acidente s";"35";"BR-101/RS";"Norte";"Colisão - Traseira";2;0;0;0;0;0;0;0;0;0;2;0;0;0;0
"17/01/2022";"13:09:00";"215";"Acidente s";"392";"BR-386/RS";"Norte";"Colisão - Traseira";1;0;0;0;0;0;0;0;0;1;4;0;0;0;0
"17/01/2022";"14:47:00";"245";"Acidente s";"304";"BR-386/RS";"Sul";"Queda de ribanceira";1;0;0;0;0;0;0;0;0;0;3;0;0;0;0
"17/01/2022";"15:33:00";"264";"Acidente c";"10";"BR-448/RS";"Norte";"Engavetamento";0;0;3;0;0;0;0;0;0;0;4;0;0;0;2
"17/01/2022";"15:55:00";"269";"Acidente c";"343";"BR-386/RS";"Norte";"Queda de moto";1;0;0;0;0;0;0;0;0;0;0;1;0;0;0
"17/01/2022";"17:41:00";"301";"Acidente s";"57";"BR-290/RS";"Oeste";"Saída de pista";1;0;0;0;0;0;0;0;0;0;2;0;0;0;0
"17/01/2022";"19:14:00";"323";"Acidente c";"307";"BR-386/RS";"Sul";"Tombamento";0;0;0;0;0;0;0;1;0;0;0;1;0;0;0
"17/01/2022";"23:32:00";"367";"Atropelame";"94";"BR-290/RS";"Leste";"Atropelamento - Morador/Trabalhador/Estudante";0;0;0;0;0;0;0;0;0;1;1;0;0;0;1
"18/01/2022";"00:15:00";"3";"Acidente c";"39";"BR-290/RS";"Leste";"Colisão - Transversal";1;0;0;0;0;0;0;0;0;1;5;0;0;1;0
"18/01/2022";"04:11:00";"20";"Acidente c";"333";"BR-386/RS";"Sul";"Queda de ribanceira";1;0;1;0;0;0;0;0;0;0;1;0;3;2;0
"18/01/2022";"05:41:00";"27";"Acidente s";"85";"BR-290/RS";"Oeste";"Colisão - Lateral";1;0;0;0;0;0;0;0;0;1;2;0;0;0;0
"18/01/2022";"07:00:00";"51";"Acidente c";"51";"BR-290/RS";"Oeste";"Colisão - Traseira";1;0;0;0;0;1;0;0;0;0;1;3;1;0;0
"18/01/2022";"10:22:00";"130";"Acidente c";"402";"BR-386/RS";"Norte";"Queda de ribanceira";1;0;0;0;0;0;0;0;0;0;0;1;0;0;0
"18/01/2022";"13:57:00";"179";"Acidente c";"355";"BR-386/RS";"Sul";"Capotamento";1;0;0;0;0;0;0;0;0;0;0;0;1;0;0
"18/01/2022";"14:24:00";"188";"Acidente c";"331";"BR-386/RS";"Norte";"Colisão - Lateral";2;0;0;0;0;0;0;0;0;0;1;2;1;0;0
"18/01/2022";"15:06:00";"199";"Acidente s";"72";"BR-290/RS";"Oeste";"Colisão - Traseira";2;0;0;0;0;0;0;0;0;0;4;0;0;0;0
"18/01/2022";"17:19:00";"230";"Acidente c";"414";"BR-386/RS";"Sul";"Saída de pista";1;0;0;0;0;0;0;0;0;0;1;0;1;0;0
"18/01/2022";"19:48:00";"252";"Acidente s";"220";"BR-386/RS";"Norte";"Colisão - Lateral";1;0;0;0;0;0;0;1;0;0;2;0;0;0;0
"19/01/2022";"06:07:00";"28";"Acidente s";"75";"BR-290/RS";"Leste";"Queda de ribanceira";1;0;0;0;0;0;0;0;0;0;1;0;0;0;0
"19/01/2022";"07:19:00";"42";"Acidente s";"394";"BR-386/RS";"Norte";"Queda de ribanceira";0;0;1;0;0;0;0;0;0;0;1;0;0;0;0
"19/01/2022";"10:06:00";"119";"Acidente s";"94";"BR-290/RS";"Oeste";"Colisão - Lateral";1;0;0;0;0;1;0;0;0;0;3;0;0;0;0
"19/01/2022";"12:45:00";"168";"Acidente c";"15";"BR-101/RS";"Sul";"Saída de pista";1;0;0;0;0;1;0;0;0;0;0;1;0;0;0
"20/01/2022";"01:12:00";"5";"Acidente s";"17";"BR-290/RS";"Leste";"Choque Defensa";1;0;0;0;0;0;0;0;0;0;4;0;0;0;0
"20/01/2022";"05:03:00";"16";"Acidente c";"438";"BR-386/RS";"Sul";"Colisão - Transversal";1;0;0;1;0;0;0;0;0;0;1;0;1;0;0
"20/01/2022";"05:45:00";"18";"Acidente c";"354";"BR-386/RS";"Norte";"Capotamento";1;0;0;0;0;0;0;0;0;0;0;1;0;0;0
"20/01/2022";"08:24:00";"84";"Acidente c";"25";"BR-101/RS";"Sul";"Capotamento";1;0;0;0;0;0;0;0;0;0;0;0;0;1;0
"20/01/2022";"09:40:00";"115";"Acidente s";"22";"BR-101/RS";"Norte";"Choque - Meio Fio";1;0;0;0;0;0;0;0;0;0;3;0;0;0;0
"20/01/2022";"10:09:00";"126";"Acidente c";"27";"BR-290/RS";"Leste";"Saída de pista";1;0;0;0;0;0;0;0;0;0;0;0;1;0;0
"20/01/2022";"10:25:00";"131";"Acidente s";"60";"BR-290/RS";"Oeste";"Choque Praça - Cabine";0;0;0;0;0;0;0;1;0;0;1;0;0;0;0
"20/01/2022";"10:31:00";"137";"Acidente s";"60";"BR-290/RS";"Leste";"Choque Praça - Cabine";0;0;0;0;0;0;0;1;0;0;1;0;0;0;0
"20/01/2022";"10:39:00";"140";"Acidente s";"390";"BR-386/RS";"Sul";"Saída de pista";1;0;0;0;0;0;0;0;0;0;1;0;0;0;0
"20/01/2022";"12:11:00";"172";"Acidente c";"75";"BR-290/RS";"Leste";"Saída de pista";1;0;0;0;0;0;0;0;0;0;0;1;0;0;0
"20/01/2022";"19:48:00";"292";"Acidente s";"5";"BR-448/RS";"Norte";"Colisão - Traseira";1;0;0;0;0;0;0;0;0;0;2;0;0;0;0
"20/01/2022";"21:51:00";"312";"Acidente s";"71";"BR-101/RS";"Norte";"Saída de pista";1;0;0;0;0;0;0;0;0;0;1;0;0;0;0
"21/01/2022";"02:50:00";"163";"Acidente s";"396";"BR-386/RS";"Norte";"Saída de pista";0;0;1;0;0;0;0;0;0;0;1;0;0;0;0
"21/01/2022";"02:59:00";"165";"Atropelame";"344";"BR-386/RS";"Norte";"Atropelamento - Usuário";1;0;0;0;0;0;0;0;0;0;1;0;0;0;1
"21/01/2022";"07:54:00";"221";"Acidente s";"344";"BR-386/RS";"Sul";"Engavetamento";2;0;0;0;0;0;0;0;0;0;2;0;0;0;0
"21/01/2022";"08:51:00";"249";"Acidente s";"277";"BR-386/RS";"Sul";"Colisão - Traseira";1;0;0;0;0;0;0;0;0;0;4;0;0;0;0
"21/01/2022";"09:21:00";"262";"Acidente s";"343";"BR-386/RS";"Norte";"Colisão - Transversal";2;0;0;0;0;0;0;0;0;0;2;0;0;0;0
"21/01/2022";"10:29:00";"287";"Acidente s";"29";"BR-290/RS";"Oeste";"Colisão - Lateral";1;0;0;0;0;0;0;0;0;1;2;0;0;0;0
"21/01/2022";"10:30:00";"288";"Acidente c";"19";"BR-290/RS";"Oeste";"Tombamento";0;0;0;0;0;1;0;0;0;0;0;1;0;0;0
"21/01/2022";"10:42:00";"292";"Acidente s";"34";"BR-290/RS";"Leste";"Choque com objeto sobre a pista";1;0;0;0;0;1;0;0;0;0;2;0;0;0;0
"21/01/2022";"12:27:00";"319";"Acidente s";"401";"BR-386/RS";"Sul";"Capotamento";1;0;0;0;0;0;0;0;0;0;2;0;0;0;0
"21/01/2022";"14:30:00";"347";"Acidente s";"379";"BR-386/RS";"Norte";"Colisão - Traseira";1;0;0;0;0;0;0;1;0;0;3;0;0;0;0
"21/01/2022";"15:25:00";"361";"Acidente s";"69";"BR-290/RS";"Oeste";"Colisão - Traseira";1;0;1;0;0;0;0;0;0;0;2;0;0;0;0
"21/01/2022";"19:09:00";"429";"Acidente c";"87";"BR-101/RS";"Sul";"Choque - Poste";1;0;0;0;0;0;0;0;0;0;0;0;1;0;0
"21/01/2022";"23:21:00";"482";"Atropelame";"271";"BR-386/RS";"Norte";"Atropelamento - Andarilho";1;0;0;0;0;0;0;0;0;0;1;0;0;0;1
"22/01/2022";"00:55:00";"4";"Acidente c";"217";"BR-386/RS";"Sul";"Colisão - Frontal";2;0;0;0;0;0;0;0;0;0;2;2;0;0;0
"22/01/2022";"09:28:00";"99";"Acidente c";"23";"BR-290/RS";"Leste";"Capotamento";1;0;0;0;0;0;0;0;0;0;0;0;1;0;0
"22/01/2022";"14:04:00";"175";"Acidente c";"33";"BR-290/RS";"Leste";"Queda de moto";0;0;0;1;0;0;0;0;0;0;0;2;0;0;0
"22/01/2022";"15:08:00";"192";"Acidente c";"92";"BR-290/RS";"Oeste";"Colisão - Lateral";1;0;0;1;0;0;0;0;0;0;3;0;1;0;0
"22/01/2022";"21:42:00";"299";"Acidente s";"9";"BR-290/RS";"Leste";"Saída de pista";1;0;0;0;0;0;0;0;0;0;1;0;0;0;0
"22/01/2022";"21:56:00";"304";"Acidente s";"331";"BR-386/RS";"Sul";"Colisão - Traseira";2;0;0;0;0;0;0;0;0;0;2;0;0;0;0
"22/01/2022";"22:36:00";"310";"Acidente s";"15";"BR-101/RS";"Norte";"Saída de pista";1;0;0;0;0;0;0;0;0;0;1;0;0;0;0
"22/01/2022";"23:55:00";"318";"Acidente s";"23";"BR-101/RS";"Sul";"Colisão - Traseira";0;0;1;0;0;1;0;0;0;0;2;0;0;0;0
"23/01/2022";"05:01:00";"29";"Acidente s";"79";"BR-101/RS";"Norte";"Atropelamento de Animal";1;0;0;0;0;0;0;0;0;0;1;0;0;0;0
"23/01/2022";"09:21:00";"65";"Acidente c";"344";"BR-386/RS";"Sul";"Colisão - Lateral";2;0;0;0;0;0;0;0;0;0;4;0;0;1;0
"23/01/2022";"10:47:00";"78";"Acidente c";"2";"BR-101/RS";"Sul";"Colisão - Lateral";1;0;0;1;0;0;0;0;0;0;1;1;0;0;0
"23/01/2022";"18:01:00";"180";"Acidente s";"227";"BR-386/RS";"Norte";"Colisão - Lateral";2;0;0;0;0;0;0;0;0;0;2;0;0;0;0
"23/01/2022";"18:31:00";"190";"Acidente s";"94";"BR-290/RS";"Oeste";"Choque Barreira";1;0;0;0;0;0;0;0;0;0;1;0;0;0;0
"23/01/2022";"19:54:00";"221";"Atropelame";"24";"BR-101/RS";"Sul";"Atropelamento - Usuário";1;0;0;0;0;0;0;0;0;0;1;1;0;1;0
"23/01/2022";"20:26:00";"232";"Acidente s";"63";"BR-101/RS";"Norte";"Outros";0;0;1;0;0;0;0;0;0;0;1;0;0;0;0
"23/01/2022";"20:39:00";"236";"Acidente s";"63";"BR-101/RS";"Norte";"Choque com objeto sobre a pista";1;0;0;0;0;0;0;0;0;0;3;0;0;0;0
"23/01/2022";"22:49:00";"261";"Atropelame";"69";"BR-290/RS";"Oeste";"Atropelamento - Usuário";1;0;0;0;0;0;0;0;0;0;1;0;0;0;1
"24/01/2022";"03:39:00";"29";"Acidente c";"179";"BR-386/RS";"Ambos";"Choque - Poste";1;0;0;0;0;0;0;0;0;0;0;2;0;0;0
"24/01/2022";"07:37:00";"62";"Acidente s";"86";"BR-290/RS";"Oeste";"Colisão - Traseira";1;0;0;1;0;0;0;0;0;0;3;0;0;0;0
"24/01/2022";"07:51:00";"66";"Acidente s";"60";"BR-290/RS";"Oeste";"Colisão - Traseira";2;0;0;0;0;0;0;0;0;0;5;0;0;0;0
"24/01/2022";"08:28:00";"90";"Acidente s";"85";"BR-290/RS";"Oeste";"Colisão - Traseira";2;0;0;0;0;0;0;0;0;0;2;0;0;0;0
"24/01/2022";"10:31:00";"136";"Acidente s";"35";"BR-101/RS";"Norte";"Colisão - Traseira";1;0;0;0;0;0;0;0;0;1;3;0;0;0;0
"24/01/2022";"17:04:00";"258";"Acidente s";"13";"BR-290/RS";"Oeste";"Queda de ribanceira";1;0;0;0;0;0;0;0;0;0;1;0;0;0;0
"24/01/2022";"19:01:00";"295";"Acidente s";"232";"BR-386/RS";"Norte";"Queda de ribanceira";1;0;0;0;0;0;0;0;0;0;1;0;0;0;0
"25/01/2022";"01:11:00";"8";"Acidente c";"49";"BR-101/RS";"Norte";"Capotamento";0;0;1;0;0;0;0;0;0;0;0;0;1;0;0
"25/01/2022";"20:08:00";"306";"Acidente s";"68";"BR-290/RS";"Leste";"Colisão - Traseira";1;0;0;0;0;0;0;1;0;0;5;0;0;0;0
"26/01/2022";"07:23:00";"45";"Acidente s";"34";"BR-290/RS";"Oeste";"Saída de pista";1;0;0;0;0;0;0;0;0;0;1;0;0;0;0
"26/01/2022";"10:03:00";"122";"Acidente s";"19";"BR-290/RS";"Oeste";"Colisão - Traseira";1;0;0;0;0;0;0;0;0;1;2;0;0;0;0
"26/01/2022";"16:17:00";"219";"Acidente s";"66";"BR-290/RS";"Leste";"Saída de pista";1;0;0;0;0;0;0;0;0;0;4;0;0;0;0
"26/01/2022";"16:46:00";"225";"Acidente s";"10";"BR-448/RS";"Norte";"Queda de ribanceira";1;0;0;0;0;0;0;0;0;0;1;0;0;0;0
"26/01/2022";"17:24:00";"233";"Acidente s";"50";"BR-290/RS";"Leste";"Capotamento";1;0;0;0;0;0;0;0;0;0;2;0;0;0;0
"26/01/2022";"18:20:00";"246";"Acidente s";"423";"BR-386/RS";"Sul";"Saída de pista";1;0;0;0;0;0;0;0;0;0;2;0;0;0;0
"27/01/2022";"00:09:00";"2";"Acidente s";"10";"BR-101/RS";"Sul";"Saída de pista";1;0;0;0;0;0;0;0;0;0;3;0;0;0;0
"27/01/2022";"05:57:00";"18";"Atropelame";"343";"BR-386/RS";"Norte";"Atropelamento - Usuário";1;0;0;0;0;0;0;0;0;0;1;0;0;1;0
"27/01/2022";"06:37:00";"21";"Acidente c";"29";"BR-290/RS";"Oeste";"Saída de pista";1;0;0;0;0;0;0;0;0;0;1;0;1;0;0
"27/01/2022";"08:09:00";"42";"Acidente s";"91";"BR-290/RS";"Leste";"Colisão - Traseira";2;0;0;0;0;0;0;0;0;0;2;0;0;0;0
"27/01/2022";"08:13:00";"43";"Acidente s";"411";"BR-386/RS";"Sul";"Queda de ribanceira";1;0;0;0;0;0;0;0;0;0;1;0;0;0;0
"27/01/2022";"08:59:00";"50";"Acidente s";"361";"BR-386/RS";"Norte";"Choque Barreira";1;0;0;0;0;0;0;0;0;0;1;0;0;0;0
"27/01/2022";"09:44:00";"59";"Acidente s";"435";"BR-386/RS";"Norte";"Colisão - Lateral";0;0;1;0;0;0;0;1;0;0;2;0;0;0;0
"27/01/2022";"10:29:00";"73";"Acidente s";"379";"BR-386/RS";"Norte";"Colisão - Traseira";1;0;0;0;0;0;0;0;0;0;1;0;0;0;0
"27/01/2022";"10:38:00";"76";"Acidente s";"325";"BR-386/RS";"Ambos";"Queda de ribanceira";1;0;0;0;0;0;0;0;0;0;1;0;0;0;0
"27/01/2022";"10:44:00";"78";"Acidente s";"415";"BR-386/RS";"Norte";"Queda de ribanceira";1;0;0;0;0;0;0;0;0;0;1;0;0;0;0
"27/01/2022";"11:30:00";"89";"Acidente c";"15";"BR-448/RS";"Sul";"Capotamento";1;0;0;0;0;0;0;0;0;0;0;0;1;0;0
"27/01/2022";"13:15:00";"113";"Acidente s";"50";"BR-290/RS";"Leste";"Saída de pista";1;0;0;0;0;0;0;0;0;0;1;0;0;0;0
"27/01/2022";"13:31:00";"117";"Acidente c";"396";"BR-386/RS";"Sul";"Capotamento";1;0;0;0;0;0;0;0;0;0;0;1;1;0;0
"27/01/2022";"13:54:00";"121";"Acidente s";"340";"BR-386/RS";"Norte";"Queda de ribanceira";1;0;0;0;0;0;0;0;0;0;2;0;0;0;0
"27/01/2022";"20:30:00";"223";"Acidente s";"60";"BR-290/RS";"Leste";"Colisão - Lateral";2;0;0;0;0;0;0;0;0;0;3;0;0;0;0
"28/01/2022";"02:39:00";"16";"Acidente s";"1";"BR-448/RS";"Norte";"Choque Defensa";1;0;0;0;0;0;0;0;0;0;1;0;0;0;0
"28/01/2022";"04:43:00";"18";"Acidente c";"87";"BR-101/RS";"Sul";"Saída de pista";1;0;0;0;0;0;0;0;0;0;0;1;0;0;0
"28/01/2022";"09:20:00";"105";"Acidente s";"36";"BR-290/RS";"Leste";"Queda de ribanceira";1;0;0;0;0;0;0;0;0;0;3;0;0;0;0
"28/01/2022";"10:24:00";"137";"Acidente s";"60";"BR-290/RS";"Leste";"Choque Praça - Cabine";0;0;0;0;1;0;0;0;0;0;4;0;0;0;0
"28/01/2022";"11:09:00";"150";"Acidente s";"94";"BR-290/RS";"Oeste";"Colisão - Lateral";1;0;0;0;0;0;0;1;0;0;3;0;0;0;0
"28/01/2022";"11:57:00";"168";"Acidente c";"21";"BR-101/RS";"Sul";"Colisão - Traseira";1;0;1;0;0;0;0;0;0;0;1;1;0;0;0
"28/01/2022";"12:18:00";"171";"Acidente s";"342,3";"BR-386/RS";"Sul";"Colisão - Transversal";2;0;0;0;0;0;0;0;0;1;5;0;0;0;0
"28/01/2022";"15:25:00";"242";"Acidente c";"343";"BR-386/RS";"Sul";"Colisão - Traseira";1;0;0;1;0;0;0;0;0;0;1;0;0;1;0
"28/01/2022";"16:41:00";"277";"Acidente s";"18";"BR-290/RS";"Leste";"Colisão - Traseira";3;0;0;0;0;0;0;0;0;0;3;0;0;0;0
"28/01/2022";"17:10:00";"288";"Acidente s";"419";"BR-386/RS";"Sul";"Colisão - Transversal";2;0;0;0;0;0;0;0;0;0;4;0;0;0;0
"28/01/2022";"17:59:00";"302";"Acidente s";"89";"BR-290/RS";"Leste";"Engavetamento";3;0;1;0;0;0;0;0;0;0;5;0;0;0;0
"28/01/2022";"20:13:00";"331";"Acidente s";"373";"BR-386/RS";"Norte";"Colisão - Frontal";2;0;0;0;0;0;0;0;0;0;5;0;0;0;0
"28/01/2022";"20:34:00";"336";"Acidente c";"83";"BR-290/RS";"Leste";"Saída de pista";0;0;0;1;0;0;0;0;0;0;0;1;1;0;0
"29/01/2022";"01:52:00";"10";"Acidente s";"371";"BR-386/RS";"Sul";"Choque - Poste";1;0;0;0;0;0;0;0;0;0;1;0;0;0;0
"29/01/2022";"02:13:00";"12";"Acidente s";"319";"BR-386/RS";"Norte";"Choque Defensa";1;0;0;0;0;0;0;0;0;0;1;0;0;0;0
"29/01/2022";"06:03:00";"27";"Acidente c";"196";"BR-386/RS";"Norte";"Capotamento";1;0;0;0;0;0;0;0;0;0;2;1;1;0;0
"29/01/2022";"08:19:00";"66";"Acidente s";"5";"BR-290/RS";"Oeste";"Colisão - Lateral";1;0;1;0;0;0;0;0;0;0;4;0;0;0;0
"29/01/2022";"10:23:00";"98";"Acidente s";"248";"BR-386/RS";"Norte";"Colisão - Traseira";1;0;0;0;0;0;0;1;0;0;3;0;0;0;0
"29/01/2022";"17:34:00";"181";"Acidente s";"375";"BR-386/RS";"Norte";"Colisão - Traseira";3;0;0;0;0;0;0;0;0;0;7;0;0;0;0
"30/01/2022";"07:55:00";"42";"Acidente s";"92";"BR-290/RS";"Leste";"Colisão - Traseira";2;0;0;0;0;0;0;0;0;0;2;0;0;0;0
"30/01/2022";"12:18:00";"97";"Acidente s";"92";"BR-290/RS";"Oeste";"Choque Barreira";1;0;0;0;0;0;0;0;0;0;1;0;0;0;0
"30/01/2022";"15:29:00";"140";"Acidente c";"344";"BR-386/RS";"Norte";"Colisão - Transversal";1;0;0;1;0;0;0;0;0;0;1;0;1;0;0
"30/01/2022";"15:34:00";"142";"Acidente s";"344";"BR-386/RS";"Norte";"Colisão - Traseira";2;0;0;0;0;0;0;0;0;0;5;0;0;0;0
"30/01/2022";"16:26:00";"152";"Acidente c";"56";"BR-290/RS";"Oeste";"Capotamento";1;0;0;0;0;0;0;0;0;0;0;1;1;0;0
"30/01/2022";"16:45:00";"159";"Acidente c";"68";"BR-290/RS";"Leste";"Queda de ribanceira";1;0;0;0;0;0;0;0;0;0;0;1;0;0;0
"30/01/2022";"21:53:00";"224";"Acidente s";"35";"BR-101/RS";"Norte";"Colisão - Traseira";1;0;0;0;0;0;0;0;0;1;2;0;0;0;0
"30/01/2022";"22:23:00";"228";"Acidente c";"280";"BR-386/RS";"Norte";"Capotamento";1;0;0;0;0;0;0;0;0;0;2;1;2;0;0
"31/01/2022";"07:01:00";"38";"Acidente s";"92";"BR-290/RS";"Oeste";"Colisão - Traseira";2;0;0;0;0;0;0;0;0;0;2;0;0;0;0
"31/01/2022";"08:08:00";"65";"Acidente s";"84";"BR-290/RS";"Oeste";"Colisão - Traseira";2;0;0;0;0;0;0;0;0;0;2;0;0;0;0
"31/01/2022";"20:11:00";"270";"Atropelame";"96";"BR-290/RS";"Leste";"Atropelamento - Andarilho";1;0;0;0;0;0;0;0;0;0;1;0;0;0;1
"31/01/2022";"20:16:00";"274";"Acidente s";"368";"BR-386/RS";"Sul";"Saída de pista";1;0;0;0;0;0;0;0;0;0;1;0;0;0;0
"31/01/2022";"20:24:00";"276";"Acidente c";"94";"BR-290/RS";"Leste";"Queda de moto";0;0;0;1;0;0;0;0;0;0;0;2;0;0;0
"01/02/2022";"08:46:00";"83";"Acidente s";"307";"BR-386/RS";"Sul";"Tombamento";0;0;0;0;0;0;0;1;0;0;1;0;0;0;0
"01/02/2022";"11:52:00";"143";"Acidente s";"35";"BR-101/RS";"Norte";"Colisão - Traseira";1;0;0;0;0;0;0;1;0;0;2;0;0;0;0
"01/02/2022";"14:52:00";"174";"Acidente s";"441";"BR-386/RS";"Norte";"Choque - Arvore";1;0;0;0;0;0;0;0;0;0;1;0;0;0;0
"01/02/2022";"16:17:00";"194";"Acidente s";"249";"BR-386/RS";"Sul";"Colisão - Traseira";2;0;0;0;0;0;0;0;0;0;4;0;0;0;0
"02/02/2022";"01:11:00";"4";"Acidente s";"73";"BR-290/RS";"Ambos";"Saída de pista";1;0;0;0;0;0;0;0;0;0;1;0;0;0;0
"02/02/2022";"08:02:00";"57";"Acidente c";"13,46";"BR-448/RS";"Norte";"Choque Barreira";1;0;0;0;0;0;0;0;0;0;0;0;1;0;0
"02/02/2022";"10:11:00";"104";"Acidente c";"443";"BR-386/RS";"Norte";"Queda de moto";0;0;0;1;0;0;0;0;0;0;0;0;1;0;0
"02/02/2022";"10:37:00";"116";"Acidente s";"15";"BR-290/RS";"Leste";"Capotamento";1;0;0;0;0;0;0;0;0;0;1;0;0;0;0
"02/02/2022";"12:34:00";"160";"Acidente c";"52";"BR-101/RS";"Sul";"Queda de ribanceira";0;0;0;0;0;0;0;1;0;0;0;1;0;0;0
"02/02/2022";"16:55:00";"232";"Acidente s";"7";"BR-290/RS";"Leste";"Queda de ribanceira";1;0;0;0;0;0;0;0;0;0;2;0;0;0;0
"02/02/2022";"20:43:00";"295";"Acidente s";"77";"BR-290/RS";"Oeste";"Colisão - Lateral";2;0;0;0;0;0;0;0;0;0;6;0;0;0;0
"03/02/2022";"08:03:00";"102";"Acidente s";"92";"BR-290/RS";"Oeste";"Engavetamento";6;0;0;0;0;0;0;0;0;0;6;0;0;0;0
"03/02/2022";"08:09:00";"106";"Acidente s";"90";"BR-290/RS";"Oeste";"Queda de moto";0;0;0;1;0;0;0;0;0;0;1;0;0;0;0
"03/02/2022";"08:58:00";"131";"Acidente s";"327";"BR-386/RS";"Norte";"Queda de ribanceira";0;0;1;0;0;0;0;0;0;0;1;0;0;0;0
"03/02/2022";"11:06:00";"177";"Acidente s";"319";"BR-386/RS";"Sul";"Saída de pista";1;0;0;0;0;0;0;0;0;0;2;0;0;0;0
"03/02/2022";"15:26:00";"248";"Acidente s";"19";"BR-290/RS";"Leste";"Colisão - Traseira";1;0;1;0;0;0;0;0;0;0;3;0;0;0;0
"03/02/2022";"19:21:00";"351";"Acidente s";"35";"BR-101/RS";"Norte";"Choque Praça - Cabine";0;0;0;0;0;1;0;0;0;0;1;0;0;0;0
"03/02/2022";"20:48:00";"318";"Acidente s";"393";"BR-386/RS";"Sul";"Saída de pista";1;0;0;0;0;0;0;0;0;0;2;0;0;0;0
"04/02/2022";"04:33:00";"22";"Acidente s";"88";"BR-290/RS";"Leste";"Choque - Poste";0;0;0;0;0;1;0;0;0;0;0;0;1;1;1
"04/02/2022";"07:33:00";"64";"Acidente c";"444";"BR-386/RS";"Norte";"Colisão - Transversal";3;0;0;0;0;0;0;0;0;0;1;0;0;0;0
"04/02/2022";"11:28:00";"150";"Acidente s";"277";"BR-386/RS";"Norte";"Queda de ribanceira";0;0;0;0;0;0;0;0;0;1;1;0;0;0;0
"04/02/2022";"12:10:00";"158";"Acidente s";"292";"BR-386/RS";"Norte";"Choque - Arvore";0;0;1;0;0;0;0;0;0;0;2;0;0;0;0
"04/02/2022";"16:52:00";"220";"Acidente s";"19";"BR-290/RS";"Leste";"Choque Barreira";1;0;0;0;0;0;0;0;0;0;8;0;1;3;2
"04/02/2022";"17:27:00";"227";"Acidente c";"73";"BR-290/RS";"Leste";"Choque com veículo na faixa de rolamento";7;0;0;0;0;0;0;0;0;0;2;1;0;0;0
"04/02/2022";"20:16:00";"277";"Acidente c";"389";"BR-386/RS";"Norte";"Colisão - Transversal";1;0;0;1;0;0;0;0;0;0;5;0;0;0;0
"04/02/2022";"20:38:00";"287";"Acidente s";"43";"BR-290/RS";"Leste";"Colisão - Traseira";1;0;0;0;0;1;0;0;0;0;1;0;0;0;0
"04/02/2022";"22:00:00";"305";"Acidente s";"345";"BR-386/RS";"Norte";"Outros";1;0;0;0;0;0;0;0;0;0;1;0;0;0;0
"05/02/2022";"05:42:00";"36";"Acidente s";"55";"BR-290/RS";"Leste";"Capotamento";1;0;0;0;0;0;0;0;0;0;3;0;0;0;0
"05/02/2022";"06:14:00";"42";"Acidente s";"429";"BR-386/RS";"Norte";"Choque Barreira";1;0;0;0;0;0;0;0;0;0;1;0;0;0;0
"05/02/2022";"06:53:00";"54";"Acidente s";"9";"BR-448/RS";"Ambos";"Capotamento";1;0;0;0;0;0;0;0;0;0;3;0;1;0;0
"05/02/2022";"07:44:00";"64";"Acidente c";"215";"BR-386/RS";"Sul";"Colisão - Lateral";1;0;0;1;0;0;0;0;0;0;4;0;0;0;0
"05/02/2022";"10:50:00";"104";"Acidente s";"435";"BR-386/RS";"Sul";"Colisão - Transversal";2;0;0;0;0;0;0;1;0;0;5;1;0;0;0
"05/02/2022";"11:10:00";"112";"Acidente c";"19";"BR-290/RS";"Oeste";"Colisão - Transversal";2;0;0;0;0;0;0;0;0;0;2;0;0;0;0
"05/02/2022";"13:29:00";"143";"Acidente s";"410";"BR-386/RS";"Norte";"Queda de ribanceira";1;0;0;0;0;0;0;0;0;0;3;0;0;0;0
"05/02/2022";"14:06:00";"152";"Acidente s";"15";"BR-290/RS";"Oeste";"Saída de pista";1;0;0;0;0;0;0;0;0;0;2;0;0;0;0
"05/02/2022";"14:11:00";"153";"Acidente s";"413";"BR-386/RS";"Sul";"Queda de ribanceira";1;0;0;0;0;0;0;0;0;0;2;0;0;0;0
"05/02/2022";"14:20:00";"155";"Acidente s";"14";"BR-290/RS";"Oeste";"Saída de pista";1;0;0;0;0;0;0;0;0;0;1;0;0;0;0
"05/02/2022";"14:22:00";"156";"Acidente s";"49";"BR-290/RS";"Leste";"Capotamento";1;0;0;0;0;0;0;0;0;0;0;0;2;1;0
"06/02/2022";"06:28:00";"41";"Acidente c";"18";"BR-290/RS";"Oeste";"Saída de pista";0;0;0;0;0;0;0;1;0;0;1;0;0;0;0
"06/02/2022";"06:57:00";"52";"Acidente s";"86";"BR-290/RS";"Oeste";"Saída de pista";1;0;0;0;0;0;0;0;0;0;4;0;0;0;0
"06/02/2022";"12:18:00";"124";"Acidente s";"70";"BR-290/RS";"Oeste";"Engavetamento";2;0;0;0;0;1;0;0;0;0;2;0;0;0;0