data;horario;n_da_ocorrencia;tipo_de_ocorrencia;km;trecho;sentido;tipo_de_acidente;automovel;bicicleta;caminhao;moto;onibus;outros;tracao_animal;transporte_de_cargas_especiais;trator_maquinas;utilitarios;ilesos;levemente_feridos;moderadamente_feridos;gravemente_feridos;mortos
"06/02/2022";"17:09:00";"175";"Acidente s";"11";"BR-290/RS";"Oeste";"Colisão - Traseira";1;0;0;0;0;1;0;0;0;0;1;0;0;0;0
"06/02/2022";"20:08:00";"219";"Acidente s";"76";"BR-101/RS";"Norte";"Saída de pista";1;0;0;0;0;0;0;0;0;0;1;0;0;0;0
"06/02/2022";"22:54:00";"249";"Acidente c";"26";"BR-290/RS";"Oeste";"Capotamento";1;0;0;0;0;0;0;0;0;0;4;1;0;0;0
"07/02/2022";"03:42:00";"359";"Acidente s";"436";"BR-386/RS";"Norte";"Saída de pista";1;0;0;0;0;0;0;0;0;0;4;0;0;0;0
"07/02/2022";"05:02:00";"365";"Acidente s";"35";"BR-101/RS";"Norte";"Choque Praça - Cabine";0;0;1;0;0;0;0;0;0;0;1;0;0;0;0
"07/02/2022";"07:27:00";"394";"Acidente c";"89";"BR-290/RS";"Oeste";"Engavetamento";1;0;0;3;0;0;0;0;0;0;4;0;1;1;0
"07/02/2022";"09:43:00";"472";"Acidente s";"347";"BR-386/RS";"Norte";"Colisão - Traseira";1;0;0;1;0;0;0;0;0;0;2;0;0;0;0
"07/02/2022";"10:37:00";"492";"Acidente c";"350";"BR-386/RS";"Norte";"Queda de moto";0;0;0;1;0;0;0;0;0;0;0;1;0;0;0
"07/02/2022";"10:49:00";"497";"Acidente s";"435";"BR-386/RS";"Norte";"Colisão - Lateral";2;0;0;0;0;0;0;0;0;0;2;0;0;0;0
"07/02/2022";"15:29:00";"579";"Acidente s";"417";"BR-386/RS";"Norte";"Colisão - Traseira";1;0;0;0;0;0;0;0;0;1;5;0;0;0;0
"07/02/2022";"16:16:00";"592";"Atropelame";"248";"BR-386/RS";"Sul";"Atropelamento - Usuário";0;0;0;0;0;0;0;1;0;0;1;0;0;1;0
"07/02/2022";"17:36:00";"613";"Acidente c";"342";"BR-386/RS";"Norte";"Colisão - Transversal";0;0;0;1;0;1;0;0;0;0;1;1;0;0;0
"07/02/2022";"20:22:00";"648";"Acidente s";"438";"BR-386/RS";"Norte";"Colisão - Lateral";1;0;0;0;1;0;0;0;0;0;3;0;0;0;0
"07/02/2022";"21:02:00";"658";"Acidente s";"185";"BR-386/RS";"Norte";"Colisão - Traseira";2;0;0;0;0;0;0;0;0;0;2;0;0;0;0
"07/02/2022";"21:43:00";"668";"Acidente s";"370";"BR-386/RS";"Sul";"Saída de pista";1;0;0;0;0;0;0;0;0;0;1;0;0;0;0
"08/02/2022";"00:05:00";"1";"Acidente s";"304";"BR-386/RS";"Norte";"Colisão - Lateral";0;0;2;0;0;0;0;0;0;0;2;0;0;0;0
"08/02/2022";"09:17:00";"123";"Acidente s";"13";"BR-101/RS";"Norte";"Colisão - Traseira";2;0;0;0;0;0;0;0;0;0;8;0;0;0;0
"08/02/2022";"09:47:00";"132";"Acidente s";"58";"BR-290/RS";"Leste";"Outros";4;0;1;0;0;0;0;0;0;0;8;0;0;0;0
"08/02/2022";"11:07:00";"149";"Acidente c";"355";"BR-386/RS";"Norte";"Capotamento";1;0;0;0;0;0;0;0;0;0;0;1;0;0;0
"08/02/2022";"17:23:00";"227";"Acidente s";"426";"BR-386/RS";"Sul";"Colisão - Traseira";1;0;1;0;0;0;0;0;0;0;4;0;0;0;0
"08/02/2022";"19:03:00";"256";"Acidente s";"19";"BR-290/RS";"Oeste";"Choque Praça - Cabine";0;0;1;0;0;0;0;0;0;0;1;0;0;0;0
"08/02/2022";"20:22:00";"274";"Acidente s";"1";"BR-101/RS";"Norte";"Colisão - Transversal";1;0;0;0;0;0;0;1;0;0;2;0;0;0;0
"09/02/2022";"00:27:00";"2";"Acidente s";"431";"BR-386/RS";"Sul";"Saída de pista";1;0;0;0;0;0;0;0;0;0;2;0;0;0;0
"09/02/2022";"07:26:00";"50";"Acidente s";"83";"BR-290/RS";"Leste";"Queda de moto";1;0;0;0;0;0;0;0;0;0;1;0;0;0;0
"09/02/2022";"11:58:00";"132";"Acidente c";"41";"BR-290/RS";"Leste";"Capotamento";1;0;0;0;0;0;0;0;0;0;0;1;0;0;0
"09/02/2022";"12:27:00";"141";"Acidente c";"346";"BR-386/RS";"Sul";"Queda de moto";0;0;0;1;0;0;0;0;0;0;0;0;1;0;0
"09/02/2022";"13:42:00";"163";"Acidente s";"91";"BR-290/RS";"Leste";"Saída de pista";1;0;0;0;0;0;0;0;0;0;1;0;0;0;0
"10/02/2022";"01:14:00";"17";"Acidente s";"348";"BR-386/RS";"Norte";"Colisão - Traseira";1;0;1;0;0;0;0;0;0;0;2;0;0;0;0
"10/02/2022";"09:42:00";"127";"Acidente s";"307";"BR-386/RS";"Sul";"Colisão - Traseira";1;0;0;0;0;0;0;1;0;0;2;0;0;0;0
"10/02/2022";"12:56:00";"168";"Acidente s";"92";"BR-290/RS";"Leste";"Queda de moto";0;0;0;1;0;0;0;0;0;0;2;0;0;0;0
"10/02/2022";"17:18:00";"235";"Acidente c";"90";"BR-290/RS";"Leste";"Queda de ribanceira";2;0;0;0;0;0;0;0;0;1;3;4;0;0;0
"10/02/2022";"17:59:00";"244";"Acidente c";"92";"BR-290/RS";"Leste";"Queda de moto";1;0;0;1;0;0;0;0;0;0;1;1;0;0;0
"10/02/2022";"18:02:00";"246";"Acidente s";"264";"BR-386/RS";"Sul";"Queda de ribanceira";1;0;0;0;0;0;0;0;0;0;2;0;0;0;0
"10/02/2022";"18:17:00";"248";"Acidente s";"308";"BR-386/RS";"Norte";"Saída de pista";1;0;0;0;0;0;0;0;0;0;1;0;0;0;0
"10/02/2022";"23:02:00";"304";"Acidente s";"373";"BR-386/RS";"Sul";"Atropelamento de Animal";0;0;1;0;0;0;0;0;0;0;1;0;0;0;0
"11/02/2022";"01:31:00";"8";"Acidente s";"37";"BR-290/RS";"Oeste";"Choque Defensa";1;0;0;0;0;0;0;0;0;0;1;0;0;0;0
"11/02/2022";"02:25:00";"12";"Acidente s";"86";"BR-290/RS";"Oeste";"Capotamento";1;0;0;0;0;0;0;0;0;0;1;0;0;0;0
"11/02/2022";"08:39:00";"93";"Acidente s";"91";"BR-290/RS";"Oeste";"Colisão - Lateral";1;0;1;0;0;0;0;0;0;0;2;0;0;0;0
"11/02/2022";"09:55:00";"122";"Acidente c";"60";"BR-290/RS";"Leste";"Choque Praça - Submarino";1;0;0;0;0;0;0;0;0;0;0;0;0;2;0
"11/02/2022";"10:09:00";"127";"Acidente s";"93";"BR-290/RS";"Oeste";"Colisão - Lateral";2;0;0;0;0;0;0;0;0;0;2;0;0;0;0
"11/02/2022";"13:24:00";"191";"Acidente c";"295";"BR-386/RS";"Norte";"Colisão - Lateral";1;0;0;1;0;0;0;0;0;0;1;0;0;2;0
"11/02/2022";"14:53:00";"211";"Acidente s";"81";"BR-290/RS";"Leste";"Choque com objeto sobre a pista";2;0;0;0;0;1;0;0;0;0;3;0;0;0;0
"11/02/2022";"18:21:00";"281";"Acidente s";"438";"BR-386/RS";"Norte";"Colisão - Transversal";2;0;0;0;0;0;0;0;0;0;2;0;0;0;0
"11/02/2022";"20:55:00";"318";"Acidente s";"18";"BR-290/RS";"Oeste";"Saída de pista";1;0;0;0;0;0;0;0;0;0;4;0;0;0;0
"11/02/2022";"21:06:00";"321";"Acidente s";"386";"BR-386/RS";"Norte";"Saída de pista";1;0;0;0;0;0;0;0;0;0;1;0;0;0;0
"11/02/2022";"23:16:00";"345";"Acidente s";"414";"BR-386/RS";"Norte";"Saída de pista";0;0;1;0;0;0;0;0;0;0;1;0;0;0;0
"12/02/2022";"02:22:00";"18";"Acidente s";"440";"BR-386/RS";"Sul";"Queda de ribanceira";1;0;0;0;0;0;0;0;0;0;1;0;0;0;0
"12/02/2022";"09:25:00";"95";"Acidente s";"307";"BR-386/RS";"Sul";"Colisão - Lateral";1;0;0;0;0;0;0;1;0;0;5;0;0;0;0
"12/02/2022";"13:53:00";"172";"Acidente c";"77";"BR-290/RS";"Oeste";"Colisão - Traseira";2;0;0;0;0;0;0;0;0;0;0;1;1;0;0
"12/02/2022";"16:00:00";"217";"Acidente s";"330";"BR-386/RS";"Sul";"Colisão - Traseira";2;0;0;0;0;0;0;0;0;0;5;0;0;0;0
"12/02/2022";"16:33:00";"226";"Acidente s";"359";"BR-386/RS";"Sul";"Saída de pista";1;0;0;0;0;0;0;0;0;0;3;0;0;0;0
"12/02/2022";"17:21:00";"240";"Acidente s";"85";"BR-101/RS";"Norte";"Saída de pista";0;0;0;1;0;0;0;0;0;0;1;0;0;0;0
"12/02/2022";"19:30:00";"291";"Acidente s";"362";"BR-386/RS";"Sul";"Saída de pista";1;0;0;0;0;0;0;0;0;0;1;0;0;0;0
"12/02/2022";"20:19:00";"297";"Acidente s";"92";"BR-290/RS";"Oeste";"Colisão - Transversal";2;0;0;0;0;0;0;0;0;0;4;0;0;0;0
"12/02/2022";"20:54:00";"300";"Acidente s";"356";"BR-386/RS";"Sul";"Tombamento";0;0;0;0;1;0;0;0;0;0;1;0;0;0;0
"12/02/2022";"22:06:00";"305";"Acidente c";"60";"BR-101/RS";"Norte";"Queda de moto";0;0;0;1;0;0;0;0;0;0;0;1;0;0;0
"12/02/2022";"23:18:00";"312";"Acidente s";"73";"BR-290/RS";"Leste";"Colisão - Traseira";2;0;0;0;0;0;0;0;0;0;2;0;0;0;0
"13/02/2022";"00:40:00";"7";"Acidente s";"415";"BR-386/RS";"Norte";"Colisão - Traseira";1;0;0;0;0;0;0;0;0;0;2;0;0;0;0
"13/02/2022";"01:45:00";"10";"Acidente c";"92";"BR-290/RS";"Leste";"Queda de moto";1;0;0;0;0;0;0;0;0;0;0;1;0;0;0
"13/02/2022";"02:41:00";"15";"Acidente c";"347";"BR-386/RS";"Norte";"Saída de pista";1;0;0;0;0;0;0;0;0;0;0;0;1;0;0
"13/02/2022";"11:23:00";"97";"Acidente s";"22";"BR-448/RS";"Sul";"Choque Barreira";0;0;0;0;0;0;0;0;0;0;2;0;0;0;0
"13/02/2022";"20:15:00";"208";"Acidente s";"83";"BR-101/RS";"Sul";"Colisão - Traseira";2;0;0;0;0;0;0;0;0;0;3;0;0;0;0
"13/02/2022";"20:41:00";"218";"Acidente s";"85";"BR-101/RS";"Sul";"Colisão - Traseira";2;0;0;0;0;0;0;0;0;0;2;0;0;0;0
"14/02/2022";"03:14:00";"16";"Acidente s";"13";"BR-290/RS";"Oeste";"Atropelamento de Animal";1;0;0;0;0;0;0;0;0;0;1;0;0;0;0
"14/02/2022";"06:28:00";"45";"Acidente s";"364";"BR-386/RS";"Norte";"Colisão - Traseira";2;0;0;0;0;0;0;0;0;0;2;0;0;0;0
"14/02/2022";"07:25:00";"58";"Acidente s";"89";"BR-290/RS";"Oeste";"Colisão - Traseira";2;0;0;0;0;0;0;0;0;0;2;0;0;0;0
"14/02/2022";"09:27:00";"110";"Acidente s";"96";"BR-290/RS";"Oeste";"Colisão - Traseira";2;0;0;0;0;0;0;0;0;0;2;0;0;0;0
"14/02/2022";"10:47:00";"127";"Acidente s";"264";"BR-386/RS";"Norte";"Colisão - Traseira";1;0;1;0;0;0;0;0;0;0;1;0;0;0;0
"14/02/2022";"12:25:00";"164";"Acidente c";"337";"BR-386/RS";"Norte";"Saída de pista";0;0;1;0;0;0;0;0;0;0;0;1;0;0;0
"14/02/2022";"13:11:00";"176";"Acidente s";"279";"BR-386/RS";"Norte";"Queda de ribanceira";1;0;0;0;0;0;0;0;0;0;1;0;0;0;0
"14/02/2022";"16:47:00";"241";"Acidente c";"356";"BR-386/RS";"Sul";"Queda de moto";0;0;0;1;0;0;0;0;0;0;1;0;1;0;0
"14/02/2022";"18:40:00";"264";"Acidente c";"15";"BR-448/RS";"Sul";"Colisão - Traseira";1;0;0;1;0;0;0;0;0;0;1;2;0;0;0
"15/02/2022";"07:39:00";"53";"Acidente c";"19";"BR-290/RS";"Leste";"Colisão - Traseira";2;0;0;0;0;0;0;0;0;0;2;1;0;0;0
"15/02/2022";"11:17:00";"140";"Acidente s";"94";"BR-290/RS";"Leste";"Colisão - Traseira";2;0;0;0;0;0;0;0;0;0;5;0;0;0;0
"15/02/2022";"14:26:00";"174";"Acidente s";"435";"BR-386/RS";"Norte";"Engavetamento";0;0;0;0;0;0;0;2;0;1;3;0;0;0;0
"16/02/2022";"06:56:00";"29";"Acidente s";"402";"BR-386/RS";"Sul";"Saída de pista";1;0;0;0;0;0;0;0;0;0;2;0;0;0;0
"16/02/2022";"07:52:00";"50";"Acidente s";"91";"BR-290/RS";"Oeste";"Engavetamento";3;0;0;0;0;0;0;0;0;0;4;0;0;0;0
"16/02/2022";"08:10:00";"62";"Acidente s";"426";"BR-386/RS";"Sul";"Choque Praça - Cabine";0;0;1;0;0;0;0;0;0;0;2;0;0;0;0
"16/02/2022";"08:40:00";"74";"Acidente s";"307";"BR-386/RS";"Norte";"Colisão - Traseira";2;0;0;0;0;0;0;0;0;0;2;0;0;0;0
"16/02/2022";"09:25:00";"100";"Acidente c";"32";"BR-290/RS";"Leste";"Queda de ribanceira";1;0;0;0;0;0;0;0;0;0;0;0;1;0;0
"16/02/2022";"11:15:00";"139";"Acidente s";"60";"BR-290/RS";"Leste";"Colisão - Traseira";2;0;0;0;0;0;0;0;0;0;5;0;0;0;0
"16/02/2022";"14:44:00";"197";"Acidente s";"26";"BR-290/RS";"Oeste";"Queda de moto";0;0;0;1;0;0;0;0;0;0;1;0;0;0;0
"16/02/2022";"15:31:00";"219";"Acidente s";"92";"BR-290/RS";"Leste";"Engavetamento";4;0;0;0;0;0;0;0;0;0;4;0;0;0;0
"16/02/2022";"16:16:00";"230";"Acidente s";"23";"BR-290/RS";"Leste";"Engavetamento";4;0;1;0;0;0;0;0;0;0;5;0;0;0;0
"16/02/2022";"17:52:00";"258";"Acidente s";"53";"BR-290/RS";"Leste";"Saída de pista";1;0;0;0;0;0;0;0;0;0;1;0;0;0;0
"17/02/2022";"02:22:00";"16";"Acidente s";"235";"BR-386/RS";"Norte";"Capotamento";1;0;0;0;0;0;0;0;0;0;2;0;0;0;0
"17/02/2022";"07:30:00";"51";"Acidente c";"55";"BR-290/RS";"Leste";"Capotamento";1;0;0;0;0;0;0;0;0;0;0;0;0;1;1
"17/02/2022";"07:47:00";"66";"Acidente c";"5";"BR-448/RS";"Sul";"Queda de moto";0;0;0;1;0;0;0;0;0;0;0;1;0;0;0
"17/02/2022";"09:48:00";"118";"Acidente s";"35";"BR-101/RS";"Norte";"Outros";1;0;0;0;0;0;0;1;0;0;2;0;0;0;0
"17/02/2022";"10:45:00";"144";"Acidente c";"52";"BR-101/RS";"Norte";"Colisão - Frontal";1;0;0;0;0;1;0;0;0;0;1;0;1;0;0
"17/02/2022";"15:06:00";"215";"Acidente s";"87";"BR-290/RS";"Oeste";"Colisão - Lateral";1;0;0;0;0;0;0;1;0;0;3;0;0;0;0
"17/02/2022";"18:18:00";"262";"Acidente s";"92";"BR-290/RS";"Leste";"Colisão - Lateral";1;0;0;1;0;0;0;0;0;0;2;0;0;0;0
"17/02/2022";"20:57:00";"299";"Acidente s";"332";"BR-386/RS";"Norte";"Colisão - Lateral";2;0;1;0;0;0;0;0;0;0;3;0;0;0;0
"17/02/2022";"22:17:00";"306";"Atropelame";"11";"BR-101/RS";"Sul";"Atropelamento - Morador/Trabalhador/Estudante";0;0;1;0;0;0;0;0;0;0;0;0;1;0;0
"17/02/2022";"22:49:00";"310";"Acidente c";"81";"BR-290/RS";"Leste";"Queda de ribanceira";1;0;0;0;0;0;0;0;0;0;0;1;0;0;0
"18/02/2022";"03:51:00";"20";"Acidente c";"68";"BR-290/RS";"Leste";"Saída de pista";1;0;0;0;0;0;0;0;0;0;0;1;0;0;0
"18/02/2022";"06:01:00";"27";"Acidente s";"409";"BR-386/RS";"Norte";"Atropelamento de Animal";1;0;0;0;0;0;0;0;0;0;3;0;0;0;0
"18/02/2022";"08:37:00";"90";"Acidente s";"424";"BR-386/RS";"Norte";"Choque - Meio Fio";1;0;0;0;0;0;0;0;0;0;1;0;0;0;0
"18/02/2022";"10:08:00";"118";"Acidente s";"362";"BR-386/RS";"Sul";"Colisão - Lateral";0;0;0;0;0;0;0;0;0;2;2;0;0;0;0
"18/02/2022";"20:22:00";"274";"Acidente c";"345";"BR-386/RS";"Norte";"Colisão - Frontal";1;0;1;0;0;0;0;0;0;0;1;0;0;1;0
"18/02/2022";"20:37:00";"277";"Acidente c";"351";"BR-386/RS";"Norte";"Colisão - Traseira";2;0;0;0;0;0;0;0;0;0;2;0;1;0;0
"19/02/2022";"10:25:00";"113";"Acidente c";"64";"BR-290/RS";"Leste";"Capotamento";1;0;0;0;0;0;0;0;0;0;0;4;0;0;0
"19/02/2022";"15:50:00";"181";"Acidente s";"180";"BR-386/RS";"Sul";"Tombamento";0;0;0;0;0;1;0;0;0;0;1;0;0;0;0
"19/02/2022";"18:02:00";"210";"Acidente s";"58";"BR-290/RS";"Leste";"Saída de pista";1;0;0;0;0;0;0;0;0;0;2;0;0;0;0
"19/02/2022";"18:30:00";"214";"Acidente s";"37";"BR-290/RS";"Oeste";"Choque com objeto sobre a pista";2;0;0;0;0;0;0;0;0;0;3;0;0;0;0
"19/02/2022";"20:42:00";"245";"Acidente s";"426";"BR-386/RS";"Sul";"Atropelamento de Animal";1;0;0;0;0;0;0;0;0;0;4;0;0;0;0
"19/02/2022";"23:19:00";"272";"Acidente c";"41";"BR-290/RS";"Oeste";"Tombamento";0;0;0;0;0;0;0;1;0;0;0;0;0;1;0
"20/02/2022";"04:27:00";"29";"Acidente s";"15";"BR-101/RS";"Sul";"Capotamento";1;0;0;0;0;0;0;0;0;0;1;0;0;0;0
"20/02/2022";"05:47:00";"32";"Acidente s";"86";"BR-290/RS";"Leste";"Choque - Poste";1;0;0;0;0;0;0;0;0;0;1;0;0;0;0
"20/02/2022";"06:05:00";"36";"Acidente s";"414";"BR-386/RS";"Norte";"Choque Defensa";1;0;0;0;0;0;0;0;0;0;1;0;0;0;0
"21/02/2022";"01:25:00";"10";"Acidente s";"356";"BR-386/RS";"Sul";"Saída de pista";1;0;0;0;0;0;0;0;0;0;1;0;0;0;0
"21/02/2022";"05:11:00";"28";"Acidente s";"26";"BR-290/RS";"Leste";"Choque Defensa";1;0;0;0;0;0;0;0;0;0;1;0;0;0;0
"21/02/2022";"07:48:00";"65";"Acidente s";"310";"BR-386/RS";"Sul";"Queda de ribanceira";0;0;1;0;0;0;0;0;0;0;1;0;0;0;0
"21/02/2022";"07:49:00";"132";"Acidente s";"310";"BR-386/RS";"Sul";"Choque Barreira";0;0;1;0;0;0;0;0;0;0;2;0;0;0;0
"21/02/2022";"08:11:00";"87";"Acidente s";"352";"BR-386/RS";"Norte";"Colisão - Traseira";2;0;0;0;0;0;0;0;0;0;2;0;0;0;0
"21/02/2022";"08:22:00";"91";"Acidente c";"15";"BR-448/RS";"Sul";"Choque Defensa";1;0;0;0;0;0;0;0;0;0;0;1;0;0;0
"21/02/2022";"08:51:00";"105";"Acidente s";"358";"BR-386/RS";"Norte";"Saída de pista";1;0;0;0;0;0;0;0;0;0;1;0;0;0;0
"21/02/2022";"09:39:00";"118";"Acidente s";"318";"BR-386/RS";"Norte";"Engavetamento";3;0;0;0;0;0;0;0;0;0;6;0;0;0;0
"21/02/2022";"14:16:00";"183";"Acidente s";"16";"BR-290/RS";"Oeste";"Choque Defensa";1;0;0;0;0;0;0;0;0;0;3;0;0;0;0
"21/02/2022";"15:03:00";"195";"Acidente s";"339";"BR-386/RS";"Sul";"Queda de ribanceira";1;0;0;0;0;0;0;0;0;0;1;0;0;0;0
"21/02/2022";"15:10:00";"198";"Acidente s";"361";"BR-386/RS";"Norte";"Capotamento";1;0;0;0;0;0;0;0;0;0;1;0;0;0;0
"21/02/2022";"15:32:00";"204";"Acidente s";"361";"BR-386/RS";"Norte";"Capotamento";1;0;0;0;0;0;0;0;0;0;1;0;0;0;0
"21/02/2022";"18:03:00";"252";"Acidente s";"86";"BR-290/RS";"Leste";"Engavetamento";2;0;0;0;0;0;0;0;0;1;3;0;0;0;0
"21/02/2022";"19:16:00";"270";"Acidente s";"425";"BR-386/RS";"Norte";"Colisão - Traseira";2;0;0;0;0;0;0;0;0;0;6;0;0;0;0
"21/02/2022";"21:18:00";"287";"Acidente c";"9";"BR-290/RS";"Leste";"Queda de moto";0;0;0;1;0;0;0;0;0;0;1;1;0;0;0
"21/02/2022";"22:39:00";"300";"Acidente s";"75";"BR-290/RS";"Oeste";"Saída de pista";1;0;0;0;0;0;0;0;0;0;1;0;0;0;0
"21/02/2022";"22:48:00";"301";"Acidente c";"65";"BR-290/RS";"Oeste";"Colisão - Traseira";2;0;0;0;0;0;0;0;0;0;3;2;0;0;0
"22/02/2022";"09:47:00";"123";"Acidente c";"82";"BR-290/RS";"Oeste";"Colisão - Traseira";2;0;0;0;0;0;0;0;0;0;0;2;0;0;0
"22/02/2022";"12:52:00";"176";"Acidente c";"353";"BR-386/RS";"Sul";"Capotamento";1;0;0;0;0;0;0;0;0;0;0;1;0;0;0
"22/02/2022";"17:47:00";"244";"Acidente c";"295";"BR-386/RS";"Norte";"Queda de ribanceira";0;0;0;1;0;0;0;0;0;0;0;0;1;0;0
"23/02/2022";"03:27:00";"19";"Acidente c";"31";"BR-290/RS";"Leste";"Tombamento";0;0;1;0;0;0;0;0;0;0;0;1;0;0;0
"23/02/2022";"03:55:00";"21";"Acidente s";"332";"BR-386/RS";"Norte";"Saída de pista";0;0;1;0;0;0;0;0;0;0;1;0;0;0;0
"23/02/2022";"06:21:00";"29";"Acidente s";"412";"BR-386/RS";"Norte";"Choque Defensa";1;0;0;0;0;0;0;0;0;0;1;0;0;0;0
"23/02/2022";"06:41:00";"31";"Acidente s";"252";"BR-386/RS";"Norte";"Queda de ribanceira";0;0;0;0;0;0;0;1;0;0;1;0;0;0;0
"23/02/2022";"07:37:00";"48";"Acidente s";"86";"BR-290/RS";"Oeste";"Engavetamento";3;0;0;0;0;0;0;0;0;0;4;0;0;0;0
"23/02/2022";"14:06:00";"178";"Acidente c";"418";"BR-386/RS";"Norte";"Colisão - Frontal";1;0;0;0;0;0;0;1;0;0;1;0;1;0;0
"23/02/2022";"14:10:00";"180";"Acidente s";"18";"BR-290/RS";"Oeste";"Saída de pista";1;0;0;0;0;0;0;0;0;0;1;0;0;0;0
"23/02/2022";"23:19:00";"267";"Acidente s";"25";"BR-290/RS";"Oeste";"Saída de pista";1;0;0;0;0;0;0;0;0;0;1;0;0;0;0
"24/02/2022";"00:41:00";"5";"Acidente s";"439";"BR-386/RS";"Norte";"Choque Defensa";1;0;0;0;0;0;0;0;0;0;2;0;0;0;0
"24/02/2022";"07:14:00";"48";"Acidente s";"354";"BR-386/RS";"Sul";"Queda de ribanceira";1;0;0;0;0;0;0;0;0;0;1;0;0;0;0
"24/02/2022";"09:14:00";"102";"Acidente c";"17";"BR-290/RS";"Leste";"Queda de ribanceira";1;0;0;0;0;0;0;0;0;0;0;3;2;0;0
"24/02/2022";"16:18:00";"199";"Acidente s";"60";"BR-290/RS";"Leste";"Colisão - Traseira";1;0;1;0;0;0;0;0;0;0;2;0;0;0;0
"24/02/2022";"17:17:00";"208";"Acidente c";"345";"BR-386/RS";"Norte";"Engavetamento";3;0;1;0;0;0;0;0;0;0;2;0;2;0;0
"24/02/2022";"19:56:00";"250";"Acidente s";"83";"BR-101/RS";"Norte";"Atropelamento de Animal";2;0;0;0;0;0;0;0;0;0;3;0;0;0;0
"24/02/2022";"20:23:00";"261";"Acidente s";"70";"BR-290/RS";"Oeste";"Colisão - Traseira";2;0;0;0;0;0;0;0;0;0;2;0;0;0;0
"24/02/2022";"23:22:00";"295";"Acidente s";"400";"BR-386/RS";"Norte";"Capotamento";1;0;0;0;0;0;0;0;0;0;1;0;0;0;0
"25/02/2022";"02:32:00";"8";"Acidente c";"82";"BR-290/RS";"Oeste";"Queda de ribanceira";0;0;1;0;0;0;0;0;0;0;0;0;0;1;0
"25/02/2022";"05:43:00";"22";"Acidente s";"375";"BR-386/RS";"Norte";"Choque Praça - Cabine";0;0;0;0;0;0;0;1;0;0;1;0;0;0;0
"25/02/2022";"07:55:00";"50";"Acidente s";"337";"BR-386/RS";"Norte";"Colisão - Lateral";1;0;0;0;0;0;0;0;0;1;5;0;0;0;0
"25/02/2022";"10:19:00";"121";"Acidente s";"370";"BR-386/RS";"Sul";"Choque Defensa";0;0;0;0;0;0;0;0;0;1;1;0;0;0;0
"25/02/2022";"10:24:00";"124";"Acidente s";"221";"BR-386/RS";"Norte";"Engavetamento";2;0;0;0;0;1;0;0;0;0;4;0;0;0;0
"25/02/2022";"10:36:00";"128";"Acidente s";"81";"BR-101/RS";"Norte";"Choque Defensa";0;0;0;0;0;0;0;0;0;1;1;0;0;0;0
"25/02/2022";"10:52:00";"133";"Acidente s";"69";"BR-290/RS";"Leste";"Choque Defensa";1;0;0;0;0;0;0;0;0;0;2;0;0;0;0
"25/02/2022";"12:35:00";"162";"Acidente s";"434";"BR-386/RS";"Sul";"Colisão - Traseira";1;0;0;0;0;0;0;0;0;0;1;0;0;0;0
"25/02/2022";"14:10:00";"192";"Acidente s";"27";"BR-290/RS";"Leste";"Colisão - Traseira";2;0;0;0;0;0;0;0;0;0;2;0;0;0;0
"25/02/2022";"14:29:00";"204";"Acidente s";"186";"BR-386/RS";"Norte";"Queda de ribanceira";0;0;0;0;0;0;0;0;0;1;1;0;0;0;0
"25/02/2022";"15:33:00";"223";"Acidente s";"84,15";"BR-290/RS";"Leste";"Colisão - Traseira";2;0;0;0;0;0;0;0;0;0;2;0;0;0;0
"25/02/2022";"15:39:00";"225";"Acidente c";"226";"BR-386/RS";"Norte";"Capotamento";1;0;0;0;0;0;0;0;0;0;0;0;4;0;0
"25/02/2022";"17:08:00";"266";"Acidente c";"342";"BR-386/RS";"Norte";"Colisão - Transversal";1;0;0;1;0;0;0;0;0;0;3;1;1;0;0
"25/02/2022";"18:21:00";"305";"Acidente s";"80";"BR-290/RS";"Leste";"Colisão - Traseira";2;0;0;0;0;0;0;0;0;0;2;0;0;0;0
"25/02/2022";"18:24:00";"308";"Acidente s";"2";"BR-290/RS";"Leste";"Colisão - Traseira";1;0;0;0;0;0;0;0;0;0;5;0;0;0;0
"25/02/2022";"19:45:00";"336";"Acidente s";"326";"BR-386/RS";"Norte";"Choque com objeto sobre a pista";1;0;0;0;0;0;0;0;0;0;2;0;0;0;0
"25/02/2022";"20:24:00";"348";"Acidente c";"74";"BR-290/RS";"Leste";"Queda de moto";1;0;0;1;0;0;0;0;0;0;1;1;0;0;0
"25/02/2022";"20:25:00";"349";"Acidente c";"78";"BR-101/RS";"Norte";"Engavetamento";3;0;0;0;0;0;0;0;0;0;5;0;0;0;1
"25/02/2022";"22:16:00";"380";"Acidente s";"438";"BR-386/RS";"Sul";"Engavetamento";0;0;0;0;0;0;0;0;0;0;5;0;0;0;0
"26/02/2022";"01:10:00";"11";"Acidente s";"357";"BR-386/RS";"Ambos";"Saída de pista";1;0;0;0;0;0;0;0;0;0;3;0;0;0;0
"26/02/2022";"04:07:00";"44";"Acidente s";"86";"BR-290/RS";"Leste";"Queda de ribanceira";1;0;0;0;0;0;0;0;0;0;1;0;0;0;0
"26/02/2022";"04:34:00";"47";"Acidente s";"364";"BR-386/RS";"Norte";"Saída de pista";1;0;0;0;0;0;0;0;0;0;3;0;0;0;0
"26/02/2022";"06:40:00";"68";"Acidente c";"85";"BR-290/RS";"Oeste";"Colisão - Traseira";1;0;0;0;0;0;0;1;0;0;1;1;0;0;0
"26/02/2022";"06:58:00";"73";"Acidente c";"91";"BR-290/RS";"Leste";"Colisão - Lateral";1;0;0;0;0;1;0;0;0;0;1;4;0;0;0