data;horario;n_da_ocorrencia;tipo_de_ocorrencia;km;trecho;sentido;tipo_de_acidente;automovel;bicicleta;caminhao;moto;onibus;outros;tracao_animal;transporte_de_cargas_especiais;trator_maquinas;utilitarios;ilesos;levemente_feridos;moderadamente_feridos;gravemente_feridos;mortos
"26/02/2022";"08:33:00";"122";"Acidente s";"295";"BR-386/RS";"Sul";"Colisão - Traseira";3;0;0;0;0;0;0;0;0;0;5;0;0;0;0
"26/02/2022";"08:37:00";"127";"Acidente s";"62";"BR-101/RS";"Norte";"Colisão - Traseira";2;0;0;0;0;0;0;0;0;0;2;0;0;0;0
"26/02/2022";"08:40:00";"129";"Acidente s";"92";"BR-290/RS";"Oeste";"Choque Barreira";1;0;0;0;0;0;0;0;0;0;2;0;0;0;0
"26/02/2022";"08:44:00";"131";"Acidente s";"83";"BR-290/RS";"Leste";"Engavetamento";4;0;0;0;0;0;0;0;0;0;4;0;0;0;0
"26/02/2022";"09:14:00";"143";"Acidente s";"28,19";"BR-290/RS";"Leste";"Engavetamento";1;0;0;0;0;0;0;0;0;0;1;0;0;0;0
"26/02/2022";"09:37:00";"153";"Acidente s";"25";"BR-290/RS";"Leste";"Choque com veículo na faixa de rolamento";2;0;0;0;0;0;0;0;0;0;2;0;0;0;0
"26/02/2022";"10:30:00";"176";"Acidente s";"69";"BR-290/RS";"Leste";"Engavetamento";5;0;0;0;0;0;0;0;0;0;5;0;0;0;0
"26/02/2022";"10:57:00";"181";"Acidente c";"16";"BR-448/RS";"Norte";"Choque Barreira";1;0;0;0;0;0;0;0;0;0;1;0;1;0;0
"26/02/2022";"12:23:00";"211";"Acidente s";"57";"BR-290/RS";"Oeste";"Colisão - Lateral";2;0;0;0;0;0;0;0;0;0;2;0;0;0;0
"26/02/2022";"12:34:00";"217";"Acidente c";"27";"BR-290/RS";"Leste";"Engavetamento";3;0;0;0;0;0;0;0;0;0;4;4;0;0;0
"26/02/2022";"14:26:00";"255";"Acidente s";"55";"BR-290/RS";"Leste";"Colisão - Lateral";3;0;0;0;0;0;0;0;0;0;3;0;0;0;0
"26/02/2022";"15:57:00";"285";"Acidente s";"22";"BR-448/RS";"Norte";"Colisão - Traseira";2;0;0;0;0;0;0;0;0;0;6;0;0;0;0
"26/02/2022";"16:08:00";"288";"Acidente s";"20";"BR-290/RS";"Leste";"Colisão - Traseira";2;0;0;0;0;0;0;0;0;0;2;0;0;0;0
"26/02/2022";"16:24:00";"294";"Acidente s";"32";"BR-101/RS";"Norte";"Colisão - Lateral";2;0;0;0;0;0;0;0;0;0;2;0;0;0;0
"26/02/2022";"16:28:00";"296";"Acidente c";"275";"BR-386/RS";"Sul";"Capotamento";1;0;0;0;0;0;0;0;0;0;0;1;0;0;0
"26/02/2022";"17:58:00";"328";"Acidente s";"290";"BR-386/RS";"Sul";"Queda de moto";0;0;0;1;0;0;0;0;0;0;1;0;0;0;0
"26/02/2022";"18:56:00";"346";"Acidente c";"375";"BR-386/RS";"Norte";"Queda de moto";0;0;0;1;0;0;0;0;0;0;0;2;0;0;0
"26/02/2022";"23:43:00";"387";"Acidente c";"53";"BR-101/RS";"Norte";"Saída de pista";1;0;0;0;0;0;0;0;0;0;0;2;2;0;0
"27/02/2022";"00:36:00";"2";"Acidente s";"401";"BR-386/RS";"Sul";"Saída de pista";1;0;0;0;0;0;0;0;0;0;5;0;0;0;0
"27/02/2022";"01:52:00";"5";"Acidente s";"70";"BR-290/RS";"Leste";"Saída de pista";1;0;0;0;0;0;0;0;0;0;1;0;0;0;0
"27/02/2022";"03:35:00";"16";"Acidente s";"245";"BR-386/RS";"Sul";"Saída de pista";1;0;0;0;0;0;0;0;0;0;1;0;0;0;0
"27/02/2022";"04:04:00";"19";"Acidente s";"50";"BR-101/RS";"Sul";"Saída de pista";1;0;0;0;0;0;0;0;0;0;1;0;0;0;0
"27/02/2022";"04:09:00";"20";"Acidente s";"50";"BR-290/RS";"Leste";"Atropelamento de Animal";1;0;0;0;0;0;0;0;0;0;2;0;0;0;0
"27/02/2022";"06:35:00";"41";"Acidente s";"28";"BR-290/RS";"Oeste";"Queda de ribanceira";1;0;0;0;0;0;0;0;0;0;1;0;0;0;0
"27/02/2022";"10:00:00";"94";"Acidente s";"19";"BR-290/RS";"Leste";"Colisão - Lateral";1;0;1;0;0;0;0;0;0;0;2;0;0;0;0
"27/02/2022";"17:24:00";"217";"Acidente s";"32";"BR-290/RS";"Oeste";"Colisão - Traseira";1;0;0;0;0;1;0;0;0;0;2;0;0;0;0
"27/02/2022";"19:28:00";"247";"Acidente s";"435";"BR-386/RS";"Norte";"Saída de pista";1;0;0;0;0;0;0;0;0;0;1;0;0;0;0
"28/02/2022";"08:17:00";"72";"Acidente s";"439";"BR-386/RS";"Sul";"Queda de ribanceira";1;0;0;0;0;0;0;0;0;0;1;0;0;0;0
"28/02/2022";"09:21:00";"91";"Acidente s";"417";"BR-386/RS";"Norte";"Saída de pista";1;0;0;0;0;0;0;0;0;0;1;0;0;0;0
"28/02/2022";"11:40:00";"124";"Acidente s";"12";"BR-101/RS";"Sul";"Saída de pista";1;0;0;0;0;0;0;0;0;0;1;0;0;0;0
"28/02/2022";"14:37:00";"168";"Acidente c";"346";"BR-386/RS";"Norte";"Tombamento";0;0;0;0;0;0;0;1;0;0;0;1;0;0;0
"28/02/2022";"18:04:00";"231";"Acidente c";"440";"BR-386/RS";"Sul";"Capotamento";1;0;0;0;0;0;0;0;0;0;2;2;0;0;0
"28/02/2022";"18:54:00";"236";"Acidente s";"86";"BR-290/RS";"Oeste";"Saída de pista";1;0;0;0;0;0;0;0;0;0;1;0;0;0;0
"28/02/2022";"20:39:00";"259";"Acidente s";"280";"BR-386/RS";"Norte";"Colisão - Frontal";1;0;1;0;0;0;0;0;0;0;2;0;0;0;0
"01/03/2022";"03:06:00";"11";"Acidente s";"411";"BR-386/RS";"Norte";"Saída de pista";1;0;0;0;0;0;0;0;0;0;1;0;0;0;0
"01/03/2022";"05:37:00";"19";"Acidente c";"5";"BR-290/RS";"Oeste";"Capotamento";1;0;0;0;0;0;0;0;0;0;2;0;1;0;0
"01/03/2022";"07:23:00";"29";"Acidente s";"438";"BR-386/RS";"Norte";"Choque - Meio Fio";1;0;0;0;0;0;0;0;0;0;1;0;0;0;0
"01/03/2022";"11:12:00";"78";"Acidente s";"392";"BR-386/RS";"Norte";"Colisão - Transversal";2;0;0;0;0;0;0;0;0;0;6;0;0;0;0
"01/03/2022";"11:56:00";"93";"Acidente s";"83";"BR-101/RS";"Sul";"Colisão - Traseira";2;0;0;0;0;0;0;0;0;0;4;0;0;0;0
"01/03/2022";"14:47:00";"137";"Acidente c";"30";"BR-101/RS";"Sul";"Capotamento";2;0;0;0;0;0;0;0;0;0;1;5;0;0;0
"01/03/2022";"15:58:00";"156";"Acidente s";"55";"BR-290/RS";"Oeste";"Colisão - Traseira";2;0;0;0;0;0;0;0;0;0;2;0;0;0;0
"01/03/2022";"16:12:00";"158";"Acidente s";"221";"BR-386/RS";"Norte";"Colisão - Traseira";2;0;0;0;0;0;0;0;0;0;6;0;0;0;0
"01/03/2022";"17:33:00";"186";"Acidente c";"35";"BR-290/RS";"Oeste";"Engavetamento";4;0;0;0;0;0;0;0;0;0;4;0;0;1;0
"01/03/2022";"18:50:00";"208";"Acidente s";"26";"BR-290/RS";"Oeste";"Colisão - Traseira";2;0;0;0;0;0;0;0;0;0;2;0;0;0;0
"01/03/2022";"22:04:00";"267";"Acidente s";"76";"BR-290/RS";"Oeste";"Saída de pista";1;0;0;0;0;0;0;0;0;0;5;0;0;0;0
"01/03/2022";"23:47:00";"285";"Acidente s";"38";"BR-290/RS";"Oeste";"Colisão - Traseira";2;0;0;0;0;0;0;0;0;0;4;0;0;0;0
"02/03/2022";"01:33:00";"7";"Acidente s";"72";"BR-101/RS";"Sul";"Saída de pista";0;0;0;0;0;0;0;0;0;1;1;0;0;0;0
"02/03/2022";"02:58:00";"16";"Acidente s";"38";"BR-101/RS";"Sul";"Saída de pista";1;0;0;0;0;0;0;0;0;0;5;0;0;0;0
"02/03/2022";"03:06:00";"17";"Acidente s";"46";"BR-101/RS";"Sul";"Tombamento";0;0;0;0;0;1;0;0;0;0;1;0;0;0;0
"02/03/2022";"10:10:00";"139";"Acidente c";"22";"BR-448/RS";"Norte";"Colisão - Lateral";1;0;0;0;0;1;0;0;0;0;3;1;0;0;0
"02/03/2022";"10:20:00";"141";"Acidente s";"41";"BR-290/RS";"Leste";"Queda de ribanceira";1;0;0;0;0;0;0;0;0;0;1;0;0;0;0
"02/03/2022";"10:24:00";"145";"Acidente c";"293";"BR-386/RS";"Sul";"Colisão - Frontal";2;0;0;0;0;0;0;0;0;0;0;2;3;1;0
"02/03/2022";"10:38:00";"151";"Acidente s";"41,12";"BR-290/RS";"Oeste";"Engavetamento";3;0;0;0;0;0;0;0;0;0;3;0;0;0;0
"02/03/2022";"10:52:00";"156";"Acidente s";"40";"BR-290/RS";"Oeste";"Colisão - Traseira";2;0;0;0;0;0;0;0;0;0;2;0;0;0;0
"02/03/2022";"12:05:00";"176";"Acidente c";"19";"BR-101/RS";"Sul";"Colisão - Lateral";1;0;0;1;0;0;0;0;0;0;1;1;0;0;0
"02/03/2022";"14:18:00";"208";"Acidente c";"31";"BR-290/RS";"Oeste";"Queda de moto";0;0;0;1;0;0;0;0;0;0;0;0;2;0;0
"02/03/2022";"15:22:00";"228";"Acidente s";"86";"BR-290/RS";"Leste";"Queda de ribanceira";1;0;0;0;0;0;0;0;0;0;1;0;0;0;0
"02/03/2022";"17:40:00";"265";"Acidente s";"428";"BR-386/RS";"Sul";"Colisão - Lateral";1;0;0;0;0;0;0;0;0;0;2;0;0;0;0
"03/03/2022";"10:49:00";"141";"Acidente s";"426";"BR-386/RS";"Norte";"Choque Praça - Cabine";0;0;1;0;0;0;0;0;0;0;1;0;0;0;0
"03/03/2022";"13:25:00";"189";"Acidente s";"86";"BR-290/RS";"Leste";"Queda de ribanceira";1;0;0;0;0;0;0;0;0;0;1;0;0;0;0
"03/03/2022";"15:34:00";"228";"Acidente c";"392";"BR-386/RS";"Sul";"Colisão - Transversal";2;0;0;0;0;0;0;0;0;0;1;1;1;0;0
"04/03/2022";"09:12:00";"105";"Acidente c";"306";"BR-386/RS";"Norte";"Queda de ribanceira";1;0;0;0;0;0;0;0;0;0;0;2;0;0;0
"04/03/2022";"11:12:00";"135";"Acidente s";"25";"BR-290/RS";"Oeste";"Saída de pista";1;0;0;0;0;0;0;0;0;0;1;0;0;0;0
"04/03/2022";"16:03:00";"229";"Acidente s";"242";"BR-386/RS";"Sul";"Colisão - Transversal";1;0;0;0;0;0;0;0;0;0;1;0;0;0;0
"04/03/2022";"17:47:00";"259";"Acidente s";"18";"BR-448/RS";"Sul";"Colisão - Lateral";2;0;0;0;0;0;0;0;0;0;6;0;0;0;0
"04/03/2022";"17:57:00";"261";"Acidente s";"87";"BR-290/RS";"Leste";"Saída de pista";1;0;0;0;0;0;0;0;0;0;1;0;0;0;0
"04/03/2022";"19:01:00";"281";"Acidente c";"356";"BR-386/RS";"Norte";"Colisão - Traseira";1;0;0;0;0;1;0;0;0;0;1;1;0;0;0
"04/03/2022";"19:26:00";"288";"Acidente c";"317";"BR-386/RS";"Sul";"Tombamento";0;0;0;0;0;0;0;1;0;1;1;0;0;1;0
"05/03/2022";"02:34:00";"19";"Acidente s";"405";"BR-386/RS";"Sul";"Saída de pista";1;0;0;0;0;0;0;0;0;0;1;0;0;0;0
"05/03/2022";"04:40:00";"29";"Acidente s";"203";"BR-386/RS";"Norte";"Choque Defensa";1;0;0;0;0;0;0;0;0;0;1;0;0;0;0
"05/03/2022";"09:02:00";"101";"Acidente s";"83,54";"BR-290/RS";"Leste";"Saída de pista";0;0;0;1;0;0;0;0;0;0;1;0;0;0;0
"05/03/2022";"14:40:00";"188";"Acidente c";"17";"BR-290/RS";"Leste";"Queda de ribanceira";0;0;0;1;0;0;0;0;0;0;0;0;1;0;0
"05/03/2022";"19:50:00";"276";"Acidente s";"21";"BR-448/RS";"Norte";"Colisão - Lateral";1;0;1;0;0;0;0;0;0;0;2;0;0;0;0
"05/03/2022";"22:20:00";"301";"Acidente s";"26";"BR-290/RS";"Leste";"Colisão - Lateral";1;0;0;0;0;1;0;0;0;0;7;0;0;0;0
"05/03/2022";"22:39:00";"306";"Acidente c";"346";"BR-386/RS";"Sul";"Colisão - Frontal";2;0;0;0;0;0;0;0;0;0;1;0;3;0;0
"06/03/2022";"05:51:00";"29";"Acidente s";"444";"BR-386/RS";"Norte";"Atropelamento de Animal";1;0;0;0;0;0;0;0;0;0;1;0;0;0;0
"06/03/2022";"10:06:00";"73";"Acidente s";"92";"BR-290/RS";"Leste";"Choque Barreira";1;0;0;0;0;0;0;0;0;0;1;0;0;0;0
"06/03/2022";"12:11:00";"98";"Acidente s";"10";"BR-448/RS";"Norte";"Queda de ribanceira";1;0;0;0;0;0;0;0;0;0;3;0;0;0;0
"06/03/2022";"14:40:00";"125";"Acidente s";"349";"BR-386/RS";"Norte";"Capotamento";1;0;0;0;0;0;0;0;0;0;1;0;0;0;0
"06/03/2022";"17:17:00";"161";"Acidente s";"391";"BR-386/RS";"Norte";"Colisão - Lateral";2;0;0;0;0;0;0;0;0;0;4;0;0;0;0
"06/03/2022";"18:12:00";"182";"Acidente c";"430";"BR-386/RS";"Sul";"Colisão - Transversal";2;0;0;0;0;0;0;0;0;0;0;0;0;2;1
"06/03/2022";"18:27:00";"187";"Acidente s";"401";"BR-386/RS";"Norte";"Saída de pista";1;0;0;0;0;0;0;0;0;0;2;0;0;0;0
"06/03/2022";"19:15:00";"198";"Acidente s";"26";"BR-290/RS";"Oeste";"Saída de pista";1;0;0;0;0;0;0;0;0;0;2;0;0;0;0
"06/03/2022";"19:40:00";"208";"Acidente s";"6";"BR-290/RS";"Oeste";"Engavetamento";3;0;0;0;0;0;0;0;0;0;9;0;0;0;0
"06/03/2022";"21:40:00";"227";"Acidente s";"304";"BR-386/RS";"Sul";"Saída de pista";1;0;0;0;0;0;0;0;0;0;2;0;0;0;0
"06/03/2022";"22:31:00";"236";"Acidente s";"319";"BR-386/RS";"Sul";"Saída de pista";0;0;1;0;0;0;0;0;0;0;1;0;0;0;0
"07/03/2022";"01:52:00";"12";"Acidente s";"60";"BR-290/RS";"Leste";"Atropelamento de Animal";1;0;0;0;0;0;0;0;0;0;4;0;0;0;0
"07/03/2022";"03:01:00";"16";"Acidente s";"334";"BR-386/RS";"Sul";"Saída de pista";1;0;0;0;0;0;0;0;0;0;1;0;0;0;0
"07/03/2022";"04:43:00";"20";"Acidente s";"19";"BR-101/RS";"Norte";"Saída de pista";1;0;0;0;0;1;0;0;0;0;2;0;0;0;0
"07/03/2022";"07:47:00";"53";"Acidente c";"49";"BR-290/RS";"Oeste";"Queda de ribanceira";1;0;0;0;0;0;0;0;0;0;0;0;1;0;0
"07/03/2022";"07:58:00";"57";"Acidente c";"440";"BR-386/RS";"Sul";"Colisão - Lateral";1;0;0;1;0;0;0;0;0;0;2;0;0;2;0
"07/03/2022";"10:57:00";"135";"Acidente c";"363";"BR-386/RS";"Norte";"Colisão - Traseira";1;0;0;0;0;0;0;0;0;1;1;1;0;0;0
"07/03/2022";"11:44:00";"147";"Acidente s";"13";"BR-101/RS";"Norte";"Saída de pista";0;0;0;0;0;1;0;1;0;0;2;0;0;0;0
"07/03/2022";"11:46:00";"148";"Acidente s";"24";"BR-290/RS";"Oeste";"Colisão - Traseira";2;0;0;0;0;0;0;0;0;0;3;0;0;0;0
"07/03/2022";"13:09:00";"173";"Acidente c";"71";"BR-101/RS";"Norte";"Colisão - Traseira";1;0;0;0;0;0;0;0;0;1;1;1;1;0;0
"07/03/2022";"15:10:00";"207";"Acidente s";"426";"BR-386/RS";"Sul";"Choque Praça - Cabine";0;0;1;0;0;0;0;0;0;0;1;0;0;0;0
"07/03/2022";"15:34:00";"215";"Acidente s";"374";"BR-386/RS";"Norte";"Saída de pista";1;0;0;0;0;0;0;0;0;0;2;0;0;0;0
"07/03/2022";"16:08:00";"228";"Acidente s";"366";"BR-386/RS";"Sul";"Saída de pista";1;0;0;0;0;0;0;0;0;0;4;0;0;0;0
"07/03/2022";"17:07:00";"244";"Acidente s";"223";"BR-386/RS";"Sul";"Choque Defensa";1;0;0;0;0;0;0;0;0;0;1;0;0;0;0
"07/03/2022";"18:10:00";"259";"Acidente s";"30";"BR-101/RS";"Norte";"Saída de pista";1;0;0;0;0;0;0;0;0;0;1;0;0;0;0
"08/03/2022";"12:22:00";"162";"Acidente c";"283";"BR-386/RS";"Sul";"Capotamento";1;0;0;0;0;0;0;0;0;0;0;0;1;0;0
"08/03/2022";"14:31:00";"189";"Acidente c";"379";"BR-386/RS";"Norte";"Colisão - Lateral";1;0;1;0;0;0;0;0;0;0;4;1;0;0;0
"08/03/2022";"18:44:00";"236";"Acidente c";"372";"BR-386/RS";"Norte";"Colisão - Frontal";1;0;1;0;0;0;0;0;0;0;1;1;0;0;0
"08/03/2022";"21:07:00";"258";"Acidente s";"344";"BR-386/RS";"Sul";"Atropelamento de Animal";1;0;0;0;0;0;0;0;0;0;1;0;0;0;0
"08/03/2022";"22:22:00";"265";"Acidente c";"91";"BR-290/RS";"Leste";"Colisão - Traseira";2;0;0;0;0;0;0;0;0;0;2;1;0;0;0
"09/03/2022";"03:28:00";"20";"Acidente s";"10";"BR-448/RS";"Sul";"Colisão - Lateral";0;0;1;0;0;0;0;0;0;0;2;0;0;0;0
"09/03/2022";"05:55:00";"27";"Acidente s";"200";"BR-386/RS";"Norte";"Atropelamento de Animal";1;0;0;0;0;0;0;0;0;0;1;0;0;0;0
"09/03/2022";"06:25:00";"29";"Acidente s";"297";"BR-386/RS";"Norte";"Colisão - Traseira";1;0;1;0;0;0;0;0;0;0;3;0;0;0;0
"09/03/2022";"09:35:00";"101";"Acidente c";"432";"BR-386/RS";"Norte";"Colisão - Traseira";1;0;1;0;0;0;0;0;0;0;1;1;0;0;0
"09/03/2022";"11:32:00";"128";"Acidente s";"83,55";"BR-290/RS";"Oeste";"Colisão - Lateral";1;0;0;1;0;0;0;0;0;0;2;0;0;0;0
"09/03/2022";"14:14:00";"159";"Acidente c";"80";"BR-290/RS";"Leste";"Queda de ribanceira";1;0;0;0;0;0;0;0;0;0;2;0;1;0;0
"09/03/2022";"16:06:00";"189";"Acidente s";"98";"BR-290/RS";"Oeste";"Capotamento";1;0;0;0;0;0;0;0;0;0;3;0;0;0;0
"09/03/2022";"18:41:00";"222";"Acidente c";"367";"BR-386/RS";"Norte";"Queda de moto";1;0;0;0;0;0;0;0;0;0;0;0;1;0;0
"09/03/2022";"19:29:00";"231";"Acidente s";"411";"BR-386/RS";"Sul";"Colisão - Frontal";0;0;0;2;0;0;0;0;0;0;2;0;0;0;0
"10/03/2022";"01:40:00";"6";"Acidente s";"42";"BR-290/RS";"Oeste";"Tombamento";0;0;1;0;0;0;0;0;0;0;1;0;0;0;0
"10/03/2022";"08:32:00";"59";"Acidente c";"77";"BR-101/RS";"Sul";"Colisão - Traseira";1;0;0;0;0;0;0;1;0;0;1;1;1;0;0
"10/03/2022";"10:58:00";"103";"Acidente s";"408";"BR-386/RS";"Norte";"Colisão - Traseira";2;0;0;0;0;0;0;0;0;0;2;0;0;0;0
"10/03/2022";"14:07:00";"136";"Acidente s";"380";"BR-386/RS";"Norte";"Queda de ribanceira";0;0;0;0;0;0;0;0;0;1;1;0;0;0;0
"10/03/2022";"14:15:00";"138";"Acidente c";"422";"BR-386/RS";"Norte";"Colisão - Lateral";1;0;1;0;0;0;0;0;0;0;3;0;1;0;0
"10/03/2022";"20:50:00";"215";"Atropelame";"9";"BR-290/RS";"Oeste";"Atropelamento - Usuário";0;0;0;0;0;1;0;0;0;0;1;0;0;1;0
"11/03/2022";"07:44:00";"36";"Acidente s";"355";"BR-386/RS";"Sul";"Saída de pista";1;0;0;0;0;0;0;0;0;0;1;0;0;0;0
"11/03/2022";"08:00:00";"47";"Acidente s";"77";"BR-290/RS";"Leste";"Choque Barreira";1;0;0;0;0;0;0;0;0;0;1;0;0;0;0
"11/03/2022";"08:12:00";"51";"Acidente c";"329";"BR-386/RS";"Norte";"Colisão - Frontal";1;0;0;0;0;0;0;1;0;0;1;0;0;1;1
"11/03/2022";"11:34:00";"100";"Acidente s";"345";"BR-386/RS";"Sul";"Engavetamento";2;0;0;0;0;0;0;0;0;1;4;0;0;0;0
"11/03/2022";"12:11:00";"109";"Acidente s";"411";"BR-386/RS";"Sul";"Colisão - Lateral";2;0;0;0;0;0;0;0;0;0;3;0;0;0;0
"11/03/2022";"12:13:00";"110";"Acidente s";"29";"BR-290/RS";"Oeste";"Choque Defensa";1;0;0;0;0;0;0;0;0;0;2;0;0;0;0
"11/03/2022";"12:57:00";"118";"Acidente s";"23";"BR-290/RS";"Leste";"Queda de ribanceira";1;0;0;0;0;0;0;0;0;0;2;0;0;0;0
"11/03/2022";"13:06:00";"120";"Acidente s";"373";"BR-386/RS";"Sul";"Capotamento";1;0;0;0;0;0;0;0;0;0;2;0;0;0;0
"11/03/2022";"14:40:00";"142";"Acidente s";"331";"BR-386/RS";"Sul";"Colisão - Traseira";2;0;1;0;0;0;0;0;0;0;3;0;0;0;0
"11/03/2022";"15:33:00";"154";"Acidente s";"78,39";"BR-290/RS";"Leste";"Capotamento";1;0;0;0;0;0;0;0;0;0;2;0;0;0;0
"11/03/2022";"20:38:00";"229";"Acidente s";"343";"BR-386/RS";"Norte";"Colisão - Lateral";2;0;0;0;0;0;0;0;0;0;3;0;0;0;0
"12/03/2022";"01:00:00";"10";"Acidente s";"399";"BR-386/RS";"Sul";"Queda de ribanceira";0;0;0;0;0;0;0;0;0;1;3;0;0;0;0
"12/03/2022";"07:07:00";"47";"Acidente c";"19";"BR-290/RS";"Leste";"Colisão - Transversal";1;0;0;0;0;0;0;1;0;0;2;1;0;0;0
"12/03/2022";"07:22:00";"51";"Acidente s";"27";"BR-101/RS";"Norte";"Queda de ribanceira";0;0;1;0;0;0;0;0;0;0;1;0;0;0;0
"12/03/2022";"09:23:00";"98";"Acidente s";"325";"BR-386/RS";"Norte";"Colisão - Traseira";1;0;1;0;0;0;0;0;0;0;3;0;0;0;0
"12/03/2022";"10:32:00";"109";"Acidente s";"232";"BR-386/RS";"Sul";"Atropelamento de Animal";1;0;0;0;0;0;0;0;0;0;2;0;0;0;0
"12/03/2022";"18:18:00";"197";"Acidente s";"60";"BR-290/RS";"Leste";"Colisão - Lateral";2;0;0;0;0;0;0;0;0;0;3;0;0;0;0
"12/03/2022";"19:29:00";"207";"Acidente s";"41";"BR-101/RS";"Sul";"Atropelamento de Animal";1;0;0;0;0;0;0;0;0;0;1;0;0;0;0
"12/03/2022";"20:29:00";"220";"Acidente c";"301";"BR-386/RS";"Sul";"Colisão - Lateral";2;0;0;0;0;0;0;0;0;0;2;1;0;0;0
"13/03/2022";"00:37:00";"9";"Acidente s";"50";"BR-101/RS";"Norte";"Capotamento";1;0;0;0;0;0;0;0;0;0;1;0;0;0;0
"13/03/2022";"05:16:00";"21";"Acidente s";"358";"BR-386/RS";"Sul";"Queda de ribanceira";1;0;0;0;0;0;0;0;0;0;1;0;0;0;0
"13/03/2022";"06:40:00";"25";"Acidente s";"66";"BR-101/RS";"Norte";"Colisão - Lateral";1;0;0;0;0;0;0;1;0;0;2;0;0;0;0
"13/03/2022";"10:20:00";"53";"Acidente s";"75";"BR-290/RS";"Leste";"Choque Defensa";1;0;0;0;0;0;0;0;0;0;1;0;0;0;0
"13/03/2022";"10:37:00";"58";"Acidente s";"24";"BR-290/RS";"Oeste";"Colisão - Lateral";2;0;0;0;0;0;0;0;0;0;3;0;0;0;0
"13/03/2022";"13:49:00";"75";"Acidente s";"265";"BR-386/RS";"Norte";"Saída de pista";1;0;0;0;0;0;0;0;0;0;1;0;0;0;0
"13/03/2022";"16:34:00";"107";"Acidente s";"278";"BR-386/RS";"Norte";"Capotamento";1;0;0;0;0;0;0;0;0;0;2;0;0;0;0
"13/03/2022";"17:20:00";"117";"Acidente s";"88";"BR-290/RS";"Oeste";"Colisão - Lateral";1;0;0;0;0;0;0;1;0;0;4;0;0;0;0
"13/03/2022";"18:23:00";"137";"Acidente s";"70";"BR-290/RS";"Oeste";"Capotamento";1;0;0;0;0;0;0;0;0;0;1;0;0;0;0
"13/03/2022";"22:45:00";"184";"Acidente s";"346";"BR-386/RS";"Sul";"Choque Defensa";1;0;0;0;0;0;0;0;0;0;2;0;0;0;0
"14/03/2022";"02:12:00";"13";"Acidente s";"14";"BR-290/RS";"Leste";"Saída de pista";0;0;1;0;0;0;0;0;0;0;1;0;0;0;0
"14/03/2022";"10:31:00";"110";"Acidente c";"288";"BR-386/RS";"Sul";"Capotamento";1;0;0;0;0;0;0;0;0;0;1;0;1;0;0
"14/03/2022";"15:28:00";"189";"Acidente c";"306";"BR-386/RS";"Norte";"Tombamento";0;0;0;0;0;0;0;1;0;0;0;0;0;1;0
"14/03/2022";"16:14:00";"200";"Acidente s";"2";"BR-101/RS";"Norte";"Capotamento";1;0;0;0;0;0;0;0;0;0;1;0;0;0;0
"14/03/2022";"16:44:00";"204";"Acidente s";"78,39";"BR-290/RS";"Leste";"Choque Barreira";1;0;0;0;0;0;0;0;0;0;1;0;0;0;0
"14/03/2022";"18:05:00";"217";"Acidente c";"222";"BR-386/RS";"Norte";"Colisão - Lateral";1;0;1;0;0;0;0;0;0;0;3;0;1;0;0
"14/03/2022";"18:28:00";"222";"Acidente s";"229";"BR-386/RS";"Norte";"Colisão - Traseira";1;0;1;0;0;0;0;0;0;1;3;0;0;0;0
"15/03/2022";"05:51:00";"26";"Acidente s";"398";"BR-386/RS";"Norte";"Tombamento";0;0;1;0;0;0;0;0;0;0;1;0;0;0;0
"15/03/2022";"08:30:00";"70";"Acidente s";"419";"BR-386/RS";"Norte";"Queda de ribanceira";1;0;0;0;0;0;0;0;0;0;2;0;0;0;0
"15/03/2022";"08:47:00";"79";"Acidente s";"37";"BR-290/RS";"Leste";"Colisão - Traseira";0;0;1;0;0;0;0;0;0;1;3;0;0;0;0
"15/03/2022";"12:11:00";"147";"Acidente c";"179";"BR-386/RS";"Norte";"Colisão - Lateral";0;0;0;0;0;0;0;2;0;0;2;1;0;0;0
"15/03/2022";"14:42:00";"185";"Acidente c";"342";"BR-386/RS";"Norte";"Queda de ribanceira";1;0;0;0;0;0;0;0;0;0;2;1;0;0;0
"15/03/2022";"15:55:00";"203";"Acidente s";"338";"BR-386/RS";"Norte";"Colisão - Frontal";1;0;1;0;0;0;0;0;0;0;2;0;0;0;0
"15/03/2022";"18:40:00";"241";"Acidente c";"442";"BR-386/RS";"Sul";"Saída de pista";1;0;0;0;0;0;0;0;0;0;1;1;0;0;0
"16/03/2022";"00:56:00";"5";"Acidente s";"365";"BR-386/RS";"Sul";"Saída de pista";1;0;0;0;0;0;0;0;0;0;1;0;0;0;0
"16/03/2022";"10:37:00";"98";"Acidente s";"19";"BR-290/RS";"Leste";"Outros";0;0;0;0;0;0;0;1;0;0;1;0;0;0;0
"16/03/2022";"17:40:00";"183";"Acidente c";"431";"BR-386/RS";"Sul";"Colisão - Transversal";0;0;0;0;0;0;0;1;0;1;3;3;3;0;0
"16/03/2022";"18:54:00";"203";"Acidente s";"236";"BR-386/RS";"Sul";"Queda de ribanceira";1;0;0;0;0;0;0;0;0;0;3;0;0;0;0
"16/03/2022";"19:58:00";"221";"Acidente s";"425";"BR-386/RS";"Sul";"Engavetamento";1;0;0;0;0;0;0;2;0;0;3;0;0;0;0
"17/03/2022";"00:05:00";"1";"Acidente s";"208";"BR-386/RS";"Sul";"Atropelamento de Animal";1;0;0;0;0;0;0;0;0;0;1;0;0;0;0