data;horario;n_da_ocorrencia;tipo_de_ocorrencia;km;trecho;sentido;tipo_de_acidente;automovel;bicicleta;caminhao;moto;onibus;outros;tracao_animal;transporte_de_cargas_especiais;trator_maquinas;utilitarios;ilesos;levemente_feridos;moderadamente_feridos;gravemente_feridos;mortos
"16/05/2022";"02:48:00";"7";"Acidente s";"352";"BR-386/RS";"Sul";"Choque - Meio Fio";1;0;0;0;0;0;0;0;0;0;1;0;0;0;0
"16/05/2022";"02:58:00";"9";"Acidente c";"51";"BR-101/RS";"Ambos";"Saída de pista";1;0;0;0;0;0;0;0;0;0;0;1;0;0;0
"16/05/2022";"06:18:00";"22";"Acidente s";"426";"BR-386/RS";"Norte";"Outros";1;0;0;0;0;0;0;0;0;0;1;0;0;0;0
"16/05/2022";"06:23:00";"24";"Acidente c";"329,28";"BR-386/RS";"Sul";"Colisão - Frontal";3;0;0;1;0;0;0;0;0;0;8;0;0;0;1
"16/05/2022";"14:35:00";"179";"Acidente s";"52,07";"BR-290/RS";"Oeste";"Colisão - Lateral";1;0;0;0;0;0;0;0;0;1;4;0;0;0;0
"16/05/2022";"15:44:00";"199";"Acidente s";"68";"BR-290/RS";"Oeste";"Saída de pista";0;0;0;0;0;0;0;1;0;0;1;0;0;0;0
"16/05/2022";"16:10:00";"204";"Acidente s";"66";"BR-290/RS";"Oeste";"Colisão - Lateral";0;0;0;0;0;1;0;1;0;0;2;0;0;0;0
"16/05/2022";"16:12:00";"205";"Acidente s";"3";"BR-448/RS";"Norte";"Colisão - Lateral";1;0;0;0;0;0;0;0;0;1;2;0;0;0;0
"16/05/2022";"16:27:00";"209";"Acidente s";"58";"BR-290/RS";"Oeste";"Capotamento";1;0;0;0;0;0;0;0;0;0;3;0;0;0;0
"16/05/2022";"19:44:00";"236";"Acidente s";"405";"BR-386/RS";"Sul";"Atropelamento de Animal";1;0;0;0;0;0;0;0;0;0;1;0;0;0;0
"17/05/2022";"05:54:00";"15";"Acidente s";"75";"BR-101/RS";"Sul";"Queda de ribanceira";0;0;1;0;0;0;0;0;0;0;1;0;0;0;0
"17/05/2022";"08:06:00";"50";"Acidente s";"337";"BR-386/RS";"Norte";"Colisão - Transversal";0;0;1;0;0;0;0;1;0;0;3;0;0;0;0
"17/05/2022";"10:05:00";"106";"Acidente s";"90";"BR-290/RS";"Oeste";"Choque com objeto sobre a pista";1;0;0;0;0;0;0;0;0;1;3;0;0;0;0
"17/05/2022";"13:42:00";"157";"Acidente c";"7";"BR-290/RS";"Leste";"Choque Defensa";1;0;0;0;0;0;0;0;0;0;0;1;0;0;0
"17/05/2022";"13:42:00";"158";"Acidente s";"375";"BR-386/RS";"Sul";"Colisão - Traseira";2;0;0;0;0;0;0;0;0;0;2;0;0;0;0
"17/05/2022";"18:08:00";"205";"Acidente s";"75";"BR-290/RS";"Leste";"Colisão - Traseira";2;0;0;0;0;0;0;0;0;0;3;0;0;0;0
"17/05/2022";"20:17:00";"229";"Acidente s";"444";"BR-386/RS";"Sul";"Choque Defensa";1;0;0;0;0;0;0;0;0;0;1;0;0;0;0
"17/05/2022";"21:31:00";"240";"Acidente s";"22";"BR-290/RS";"Oeste";"Saída de pista";1;0;0;0;0;0;0;0;0;0;1;0;0;0;0
"18/05/2022";"07:57:00";"33";"Acidente s";"72";"BR-290/RS";"Oeste";"Saída de pista";1;0;0;0;0;0;0;0;0;0;1;0;0;0;0
"18/05/2022";"09:47:00";"70";"Acidente s";"351";"BR-386/RS";"Sul";"Colisão - Traseira";2;0;0;0;0;0;0;0;0;0;4;0;0;0;0
"18/05/2022";"09:51:00";"71";"Acidente s";"50";"BR-290/RS";"Oeste";"Saída de pista";1;0;0;0;0;0;0;0;0;0;1;0;0;0;0
"18/05/2022";"11:18:00";"99";"Acidente s";"85";"BR-290/RS";"Leste";"Choque Defensa";1;0;0;0;0;0;0;0;0;0;1;0;0;0;0
"18/05/2022";"19:37:00";"188";"Acidente s";"81";"BR-290/RS";"Leste";"Saída de pista";1;0;0;0;0;0;0;0;0;0;1;0;0;0;0
"18/05/2022";"22:28:00";"217";"Acidente s";"309";"BR-386/RS";"Norte";"Colisão - Lateral";1;0;0;0;0;0;0;0;0;1;3;0;0;0;0
"19/05/2022";"00:55:00";"7";"Acidente c";"94";"BR-290/RS";"Leste";"Saída de pista";1;0;0;0;0;0;0;0;0;0;0;0;1;0;0
"19/05/2022";"02:33:00";"13";"Acidente c";"345";"BR-386/RS";"Norte";"Tombamento";0;0;1;0;0;0;0;0;0;0;0;1;0;0;0
"19/05/2022";"04:13:00";"15";"Acidente s";"63";"BR-101/RS";"Norte";"Saída de pista";1;0;0;0;0;0;0;0;0;0;1;0;0;0;0
"19/05/2022";"07:41:00";"47";"Acidente s";"15";"BR-448/RS";"Norte";"Colisão - Traseira";2;0;0;0;0;0;0;0;0;0;2;0;0;0;0
"19/05/2022";"13:48:00";"160";"Acidente c";"97";"BR-290/RS";"Leste";"Choque Defensa";1;0;0;0;0;0;0;0;0;0;1;0;1;0;0
"19/05/2022";"16:43:00";"197";"Acidente s";"325";"BR-386/RS";"Norte";"Colisão - Transversal";1;0;0;0;0;0;0;1;0;0;2;0;0;0;0
"19/05/2022";"17:59:00";"211";"Acidente s";"75";"BR-290/RS";"Leste";"Saída de pista";1;0;0;0;0;0;0;0;0;0;1;0;0;0;0
"19/05/2022";"20:46:00";"251";"Acidente c";"91";"BR-290/RS";"Leste";"Colisão - Lateral";1;0;1;0;0;0;0;0;0;0;2;1;0;0;0
"19/05/2022";"20:56:00";"253";"Acidente c";"6";"BR-290/RS";"Oeste";"Colisão - Traseira";1;0;0;0;0;2;0;0;0;0;4;0;1;0;0
"19/05/2022";"23:24:00";"267";"Acidente s";"80";"BR-290/RS";"Leste";"Capotamento";1;0;0;0;0;0;0;0;0;0;1;0;0;0;0
"20/05/2022";"08:24:00";"87";"Acidente c";"95";"BR-290/RS";"Oeste";"Queda de moto";0;0;0;1;0;0;0;0;0;0;0;1;0;0;0
"20/05/2022";"08:36:00";"90";"Acidente s";"6";"BR-448/RS";"Sul";"Tombamento";0;0;0;0;0;0;0;0;0;1;1;0;0;0;0
"20/05/2022";"10:36:00";"132";"Acidente s";"426";"BR-386/RS";"Norte";"Colisão - Lateral";1;0;1;0;0;0;0;0;0;0;3;0;0;0;0
"20/05/2022";"12:25:00";"155";"Acidente s";"19";"BR-290/RS";"Leste";"Colisão - Traseira";2;0;0;0;0;0;0;0;0;0;6;0;0;0;0
"20/05/2022";"12:27:00";"156";"Acidente s";"22";"BR-290/RS";"Oeste";"Colisão - Lateral";1;0;1;0;0;0;0;0;0;0;2;0;0;0;0
"20/05/2022";"13:19:00";"164";"Acidente s";"96";"BR-290/RS";"Leste";"Choque Barreira";1;0;0;0;0;0;0;0;0;0;1;0;0;0;0
"20/05/2022";"14:32:00";"181";"Acidente s";"334";"BR-386/RS";"Sul";"Engavetamento";3;0;0;0;0;0;0;0;0;0;4;0;0;0;0
"20/05/2022";"20:07:00";"257";"Acidente s";"60";"BR-290/RS";"Oeste";"Colisão - Traseira";1;0;0;0;0;1;0;0;0;0;6;0;0;0;0
"20/05/2022";"20:46:00";"262";"Acidente s";"80";"BR-290/RS";"Oeste";"Saída de pista";0;0;0;0;0;0;0;1;0;0;1;0;0;0;0
"20/05/2022";"21:31:00";"268";"Acidente s";"440";"BR-386/RS";"Sul";"Saída de pista";1;0;0;0;0;0;0;0;0;0;2;0;0;0;0
"21/05/2022";"07:49:00";"42";"Acidente s";"420";"BR-386/RS";"Sul";"Saída de pista";1;0;0;0;0;0;0;0;0;0;2;0;0;0;0
"21/05/2022";"10:28:00";"92";"Acidente s";"299";"BR-386/RS";"Norte";"Choque - Meio Fio";1;0;0;0;0;0;0;0;0;0;3;0;0;0;0
"21/05/2022";"11:57:00";"118";"Acidente s";"83";"BR-290/RS";"Leste";"Colisão - Transversal";1;0;1;0;0;0;0;0;0;0;2;0;0;0;0
"21/05/2022";"13:20:00";"132";"Acidente s";"79";"BR-101/RS";"Sul";"Saída de pista";0;0;1;0;0;0;0;0;0;0;1;0;0;0;0
"21/05/2022";"15:12:00";"153";"Acidente s";"343";"BR-386/RS";"Norte";"Colisão - Lateral";0;0;0;1;0;0;0;0;0;1;2;0;0;0;0
"22/05/2022";"01:40:00";"11";"Acidente s";"64";"BR-290/RS";"Leste";"Colisão - Traseira";2;0;0;0;0;0;0;0;0;0;6;0;0;0;0
"22/05/2022";"06:03:00";"29";"Acidente s";"17";"BR-101/RS";"Norte";"Choque Barreira";1;0;0;0;0;0;0;0;0;0;1;0;0;0;0
"22/05/2022";"07:07:00";"36";"Acidente c";"76";"BR-290/RS";"Leste";"Capotamento";1;0;0;0;0;0;0;0;0;0;0;0;0;1;0
"22/05/2022";"14:25:00";"107";"Acidente c";"316";"BR-386/RS";"Sul";"Queda de moto";0;0;0;1;0;0;0;0;0;0;0;1;0;0;0
"22/05/2022";"14:58:00";"112";"Acidente s";"29";"BR-290/RS";"Leste";"Queda de ribanceira";1;0;0;0;0;0;0;0;0;0;1;0;0;0;0
"22/05/2022";"16:30:00";"195";"Acidente s";"326";"BR-386/RS";"Norte";"Choque Defensa";0;0;0;0;0;0;0;0;0;1;1;0;0;0;0
"22/05/2022";"16:41:00";"131";"Acidente s";"325,16";"BR-386/RS";"Norte";"Choque Defensa";0;0;0;0;0;0;0;0;0;1;1;0;0;0;0
"22/05/2022";"19:58:00";"173";"Acidente c";"228";"BR-386/RS";"Ambos";"Colisão - Frontal";3;0;0;0;0;0;0;0;0;0;1;0;0;2;1
"23/05/2022";"01:42:00";"6";"Acidente c";"293";"BR-386/RS";"Sul";"Queda de ribanceira";1;0;0;0;0;0;0;0;0;0;0;1;0;0;0
"23/05/2022";"04:32:00";"12";"Acidente s";"19";"BR-290/RS";"Oeste";"Saída de pista";0;0;0;0;0;0;0;1;0;0;1;0;0;0;0
"23/05/2022";"06:52:00";"22";"Acidente s";"407";"BR-386/RS";"Norte";"Colisão - Lateral";1;0;1;0;0;0;0;0;0;0;3;0;0;0;0
"23/05/2022";"09:12:00";"72";"Acidente c";"307";"BR-386/RS";"Sul";"Tombamento";0;0;1;0;0;0;0;0;0;0;0;1;0;0;0
"23/05/2022";"14:42:00";"147";"Acidente s";"82";"BR-101/RS";"Norte";"Colisão - Lateral";1;0;0;0;0;1;0;0;0;0;2;0;0;0;0
"23/05/2022";"14:51:00";"148";"Acidente s";"69";"BR-101/RS";"Sul";"Saída de pista";1;0;0;0;0;0;0;0;0;0;1;0;0;0;0
"23/05/2022";"15:35:00";"157";"Acidente c";"75";"BR-290/RS";"Leste";"Tombamento";0;0;0;0;0;1;0;0;0;0;0;1;0;0;0
"23/05/2022";"15:41:00";"160";"Acidente s";"60";"BR-290/RS";"Leste";"Colisão - Lateral";2;0;0;0;0;0;0;0;0;0;3;0;0;0;0
"23/05/2022";"17:01:00";"178";"Acidente c";"283";"BR-386/RS";"Norte";"Choque Talude";1;0;0;0;0;0;0;0;0;0;0;1;0;0;0
"23/05/2022";"17:36:00";"188";"Acidente c";"81";"BR-101/RS";"Sul";"Capotamento";1;0;0;0;0;0;0;0;0;0;0;1;0;0;0
"23/05/2022";"21:32:00";"233";"Acidente s";"69";"BR-290/RS";"Oeste";"Tombamento";0;0;1;0;0;0;0;0;0;0;1;0;0;0;0
"24/05/2022";"03:34:00";"10";"Acidente s";"11";"BR-101/RS";"Norte";"Atropelamento de Animal";3;0;0;0;0;0;0;0;0;0;8;0;0;0;0
"24/05/2022";"07:48:00";"53";"Acidente c";"351";"BR-386/RS";"Norte";"Colisão - Traseira";1;0;0;1;0;0;0;0;0;0;1;1;0;0;0
"24/05/2022";"10:29:00";"119";"Acidente s";"59";"BR-290/RS";"Oeste";"Saída de pista";1;0;0;0;0;0;0;0;0;0;1;0;0;0;0
"24/05/2022";"15:36:00";"181";"Acidente c";"436";"BR-386/RS";"Norte";"Colisão - Transversal";2;0;0;0;0;0;0;0;0;0;1;1;0;0;0
"24/05/2022";"18:18:00";"205";"Acidente s";"249";"BR-386/RS";"Norte";"Colisão - Traseira";1;0;0;0;0;0;0;0;0;0;1;0;0;0;0
"25/05/2022";"09:11:00";"124";"Acidente s";"88";"BR-290/RS";"Leste";"Choque com objeto sobre a pista";1;0;0;1;0;0;0;0;0;0;2;0;0;0;0
"25/05/2022";"12:35:00";"193";"Acidente c";"83";"BR-290/RS";"Leste";"Colisão - Traseira";1;0;0;1;0;0;0;0;0;0;2;0;1;0;0
"25/05/2022";"14:38:00";"220";"Acidente s";"326";"BR-386/RS";"Norte";"Colisão - Lateral";1;0;1;0;0;0;0;0;0;0;3;0;0;0;0
"25/05/2022";"16:35:00";"314";"Acidente s";"414";"BR-386/RS";"Sul";"Colisão - Lateral";1;0;0;0;0;1;0;0;0;0;2;0;0;0;0
"25/05/2022";"18:02:00";"274";"Acidente s";"389";"BR-386/RS";"Sul";"Colisão - Lateral";2;0;0;0;0;0;0;0;0;0;3;0;0;0;0
"25/05/2022";"18:22:00";"279";"Acidente s";"342";"BR-386/RS";"Norte";"Colisão - Frontal";2;0;0;0;0;0;0;0;0;0;2;0;0;0;0
"25/05/2022";"18:53:00";"286";"Atropelame";"192,14";"BR-386/RS";"Norte";"Atropelamento - Usuário";1;0;0;0;0;0;0;0;0;0;1;1;0;0;0
"26/05/2022";"02:15:00";"5";"Acidente s";"29";"BR-290/RS";"Oeste";"Tombamento";0;0;0;0;0;0;0;1;0;0;1;0;0;0;0
"26/05/2022";"05:23:00";"19";"Acidente s";"86";"BR-290/RS";"Leste";"Saída de pista";1;0;0;0;0;0;0;0;0;0;1;0;0;0;0
"26/05/2022";"07:35:00";"35";"Acidente s";"85";"BR-101/RS";"Sul";"Queda de ribanceira";1;0;0;0;0;0;0;0;0;0;1;0;0;0;0
"26/05/2022";"08:04:00";"46";"Acidente c";"342";"BR-386/RS";"Norte";"Colisão - Transversal";2;0;0;0;0;0;0;0;0;0;1;1;0;0;0
"26/05/2022";"16:50:00";"180";"Acidente s";"15";"BR-101/RS";"Sul";"Saída de pista";1;0;0;0;0;0;0;0;0;0;2;0;0;0;0
"26/05/2022";"21:37:00";"230";"Acidente s";"409";"BR-386/RS";"Norte";"Queda de ribanceira";1;0;0;0;0;0;0;0;0;0;1;0;0;0;0
"27/05/2022";"07:12:00";"34";"Acidente c";"342";"BR-386/RS";"Sul";"Colisão - Lateral";0;0;0;1;0;0;0;0;0;1;2;0;1;0;0
"27/05/2022";"11:37:00";"91";"Acidente s";"306";"BR-386/RS";"Sul";"Queda de ribanceira";1;0;0;0;0;0;0;0;0;0;1;0;0;0;0
"27/05/2022";"12:46:00";"102";"Acidente s";"93";"BR-290/RS";"Oeste";"Engavetamento";2;0;0;1;0;0;0;0;0;0;3;0;0;0;0
"27/05/2022";"13:42:00";"109";"Acidente s";"80";"BR-290/RS";"Leste";"Choque Barreira";1;0;0;0;0;0;0;0;0;0;3;0;0;0;0
"27/05/2022";"13:45:00";"110";"Acidente s";"60";"BR-290/RS";"Leste";"Colisão - Traseira";1;0;0;0;0;0;0;1;0;0;2;0;0;0;0
"27/05/2022";"14:17:00";"113";"Acidente s";"445";"BR-386/RS";"Norte";"Colisão - Transversal";1;0;1;0;0;0;0;0;0;0;2;0;0;0;0
"27/05/2022";"14:39:00";"119";"Acidente s";"50";"BR-290/RS";"Leste";"Choque Defensa";1;0;0;0;0;0;0;0;0;0;2;0;0;0;0
"27/05/2022";"15:33:00";"131";"Acidente s";"5";"BR-290/RS";"Leste";"Choque Defensa";1;0;0;0;0;0;0;0;0;0;4;0;0;0;0
"27/05/2022";"19:08:00";"173";"Acidente s";"243";"BR-386/RS";"Norte";"Saída de pista";1;0;0;0;0;0;0;0;0;0;1;0;0;0;0
"27/05/2022";"19:46:00";"180";"Acidente s";"356";"BR-386/RS";"Sul";"Atropelamento de Animal";1;0;0;0;0;0;0;0;0;0;1;0;0;0;0
"27/05/2022";"20:14:00";"189";"Acidente s";"305";"BR-386/RS";"Sul";"Colisão - Lateral";1;0;0;0;0;0;0;0;0;1;6;0;0;0;0
"27/05/2022";"20:27:00";"192";"Acidente s";"259,15";"BR-386/RS";"Norte";"Atropelamento de Animal";1;0;0;0;0;0;0;0;0;0;2;0;0;0;0
"27/05/2022";"22:47:00";"221";"Acidente s";"397";"BR-386/RS";"Norte";"Saída de pista";1;0;0;0;0;0;0;0;0;0;1;0;0;0;0
"28/05/2022";"07:57:00";"36";"Acidente s";"223";"BR-386/RS";"Sul";"Queda de ribanceira";1;0;0;0;0;0;0;0;0;0;1;0;0;0;0
"28/05/2022";"08:01:00";"38";"Acidente s";"306";"BR-386/RS";"Norte";"Colisão - Lateral";1;0;0;0;0;0;0;1;0;0;4;0;0;0;0
"28/05/2022";"09:21:00";"60";"Acidente c";"426";"BR-386/RS";"Sul";"Choque Praça - Submarino";1;0;0;0;0;0;0;0;0;0;0;0;1;0;0
"28/05/2022";"13:26:00";"105";"Acidente s";"426";"BR-386/RS";"Ambos";"Choque Defensa";1;0;0;0;0;0;0;0;0;0;4;0;0;0;0
"28/05/2022";"19:16:00";"158";"Acidente c";"343";"BR-386/RS";"Sul";"Queda de moto";0;0;0;1;0;0;0;0;0;0;1;1;0;0;0
"28/05/2022";"19:44:00";"161";"Acidente s";"92";"BR-290/RS";"Leste";"Colisão - Lateral";2;0;0;0;0;0;0;0;0;0;6;0;0;0;0
"29/05/2022";"02:41:00";"12";"Acidente s";"14";"BR-448/RS";"Sul";"Choque Defensa";1;0;0;0;0;0;0;0;0;0;1;0;0;0;0
"29/05/2022";"05:07:00";"20";"Acidente s";"38";"BR-101/RS";"Norte";"Tombamento";0;0;1;0;0;0;0;0;0;0;2;0;0;0;0
"29/05/2022";"07:40:00";"39";"Acidente s";"440";"BR-386/RS";"Norte";"Queda de ribanceira";1;0;0;0;0;0;0;0;0;0;1;0;0;0;0
"29/05/2022";"10:19:00";"57";"Acidente s";"65";"BR-290/RS";"Leste";"Saída de pista";1;0;0;0;0;0;0;0;0;0;1;0;0;0;0
"29/05/2022";"12:09:00";"70";"Acidente c";"2";"BR-290/RS";"Leste";"Saída de pista";1;0;0;0;0;0;0;0;0;0;1;1;0;0;0
"29/05/2022";"14:17:00";"81";"Acidente s";"60";"BR-290/RS";"Leste";"Colisão - Lateral";1;0;0;0;0;0;0;1;0;0;3;0;0;0;0
"29/05/2022";"17:46:00";"120";"Acidente s";"437";"BR-386/RS";"Sul";"Queda de ribanceira";1;0;0;0;0;0;0;0;0;0;4;0;0;0;0
"29/05/2022";"18:10:00";"124";"Acidente s";"15";"BR-448/RS";"Norte";"Colisão - Traseira";1;0;1;0;0;0;0;0;0;0;3;0;0;0;0
"29/05/2022";"18:16:00";"126";"Acidente c";"223";"BR-386/RS";"Sul";"Colisão - Transversal";1;0;1;0;0;0;0;0;0;0;1;0;1;1;0
"29/05/2022";"18:20:00";"128";"Acidente c";"65";"BR-290/RS";"Oeste";"Capotamento";1;0;0;0;0;0;0;0;0;0;0;2;1;0;0
"29/05/2022";"18:42:00";"134";"Acidente s";"333";"BR-386/RS";"Sul";"Saída de pista";1;0;0;0;0;0;0;0;0;0;2;0;0;0;0
"29/05/2022";"18:43:00";"135";"Acidente s";"407";"BR-386/RS";"Sul";"Saída de pista";0;0;0;0;0;0;0;0;0;0;2;0;0;0;0
"29/05/2022";"20:21:00";"159";"Acidente s";"305,58";"BR-386/RS";"Sul";"Choque - Arvore";1;0;0;0;0;0;0;0;0;0;4;0;0;0;0
"29/05/2022";"21:05:00";"168";"Acidente s";"332";"BR-386/RS";"Norte";"Colisão - Lateral";1;0;1;0;0;0;0;0;0;0;4;0;0;0;0
"29/05/2022";"21:48:00";"177";"Acidente s";"220";"BR-386/RS";"Norte";"Saída de pista";1;0;0;0;0;0;0;0;0;0;1;0;0;0;0
"29/05/2022";"23:46:00";"188";"Acidente c";"269";"BR-386/RS";"Sul";"Colisão - Frontal";1;0;0;0;0;0;0;0;0;1;2;1;1;0;0
"30/05/2022";"06:16:00";"23";"Acidente s";"367";"BR-386/RS";"Norte";"Colisão - Lateral";1;0;1;0;0;0;0;0;0;0;3;0;0;0;0
"30/05/2022";"06:42:00";"27";"Acidente s";"400";"BR-386/RS";"Sul";"Saída de pista";1;0;0;0;0;0;0;0;0;0;2;0;0;0;0
"30/05/2022";"07:44:00";"53";"Acidente s";"86";"BR-290/RS";"Oeste";"Colisão - Traseira";2;0;0;0;0;0;0;0;0;0;5;0;0;0;0
"30/05/2022";"07:53:00";"59";"Acidente s";"86";"BR-290/RS";"Oeste";"Colisão - Traseira";2;0;0;0;0;0;0;0;0;0;4;0;0;0;0
"30/05/2022";"08:42:00";"80";"Acidente s";"435";"BR-386/RS";"Norte";"Colisão - Lateral";1;0;1;0;0;0;0;0;0;0;2;0;0;0;0
"30/05/2022";"09:21:00";"97";"Acidente s";"96";"BR-290/RS";"Oeste";"Colisão - Traseira";2;0;0;0;0;0;0;0;0;0;4;0;0;0;0
"30/05/2022";"10:20:00";"114";"Acidente s";"94";"BR-290/RS";"Oeste";"Colisão - Traseira";2;0;0;0;0;0;0;0;0;0;2;0;0;0;0
"30/05/2022";"11:28:00";"135";"Acidente s";"39,3";"BR-101/RS";"Norte";"Choque com veículo no acostamento";1;0;1;0;0;0;0;0;0;0;2;0;0;0;0
"30/05/2022";"12:25:00";"144";"Acidente s";"9";"BR-448/RS";"Sul";"Choque Defensa";1;0;0;0;0;0;0;0;0;0;2;0;0;0;0
"30/05/2022";"12:55:00";"149";"Acidente s";"4";"BR-101/RS";"Norte";"Choque Defensa";0;0;0;0;0;1;0;0;0;0;1;0;0;0;0
"30/05/2022";"17:48:00";"212";"Acidente s";"215";"BR-386/RS";"Sul";"Colisão - Frontal";2;0;0;0;0;0;0;0;0;0;3;0;0;0;0
"30/05/2022";"18:29:00";"218";"Acidente s";"432";"BR-386/RS";"Norte";"Choque com objeto sobre a pista";1;0;0;0;0;0;0;0;0;0;1;0;0;0;0
"30/05/2022";"18:40:00";"222";"Acidente s";"80";"BR-290/RS";"Oeste";"Atropelamento de Animal";1;0;0;0;0;0;0;0;0;0;1;0;0;0;0
"31/05/2022";"01:21:00";"2";"Acidente s";"393";"BR-386/RS";"Sul";"Saída de pista";1;0;0;0;0;0;0;0;0;0;3;0;0;0;0
"31/05/2022";"01:56:00";"6";"Acidente s";"50";"BR-101/RS";"Norte";"Atropelamento de Animal";1;0;0;0;0;0;0;0;0;0;2;0;0;0;0
"31/05/2022";"06:40:00";"26";"Acidente c";"434";"BR-386/RS";"Norte";"Colisão - Traseira";0;0;1;0;0;0;0;1;0;0;1;0;1;0;0
"31/05/2022";"08:55:00";"228";"Acidente s";"348";"BR-386/RS";"Norte";"Queda de ribanceira";1;0;0;0;0;0;0;1;0;0;1;0;0;0;0
"31/05/2022";"15:51:00";"329";"Acidente s";"3";"BR-448/RS";"Norte";"Choque com objeto sobre a pista";0;0;1;1;0;0;0;0;0;0;2;0;0;0;0
"31/05/2022";"16:52:00";"346";"Acidente c";"325";"BR-386/RS";"Sul";"Colisão - Lateral";1;0;0;1;0;0;0;0;0;0;3;1;0;0;0
"31/05/2022";"16:54:00";"347";"Acidente c";"7";"BR-101/RS";"Norte";"Colisão - Lateral";1;0;0;1;0;0;0;0;0;0;2;1;0;0;0
"31/05/2022";"17:53:00";"359";"Acidente c";"94";"BR-290/RS";"Leste";"Queda de moto";0;0;0;1;0;0;0;0;0;0;0;1;0;0;0
"31/05/2022";"18:19:00";"362";"Acidente s";"91";"BR-290/RS";"Leste";"Choque Defensa";1;0;0;0;0;0;0;0;0;0;2;0;0;0;0
"31/05/2022";"18:46:00";"372";"Atropelame";"53";"BR-101/RS";"Norte";"Atropelamento - Andarilho";0;0;1;0;0;0;0;0;0;0;1;0;0;1;0
"31/05/2022";"18:51:00";"374";"Acidente s";"91";"BR-290/RS";"Leste";"Queda de moto";1;0;0;1;0;0;0;0;0;0;2;0;0;0;0
"31/05/2022";"19:13:00";"376";"Acidente c";"345";"BR-386/RS";"Sul";"Colisão - Traseira";1;0;0;1;0;0;0;0;0;0;1;0;1;0;0
"31/05/2022";"19:34:00";"378";"Acidente c";"92";"BR-290/RS";"Leste";"Colisão - Traseira";2;0;0;1;0;0;0;0;0;0;4;0;0;1;0
"31/05/2022";"21:04:00";"394";"Acidente s";"92,36";"BR-290/RS";"Leste";"Colisão - Transversal";1;0;1;0;0;0;0;0;0;0;2;0;0;0;0
"31/05/2022";"21:58:00";"397";"Acidente s";"37";"BR-290/RS";"Leste";"Choque com objeto sobre a pista";0;0;0;0;0;0;0;0;0;1;5;0;0;0;0
"31/05/2022";"22:01:00";"398";"Acidente s";"24";"BR-290/RS";"Leste";"Choque com objeto sobre a pista";1;0;0;0;0;0;0;0;0;0;1;0;0;0;0
"01/06/2022";"06:56:00";"24";"Acidente s";"306";"BR-386/RS";"Norte";"Tombamento";0;0;1;0;0;0;0;0;0;0;3;0;0;0;0
"01/06/2022";"07:21:00";"33";"Acidente s";"75";"BR-290/RS";"Leste";"Queda de moto";0;0;0;1;0;0;0;0;0;0;4;0;0;0;0
"01/06/2022";"10:21:00";"95";"Acidente s";"324";"BR-386/RS";"Norte";"Colisão - Traseira";2;0;0;0;0;0;0;0;0;0;6;0;0;0;0
"01/06/2022";"17:58:00";"183";"Acidente s";"97,19";"BR-290/RS";"Oeste";"Outros";0;0;0;2;0;0;0;0;0;0;1;0;0;0;0
"01/06/2022";"17:58:00";"177";"Acidente s";"97";"BR-290/RS";"Oeste";"Engavetamento";3;0;0;0;0;0;0;0;0;0;2;0;0;0;0
"02/06/2022";"03:22:00";"7";"Acidente s";"9";"BR-290/RS";"Oeste";"Queda de ribanceira";1;0;0;0;0;0;0;0;0;0;1;0;0;0;0
"02/06/2022";"14:00:00";"127";"Acidente s";"80";"BR-290/RS";"Oeste";"Saída de pista";1;0;0;0;0;0;0;0;0;0;1;1;0;0;0
"02/06/2022";"17:41:00";"167";"Acidente c";"354";"BR-386/RS";"Sul";"Capotamento";1;0;0;0;0;0;0;0;0;0;5;0;0;0;0
"02/06/2022";"18:45:00";"177";"Acidente s";"351,13";"BR-386/RS";"Sul";"Engavetamento";2;0;0;0;0;1;0;0;0;0;1;0;0;0;0
"02/06/2022";"23:20:00";"216";"Acidente s";"346";"BR-386/RS";"Norte";"Colisão - Lateral";1;0;0;0;0;0;0;1;0;0;2;0;0;0;0
"03/06/2022";"10:45:00";"117";"Acidente s";"60";"BR-290/RS";"Leste";"Colisão - Traseira";2;0;0;0;0;0;0;0;0;0;3;0;0;0;0
"03/06/2022";"15:29:00";"175";"Acidente c";"1";"BR-448/RS";"Norte";"Colisão - Traseira";1;0;0;1;0;0;0;0;0;0;1;0;0;0;0
"03/06/2022";"15:53:00";"178";"Acidente s";"1";"BR-448/RS";"Norte";"Colisão - Traseira";1;0;1;0;0;0;0;0;0;0;2;0;0;0;0
"03/06/2022";"16:21:00";"184";"Acidente s";"412";"BR-386/RS";"Norte";"Colisão - Traseira";2;0;0;0;0;0;0;0;0;0;3;0;0;0;0
"03/06/2022";"17:07:00";"199";"Acidente s";"60";"BR-290/RS";"Leste";"Colisão - Lateral";1;0;1;0;0;0;0;0;0;0;4;0;0;0;0
"03/06/2022";"19:18:00";"227";"Acidente s";"86";"BR-290/RS";"Leste";"Engavetamento";3;0;0;0;0;0;0;0;0;0;5;0;0;0;0
"03/06/2022";"21:00:00";"250";"Acidente s";"361";"BR-386/RS";"Norte";"Atropelamento de Animal";1;0;0;0;0;0;0;0;0;0;3;0;0;0;0
"03/06/2022";"21:25:00";"254";"Acidente c";"89";"BR-290/RS";"Leste";"Choque Barreira";2;0;0;0;0;0;0;0;0;0;1;0;0;0;0