data;horario;n_da_ocorrencia;tipo_de_ocorrencia;km;trecho;sentido;tipo_de_acidente;automovel;bicicleta;caminhao;moto;onibus;outros;tracao_animal;transporte_de_cargas_especiais;trator_maquinas;utilitarios;ilesos;levemente_feridos;moderadamente_feridos;gravemente_feridos;mortos
"14/07/2022";"12:09:00";"98";"Acidente c";"345";"BR-386/RS";"Sul";"Queda de ribanceira";0;0;0;1;0;0;0;0;0;0;0;1;0;0;0
"14/07/2022";"14:01:00";"112";"Acidente c";"397";"BR-386/RS";"Norte";"Saída de pista";1;0;0;0;0;0;0;0;0;0;4;0;1;0;0
"14/07/2022";"15:46:00";"123";"Acidente s";"331";"BR-386/RS";"Sul";"Colisão - Traseira";0;0;0;0;0;0;0;0;0;2;2;0;0;0;0
"14/07/2022";"16:30:00";"130";"Acidente s";"11";"BR-290/RS";"Leste";"Saída de pista";1;0;0;0;0;0;0;0;0;0;1;0;0;0;0
"14/07/2022";"16:52:00";"133";"Acidente s";"94";"BR-290/RS";"Oeste";"Choque Barreira";1;0;0;0;0;0;0;0;0;0;1;0;0;0;0
"14/07/2022";"17:05:00";"137";"Acidente s";"94";"BR-290/RS";"Oeste";"Colisão - Traseira";2;0;0;0;0;0;0;0;0;0;2;0;0;0;0
"14/07/2022";"17:36:00";"141";"Acidente s";"70";"BR-290/RS";"Oeste";"Colisão - Lateral";1;0;0;0;0;1;0;0;0;0;2;0;0;0;0
"14/07/2022";"18:30:00";"151";"Acidente s";"414";"BR-386/RS";"Sul";"Colisão - Traseira";2;0;0;0;0;0;0;0;0;0;5;0;0;0;0
"15/07/2022";"06:25:00";"27";"Acidente s";"83";"BR-290/RS";"Oeste";"Colisão - Traseira";2;0;0;0;0;0;0;0;0;0;2;0;0;0;0
"15/07/2022";"07:29:00";"35";"Acidente s";"60";"BR-290/RS";"Oeste";"Choque Praça - Cabine";0;0;0;0;0;0;0;1;0;0;2;0;0;0;0
"15/07/2022";"11:36:00";"100";"Acidente s";"373";"BR-386/RS";"Norte";"Saída de pista";1;0;0;0;0;0;0;0;0;0;1;0;0;0;0
"15/07/2022";"12:30:00";"111";"Acidente s";"410";"BR-386/RS";"Norte";"Saída de pista";1;0;0;0;0;0;0;0;0;0;1;0;0;0;0
"15/07/2022";"13:51:00";"126";"Acidente s";"349";"BR-386/RS";"Norte";"Colisão - Lateral";1;0;0;1;0;0;0;0;0;0;2;0;0;0;0
"15/07/2022";"14:36:00";"134";"Acidente s";"411";"BR-386/RS";"Norte";"Saída de pista";1;0;0;0;0;0;0;0;0;0;1;0;0;0;0
"15/07/2022";"14:42:00";"135";"Acidente s";"215";"BR-386/RS";"Sul";"Colisão - Lateral";1;0;1;0;0;0;0;0;0;0;3;0;0;0;0
"15/07/2022";"15:47:00";"160";"Acidente s";"49";"BR-290/RS";"Leste";"Queda de ribanceira";1;0;0;0;0;0;0;0;0;0;2;0;0;0;0
"15/07/2022";"18:04:00";"187";"Acidente s";"86";"BR-290/RS";"Oeste";"Colisão - Traseira";2;0;0;0;0;0;0;0;0;0;2;0;0;0;0
"15/07/2022";"18:17:00";"189";"Acidente s";"4";"BR-101/RS";"Sul";"Colisão - Traseira";1;0;1;0;0;0;0;0;0;0;3;0;0;0;0
"15/07/2022";"19:53:00";"211";"Acidente s";"445";"BR-386/RS";"Norte";"Saída de pista";1;0;0;0;0;0;0;0;0;0;1;0;0;0;0
"16/07/2022";"01:58:00";"253";"Acidente s";"85";"BR-290/RS";"Oeste";"Atropelamento de Animal";1;0;0;0;0;0;0;0;0;0;1;0;0;0;0
"16/07/2022";"04:33:00";"262";"Acidente c";"39";"BR-290/RS";"Oeste";"Colisão - Traseira";1;0;0;0;0;0;0;1;0;0;5;1;0;0;0
"16/07/2022";"10:21:00";"314";"Acidente c";"398";"BR-386/RS";"Sul";"Capotamento";1;0;0;0;0;0;0;0;0;0;2;1;1;0;0
"16/07/2022";"12:18:00";"333";"Acidente s";"94";"BR-290/RS";"Oeste";"Choque Barreira";1;0;0;0;0;0;0;0;0;0;1;0;0;0;0
"16/07/2022";"12:42:00";"338";"Acidente s";"75";"BR-290/RS";"Oeste";"Choque Defensa";1;0;0;0;0;0;0;0;0;0;3;0;0;0;0
"16/07/2022";"17:04:00";"372";"Acidente s";"83";"BR-290/RS";"Oeste";"Choque Barreira";1;0;0;0;0;0;0;0;0;0;2;0;0;0;0
"16/07/2022";"17:23:00";"376";"Acidente s";"440";"BR-386/RS";"Norte";"Saída de pista";1;0;0;0;0;0;0;0;0;0;1;0;0;0;0
"16/07/2022";"21:14:00";"416";"Acidente s";"395";"BR-386/RS";"Sul";"Outros";0;0;0;0;0;0;0;1;0;0;1;0;0;0;0
"17/07/2022";"16:22:00";"92";"Acidente s";"19";"BR-290/RS";"Oeste";"Colisão - Traseira";2;0;0;0;0;0;0;0;0;0;2;0;0;0;0
"17/07/2022";"20:00:00";"137";"Atropelame";"342";"BR-386/RS";"Norte";"Atropelamento - Usuário";0;0;0;0;0;1;0;0;0;0;1;0;0;1;0
"17/07/2022";"20:16:00";"140";"Acidente s";"216";"BR-386/RS";"Norte";"Saída de pista";1;0;0;0;0;0;0;0;0;0;1;0;0;0;0
"17/07/2022";"22:38:00";"155";"Acidente s";"9";"BR-101/RS";"Sul";"Colisão - Lateral";2;0;0;0;0;0;0;0;0;0;3;0;0;0;0
"17/07/2022";"23:18:00";"159";"Acidente s";"44";"BR-290/RS";"Leste";"Atropelamento de Animal";1;0;0;0;0;0;0;0;0;0;3;0;0;0;0
"17/07/2022";"23:55:00";"165";"Acidente s";"220";"BR-386/RS";"Sul";"Saída de pista";1;0;0;0;0;0;0;0;0;0;2;0;0;0;0
"18/07/2022";"08:10:00";"64";"Acidente s";"92";"BR-290/RS";"Oeste";"Engavetamento";4;0;0;0;0;0;0;0;0;0;5;0;0;0;0
"18/07/2022";"09:48:00";"114";"Acidente c";"435";"BR-386/RS";"Sul";"Choque Barreira";1;0;0;0;0;0;0;0;0;0;0;0;1;0;0
"18/07/2022";"17:38:00";"215";"Acidente c";"435";"BR-386/RS";"Norte";"Engavetamento";3;0;0;0;0;0;0;0;0;0;3;2;0;0;0
"18/07/2022";"18:06:00";"224";"Acidente c";"40";"BR-101/RS";"Sul";"Colisão - Transversal";2;0;0;0;0;0;0;0;0;0;1;2;0;0;0
"19/07/2022";"02:22:00";"12";"Acidente s";"50";"BR-101/RS";"Sul";"Saída de pista";1;0;0;0;0;0;0;0;0;0;2;0;0;0;0
"19/07/2022";"08:20:00";"72";"Acidente s";"444";"BR-386/RS";"Sul";"Colisão - Lateral";1;0;0;0;0;0;0;1;0;0;3;0;0;0;0
"19/07/2022";"08:27:00";"75";"Acidente s";"60";"BR-290/RS";"Oeste";"Colisão - Traseira";2;0;0;0;0;0;0;0;0;0;4;0;0;0;0
"19/07/2022";"09:20:00";"102";"Acidente s";"287";"BR-386/RS";"Norte";"Queda de ribanceira";0;0;0;0;0;1;0;1;0;0;1;0;0;0;0
"19/07/2022";"09:37:00";"109";"Acidente s";"345";"BR-386/RS";"Sul";"Colisão - Traseira";1;0;0;0;0;0;0;0;0;1;2;0;0;0;0
"19/07/2022";"14:12:00";"163";"Acidente s";"398";"BR-386/RS";"Norte";"Colisão - Lateral";0;0;1;0;0;2;0;0;0;0;1;0;0;0;0
"19/07/2022";"19:23:00";"221";"Acidente s";"9";"BR-101/RS";"Norte";"Colisão - Transversal";1;0;0;0;0;0;0;1;0;0;3;0;0;0;0
"19/07/2022";"19:44:00";"223";"Acidente s";"297";"BR-386/RS";"Sul";"Saída de pista";1;0;0;0;0;0;0;0;0;0;1;0;0;0;0
"20/07/2022";"03:50:00";"8";"Acidente s";"94";"BR-290/RS";"Oeste";"Colisão - Traseira";1;0;0;0;0;0;0;0;0;1;4;0;0;0;0
"20/07/2022";"07:12:00";"28";"Acidente s";"88";"BR-290/RS";"Oeste";"Colisão - Traseira";1;0;0;0;1;0;0;0;0;0;2;0;0;0;0
"20/07/2022";"08:57:00";"67";"Acidente s";"60";"BR-290/RS";"Oeste";"Colisão - Traseira";2;0;0;0;0;0;0;0;0;0;6;0;0;0;0
"20/07/2022";"20:40:00";"210";"Acidente s";"302";"BR-386/RS";"Norte";"Queda de ribanceira";1;0;0;0;0;0;0;1;0;0;5;0;0;0;0
"21/07/2022";"01:01:00";"6";"Acidente s";"74";"BR-101/RS";"Sul";"Atropelamento de Animal";1;0;0;0;0;0;0;0;0;0;3;0;0;0;0
"21/07/2022";"01:39:00";"9";"Acidente s";"87";"BR-290/RS";"Leste";"Colisão - Lateral";1;0;0;1;0;0;0;0;0;0;3;0;0;0;0
"21/07/2022";"03:03:00";"11";"Acidente c";"359";"BR-386/RS";"Sul";"Saída de pista";1;0;0;0;0;0;0;0;0;0;0;1;0;0;0
"21/07/2022";"07:56:00";"61";"Acidente s";"91";"BR-290/RS";"Oeste";"Colisão - Traseira";2;0;0;0;0;0;0;0;0;0;3;0;0;0;0
"21/07/2022";"09:59:00";"111";"Acidente s";"343";"BR-386/RS";"Sul";"Colisão - Traseira";0;0;2;0;0;0;0;0;0;0;2;0;0;0;0
"21/07/2022";"12:01:00";"138";"Acidente s";"81";"BR-290/RS";"Leste";"Colisão - Traseira";2;0;0;0;0;0;0;0;0;0;4;0;0;0;0
"21/07/2022";"18:03:00";"224";"Acidente s";"437";"BR-386/RS";"Sul";"Colisão - Traseira";1;0;0;0;0;0;0;0;0;1;3;0;0;0;0
"22/07/2022";"06:33:00";"19";"Acidente s";"433";"BR-386/RS";"Norte";"Queda de ribanceira";1;0;0;0;0;0;0;0;0;0;5;0;0;0;0
"22/07/2022";"09:27:00";"108";"Acidente s";"54";"BR-290/RS";"Oeste";"Saída de pista";1;0;0;0;0;0;0;0;0;0;1;0;0;0;0
"22/07/2022";"13:40:00";"177";"Acidente c";"180";"BR-386/RS";"Sul";"Colisão - Transversal";2;0;0;0;0;0;0;0;0;0;7;1;0;0;0
"22/07/2022";"14:51:00";"196";"Acidente c";"239";"BR-386/RS";"Sul";"Colisão - Traseira";2;0;0;0;0;0;0;0;0;0;3;1;0;0;0
"22/07/2022";"16:33:00";"220";"Acidente s";"297";"BR-386/RS";"Sul";"Colisão - Traseira";1;0;0;0;0;0;0;0;0;1;3;0;0;0;0
"22/07/2022";"17:16:00";"228";"Acidente s";"48";"BR-101/RS";"Norte";"Colisão - Traseira";2;0;0;0;0;0;0;0;0;0;2;0;0;0;0
"22/07/2022";"17:54:00";"234";"Acidente s";"264,23";"BR-386/RS";"Sul";"Colisão - Traseira";2;0;0;0;0;0;0;0;0;0;7;0;0;0;0
"22/07/2022";"18:10:00";"238";"Acidente c";"86";"BR-290/RS";"Leste";"Colisão - Lateral";3;0;0;0;0;0;0;0;0;0;6;1;0;0;0
"22/07/2022";"18:15:00";"240";"Acidente s";"60";"BR-290/RS";"Oeste";"Colisão - Traseira";2;0;0;0;0;0;0;0;0;0;5;0;0;0;0
"22/07/2022";"18:32:00";"247";"Acidente s";"58";"BR-290/RS";"Leste";"Atropelamento de Animal";1;0;0;0;0;0;0;0;0;0;4;0;0;0;0
"22/07/2022";"19:56:00";"274";"Acidente s";"75";"BR-290/RS";"Oeste";"Saída de pista";1;0;0;0;0;0;0;0;0;0;1;0;0;0;0
"22/07/2022";"20:34:00";"280";"Acidente s";"12";"BR-448/RS";"Norte";"Colisão - Lateral";1;0;0;0;0;0;0;1;0;0;2;0;0;0;0
"22/07/2022";"21:16:00";"292";"Acidente s";"356";"BR-386/RS";"Norte";"Saída de pista";1;0;0;0;0;0;0;0;0;0;2;0;0;0;0
"23/07/2022";"01:03:00";"6";"Acidente s";"388";"BR-386/RS";"Norte";"Saída de pista";0;0;1;0;0;0;0;0;0;0;1;0;0;0;0
"23/07/2022";"05:49:00";"22";"Acidente s";"10";"BR-448/RS";"Sul";"Queda de ribanceira";1;0;0;0;0;0;0;0;0;0;3;0;0;0;0
"23/07/2022";"06:41:00";"30";"Acidente s";"82";"BR-290/RS";"Leste";"Choque Barreira";1;0;0;0;0;0;0;0;0;0;2;0;0;0;0
"23/07/2022";"14:05:00";"117";"Acidente c";"336";"BR-386/RS";"Sul";"Colisão - Transversal";2;0;0;0;0;0;0;0;0;0;3;0;2;0;0
"23/07/2022";"14:13:00";"122";"Acidente s";"43";"BR-101/RS";"Sul";"Saída de pista";1;0;0;0;0;0;0;0;0;0;4;0;0;0;0
"23/07/2022";"16:27:00";"148";"Acidente c";"86";"BR-101/RS";"Norte";"Colisão - Lateral";0;0;0;1;0;0;0;1;0;0;1;1;0;0;0
"23/07/2022";"17:11:00";"155";"Acidente c";"50";"BR-101/RS";"Sul";"Saída de pista";1;0;0;0;0;0;0;0;0;0;1;0;1;0;0
"23/07/2022";"21:34:00";"205";"Acidente s";"29";"BR-290/RS";"Leste";"Tombamento";0;0;0;0;0;0;0;1;0;0;1;0;0;0;0
"24/07/2022";"02:31:00";"12";"Acidente s";"90";"BR-290/RS";"Oeste";"Capotamento";1;0;0;0;0;0;0;0;0;0;1;0;0;0;0
"24/07/2022";"13:11:00";"98";"Acidente c";"5";"BR-448/RS";"Sul";"Queda de moto";0;0;0;1;0;0;0;0;0;0;0;0;2;0;0
"24/07/2022";"18:53:00";"184";"Acidente s";"354";"BR-386/RS";"Norte";"Colisão - Transversal";2;0;0;0;0;0;0;0;0;0;4;0;0;0;0
"24/07/2022";"19:13:00";"190";"Acidente s";"270";"BR-386/RS";"Ambos";"Colisão - Traseira";2;0;0;0;0;0;0;0;0;0;2;0;0;0;0
"24/07/2022";"22:12:00";"221";"Acidente s";"60";"BR-101/RS";"Norte";"Atropelamento de Animal";1;0;0;0;0;0;0;0;0;0;3;0;0;0;0
"24/07/2022";"22:48:00";"228";"Acidente c";"355";"BR-386/RS";"Norte";"Capotamento";1;0;0;0;0;0;0;0;0;0;0;2;0;0;0
"24/07/2022";"23:01:00";"233";"Acidente s";"248";"BR-386/RS";"Norte";"Saída de pista";1;0;0;0;0;0;0;0;0;0;2;0;0;0;0
"24/07/2022";"23:42:00";"241";"Acidente s";"5";"BR-101/RS";"Norte";"Saída de pista";1;0;0;0;0;0;0;0;0;0;1;0;0;0;0
"25/07/2022";"05:42:00";"25";"Acidente s";"59";"BR-290/RS";"Ambos";"Queda de ribanceira";1;0;0;0;0;0;0;0;0;0;1;0;0;0;0
"25/07/2022";"05:46:00";"26";"Acidente s";"36";"BR-101/RS";"Norte";"Choque Defensa";0;0;0;0;0;0;0;0;0;1;1;0;0;0;0
"25/07/2022";"06:28:00";"30";"Acidente c";"245";"BR-386/RS";"Sul";"Colisão - Transversal";2;0;0;0;0;0;0;0;0;0;1;1;1;0;0
"25/07/2022";"06:46:00";"34";"Acidente c";"303";"BR-386/RS";"Norte";"Saída de pista";0;0;0;0;0;0;0;1;0;0;0;1;0;0;0
"25/07/2022";"11:06:00";"137";"Acidente s";"265";"BR-386/RS";"Norte";"Colisão - Traseira";2;0;0;0;0;0;0;0;0;0;6;0;0;0;0
"25/07/2022";"18:19:00";"235";"Acidente s";"351";"BR-386/RS";"Norte";"Colisão - Lateral";1;0;0;2;0;0;0;0;0;0;3;0;0;0;0
"25/07/2022";"18:54:00";"247";"Acidente c";"245";"BR-386/RS";"Norte";"Colisão - Frontal";2;0;0;0;0;0;0;0;0;0;1;2;0;0;0
"25/07/2022";"21:23:00";"270";"Acidente c";"341";"BR-386/RS";"Norte";"Capotamento";1;0;0;0;0;0;0;0;0;0;1;1;0;0;0
"25/07/2022";"23:38:00";"285";"Acidente s";"387";"BR-386/RS";"Sul";"Colisão - Lateral";1;0;2;0;0;0;0;0;0;0;4;0;0;0;0
"26/07/2022";"15:27:00";"169";"Acidente c";"342";"BR-386/RS";"Sul";"Colisão - Traseira";1;0;0;1;0;0;0;0;0;0;3;1;0;0;0
"26/07/2022";"16:08:00";"176";"Acidente s";"432";"BR-386/RS";"Sul";"Saída de pista";1;0;0;0;0;0;0;0;0;0;1;0;0;0;0
"26/07/2022";"18:21:00";"199";"Acidente c";"351";"BR-386/RS";"Sul";"Colisão - Lateral";2;0;0;1;0;0;0;0;0;0;3;0;1;0;0
"26/07/2022";"18:49:00";"206";"Acidente s";"83";"BR-290/RS";"Leste";"Colisão - Traseira";3;0;0;0;0;0;0;0;0;0;4;0;0;0;0
"26/07/2022";"18:49:00";"205";"Acidente s";"385";"BR-386/RS";"Sul";"Saída de pista";1;0;0;0;0;0;0;0;0;0;1;0;0;0;0
"27/07/2022";"02:44:00";"17";"Acidente c";"51";"BR-101/RS";"Sul";"Tombamento";0;0;1;0;0;0;0;0;0;0;0;1;0;0;0
"27/07/2022";"03:01:00";"18";"Acidente c";"55";"BR-101/RS";"Norte";"Queda de ribanceira";0;0;0;0;0;1;0;0;0;0;0;2;0;0;0
"27/07/2022";"11:07:00";"125";"Acidente s";"328,19";"BR-386/RS";"Sul";"Engavetamento";3;0;0;0;0;0;0;0;0;0;7;0;0;0;0
"27/07/2022";"12:11:00";"137";"Acidente s";"328";"BR-386/RS";"Sul";"Choque Defensa";0;0;1;0;0;0;0;0;0;1;2;0;0;0;0
"27/07/2022";"14:38:00";"165";"Acidente s";"445";"BR-386/RS";"Sul";"Tombamento";0;0;0;0;0;0;0;0;0;1;1;0;0;0;0
"27/07/2022";"14:49:00";"169";"Acidente s";"226";"BR-386/RS";"Sul";"Colisão - Traseira";1;0;1;0;0;0;0;0;0;0;3;0;0;0;0
"27/07/2022";"16:39:00";"194";"Acidente s";"333";"BR-386/RS";"Norte";"Colisão - Traseira";2;0;0;0;0;0;0;0;0;0;6;0;0;0;0
"27/07/2022";"18:48:00";"235";"Acidente s";"304";"BR-386/RS";"Norte";"Colisão - Lateral";1;0;0;0;0;1;0;0;0;0;2;0;0;0;0
"27/07/2022";"19:18:00";"243";"Acidente c";"345";"BR-386/RS";"Sul";"Colisão - Transversal";1;0;0;1;0;0;0;0;0;0;1;1;0;0;0
"28/07/2022";"01:41:00";"7";"Acidente c";"56";"BR-290/RS";"Oeste";"Tombamento";0;0;1;0;0;0;0;0;0;0;0;1;0;0;0
"28/07/2022";"06:42:00";"27";"Acidente c";"26";"BR-101/RS";"Sul";"Colisão - Traseira";0;0;1;0;0;0;0;1;0;0;0;1;1;0;0
"28/07/2022";"09:55:00";"116";"Acidente s";"426";"BR-386/RS";"Norte";"Colisão - Traseira";2;0;0;0;0;0;0;0;0;0;4;0;0;0;0
"28/07/2022";"13:27:00";"164";"Acidente s";"84";"BR-290/RS";"Oeste";"Colisão - Lateral";0;0;0;0;0;0;0;2;0;0;2;0;0;0;0
"28/07/2022";"15:27:00";"197";"Acidente s";"288";"BR-386/RS";"Norte";"Queda de ribanceira";0;0;1;0;0;0;0;0;0;0;1;0;0;0;0
"28/07/2022";"16:22:00";"208";"Acidente c";"280";"BR-386/RS";"Norte";"Colisão - Frontal";3;0;0;0;0;0;0;0;0;0;2;0;0;0;1
"28/07/2022";"16:27:00";"209";"Acidente s";"355";"BR-386/RS";"Norte";"Queda de ribanceira";1;0;0;0;0;0;0;0;0;0;2;0;0;0;0
"28/07/2022";"18:11:00";"223";"Acidente s";"346";"BR-386/RS";"Sul";"Saída de pista";1;0;0;0;0;0;0;0;0;0;1;0;0;0;0
"28/07/2022";"18:20:00";"226";"Acidente s";"345";"BR-386/RS";"Sul";"Outros";0;0;0;0;0;0;0;0;0;1;1;0;0;0;0
"28/07/2022";"18:44:00";"232";"Acidente s";"27";"BR-290/RS";"Leste";"Saída de pista";1;0;0;0;0;0;0;0;0;0;2;0;0;0;0
"28/07/2022";"19:37:00";"244";"Acidente s";"65";"BR-290/RS";"Leste";"Colisão - Traseira";2;0;0;0;0;0;0;0;0;0;2;0;0;0;0
"28/07/2022";"20:04:00";"249";"Acidente s";"50";"BR-290/RS";"Leste";"Saída de pista";1;0;0;0;0;0;0;0;0;0;1;0;0;0;0
"28/07/2022";"20:13:00";"251";"Acidente s";"446";"BR-386/RS";"Sul";"Saída de pista";1;0;0;0;0;0;0;0;0;0;4;0;0;0;0
"28/07/2022";"20:53:00";"258";"Acidente c";"297";"BR-386/RS";"Norte";"Saída de pista";0;0;1;0;0;0;0;0;0;0;0;1;0;0;0
"28/07/2022";"21:23:00";"264";"Acidente s";"11";"BR-290/RS";"Leste";"Saída de pista";1;0;0;0;0;0;0;0;0;0;1;0;0;0;0
"29/07/2022";"06:45:00";"28";"Acidente c";"344";"BR-386/RS";"Norte";"Colisão - Transversal";2;0;0;1;0;0;0;0;0;0;2;1;0;1;0
"29/07/2022";"17:19:00";"210";"Acidente s";"21";"BR-448/RS";"Norte";"Colisão - Lateral";1;0;0;0;0;0;0;0;0;1;3;0;0;0;0
"29/07/2022";"21:12:00";"273";"Acidente s";"349";"BR-386/RS";"Sul";"Colisão - Lateral";1;0;1;0;0;0;0;0;0;0;5;0;0;0;0
"30/07/2022";"00:22:00";"3";"Acidente s";"367";"BR-386/RS";"Sul";"Atropelamento de Animal";0;0;1;0;0;0;0;0;0;0;1;0;0;0;0
"30/07/2022";"06:03:00";"24";"Acidente s";"91";"BR-290/RS";"Leste";"Queda de ribanceira";1;0;0;0;0;0;0;0;0;0;1;0;0;0;0
"30/07/2022";"08:13:00";"46";"Acidente s";"440";"BR-386/RS";"Norte";"Colisão - Traseira";2;0;0;0;0;0;0;0;0;0;4;0;0;0;0
"30/07/2022";"12:18:00";"105";"Acidente s";"92";"BR-290/RS";"Oeste";"Choque Barreira";1;0;0;0;0;0;0;0;0;0;1;0;0;0;0
"30/07/2022";"19:23:00";"169";"Acidente c";"13";"BR-101/RS";"Norte";"Tombamento";0;0;1;0;0;0;0;0;0;0;0;1;0;0;0
"31/07/2022";"12:40:00";"83";"Acidente s";"265";"BR-386/RS";"Sul";"Engavetamento";3;0;0;0;0;0;0;0;0;0;9;0;0;0;0
"31/07/2022";"14:41:00";"98";"Acidente s";"430";"BR-386/RS";"Sul";"Queda de moto";0;0;0;1;0;0;0;0;0;0;1;0;0;0;0
"31/07/2022";"14:42:00";"97";"Acidente s";"22";"BR-448/RS";"Sul";"Colisão - Traseira";1;0;0;1;0;0;0;0;0;0;5;0;0;0;0
"31/07/2022";"16:08:00";"111";"Acidente c";"343";"BR-386/RS";"Norte";"Colisão - Traseira";2;0;0;1;0;0;0;0;0;0;4;2;0;0;0
"31/07/2022";"19:28:00";"148";"Acidente s";"5";"BR-101/RS";"Norte";"Colisão - Lateral";2;0;0;0;0;0;0;0;0;0;4;0;0;0;0
"01/08/2022";"01:57:00";"17";"Acidente s";"76";"BR-101/RS";"Norte";"Atropelamento de Animal";1;0;0;0;0;0;0;0;0;0;2;0;0;0;0
"01/08/2022";"03:31:00";"21";"Acidente s";"22";"BR-448/RS";"Sul";"Choque Defensa";1;0;0;0;0;0;0;0;0;0;1;1;0;0;0
"01/08/2022";"08:59:00";"83";"Acidente c";"76";"BR-290/RS";"Oeste";"Choque Defensa";1;0;0;0;0;0;0;0;0;0;2;0;0;0;0
"01/08/2022";"11:00:00";"124";"Acidente s";"435";"BR-386/RS";"Sul";"Colisão - Traseira";1;0;0;0;0;0;0;1;0;0;1;0;0;0;0
"01/08/2022";"17:31:00";"206";"Acidente s";"91";"BR-290/RS";"Leste";"Colisão - Traseira";2;0;0;0;0;0;0;0;0;0;4;0;0;0;0
"01/08/2022";"19:38:00";"240";"Acidente s";"69";"BR-290/RS";"Leste";"Colisão - Transversal";1;0;0;0;0;1;0;0;0;0;2;0;0;0;0
"02/08/2022";"00:15:00";"1";"Acidente s";"414";"BR-386/RS";"Sul";"Saída de pista";0;1;0;0;0;0;0;0;0;0;3;0;0;0;0
"02/08/2022";"05:31:00";"13";"Acidente c";"59";"BR-290/RS";"Oeste";"Colisão - Traseira";0;1;1;0;0;0;0;0;0;0;2;0;0;0;0
"02/08/2022";"08:56:00";"77";"Acidente s";"9";"BR-448/RS";"Sul";"Tombamento";1;0;0;0;0;0;0;0;0;0;1;0;2;0;0
"02/08/2022";"10:06:00";"98";"Acidente c";"422";"BR-386/RS";"Norte";"Queda de moto";0;0;0;0;0;0;0;0;1;0;1;0;0;0;0
"02/08/2022";"17:12:00";"175";"Acidente s";"75";"BR-290/RS";"Leste";"Colisão - Traseira";2;0;0;0;0;0;0;0;0;0;2;0;0;0;0
"02/08/2022";"17:54:00";"186";"Acidente s";"82";"BR-290/RS";"Leste";"Engavetamento";2;0;0;0;0;1;0;0;0;0;1;0;0;0;0
"02/08/2022";"18:21:00";"192";"Acidente s";"92";"BR-290/RS";"Leste";"Colisão - Lateral";2;0;0;0;0;0;0;0;0;0;1;0;1;0;0
"02/08/2022";"18:28:00";"194";"Acidente s";"379,45";"BR-386/RS";"Norte";"Queda de moto";0;0;0;0;0;0;0;0;1;0;2;0;0;0;0
"02/08/2022";"20:31:00";"220";"Acidente s";"417";"BR-386/RS";"Norte";"Saída de pista";1;0;0;0;0;0;0;0;0;0;2;1;0;0;0
"02/08/2022";"20:45:00";"225";"Acidente s";"35";"BR-101/RS";"Sul";"Choque Praça - Cabine";0;0;0;0;0;1;0;0;0;0;3;0;0;0;0
"03/08/2022";"08:53:00";"84";"Acidente c";"362";"BR-386/RS";"Sul";"Tombamento";0;1;0;0;0;0;0;0;0;0;2;0;0;0;0
"03/08/2022";"10:34:00";"112";"Acidente s";"293";"BR-386/RS";"Norte";"Saída de pista";1;0;0;0;0;0;0;0;0;0;1;0;0;0;0
"03/08/2022";"11:22:00";"118";"Acidente s";"312";"BR-386/RS";"Norte";"Colisão - Traseira";0;0;0;0;2;0;0;0;0;0;3;0;0;0;0
"03/08/2022";"11:45:00";"124";"Acidente s";"226";"BR-386/RS";"Norte";"Colisão - Traseira";1;1;0;0;0;0;0;0;0;0;3;0;0;0;0
"03/08/2022";"12:16:00";"134";"Acidente s";"421";"BR-386/RS";"Norte";"Colisão - Traseira";2;0;0;0;0;0;0;0;0;0;2;0;0;0;0
"03/08/2022";"17:01:00";"190";"Acidente s";"92";"BR-290/RS";"Leste";"Choque Barreira";1;0;0;0;0;0;0;0;0;0;2;0;0;0;0
"03/08/2022";"17:56:00";"201";"Acidente s";"19";"BR-290/RS";"Leste";"Colisão - Traseira";1;1;0;0;0;0;0;0;0;0;1;0;0;0;0
"03/08/2022";"18:11:00";"203";"Acidente s";"19";"BR-290/RS";"Leste";"Atropelamento - Funcionário";1;0;0;0;0;0;0;0;0;0;1;0;0;0;0
"03/08/2022";"18:35:00";"211";"Acidente s";"36";"BR-290/RS";"Leste";"Queda de ribanceira";1;0;0;0;0;0;0;0;0;0;1;0;0;0;0
"04/08/2022";"04:19:00";"18";"Acidente c";"74";"BR-290/RS";"Leste";"Queda de ribanceira";1;0;0;0;0;0;0;0;0;0;1;0;0;0;0
"04/08/2022";"10:16:00";"76";"Acidente s";"372";"BR-386/RS";"Sul";"Capotamento";1;0;0;0;0;0;0;0;0;0;2;0;0;0;0
"04/08/2022";"12:11:00";"101";"Acidente c";"331";"BR-386/RS";"Sul";"Queda de moto";0;0;0;0;0;0;0;0;1;0;3;0;0;0;0
"04/08/2022";"12:21:00";"104";"Acidente s";"221";"BR-386/RS";"Sul";"Colisão - Transversal";2;0;0;0;0;0;0;0;0;0;4;0;0;0;0
"04/08/2022";"13:58:00";"134";"Acidente s";"87";"BR-290/RS";"Leste";"Colisão - Traseira";2;0;0;0;0;0;0;0;0;0;1;0;0;0;0
"04/08/2022";"16:08:00";"168";"Acidente c";"309";"BR-386/RS";"Sul";"Queda de ribanceira";1;0;0;0;0;0;0;0;0;0;6;0;0;0;0
"04/08/2022";"17:43:00";"191";"Acidente c";"359";"BR-386/RS";"Sul";"Saída de pista";1;0;0;0;0;0;0;0;0;0;1;0;0;0;0
"04/08/2022";"18:11:00";"199";"Acidente s";"56";"BR-101/RS";"Norte";"Queda de ribanceira";0;1;0;0;0;0;0;0;0;0;2;0;1;0;0