data;horario;n_da_ocorrencia;tipo_de_ocorrencia;km;trecho;sentido;tipo_de_acidente;automovel;bicicleta;caminhao;moto;onibus;outros;tracao_animal;transporte_de_cargas_especiais;trator_maquinas;utilitarios;ilesos;levemente_feridos;moderadamente_feridos;gravemente_feridos;mortos
"25/10/2022";"19:58:00";"232";"Acidente c";"343,7";"BR-386/RS";"Norte";"Colisão - Transversal";1;0;0;1;0;0;0;0;0;0;1;1;0;0;0
"26/10/2022";"08:11:00";"100";"Acidente c";"86";"BR-290/RS";"Oeste";"Queda de moto";0;0;0;1;0;0;0;0;0;0;1;0;0;0;0
"26/10/2022";"10:27:00";"162";"Acidente s";"284";"BR-386/RS";"Norte";"Capotamento";1;0;0;0;0;0;0;0;0;0;2;0;0;0;0
"26/10/2022";"15:50:00";"231";"Acidente s";"356";"BR-386/RS";"Sul";"Choque Defensa";1;0;0;0;0;0;0;0;0;0;8;0;0;0;0
"26/10/2022";"16:39:00";"237";"Acidente s";"35";"BR-101/RS";"Norte";"Colisão - Traseira";0;0;2;0;0;0;0;0;0;0;2;0;0;0;0
"26/10/2022";"19:51:00";"286";"Acidente s";"7";"BR-290/RS";"Oeste";"Queda de Carga";1;0;1;0;0;0;0;0;0;0;7;0;0;0;0
"27/10/2022";"00:28:00";"2";"Acidente s";"87";"BR-290/RS";"Oeste";"Capotamento";1;0;0;0;0;0;0;0;0;0;1;0;0;0;0
"27/10/2022";"01:36:00";"6";"Acidente s";"259";"BR-386/RS";"Sul";"Tombamento";0;0;1;0;0;0;0;0;0;0;2;0;0;0;0
"27/10/2022";"11:24:00";"166";"Acidente s";"426";"BR-386/RS";"Norte";"Colisão - Traseira";2;0;0;0;0;0;0;0;0;0;1;0;0;0;0
"27/10/2022";"12:04:00";"174";"Acidente c";"321";"BR-386/RS";"Norte";"Colisão - Traseira";1;0;0;1;0;0;0;0;0;0;3;0;0;0;0
"27/10/2022";"13:28:00";"194";"Acidente s";"345";"BR-386/RS";"Norte";"Engavetamento";1;0;0;0;0;0;0;0;0;0;6;0;0;0;0
"27/10/2022";"16:21:00";"256";"Acidente s";"352";"BR-386/RS";"Sul";"Colisão - Transversal";1;0;0;1;0;0;0;0;0;0;3;0;0;0;0
"27/10/2022";"17:20:00";"268";"Acidente s";"46";"BR-290/RS";"Oeste";"Queda de ribanceira";1;0;0;0;0;0;0;0;0;0;1;0;0;0;0
"27/10/2022";"18:00:00";"278";"Acidente s";"94";"BR-290/RS";"Leste";"Choque Defensa";1;0;0;0;0;0;0;0;0;0;3;0;0;0;0
"27/10/2022";"21:49:00";"320";"Acidente c";"75";"BR-290/RS";"Leste";"Choque - Arvore";1;0;0;0;0;0;0;0;0;0;2;0;0;0;0
"28/10/2022";"07:25:00";"78";"Acidente s";"17";"BR-448/RS";"Sul";"Colisão - Lateral";2;0;0;0;0;0;0;0;0;0;4;0;0;0;0
"28/10/2022";"09:50:00";"136";"Acidente s";"359";"BR-386/RS";"Sul";"Colisão - Traseira";1;0;0;0;0;0;0;0;0;0;1;0;0;0;0
"28/10/2022";"12:04:00";"162";"Acidente s";"344";"BR-386/RS";"Sul";"Colisão - Traseira";2;0;0;0;0;0;0;0;0;0;2;0;2;0;0
"28/10/2022";"17:40:00";"228";"Acidente c";"6";"BR-448/RS";"Norte";"Capotamento";1;0;0;0;0;0;0;0;0;0;2;0;0;0;0
"28/10/2022";"18:45:00";"242";"Acidente s";"434";"BR-386/RS";"Norte";"Colisão - Traseira";2;0;0;0;0;0;0;0;0;0;1;0;0;0;0
"29/10/2022";"01:53:00";"11";"Acidente s";"35";"BR-101/RS";"Sul";"Choque Praça - Submarino";0;0;1;0;0;0;0;0;0;0;2;0;0;0;0
"29/10/2022";"07:46:00";"53";"Acidente c";"83";"BR-290/RS";"Leste";"Colisão - Lateral";1;0;0;1;0;0;0;0;0;0;1;0;0;0;0
"29/10/2022";"08:09:00";"64";"Acidente s";"304";"BR-386/RS";"Norte";"Queda de moto";0;0;0;1;0;0;0;0;0;0;2;0;0;0;0
"29/10/2022";"08:13:00";"66";"Acidente c";"33";"BR-290/RS";"Leste";"Colisão - Lateral";2;0;0;0;0;0;0;0;0;0;3;0;0;0;0
"29/10/2022";"12:30:00";"127";"Acidente s";"398";"BR-386/RS";"Norte";"Saída de pista";1;0;0;0;0;0;0;0;0;0;4;0;0;0;0
"29/10/2022";"15:59:00";"166";"Acidente s";"86";"BR-290/RS";"Oeste";"Choque Barreira";1;0;0;0;0;0;0;0;0;0;1;0;0;0;0
"29/10/2022";"16:19:00";"171";"Acidente s";"41";"BR-290/RS";"Oeste";"Colisão - Traseira";2;0;0;0;0;0;0;0;0;0;1;0;0;0;0
"29/10/2022";"19:29:00";"209";"Acidente s";"210";"BR-386/RS";"Norte";"Colisão - Lateral";2;0;0;0;0;0;0;0;0;0;1;0;0;0;0
"30/10/2022";"00:22:00";"1";"Acidente s";"363";"BR-386/RS";"Sul";"Capotamento";1;0;0;0;0;0;0;0;0;0;0;1;0;1;0
"30/10/2022";"07:39:00";"21";"Acidente c";"45";"BR-290/RS";"Oeste";"Tombamento";1;0;0;0;0;0;0;0;0;0;6;1;0;0;0
"30/10/2022";"08:06:00";"28";"Acidente c";"317";"BR-386/RS";"Norte";"Saída de pista";0;0;0;1;0;0;0;0;0;0;3;0;0;0;0
"30/10/2022";"11:23:00";"81";"Acidente s";"34";"BR-290/RS";"Leste";"Queda de moto";0;0;0;1;0;0;0;0;0;0;2;0;0;0;0
"30/10/2022";"11:38:00";"86";"Acidente s";"378";"BR-386/RS";"Sul";"Queda de ribanceira";1;0;0;0;0;0;0;0;0;0;9;0;0;0;0
"30/10/2022";"14:16:00";"108";"Acidente c";"385";"BR-386/RS";"Norte";"Saída de pista";1;0;0;0;0;0;0;0;0;0;4;0;0;0;0
"30/10/2022";"15:54:00";"136";"Acidente s";"60";"BR-290/RS";"Leste";"Colisão - Lateral";1;0;1;0;0;0;0;0;0;0;1;1;0;0;0
"30/10/2022";"21:56:00";"192";"Acidente c";"10";"BR-448/RS";"Norte";"Queda de moto";0;0;0;1;0;0;0;0;0;0;4;0;0;0;0
"30/10/2022";"23:43:00";"203";"Acidente s";"362";"BR-386/RS";"Sul";"Saída de pista";1;0;0;0;0;0;0;0;0;0;1;0;0;0;0
"31/10/2022";"03:22:00";"7";"Acidente c";"372";"BR-386/RS";"Sul";"Queda de moto";1;0;0;0;0;0;0;0;0;0;2;0;0;0;0
"31/10/2022";"04:54:00";"12";"Acidente s";"340";"BR-386/RS";"Norte";"Saída de pista";1;0;0;0;0;0;0;0;0;0;1;0;0;1;0
"31/10/2022";"05:13:00";"14";"Acidente s";"340";"BR-386/RS";"Norte";"Saída de pista";0;0;0;1;0;0;0;0;0;0;9;0;0;0;0
"31/10/2022";"05:35:00";"16";"Acidente s";"417";"BR-386/RS";"Norte";"Atropelamento de Animal";0;0;1;0;0;0;0;0;0;0;5;0;0;0;0
"31/10/2022";"06:57:00";"33";"Acidente c";"336";"BR-386/RS";"Norte";"Tombamento";0;0;1;0;0;0;0;0;0;0;1;0;0;0;0
"31/10/2022";"07:57:00";"50";"Acidente s";"22";"BR-448/RS";"Norte";"Choque Barreira";2;0;0;0;0;0;0;0;0;0;1;0;0;0;0
"31/10/2022";"08:51:00";"64";"Acidente s";"50";"BR-290/RS";"Leste";"Queda de ribanceira";1;0;0;0;0;0;0;0;0;0;1;0;0;0;0
"31/10/2022";"10:14:00";"84";"Acidente s";"433";"BR-386/RS";"Sul";"Engavetamento";4;0;0;0;0;0;0;0;0;0;1;0;0;0;0
"31/10/2022";"10:32:00";"87";"Acidente s";"348";"BR-386/RS";"Norte";"Queda de ribanceira";1;0;0;0;0;0;0;0;0;0;5;0;0;0;0
"31/10/2022";"11:08:00";"91";"Acidente c";"33";"BR-101/RS";"Sul";"Colisão - Lateral";1;0;1;0;0;0;0;0;0;0;3;0;0;0;0
"31/10/2022";"11:26:00";"95";"Acidente s";"360";"BR-386/RS";"Norte";"Queda de ribanceira";1;0;0;0;0;0;0;0;0;0;3;0;0;0;0
"31/10/2022";"13:30:00";"113";"Acidente c";"360";"BR-386/RS";"Norte";"Queda de ribanceira";1;0;0;0;0;0;0;0;0;0;2;0;0;0;0
"31/10/2022";"14:08:00";"117";"Acidente c";"49";"BR-290/RS";"Leste";"Queda de ribanceira";1;0;0;0;0;0;0;0;0;0;1;0;0;0;0
"31/10/2022";"14:14:00";"119";"Acidente c";"310";"BR-386/RS";"Sul";"Colisão - Frontal";3;0;0;0;0;0;0;0;0;0;1;0;0;0;0
"31/10/2022";"14:37:00";"122";"Acidente s";"16";"BR-290/RS";"Leste";"Choque Defensa";1;0;0;0;0;0;0;0;0;0;1;0;0;0;0
"31/10/2022";"15:10:00";"128";"Acidente s";"377";"BR-386/RS";"Sul";"Queda de ribanceira";1;0;0;0;0;0;0;0;0;0;1;1;0;0;0
"31/10/2022";"15:55:00";"133";"Acidente s";"292";"BR-386/RS";"Norte";"Queda de ribanceira";0;0;1;0;0;0;0;0;0;0;4;0;0;0;0
"31/10/2022";"21:12:00";"179";"Acidente s";"27";"BR-290/RS";"Leste";"Saída de pista";1;0;0;0;0;0;0;0;0;0;6;0;0;0;0
"31/10/2022";"21:38:00";"180";"Acidente s";"10";"BR-448/RS";"Norte";"Saída de pista";0;0;0;0;0;0;0;0;0;0;8;0;0;0;0
"31/10/2022";"23:00:00";"187";"Acidente c";"95";"BR-290/RS";"Oeste";"Colisão - Lateral";2;0;0;0;0;0;0;0;0;0;0;0;2;0;0
"01/11/2022";"02:05:00";"4";"Acidente s";"440";"BR-386/RS";"Sul";"Atropelamento de Animal";1;0;0;0;0;0;0;0;0;0;2;0;0;0;0
"01/11/2022";"14:54:00";"166";"Acidente s";"40";"BR-290/RS";"Oeste";"Capotamento";1;0;0;0;0;0;0;0;0;0;1;0;0;0;0
"01/11/2022";"17:11:00";"191";"Acidente s";"72";"BR-290/RS";"Oeste";"Queda de moto";0;0;0;1;0;0;0;0;0;0;2;0;0;0;0
"02/11/2022";"00:42:00";"7";"Acidente c";"339";"BR-386/RS";"Norte";"Saída de pista";0;0;0;1;0;0;0;0;0;0;1;0;0;0;0
"02/11/2022";"06:35:00";"30";"Acidente s";"31";"BR-290/RS";"Oeste";"Saída de pista";1;0;0;0;0;0;0;0;0;0;2;0;0;0;0
"02/11/2022";"17:07:00";"128";"Acidente s";"336";"BR-386/RS";"Sul";"Saída de pista";1;0;0;0;0;0;0;0;0;0;2;0;0;0;0
"02/11/2022";"19:29:00";"150";"Acidente s";"268";"BR-386/RS";"Sul";"Colisão - Lateral";1;0;1;0;0;0;0;0;0;0;2;0;0;0;0
"02/11/2022";"19:42:00";"155";"Acidente s";"423";"BR-386/RS";"Norte";"Colisão - Lateral";2;0;0;0;0;0;0;0;0;0;0;2;0;0;0
"02/11/2022";"22:25:00";"173";"Acidente c";"435";"BR-386/RS";"Norte";"Colisão - Transversal";2;0;0;0;0;0;0;0;0;0;4;0;0;0;0
"03/11/2022";"02:01:00";"3";"Acidente s";"42,3";"BR-290/RS";"Leste";"Tombamento";0;0;1;0;0;0;0;0;0;0;2;0;0;0;0
"03/11/2022";"07:43:00";"67";"Acidente s";"96";"BR-290/RS";"Oeste";"Colisão - Traseira";2;0;0;0;0;0;0;0;0;0;4;0;0;0;0
"03/11/2022";"08:03:00";"80";"Acidente s";"336";"BR-386/RS";"Sul";"Colisão - Traseira";1;0;1;0;0;0;0;0;0;0;1;0;0;0;0
"03/11/2022";"10:25:00";"128";"Acidente c";"346";"BR-386/RS";"Sul";"Colisão - Traseira";1;0;0;0;1;0;0;0;0;0;3;0;0;0;0
"03/11/2022";"10:52:00";"133";"Acidente c";"411";"BR-386/RS";"Sul";"Colisão - Traseira";1;0;0;0;1;0;0;0;0;0;2;0;0;0;0
"03/11/2022";"11:14:00";"139";"Acidente s";"271";"BR-386/RS";"Norte";"Queda de ribanceira";0;0;1;0;0;0;0;0;0;0;2;2;0;0;0
"03/11/2022";"12:14:00";"156";"Acidente s";"357";"BR-386/RS";"Norte";"Colisão - Traseira";1;0;1;0;0;0;0;0;0;0;1;0;0;0;0
"03/11/2022";"18:02:00";"222";"Acidente s";"349";"BR-386/RS";"Norte";"Colisão - Traseira";2;0;0;0;0;0;0;0;0;0;1;2;0;0;0
"03/11/2022";"18:05:00";"223";"Acidente c";"86";"BR-290/RS";"Oeste";"Colisão - Traseira";1;0;0;1;0;0;0;0;0;0;1;0;0;0;0
"03/11/2022";"18:41:00";"229";"Acidente s";"91";"BR-290/RS";"Leste";"Colisão - Lateral";2;0;0;0;0;0;0;0;0;0;0;1;0;0;0
"04/11/2022";"04:06:00";"8";"Acidente s";"81";"BR-290/RS";"Leste";"Choque Defensa";1;0;0;0;0;0;0;0;0;0;2;0;0;0;0
"04/11/2022";"07:42:00";"72";"Acidente s";"86";"BR-290/RS";"Oeste";"Queda de moto";0;0;0;1;0;0;0;0;0;0;2;0;0;0;0
"04/11/2022";"10:16:00";"133";"Acidente s";"338";"BR-386/RS";"Norte";"Colisão - Traseira";2;0;0;0;0;0;0;0;0;0;3;0;0;0;0
"04/11/2022";"11:14:00";"145";"Acidente s";"391";"BR-386/RS";"Norte";"Colisão - Transversal";1;0;1;0;0;0;0;0;0;0;4;0;0;0;0
"04/11/2022";"11:39:00";"151";"Acidente c";"375";"BR-386/RS";"Norte";"Colisão - Lateral";0;0;1;1;0;0;0;0;0;0;2;0;0;0;0
"04/11/2022";"16:46:00";"229";"Acidente s";"10";"BR-290/RS";"Oeste";"Colisão - Transversal";0;0;2;0;0;0;0;0;0;0;1;0;0;0;0
"04/11/2022";"19:05:00";"270";"Acidente s";"343";"BR-386/RS";"Ambos";"Colisão - Lateral";2;0;0;0;0;0;0;0;0;0;1;0;0;0;0
"04/11/2022";"19:42:00";"274";"Acidente c";"268";"BR-386/RS";"Sul";"Colisão - Lateral";2;0;0;0;0;0;0;0;0;0;0;1;1;0;0
"04/11/2022";"21:26:00";"285";"Acidente s";"289";"BR-386/RS";"Sul";"Colisão - Lateral";1;0;1;0;0;0;0;0;0;0;0;1;0;0;0
"05/11/2022";"00:24:00";"2";"Acidente s";"55";"BR-101/RS";"Norte";"Saída de pista";0;0;1;0;0;0;0;0;0;0;3;0;0;0;0
"05/11/2022";"04:43:00";"19";"Acidente c";"11";"BR-101/RS";"Sul";"Queda de moto";0;0;0;1;1;0;0;0;0;0;2;0;0;0;0
"05/11/2022";"06:34:00";"42";"Acidente s";"62";"BR-290/RS";"Leste";"Queda de ribanceira";1;0;0;0;0;0;0;0;0;0;2;0;0;0;0
"05/11/2022";"09:08:00";"104";"Acidente s";"57";"BR-101/RS";"Sul";"Queda de ribanceira";1;0;0;0;0;0;0;0;0;0;2;0;0;0;0
"05/11/2022";"13:33:00";"156";"Acidente s";"85";"BR-101/RS";"Norte";"Tombamento";0;0;1;0;0;0;0;0;0;0;2;0;0;0;0
"05/11/2022";"18:43:00";"219";"Acidente s";"420";"BR-386/RS";"Norte";"Queda de ribanceira";1;0;0;0;0;0;0;0;0;0;1;0;0;0;0
"05/11/2022";"20:49:00";"239";"Acidente c";"49";"BR-101/RS";"Sul";"Queda de moto";0;0;0;1;0;0;0;0;0;0;2;0;0;0;0
"06/11/2022";"00:38:00";"4";"Acidente s";"441";"BR-386/RS";"Sul";"Saída de pista";1;0;0;0;0;0;0;0;0;0;2;0;0;0;0
"06/11/2022";"03:58:00";"23";"Acidente s";"365";"BR-386/RS";"Sul";"Queda de ribanceira";1;0;0;0;0;0;0;0;0;0;0;1;0;0;0
"06/11/2022";"06:48:00";"36";"Acidente s";"8";"BR-448/RS";"Sul";"Choque Barreira";1;0;0;0;0;0;0;0;0;0;3;0;0;0;0
"06/11/2022";"16:58:00";"140";"Acidente c";"368";"BR-386/RS";"Norte";"Queda de moto";0;0;0;1;0;0;0;0;0;0;1;0;0;0;0
"06/11/2022";"20:37:00";"185";"Acidente s";"89";"BR-290/RS";"Leste";"Colisão - Lateral";2;0;0;0;0;0;0;0;0;0;0;1;0;0;0
"07/11/2022";"03:22:00";"21";"Atropelame";"389";"BR-386/RS";"Norte";"Atropelamento - Andarilho";0;0;1;0;0;0;0;0;0;0;3;0;0;0;0
"07/11/2022";"05:59:00";"31";"Acidente c";"75";"BR-290/RS";"Leste";"Queda de moto";0;0;0;1;0;0;0;0;0;0;0;1;0;0;0
"07/11/2022";"06:34:00";"42";"Acidente s";"2";"BR-290/RS";"Leste";"Saída de pista";1;0;0;0;0;0;0;0;0;0;3;0;0;0;0
"07/11/2022";"06:40:00";"43";"Acidente s";"5";"BR-290/RS";"Leste";"Saída de pista";1;0;0;0;0;0;0;0;0;0;3;0;0;0;0
"07/11/2022";"08:00:00";"90";"Acidente c";"30";"BR-290/RS";"Oeste";"Saída de pista";1;0;0;0;0;0;0;0;0;0;0;1;0;0;0
"07/11/2022";"08:27:00";"97";"Acidente s";"62";"BR-101/RS";"Sul";"Saída de pista";1;0;0;0;0;0;0;0;0;0;4;0;0;0;0
"07/11/2022";"08:46:00";"106";"Acidente s";"96";"BR-290/RS";"Oeste";"Colisão - Traseira";1;0;0;0;0;1;0;0;0;0;1;0;0;0;0
"07/11/2022";"09:42:00";"128";"Acidente s";"35";"BR-101/RS";"Sul";"Choque Praça - Submarino";1;0;0;0;0;0;0;0;0;0;4;0;0;0;0
"07/11/2022";"09:59:00";"135";"Acidente s";"11";"BR-290/RS";"Oeste";"Saída de pista";1;0;0;0;0;0;0;0;0;0;2;0;0;0;0
"07/11/2022";"11:55:00";"170";"Acidente c";"342";"BR-386/RS";"Norte";"Colisão - Traseira";2;0;0;0;0;0;0;0;0;0;3;0;0;0;0
"07/11/2022";"14:20:00";"204";"Acidente s";"419";"BR-386/RS";"Sul";"Colisão - Traseira";2;0;0;0;0;0;0;0;0;0;0;1;0;0;0
"07/11/2022";"17:10:00";"236";"Acidente s";"86";"BR-290/RS";"Oeste";"Colisão - Lateral";1;0;2;0;0;0;0;0;0;0;2;0;0;0;0
"07/11/2022";"17:27:00";"240";"Acidente s";"80";"BR-290/RS";"Oeste";"Choque Defensa";1;0;0;0;0;0;0;0;0;0;2;0;0;0;0
"07/11/2022";"18:42:00";"260";"Acidente s";"80";"BR-290/RS";"Leste";"Queda de moto";0;0;0;1;0;0;0;0;0;0;2;0;0;0;0
"07/11/2022";"19:16:00";"268";"Acidente s";"375";"BR-386/RS";"Norte";"Choque Praça - Cabine";0;0;1;0;0;0;0;0;0;0;3;0;0;0;0
"07/11/2022";"20:38:00";"281";"Acidente s";"92";"BR-290/RS";"Oeste";"Choque Defensa";1;0;0;0;0;0;0;0;0;0;1;0;0;0;0
"07/11/2022";"22:00:00";"288";"Acidente c";"80";"BR-290/RS";"Leste";"Queda de ribanceira";1;0;0;0;0;0;0;0;0;0;1;0;0;0;0
"08/11/2022";"06:52:00";"34";"Acidente s";"92";"BR-290/RS";"Leste";"Colisão - Lateral";2;0;0;0;0;0;0;0;0;0;0;1;0;0;0
"08/11/2022";"09:55:00";"128";"Acidente s";"35";"BR-101/RS";"Norte";"Colisão - Traseira";1;0;0;0;0;1;0;0;0;0;6;0;0;0;0
"08/11/2022";"17:27:00";"244";"Acidente s";"90";"BR-290/RS";"Leste";"Colisão - Traseira";1;0;0;0;0;1;0;0;0;0;0;2;1;0;0
"09/11/2022";"07:21:00";"31";"Acidente s";"346";"BR-386/RS";"Sul";"Colisão - Traseira";2;0;0;0;0;0;0;0;0;0;1;0;0;0;0
"09/11/2022";"08:12:00";"61";"Acidente c";"439";"BR-386/RS";"Sul";"Colisão - Traseira";1;0;0;1;1;0;0;0;0;0;2;0;0;0;0
"09/11/2022";"08:14:00";"62";"Acidente s";"20";"BR-448/RS";"Norte";"Choque Barreira";1;0;0;0;0;0;0;0;0;0;1;0;0;0;0
"09/11/2022";"08:23:00";"66";"Acidente s";"1";"BR-290/RS";"Leste";"Queda de ribanceira";1;0;0;0;0;0;0;0;0;0;0;1;0;0;0
"09/11/2022";"13:22:00";"143";"Acidente s";"392";"BR-386/RS";"Norte";"Capotamento";1;0;0;0;0;0;0;0;0;0;2;0;0;0;0
"09/11/2022";"13:41:00";"146";"Acidente s";"5";"BR-290/RS";"Leste";"Choque Defensa";1;0;0;0;0;0;0;0;0;0;2;0;0;0;0
"10/11/2022";"07:09:00";"51";"Acidente s";"89";"BR-290/RS";"Oeste";"Engavetamento";2;0;0;1;0;0;0;0;0;0;2;0;0;0;0
"10/11/2022";"08:24:00";"105";"Acidente s";"22";"BR-101/RS";"Norte";"Saída de pista";0;0;0;0;0;0;0;0;0;0;1;0;0;0;0
"10/11/2022";"09:15:00";"145";"Acidente s";"86";"BR-290/RS";"Oeste";"Queda de moto";0;0;0;1;0;0;0;0;0;0;1;0;0;0;0
"10/11/2022";"10:50:00";"187";"Acidente c";"420";"BR-386/RS";"Sul";"Colisão - Transversal";2;0;0;0;0;0;0;0;0;0;3;0;0;0;0
"10/11/2022";"15:25:00";"257";"Acidente s";"350";"BR-386/RS";"Sul";"Choque Defensa";1;0;1;0;0;0;0;0;0;0;1;0;0;0;0
"10/11/2022";"15:30:00";"259";"Acidente c";"180";"BR-386/RS";"Norte";"Saída de pista";0;0;0;0;0;1;0;0;0;0;2;0;0;0;0
"10/11/2022";"16:23:00";"277";"Acidente s";"92";"BR-290/RS";"Leste";"Colisão - Traseira";2;0;0;0;0;0;0;0;0;0;2;0;0;0;0
"10/11/2022";"19:26:00";"309";"Acidente s";"92";"BR-290/RS";"Ambos";"Choque Defensa";1;0;0;0;0;0;0;0;0;0;1;0;0;0;0
"11/11/2022";"03:54:00";"20";"Acidente c";"213";"BR-386/RS";"Sul";"Colisão - Lateral";1;0;0;0;1;0;0;0;0;0;1;0;0;0;0
"11/11/2022";"06:57:00";"49";"Acidente s";"70";"BR-101/RS";"Sul";"Saída de pista";1;0;0;0;0;0;0;0;0;0;1;0;0;0;0
"11/11/2022";"07:28:00";"72";"Acidente c";"350";"BR-386/RS";"Sul";"Capotamento";2;0;0;1;0;0;0;0;0;0;2;0;0;0;0
"11/11/2022";"15:30:00";"229";"Acidente s";"301";"BR-386/RS";"Sul";"Engavetamento";3;0;0;0;0;0;0;0;0;0;1;0;0;0;0
"11/11/2022";"17:52:00";"270";"Acidente c";"342";"BR-386/RS";"Sul";"Colisão - Transversal";2;0;0;0;0;0;0;0;0;0;1;0;0;0;0
"11/11/2022";"22:43:00";"345";"Acidente s";"3";"BR-290/RS";"Oeste";"Colisão - Lateral";1;0;0;0;0;0;0;0;0;0;4;0;0;0;0
"11/11/2022";"23:23:00";"354";"Acidente c";"357";"BR-386/RS";"Sul";"Saída de pista";1;0;0;0;0;0;0;0;0;0;1;0;0;0;0
"11/11/2022";"23:50:00";"359";"Acidente c";"405";"BR-386/RS";"Norte";"Queda de moto";0;0;0;1;0;0;0;0;0;0;2;0;0;0;0
"12/11/2022";"01:42:00";"7";"Acidente c";"331";"BR-386/RS";"Norte";"Queda de ribanceira";0;0;0;0;1;0;0;0;0;0;1;0;0;0;0
"12/11/2022";"08:39:00";"65";"Acidente s";"80";"BR-290/RS";"Leste";"Saída de pista";1;0;0;0;0;0;0;0;0;0;4;0;0;0;0
"12/11/2022";"10:18:00";"106";"Acidente s";"40";"BR-290/RS";"Leste";"Colisão - Traseira";2;0;0;0;0;0;0;0;0;0;0;0;1;1;0
"12/11/2022";"11:36:00";"132";"Acidente s";"35";"BR-101/RS";"Sul";"Colisão - Traseira";2;0;0;0;0;0;0;0;0;0;1;0;0;0;0
"12/11/2022";"13:55:00";"166";"Acidente c";"347";"BR-386/RS";"Norte";"Colisão - Traseira";0;0;1;2;0;0;0;0;0;0;3;0;0;0;0
"12/11/2022";"21:19:00";"267";"Acidente s";"360";"BR-386/RS";"Norte";"Colisão - Lateral";2;0;0;0;0;0;0;0;0;0;1;0;0;0;0
"12/11/2022";"21:49:00";"274";"Acidente s";"344";"BR-386/RS";"Norte";"Saída de pista";1;0;0;0;0;0;0;0;0;0;3;0;0;0;0
"12/11/2022";"22:04:00";"275";"Acidente s";"364";"BR-386/RS";"Sul";"Saída de pista";1;0;0;0;0;0;0;0;0;0;4;0;0;0;0
"13/11/2022";"00:45:00";"7";"Acidente s";"5";"BR-290/RS";"Oeste";"Saída de pista";0;0;1;0;0;0;0;0;0;0;6;0;0;0;0
"13/11/2022";"02:04:00";"12";"Acidente s";"346";"BR-386/RS";"Norte";"Queda de ribanceira";1;0;0;0;0;0;0;0;0;0;1;0;0;0;0
"13/11/2022";"02:32:00";"13";"Acidente s";"380";"BR-386/RS";"Norte";"Capotamento";1;0;0;0;0;0;0;0;0;0;0;0;2;0;0
"13/11/2022";"06:12:00";"28";"Acidente s";"229";"BR-386/RS";"Norte";"Saída de pista";1;0;0;0;0;0;0;0;0;0;4;0;0;0;0
"13/11/2022";"06:48:00";"33";"Acidente c";"86";"BR-290/RS";"Oeste";"Queda de moto";0;0;0;1;0;0;0;0;0;0;1;0;0;0;0
"13/11/2022";"06:49:00";"34";"Acidente s";"66";"BR-290/RS";"Leste";"Colisão - Traseira";1;0;1;0;0;0;0;0;0;0;1;0;0;0;0
"13/11/2022";"07:13:00";"37";"Acidente s";"86";"BR-290/RS";"Oeste";"Queda de moto";0;0;0;1;0;0;0;0;0;0;2;0;0;0;0
"13/11/2022";"11:19:00";"87";"Acidente c";"270";"BR-386/RS";"Sul";"Colisão - Transversal";2;0;0;0;0;0;0;0;0;0;2;0;0;0;0
"13/11/2022";"13:45:00";"108";"Acidente c";"94";"BR-290/RS";"Oeste";"Choque Barreira";1;0;0;0;0;0;0;0;0;0;0;1;0;0;0
"13/11/2022";"14:58:00";"118";"Acidente s";"400";"BR-386/RS";"Norte";"Saída de pista";1;0;0;0;0;0;0;0;0;0;3;0;0;0;0
"13/11/2022";"15:15:00";"122";"Acidente s";"441";"BR-386/RS";"Sul";"Saída de pista";1;0;0;0;0;0;0;0;0;0;1;0;0;0;0
"13/11/2022";"15:59:00";"128";"Acidente c";"331";"BR-386/RS";"Norte";"Colisão - Lateral";3;0;0;0;0;0;0;0;0;0;1;0;0;0;0
"14/11/2022";"00:57:00";"2";"Acidente c";"345";"BR-386/RS";"Norte";"Capotamento";1;0;0;0;0;0;0;0;0;0;2;3;0;0;0
"14/11/2022";"04:09:00";"7";"Acidente s";"75";"BR-290/RS";"Leste";"Saída de pista";1;0;0;0;0;0;0;0;0;0;1;0;0;0;0
"14/11/2022";"06:18:00";"18";"Acidente s";"376";"BR-386/RS";"Sul";"Saída de pista";1;0;0;0;0;0;0;0;0;0;3;0;0;0;0
"14/11/2022";"06:54:00";"30";"Acidente c";"62";"BR-101/RS";"Sul";"Queda de moto";0;0;0;1;0;0;0;0;0;0;4;0;0;0;0
"14/11/2022";"07:26:00";"37";"Acidente c";"27";"BR-290/RS";"Oeste";"Queda de ribanceira";1;0;0;0;0;0;0;0;0;0;3;0;0;0;0
"14/11/2022";"08:01:00";"50";"Acidente s";"86";"BR-290/RS";"Oeste";"Engavetamento";2;0;1;0;0;0;0;0;0;0;5;0;0;0;0
"14/11/2022";"08:08:00";"53";"Acidente s";"410";"BR-386/RS";"Norte";"Queda de ribanceira";1;0;0;0;0;0;0;0;0;0;1;0;0;0;0
"14/11/2022";"08:46:00";"68";"Acidente s";"10";"BR-101/RS";"Norte";"Colisão - Traseira";2;0;0;0;0;0;0;0;0;0;1;0;0;0;0
"14/11/2022";"09:11:00";"74";"Acidente s";"440";"BR-386/RS";"Norte";"Saída de pista";1;0;0;0;0;0;0;0;0;0;1;0;0;0;0
"14/11/2022";"09:17:00";"76";"Acidente s";"96";"BR-290/RS";"Oeste";"Choque Barreira";1;0;0;0;0;0;0;0;0;0;1;0;0;0;0
"14/11/2022";"09:22:00";"79";"Acidente c";"43";"BR-290/RS";"Oeste";"Capotamento";1;0;0;0;0;0;0;0;0;0;3;0;0;0;1
"14/11/2022";"15:57:00";"199";"Acidente s";"333";"BR-386/RS";"Norte";"Saída de pista";1;0;0;0;0;0;0;0;0;0;1;0;0;0;0