data;horario;n_da_ocorrencia;tipo_de_ocorrencia;km;trecho;sentido;tipo_de_acidente;automovel;bicicleta;caminhao;moto;onibus;outros;tracao_animal;transporte_de_cargas_especiais;trator_maquinas;utilitarios;ilesos;levemente_feridos;moderadamente_feridos;gravemente_feridos;mortos
"14/11/2022";"19:13:00";"250";"Acidente s";"2";"BR-101/RS";"Norte";"Saída de pista";1;0;0;0;0;0;0;0;0;0;2;0;0;0;0
"15/11/2022";"00:19:00";"1";"Acidente c";"83";"BR-101/RS";"Norte";"Tombamento";0;0;1;0;0;0;0;0;0;0;3;0;0;0;0
"15/11/2022";"01:39:00";"7";"Acidente c";"23";"BR-101/RS";"Norte";"Colisão - Traseira";3;0;0;0;0;0;0;0;0;0;1;1;0;0;0
"15/11/2022";"10:07:00";"89";"Acidente c";"68";"BR-101/RS";"Norte";"Colisão - Lateral";1;0;0;1;0;0;0;0;0;0;2;0;0;0;0
"15/11/2022";"11:21:00";"111";"Acidente c";"73";"BR-290/RS";"Leste";"Colisão - Traseira";1;0;0;0;1;0;0;0;0;0;4;0;0;0;0
"15/11/2022";"13:45:00";"149";"Acidente s";"247";"BR-386/RS";"Norte";"Colisão - Transversal";1;0;1;0;0;0;0;0;0;0;2;0;0;0;0
"15/11/2022";"15:17:00";"168";"Acidente s";"85";"BR-290/RS";"Oeste";"Choque Defensa";1;0;0;0;0;0;0;0;0;0;4;0;0;0;0
"15/11/2022";"16:10:00";"181";"Acidente s";"45";"BR-290/RS";"Oeste";"Colisão - Traseira";2;0;0;0;0;0;0;0;0;0;2;0;0;0;0
"15/11/2022";"17:11:00";"198";"Acidente c";"179";"BR-386/RS";"Sul";"Queda de ribanceira";1;0;1;0;0;0;0;0;0;0;1;0;0;0;0
"15/11/2022";"17:14:00";"201";"Acidente s";"427";"BR-386/RS";"Norte";"Saída de pista";0;0;1;0;0;0;0;0;0;0;0;0;1;0;0
"15/11/2022";"17:22:00";"202";"Acidente s";"92";"BR-290/RS";"Oeste";"Choque Barreira";1;0;0;0;0;0;0;0;0;0;4;1;0;0;0
"15/11/2022";"17:36:00";"207";"Acidente c";"93";"BR-290/RS";"Leste";"Colisão - Lateral";1;0;0;1;0;0;0;0;0;0;1;0;0;0;0
"15/11/2022";"19:57:00";"255";"Acidente s";"93";"BR-290/RS";"Leste";"Engavetamento";4;0;0;0;1;0;0;0;0;0;1;0;0;0;0
"16/11/2022";"07:52:00";"57";"Acidente s";"19";"BR-448/RS";"Sul";"Engavetamento";5;0;0;0;0;0;0;0;0;0;1;0;0;0;0
"16/11/2022";"07:52:00";"56";"Acidente s";"83";"BR-290/RS";"Oeste";"Colisão - Traseira";2;0;0;0;0;0;0;0;0;0;1;0;2;0;0
"16/11/2022";"08:33:00";"77";"Acidente s";"21";"BR-448/RS";"Sul";"Colisão - Traseira";3;0;0;0;0;0;0;0;0;0;1;0;0;2;0
"16/11/2022";"08:43:00";"79";"Acidente c";"350";"BR-386/RS";"Sul";"Colisão - Lateral";1;0;1;0;0;0;0;0;0;0;2;0;0;0;0
"16/11/2022";"11:57:00";"165";"Acidente s";"384";"BR-386/RS";"Sul";"Saída de pista";1;0;0;0;0;0;0;0;0;0;1;0;0;0;0
"16/11/2022";"16:34:00";"240";"Acidente c";"76";"BR-290/RS";"Oeste";"Saída de pista";1;0;0;0;0;0;0;0;0;0;2;0;0;1;1
"16/11/2022";"17:51:00";"252";"Acidente c";"17";"BR-290/RS";"Leste";"Choque com veículo na faixa de rolamento";1;0;0;0;0;0;0;0;0;0;2;0;0;0;0
"17/11/2022";"01:13:00";"4";"Acidente s";"309";"BR-386/RS";"Norte";"Saída de pista";1;0;0;0;0;0;0;0;0;0;2;0;0;0;0
"17/11/2022";"06:07:00";"22";"Acidente s";"52";"BR-290/RS";"Leste";"Saída de pista";1;0;0;0;0;0;0;0;0;0;1;0;0;0;0
"17/11/2022";"06:11:00";"23";"Acidente s";"85";"BR-290/RS";"Leste";"Colisão - Traseira";2;0;0;0;0;0;0;0;0;0;1;0;0;0;0
"17/11/2022";"08:50:00";"116";"Acidente c";"239";"BR-386/RS";"Sul";"Colisão - Transversal";1;0;0;0;1;0;0;0;0;0;3;0;0;0;0
"17/11/2022";"09:27:00";"131";"Acidente s";"95";"BR-290/RS";"Oeste";"Colisão - Traseira";2;0;0;0;0;0;0;0;0;0;2;0;0;0;0
"17/11/2022";"12:00:00";"167";"Acidente s";"75";"BR-290/RS";"Oeste";"Queda de moto";1;0;0;0;0;0;0;0;0;0;1;0;0;0;0
"17/11/2022";"15:49:00";"223";"Acidente s";"19";"BR-290/RS";"Leste";"Queda de moto";0;0;0;1;0;0;0;0;0;0;6;0;0;0;0
"17/11/2022";"17:26:00";"249";"Acidente c";"67";"BR-101/RS";"Norte";"Choque com veículo no acostamento";1;0;1;0;0;0;0;0;0;0;0;0;2;0;0
"17/11/2022";"19:34:00";"273";"Acidente s";"65";"BR-290/RS";"Oeste";"Saída de pista";1;0;0;0;0;0;0;0;0;0;1;0;0;1;0
"17/11/2022";"21:44:00";"293";"Acidente c";"56";"BR-290/RS";"Leste";"Colisão - Traseira";2;0;0;0;0;0;0;0;0;0;0;1;0;0;0
"17/11/2022";"21:58:00";"295";"Acidente c";"348";"BR-386/RS";"Sul";"Colisão - Traseira";2;0;0;0;0;0;0;0;0;0;2;0;0;0;0
"17/11/2022";"21:59:00";"296";"Acidente s";"81,12";"BR-290/RS";"Leste";"Saída de pista";1;0;0;0;0;0;0;0;0;0;2;0;0;0;0
"18/11/2022";"00:30:00";"4";"Acidente s";"39";"BR-290/RS";"Oeste";"Choque com objeto sobre a pista";3;0;0;0;0;0;0;0;0;0;1;0;0;0;0
"18/11/2022";"01:55:00";"8";"Acidente s";"30";"BR-290/RS";"Leste";"Saída de pista";0;0;1;0;0;0;0;0;0;0;1;0;0;0;0
"18/11/2022";"07:17:00";"49";"Atropelame";"347";"BR-386/RS";"Sul";"Atropelamento - Usuário";1;0;0;0;0;0;0;0;0;0;1;0;0;0;0
"18/11/2022";"07:57:00";"75";"Acidente s";"18";"BR-448/RS";"Sul";"Engavetamento";3;0;0;0;0;0;0;0;0;0;26;1;0;0;0
"18/11/2022";"10:33:00";"149";"Acidente s";"92";"BR-290/RS";"Leste";"Colisão - Lateral";1;0;1;0;0;0;0;0;0;0;1;0;1;0;0
"18/11/2022";"10:43:00";"153";"Acidente c";"340";"BR-386/RS";"Norte";"Saída de pista";1;0;0;0;0;0;0;0;0;0;0;0;2;0;0
"18/11/2022";"17:46:00";"272";"Acidente s";"88";"BR-290/RS";"Leste";"Colisão - Lateral";1;0;0;1;0;0;0;0;0;0;5;0;0;0;0
"18/11/2022";"18:58:00";"295";"Acidente s";"22";"BR-101/RS";"Norte";"Choque Barreira";0;0;1;0;0;0;0;0;0;0;1;0;0;0;0
"18/11/2022";"20:43:00";"321";"Acidente c";"22";"BR-448/RS";"Norte";"Queda de moto";0;0;0;1;0;0;0;0;0;0;1;0;0;0;0
"18/11/2022";"21:31:00";"328";"Acidente s";"366";"BR-386/RS";"Sul";"Queda de moto";0;0;0;1;0;0;0;0;0;0;3;0;0;0;0
"19/11/2022";"07:15:00";"57";"Acidente c";"340";"BR-386/RS";"Sul";"Capotamento";1;0;0;0;0;0;0;0;0;0;1;0;0;0;0
"19/11/2022";"09:09:00";"104";"Acidente s";"345";"BR-386/RS";"Sul";"Colisão - Traseira";2;0;0;0;0;0;0;0;0;0;1;1;0;0;0
"19/11/2022";"10:04:00";"119";"Atropelame";"95";"BR-290/RS";"Oeste";"Atropelamento - Esportista";1;0;0;0;0;0;0;0;0;0;1;0;0;0;0
"19/11/2022";"10:47:00";"131";"Acidente c";"59";"BR-290/RS";"Oeste";"Engavetamento";3;0;0;0;0;0;0;0;0;0;2;0;0;0;0
"19/11/2022";"11:10:00";"136";"Acidente c";"436";"BR-386/RS";"Norte";"Colisão - Transversal";0;0;1;1;0;0;0;0;0;0;0;0;2;0;0
"19/11/2022";"22:59:00";"278";"Acidente s";"50";"BR-101/RS";"Norte";"Queda de ribanceira";1;0;0;0;0;0;0;0;0;0;1;0;0;0;0
"20/11/2022";"16:04:00";"179";"Acidente s";"87";"BR-290/RS";"Leste";"Choque Defensa";1;0;0;0;0;0;0;0;0;0;2;0;0;0;0
"20/11/2022";"16:35:00";"186";"Acidente s";"47";"BR-290/RS";"Oeste";"Colisão - Lateral";2;0;0;0;0;0;0;0;0;0;1;1;0;0;0
"20/11/2022";"17:20:00";"198";"Acidente s";"339";"BR-386/RS";"Norte";"Choque Defensa";1;0;0;0;0;0;0;0;0;0;1;0;0;0;0
"20/11/2022";"19:46:00";"254";"Acidente s";"45";"BR-290/RS";"Oeste";"Colisão - Traseira";2;0;0;0;0;0;0;0;0;0;8;0;0;0;0
"20/11/2022";"21:53:00";"287";"Acidente c";"48";"BR-101/RS";"Sul";"Queda de moto";0;0;0;1;0;0;0;0;0;0;1;0;0;0;1
"20/11/2022";"23:52:00";"309";"Acidente s";"224";"BR-386/RS";"Norte";"Saída de pista";1;0;0;0;0;0;0;0;0;0;0;0;2;0;0
"21/11/2022";"01:55:00";"11";"Acidente c";"25";"BR-290/RS";"Oeste";"Colisão - Traseira";2;0;0;0;0;0;0;0;0;0;3;0;0;0;0
"21/11/2022";"08:47:00";"117";"Acidente s";"348";"BR-386/RS";"Sul";"Colisão - Traseira";1;0;1;0;0;0;0;0;0;0;4;1;0;0;0
"21/11/2022";"09:33:00";"136";"Acidente s";"91";"BR-290/RS";"Leste";"Colisão - Lateral";2;0;0;0;0;0;0;0;0;0;1;0;0;0;0
"21/11/2022";"10:23:00";"150";"Acidente s";"343";"BR-386/RS";"Norte";"Colisão - Traseira";2;0;0;0;0;0;0;0;0;0;2;0;0;0;0
"21/11/2022";"12:07:00";"180";"Acidente s";"334";"BR-386/RS";"Norte";"Choque Barreira";1;0;0;0;0;0;0;0;0;0;3;0;0;0;0
"21/11/2022";"19:51:00";"267";"Acidente s";"90";"BR-290/RS";"Leste";"Choque Defensa";1;0;0;0;0;0;0;0;0;0;3;0;0;0;0
"22/11/2022";"01:54:00";"6";"Acidente s";"90";"BR-290/RS";"Oeste";"Choque Defensa";1;0;0;0;0;0;0;0;0;0;2;0;0;0;0
"22/11/2022";"02:51:00";"11";"Acidente s";"325";"BR-386/RS";"Sul";"Saída de pista";1;0;0;0;0;0;0;0;0;0;2;0;0;0;0
"22/11/2022";"07:57:00";"56";"Acidente s";"353";"BR-386/RS";"Norte";"Colisão - Lateral";1;0;1;0;0;0;0;0;0;0;2;0;0;0;0
"22/11/2022";"09:27:00";"79";"Acidente c";"352";"BR-386/RS";"Norte";"Queda de ribanceira";1;0;0;0;0;0;0;0;0;0;0;0;2;0;0
"22/11/2022";"09:30:00";"81";"Acidente c";"15";"BR-448/RS";"Sul";"Choque Barreira";1;0;0;0;0;0;0;0;0;0;0;1;0;0;0
"22/11/2022";"09:55:00";"89";"Acidente c";"24";"BR-290/RS";"Leste";"Saída de pista";1;0;0;0;0;0;0;0;0;0;1;0;0;0;0
"22/11/2022";"10:04:00";"91";"Acidente s";"24";"BR-290/RS";"Oeste";"Choque com veículo no acostamento";1;0;1;0;0;0;0;0;0;0;6;0;0;0;0
"22/11/2022";"13:25:00";"120";"Acidente s";"36";"BR-290/RS";"Oeste";"Colisão - Traseira";0;0;2;0;0;0;0;0;0;0;4;0;0;0;0
"22/11/2022";"13:29:00";"122";"Acidente s";"216";"BR-386/RS";"Sul";"Colisão - Transversal";3;0;0;0;0;0;0;0;0;0;4;0;0;0;0
"22/11/2022";"14:47:00";"135";"Acidente s";"348";"BR-386/RS";"Norte";"Colisão - Lateral";1;0;1;0;0;0;0;0;0;0;3;0;0;0;0
"22/11/2022";"15:31:00";"145";"Acidente s";"349";"BR-386/RS";"Norte";"Engavetamento";2;0;1;0;0;0;0;0;0;0;2;0;0;0;0
"22/11/2022";"22:00:00";"202";"Acidente s";"81";"BR-290/RS";"Leste";"Saída de pista";1;0;0;0;0;0;0;0;0;0;6;0;0;0;0
"23/11/2022";"07:46:00";"80";"Acidente c";"92";"BR-290/RS";"Oeste";"Queda de moto";0;0;0;1;0;0;0;0;0;0;1;0;0;0;0
"23/11/2022";"08:32:00";"107";"Acidente c";"339";"BR-386/RS";"Sul";"Colisão - Transversal";1;0;0;1;0;0;0;0;0;0;1;0;1;0;0
"23/11/2022";"12:52:00";"177";"Acidente s";"437";"BR-386/RS";"Norte";"Colisão - Lateral";0;0;2;0;0;0;0;0;0;0;3;0;0;0;0
"23/11/2022";"16:49:00";"228";"Acidente s";"347";"BR-386/RS";"Sul";"Engavetamento";1;0;1;0;1;0;0;0;0;0;2;0;0;0;0
"23/11/2022";"17:56:00";"241";"Acidente s";"367";"BR-386/RS";"Norte";"Colisão - Traseira";2;0;0;0;0;0;0;0;0;0;4;1;0;0;0
"23/11/2022";"19:12:00";"251";"Acidente s";"18";"BR-101/RS";"Sul";"Colisão - Traseira";2;0;0;0;0;0;0;0;0;0;1;0;0;0;0
"23/11/2022";"22:12:00";"272";"Acidente s";"204";"BR-386/RS";"Sul";"Saída de pista";1;0;0;0;0;0;0;0;0;0;3;0;2;0;0
"23/11/2022";"23:57:00";"287";"Acidente s";"388";"BR-386/RS";"Sul";"Colisão - Traseira";1;0;0;0;0;1;0;0;0;0;2;0;0;0;0
"24/11/2022";"03:10:00";"14";"Acidente s";"75";"BR-101/RS";"Norte";"Choque Defensa";1;0;0;0;0;0;0;0;0;0;3;0;0;0;0
"24/11/2022";"10:40:00";"184";"Acidente s";"38";"BR-290/RS";"Leste";"Capotamento";1;0;0;0;0;0;0;0;0;0;0;0;2;0;1
"24/11/2022";"12:50:00";"221";"Acidente s";"2";"BR-101/RS";"Sul";"Choque - Canaleta";1;0;0;0;0;0;0;0;0;0;2;0;0;0;0
"24/11/2022";"15:06:00";"252";"Acidente s";"305,32";"BR-386/RS";"Sul";"Colisão - Traseira";0;0;1;0;0;0;0;0;0;0;0;0;1;0;0
"24/11/2022";"16:56:00";"269";"Acidente s";"79";"BR-290/RS";"Oeste";"Queda de ribanceira";1;0;0;0;0;0;0;0;0;0;2;0;0;0;0
"24/11/2022";"18:23:00";"282";"Acidente c";"2";"BR-101/RS";"Sul";"Queda de moto";0;0;0;1;0;0;0;0;0;0;1;0;0;0;0
"24/11/2022";"19:08:00";"292";"Acidente c";"405";"BR-386/RS";"Norte";"Colisão - Lateral";2;0;0;0;0;0;0;0;0;0;1;0;0;0;0
"24/11/2022";"20:34:00";"306";"Acidente s";"304";"BR-386/RS";"Norte";"Colisão - Lateral";0;0;1;0;0;1;0;0;0;0;1;0;0;0;0
"24/11/2022";"20:35:00";"307";"Acidente s";"1";"BR-101/RS";"Norte";"Queda de moto";0;0;0;1;0;0;0;0;0;0;1;0;0;0;0
"24/11/2022";"23:42:00";"330";"Acidente s";"343";"BR-386/RS";"Norte";"Saída de pista";1;0;0;0;0;0;0;0;0;0;1;0;0;0;0
"25/11/2022";"03:40:00";"19";"Acidente s";"345";"BR-386/RS";"Sul";"Saída de pista";1;0;0;0;0;0;0;0;0;0;2;0;0;0;0
"25/11/2022";"07:13:00";"54";"Acidente s";"248";"BR-386/RS";"Norte";"Colisão - Transversal";2;0;0;0;0;0;0;0;0;0;1;1;0;0;0
"25/11/2022";"07:29:00";"68";"Acidente c";"88";"BR-290/RS";"Oeste";"Colisão - Traseira";1;0;0;0;0;0;0;0;0;0;2;0;0;0;0
"25/11/2022";"07:46:00";"78";"Acidente c";"414";"BR-386/RS";"Sul";"Colisão - Transversal";1;0;1;0;0;0;0;0;0;0;1;0;0;0;0
"25/11/2022";"07:50:00";"83";"Acidente s";"86";"BR-290/RS";"Oeste";"Colisão - Traseira";2;0;0;0;0;0;0;0;0;0;3;0;0;0;0
"25/11/2022";"08:05:00";"89";"Acidente s";"23";"BR-290/RS";"Leste";"Choque Barreira";1;0;0;0;0;0;0;0;0;0;1;0;0;0;0
"25/11/2022";"10:03:00";"135";"Acidente s";"435";"BR-386/RS";"Norte";"Colisão - Traseira";2;0;0;0;0;0;0;0;0;0;1;0;0;1;0
"25/11/2022";"15:52:00";"210";"Acidente s";"256";"BR-386/RS";"Norte";"Queda de moto";0;0;0;1;0;0;0;0;0;0;2;0;0;0;0
"25/11/2022";"17:18:00";"225";"Acidente s";"267";"BR-386/RS";"Norte";"Choque com objeto sobre a pista";0;0;1;0;0;0;0;0;0;0;2;0;0;0;0
"25/11/2022";"17:20:00";"226";"Acidente s";"267";"BR-386/RS";"Norte";"Choque com objeto sobre a pista";1;0;0;0;0;0;0;0;0;0;5;0;0;0;0
"25/11/2022";"17:42:00";"231";"Acidente s";"212";"BR-386/RS";"Norte";"Colisão - Traseira";2;0;0;0;0;0;0;0;0;0;3;0;0;0;0
"25/11/2022";"18:16:00";"233";"Acidente s";"17";"BR-448/RS";"Norte";"Colisão - Traseira";1;0;0;0;0;1;0;0;0;0;1;0;1;0;0
"25/11/2022";"18:43:00";"240";"Acidente s";"0";"BR-290/RS";"Oeste";"Queda de Carga";1;0;0;0;0;0;0;0;0;0;3;0;0;0;0
"25/11/2022";"18:54:00";"243";"Acidente s";"320";"BR-386/RS";"Norte";"Colisão - Traseira";1;0;0;0;0;0;0;0;0;0;2;0;0;0;0
"25/11/2022";"20:06:00";"261";"Atropelame";"81";"BR-101/RS";"Sul";"Atropelamento - Morador/Trabalhador/Estudante";1;0;0;0;0;0;0;0;0;0;1;1;0;0;0
"26/11/2022";"00:10:00";"1";"Acidente s";"215";"BR-386/RS";"Sul";"Colisão - Traseira";0;0;0;0;2;0;0;0;0;0;1;0;0;0;0
"26/11/2022";"03:06:00";"291";"Acidente s";"73";"BR-290/RS";"Leste";"Queda de moto";0;0;0;1;0;0;0;0;0;0;0;1;0;0;0
"26/11/2022";"08:00:00";"337";"Acidente c";"57";"BR-290/RS";"Oeste";"Capotamento";1;0;0;0;0;0;0;0;0;0;2;0;1;0;0
"26/11/2022";"08:16:00";"341";"Acidente c";"341";"BR-386/RS";"Sul";"Colisão - Traseira";2;0;0;0;0;0;0;0;0;0;3;1;0;0;0
"26/11/2022";"09:54:00";"362";"Acidente s";"91";"BR-290/RS";"Leste";"Colisão - Traseira";2;0;0;0;0;0;0;0;0;0;2;0;0;0;0
"26/11/2022";"10:10:00";"366";"Acidente s";"91";"BR-290/RS";"Leste";"Colisão - Lateral";2;0;0;0;0;0;0;0;0;0;1;1;0;0;0
"26/11/2022";"11:25:00";"385";"Acidente s";"344";"BR-386/RS";"Norte";"Colisão - Lateral";2;0;0;0;0;0;0;0;0;0;6;2;0;0;0
"26/11/2022";"15:35:00";"432";"Acidente c";"52";"BR-101/RS";"Sul";"Queda de Ponte/Viaduto";1;0;0;0;0;0;0;0;0;0;6;0;0;0;0
"26/11/2022";"19:49:00";"473";"Acidente s";"369";"BR-386/RS";"Norte";"Saída de pista";1;0;0;0;0;0;0;0;0;0;1;0;0;0;0
"26/11/2022";"22:09:00";"489";"Acidente s";"22";"BR-290/RS";"Oeste";"Choque com objeto sobre a pista";4;0;1;0;0;0;0;0;0;0;2;0;0;0;0
"26/11/2022";"22:09:00";"490";"Acidente s";"344";"BR-386/RS";"Norte";"Saída de pista";1;0;0;0;0;0;0;0;0;0;1;0;0;0;0
"27/11/2022";"01:16:00";"3";"Acidente c";"47";"BR-290/RS";"Oeste";"Choque com objeto sobre a pista";0;0;0;1;0;0;0;0;0;0;3;0;0;0;0
"27/11/2022";"04:58:00";"17";"Acidente s";"81";"BR-290/RS";"Leste";"Colisão - Traseira";2;0;0;0;0;0;0;0;0;0;3;0;0;0;0
"27/11/2022";"11:56:00";"90";"Acidente s";"30";"BR-101/RS";"Norte";"Saída de pista";1;0;0;0;0;0;0;0;0;0;2;0;0;0;0
"27/11/2022";"15:14:00";"121";"Acidente s";"83";"BR-101/RS";"Sul";"Colisão - Traseira";2;0;0;0;0;0;0;0;0;0;1;0;1;0;0
"27/11/2022";"20:19:00";"183";"Acidente s";"80";"BR-290/RS";"Leste";"Queda de ribanceira";1;0;0;0;0;0;0;0;0;0;3;0;0;0;0
"27/11/2022";"22:24:00";"200";"Acidente c";"4";"BR-101/RS";"Sul";"Saída de pista";1;0;0;0;0;0;0;0;0;0;3;0;0;0;0
"28/11/2022";"01:15:00";"4";"Acidente s";"420";"BR-386/RS";"Sul";"Atropelamento de Animal";1;0;0;0;0;0;0;0;0;0;2;0;0;1;0
"28/11/2022";"06:19:00";"25";"Acidente s";"370";"BR-386/RS";"Norte";"Queda de ribanceira";1;0;0;0;0;0;0;0;0;0;6;0;0;0;0
"28/11/2022";"06:48:00";"39";"Acidente s";"345";"BR-386/RS";"Norte";"Colisão - Traseira";2;0;0;0;0;1;0;0;0;0;0;0;1;0;0
"28/11/2022";"11:40:00";"162";"Acidente c";"26";"BR-290/RS";"Leste";"Colisão - Lateral";0;0;1;1;0;0;0;0;0;0;2;0;0;0;0
"28/11/2022";"12:25:00";"164";"Acidente c";"325";"BR-386/RS";"Sul";"Colisão - Transversal";1;0;1;0;0;0;0;0;0;0;2;0;0;0;0
"28/11/2022";"14:04:00";"178";"Acidente s";"18";"BR-448/RS";"Norte";"Colisão - Traseira";0;0;0;1;1;0;0;0;0;0;3;1;1;0;0
"28/11/2022";"14:51:00";"183";"Acidente s";"13";"BR-290/RS";"Oeste";"Queda de ribanceira";1;0;0;0;0;0;0;0;0;0;0;1;0;0;0
"29/11/2022";"08:16:00";"115";"Acidente s";"77";"BR-290/RS";"Leste";"Colisão - Traseira";0;0;2;0;0;0;0;0;0;0;5;0;0;0;0
"29/11/2022";"10:05:00";"161";"Acidente s";"365";"BR-386/RS";"Sul";"Colisão - Transversal";1;0;1;0;0;0;0;0;0;0;1;0;0;0;0
"29/11/2022";"10:45:00";"175";"Acidente s";"397";"BR-386/RS";"Norte";"Tombamento";0;0;0;0;0;1;0;0;0;0;1;3;0;0;0
"29/11/2022";"14:26:00";"226";"Acidente s";"88";"BR-290/RS";"Oeste";"Choque Barreira";1;0;0;0;0;0;0;0;0;0;5;0;0;0;0
"29/11/2022";"17:01:00";"258";"Acidente s";"385";"BR-386/RS";"Norte";"Colisão - Traseira";1;0;0;0;0;1;0;0;0;0;2;0;0;0;0
"29/11/2022";"18:38:00";"274";"Acidente s";"92";"BR-290/RS";"Oeste";"Queda de moto";0;0;0;1;0;0;0;0;0;0;2;0;0;0;0
"01/12/2022";"05:07:00";"10";"Acidente s";"96";"BR-290/RS";"Oeste";"Choque - Meio Fio";1;0;0;0;0;0;0;0;0;0;1;0;0;0;0
"01/12/2022";"07:14:00";"41";"Acidente s";"325";"BR-386/RS";"Norte";"Colisão - Transversal";2;0;0;0;0;0;0;0;0;0;3;0;0;0;0
"01/12/2022";"10:16:00";"122";"Acidente s";"399";"BR-386/RS";"Sul";"Saída de pista";0;0;0;0;0;0;0;0;0;1;2;1;0;0;0
"01/12/2022";"10:25:00";"125";"Acidente c";"347";"BR-386/RS";"Norte";"Colisão - Traseira";1;0;0;0;0;1;0;0;0;0;1;0;0;0;0
"01/12/2022";"12:40:00";"146";"Acidente s";"14";"BR-290/RS";"Leste";"Saída de pista";1;0;0;0;0;0;0;0;0;0;3;0;0;0;0
"01/12/2022";"12:59:00";"151";"Acidente s";"66";"BR-290/RS";"Leste";"Choque Defensa";1;0;0;0;0;0;0;0;0;0;1;0;0;0;0
"01/12/2022";"14:24:00";"168";"Acidente s";"79";"BR-290/RS";"Oeste";"Capotamento";1;0;0;0;0;0;0;0;0;0;1;0;0;0;1
"01/12/2022";"15:52:00";"185";"Acidente s";"414";"BR-386/RS";"Sul";"Saída de pista";0;0;0;0;0;0;0;0;0;1;1;0;0;0;0
"01/12/2022";"18:29:00";"212";"Acidente c";"11";"BR-101/RS";"Sul";"Choque com veículo no acostamento";1;0;0;1;0;0;0;0;0;0;1;0;0;0;0
"02/12/2022";"02:23:00";"5";"Acidente s";"11";"BR-101/RS";"Norte";"Saída de pista";1;0;0;0;0;0;0;0;0;0;1;0;0;0;0
"02/12/2022";"03:55:00";"10";"Acidente c";"365";"BR-386/RS";"Sul";"Saída de pista";0;0;1;0;0;0;0;0;0;0;3;0;0;0;0
"02/12/2022";"04:37:00";"12";"Acidente c";"224";"BR-386/RS";"Sul";"Colisão - Frontal";1;0;1;0;0;0;0;0;0;0;2;0;0;0;0
"02/12/2022";"12:44:00";"174";"Acidente s";"296";"BR-386/RS";"Sul";"Saída de pista";0;0;0;0;0;0;0;1;0;0;2;0;0;0;0
"02/12/2022";"14:01:00";"199";"Acidente s";"60";"BR-290/RS";"Leste";"Colisão - Traseira";2;0;0;0;0;0;0;0;0;0;1;0;0;0;0
"02/12/2022";"14:40:00";"207";"Acidente s";"342";"BR-386/RS";"Norte";"Engavetamento";2;0;0;0;0;0;0;0;0;1;1;0;3;0;1
"02/12/2022";"18:08:00";"260";"Acidente c";"420";"BR-386/RS";"Norte";"Colisão - Traseira";0;0;0;1;0;1;0;0;0;0;2;0;2;0;0
"02/12/2022";"20:08:00";"288";"Acidente s";"1";"BR-448/RS";"Norte";"Choque Defensa";1;0;0;0;0;0;0;0;0;0;0;0;2;0;0
"02/12/2022";"20:49:00";"303";"Acidente s";"347";"BR-386/RS";"Norte";"Colisão - Transversal";2;0;0;0;0;0;0;0;0;0;1;0;0;0;0
"02/12/2022";"21:01:00";"307";"Acidente s";"426";"BR-386/RS";"Norte";"Colisão - Transversal";2;0;0;0;0;0;0;0;0;0;5;0;0;0;0
"02/12/2022";"21:23:00";"314";"Acidente s";"344";"BR-386/RS";"Norte";"Saída de pista";1;0;0;0;0;0;0;0;0;0;1;0;0;0;0
"02/12/2022";"21:47:00";"322";"Acidente s";"373,53";"BR-386/RS";"Norte";"Choque Defensa";1;0;0;0;0;0;0;0;0;0;1;0;0;0;0
"03/12/2022";"00:31:00";"6";"Acidente s";"401";"BR-386/RS";"Norte";"Saída de pista";1;0;0;0;0;0;0;0;0;0;1;0;0;0;0
"03/12/2022";"03:03:00";"11";"Acidente s";"242";"BR-386/RS";"Norte";"Saída de pista";1;0;0;0;0;0;0;0;0;0;2;0;0;0;0
"03/12/2022";"05:11:00";"19";"Acidente c";"90";"BR-290/RS";"Leste";"Queda de moto";0;0;0;1;0;0;0;0;0;0;2;0;0;0;0
"03/12/2022";"08:58:00";"78";"Acidente s";"347";"BR-386/RS";"Sul";"Colisão - Lateral";1;0;0;0;0;0;0;1;0;0;1;1;0;0;0
"03/12/2022";"17:43:00";"179";"Acidente s";"266";"BR-386/RS";"Norte";"Colisão - Lateral";1;0;0;0;0;0;0;0;0;1;3;0;0;0;0
"03/12/2022";"17:50:00";"198";"Acidente c";"266";"BR-386/RS";"Sul";"Queda de ribanceira";1;0;0;0;0;0;0;0;0;0;3;0;0;0;0
"03/12/2022";"22:42:00";"219";"Acidente s";"96";"BR-290/RS";"Oeste";"Choque Defensa";1;0;0;0;0;0;0;0;0;0;0;0;1;0;0
"04/12/2022";"02:49:00";"8";"Acidente s";"413";"BR-386/RS";"Sul";"Saída de pista";0;0;0;0;0;0;0;0;0;1;1;0;0;0;0
"04/12/2022";"03:02:00";"10";"Acidente s";"42";"BR-101/RS";"Sul";"Saída de pista";1;0;0;0;0;0;0;0;0;0;2;0;0;0;0
"04/12/2022";"05:13:00";"29";"Acidente s";"309";"BR-386/RS";"Norte";"Choque Defensa";1;0;0;0;0;0;0;0;0;0;2;0;0;0;0
"04/12/2022";"07:07:00";"48";"Acidente s";"75";"BR-290/RS";"Oeste";"Choque Defensa";1;0;0;0;0;0;0;0;0;0;5;0;0;0;0
"04/12/2022";"13:40:00";"105";"Acidente s";"346";"BR-386/RS";"Norte";"Choque - Sinalização";0;0;0;0;0;0;0;0;0;1;1;0;0;0;0