data;horario;n_da_ocorrencia;tipo_de_ocorrencia;km;trecho;sentido;tipo_de_acidente;automovel;bicicleta;caminhao;moto;onibus;outros;tracao_animal;transporte_de_cargas_especiais;trator_maquinas;utilitarios;ilesos;levemente_feridos;moderadamente_feridos;gravemente_feridos;mortos
"25/12/2022";"09:13:00";"35";"Acidente s";"403";"BR-386/RS";"Norte";"Saída de pista";1;0;0;0;0;0;0;0;0;0;3;0;0;0;0
"25/12/2022";"11:46:00";"68";"Acidente s";"345";"BR-386/RS";"Norte";"Saída de pista";1;0;0;0;0;0;0;0;0;0;2;0;0;0;0
"25/12/2022";"14:13:00";"99";"Acidente s";"333";"BR-386/RS";"Norte";"Saída de pista";1;0;0;0;0;0;0;0;0;0;2;0;0;0;0
"25/12/2022";"20:05:00";"194";"Acidente s";"1";"BR-290/RS";"Oeste";"Choque Defensa";1;0;0;0;0;0;0;0;0;0;1;0;0;0;0
"25/12/2022";"20:35:00";"202";"Acidente s";"397";"BR-386/RS";"Norte";"Choque com objeto sobre a pista";1;0;0;0;0;0;0;0;0;0;2;0;0;0;0
"25/12/2022";"21:15:00";"211";"Acidente c";"344";"BR-386/RS";"Sul";"Colisão - Transversal";1;0;0;1;0;0;0;0;0;0;2;0;0;0;0
"26/12/2022";"07:20:00";"71";"Acidente s";"278";"BR-386/RS";"Norte";"Capotamento";1;0;0;0;0;0;0;0;0;0;2;0;0;0;0
"26/12/2022";"07:39:00";"83";"Acidente s";"342";"BR-386/RS";"Norte";"Colisão - Transversal";1;0;0;1;0;0;0;0;0;0;1;0;0;0;0
"26/12/2022";"10:52:00";"168";"Acidente s";"339";"BR-386/RS";"Sul";"Colisão - Frontal";3;0;0;0;0;0;0;0;0;0;1;0;0;0;0
"26/12/2022";"11:38:00";"187";"Acidente s";"33";"BR-290/RS";"Oeste";"Tombamento";1;0;0;0;0;0;0;0;0;0;1;0;0;0;0
"26/12/2022";"13:22:00";"222";"Acidente s";"242";"BR-386/RS";"Norte";"Colisão - Traseira";2;0;0;0;0;0;0;0;0;0;2;0;0;0;0
"26/12/2022";"13:56:00";"236";"Acidente s";"14";"BR-290/RS";"Oeste";"Saída de pista";1;0;0;0;0;0;0;0;0;0;3;0;0;0;0
"26/12/2022";"14:43:00";"249";"Acidente s";"19";"BR-290/RS";"Leste";"Colisão - Traseira";2;0;0;0;0;0;0;0;0;0;2;0;0;0;0
"26/12/2022";"16:00:00";"271";"Acidente s";"66";"BR-101/RS";"Sul";"Choque Barreira";1;0;0;0;0;0;0;0;0;0;5;0;0;0;0
"26/12/2022";"16:16:00";"280";"Acidente s";"393";"BR-386/RS";"Sul";"Colisão - Lateral";1;0;0;0;0;1;0;1;0;0;0;0;0;1;0
"26/12/2022";"17:46:00";"307";"Acidente s";"349";"BR-386/RS";"Norte";"Colisão - Lateral";1;0;0;0;0;0;0;0;0;1;3;0;0;0;0
"26/12/2022";"19:07:00";"322";"Acidente s";"265";"BR-386/RS";"Norte";"Colisão - Lateral";0;0;2;0;0;0;0;0;0;0;3;0;0;0;0
"26/12/2022";"19:35:00";"333";"Acidente s";"231";"BR-386/RS";"Norte";"Saída de pista";1;0;0;0;0;0;0;0;0;0;2;0;0;0;0
"26/12/2022";"22:32:00";"373";"Acidente s";"407";"BR-386/RS";"Sul";"Saída de pista";1;0;0;0;0;0;0;0;0;0;6;0;0;0;0
"26/12/2022";"22:36:00";"374";"Acidente s";"266";"BR-386/RS";"Norte";"Saída de pista";1;0;0;0;0;0;0;0;0;0;0;0;1;0;0
"27/12/2022";"05:33:00";"27";"Acidente s";"54";"BR-101/RS";"Norte";"Capotamento";1;0;0;0;0;0;0;0;0;0;2;0;0;0;0
"27/12/2022";"10:52:00";"166";"Acidente s";"413";"BR-386/RS";"Norte";"Choque Defensa";1;0;0;0;0;0;0;0;0;0;2;0;0;0;0
"27/12/2022";"17:38:00";"266";"Acidente c";"91";"BR-290/RS";"Leste";"Colisão - Lateral";1;0;0;1;0;0;0;0;0;0;1;1;0;0;0
"27/12/2022";"21:17:00";"334";"Acidente s";"60";"BR-290/RS";"Oeste";"Atropelamento de Animal";1;0;0;0;0;0;0;0;0;0;4;0;0;0;0
"28/12/2022";"00:55:00";"6";"Acidente s";"93";"BR-290/RS";"Oeste";"Choque Barreira";1;0;0;0;0;0;0;0;0;0;3;1;0;0;0
"28/12/2022";"01:24:00";"8";"Acidente s";"414";"BR-386/RS";"Sul";"Saída de pista";1;0;0;0;0;0;0;0;0;0;5;0;0;0;0
"28/12/2022";"04:32:00";"21";"Acidente s";"370";"BR-386/RS";"Ambos";"Saída de pista";1;0;0;0;0;0;0;0;0;0;1;0;1;0;0
"28/12/2022";"05:42:00";"29";"Acidente s";"258";"BR-386/RS";"Sul";"Capotamento";1;0;0;0;0;0;0;0;0;0;4;0;0;0;0
"28/12/2022";"06:00:00";"31";"Acidente s";"92";"BR-290/RS";"Oeste";"Choque Barreira";1;0;0;0;0;0;0;0;0;0;1;0;0;0;0
"28/12/2022";"06:42:00";"41";"Acidente s";"90";"BR-290/RS";"Oeste";"Colisão - Traseira";2;0;0;0;0;0;0;0;0;0;1;0;0;0;0
"28/12/2022";"07:03:00";"52";"Acidente s";"285";"BR-386/RS";"Ambos";"Choque Talude";1;0;0;0;0;0;0;0;0;0;3;0;0;0;0
"28/12/2022";"07:53:00";"78";"Acidente s";"442";"BR-386/RS";"Sul";"Saída de pista";1;0;0;0;0;0;0;0;0;0;4;0;0;0;0
"28/12/2022";"08:12:00";"86";"Acidente s";"252";"BR-386/RS";"Norte";"Saída de pista";1;0;0;0;0;0;0;0;0;0;1;0;0;0;0
"28/12/2022";"08:15:00";"88";"Acidente c";"15";"BR-448/RS";"Norte";"Colisão - Traseira";1;0;0;1;0;0;0;0;0;0;1;0;0;0;0
"28/12/2022";"08:26:00";"92";"Acidente c";"10";"BR-290/RS";"Oeste";"Saída de pista";1;0;0;0;0;0;0;0;0;1;2;0;0;0;0
"28/12/2022";"08:35:00";"97";"Acidente s";"10";"BR-290/RS";"Leste";"Saída de pista";1;0;0;0;0;0;0;0;0;0;2;0;0;0;0
"28/12/2022";"10:10:00";"142";"Acidente s";"381";"BR-386/RS";"Sul";"Colisão - Traseira";1;0;0;0;0;1;0;0;0;0;4;0;0;0;0
"28/12/2022";"10:26:00";"148";"Acidente s";"336";"BR-386/RS";"Sul";"Engavetamento";3;0;0;0;0;0;0;0;0;0;2;0;0;0;0
"28/12/2022";"12:34:00";"179";"Acidente s";"8";"BR-290/RS";"Leste";"Saída de pista";1;0;0;0;0;0;0;0;0;0;16;0;0;0;0
"28/12/2022";"13:30:00";"194";"Atropelame";"342";"BR-386/RS";"Norte";"Atropelamento - Morador/Trabalhador/Estudante";1;0;0;0;0;0;0;0;0;0;1;0;2;0;0
"28/12/2022";"20:01:00";"287";"Acidente s";"204";"BR-386/RS";"Sul";"Colisão - Traseira";2;0;0;0;0;0;0;0;0;0;2;0;0;0;0
"29/12/2022";"03:11:00";"10";"Acidente s";"423";"BR-386/RS";"Norte";"Saída de pista";0;0;1;0;0;0;0;0;0;0;2;0;0;0;0
"29/12/2022";"06:18:00";"19";"Acidente s";"417";"BR-386/RS";"Sul";"Colisão - Traseira";1;0;1;0;0;0;0;0;0;0;1;0;0;0;0
"29/12/2022";"06:46:00";"35";"Acidente c";"325";"BR-386/RS";"Sul";"Colisão - Lateral";1;0;0;1;0;0;0;0;0;0;0;1;0;0;0
"29/12/2022";"08:02:00";"80";"Acidente s";"64";"BR-290/RS";"Oeste";"Colisão - Lateral";2;0;0;0;0;0;0;0;0;0;1;0;0;0;0
"29/12/2022";"09:08:00";"101";"Acidente s";"10";"BR-101/RS";"Sul";"Colisão - Lateral";2;0;0;0;0;0;0;0;0;0;1;0;0;0;0
"29/12/2022";"10:53:00";"142";"Acidente s";"59";"BR-290/RS";"Oeste";"Choque Defensa";1;0;0;0;0;0;0;0;0;0;1;0;5;0;0
"29/12/2022";"12:07:00";"163";"Acidente s";"25";"BR-101/RS";"Norte";"Engavetamento";1;0;0;0;0;0;0;0;0;0;3;0;0;0;0
"29/12/2022";"15:43:00";"219";"Acidente s";"81";"BR-290/RS";"Leste";"Engavetamento";1;0;0;0;0;0;0;0;0;0;1;1;0;0;0
"29/12/2022";"17:17:00";"241";"Acidente s";"73";"BR-290/RS";"Leste";"Colisão - Traseira";0;0;0;0;0;0;0;0;0;0;0;0;0;0;2
"29/12/2022";"23:47:00";"317";"Acidente s";"418";"BR-386/RS";"Sul";"Atropelamento de Animal";1;0;0;0;0;0;0;0;0;0;3;0;0;0;0
"30/12/2022";"08:44:00";"110";"Acidente s";"21";"BR-290/RS";"Leste";"Engavetamento";3;0;0;0;0;0;0;0;0;0;2;0;0;0;0
"30/12/2022";"08:57:00";"116";"Acidente s";"21";"BR-290/RS";"Leste";"Engavetamento";3;0;0;0;0;0;0;0;0;0;1;0;0;0;0
"30/12/2022";"09:48:00";"139";"Acidente s";"28";"BR-290/RS";"Leste";"Colisão - Traseira";2;0;0;0;0;0;0;0;0;0;3;0;0;0;0
"30/12/2022";"14:01:00";"227";"Acidente s";"19";"BR-290/RS";"Leste";"Queda de moto";0;0;0;1;0;0;0;0;0;0;1;0;0;0;0
"30/12/2022";"16:23:00";"291";"Acidente s";"52";"BR-290/RS";"Leste";"Queda de ribanceira";1;0;0;0;0;0;0;0;0;0;0;1;1;0;0
"30/12/2022";"16:28:00";"294";"Acidente s";"92";"BR-290/RS";"Oeste";"Queda de moto";0;0;0;1;0;0;0;0;0;0;1;0;0;0;0
"30/12/2022";"18:38:00";"347";"Atropelame";"2";"BR-101/RS";"Norte";"Atropelamento - Ambulante";1;0;0;0;0;0;0;0;0;0;2;0;1;0;0
"30/12/2022";"20:27:00";"392";"Acidente s";"42";"BR-101/RS";"Norte";"Capotamento";1;0;0;0;0;0;0;0;0;0;1;0;0;0;0
"30/12/2022";"20:52:00";"398";"Acidente s";"25";"BR-290/RS";"Leste";"Colisão - Traseira";2;0;0;0;0;0;0;0;0;0;3;0;0;0;0
"30/12/2022";"20:56:00";"402";"Acidente s";"60";"BR-290/RS";"Leste";"Colisão - Traseira";2;0;0;0;0;0;0;0;0;0;2;0;0;0;0
"31/12/2022";"01:52:00";"19";"Acidente c";"20";"BR-290/RS";"Leste";"Queda de moto";0;0;0;1;0;0;0;0;0;0;3;0;0;0;0
"31/12/2022";"03:06:00";"29";"Acidente s";"27";"BR-290/RS";"Leste";"Atropelamento de Animal";1;0;0;0;0;0;0;0;0;0;0;0;0;0;1
"31/12/2022";"03:34:00";"32";"Acidente s";"53";"BR-290/RS";"Oeste";"Colisão - Traseira";0;0;0;0;0;0;0;2;0;0;5;0;0;0;0
"31/12/2022";"04:27:00";"37";"Acidente s";"36";"BR-290/RS";"Leste";"Saída de pista";1;0;0;0;0;0;0;0;0;0;3;0;0;0;0
"31/12/2022";"04:37:00";"39";"Acidente s";"358";"BR-386/RS";"Sul";"Saída de pista";1;0;0;0;0;0;0;0;0;0;2;0;0;0;0
"31/12/2022";"04:53:00";"40";"Acidente s";"82";"BR-290/RS";"Oeste";"Colisão - Traseira";2;0;0;0;0;0;0;0;0;0;2;0;0;0;0
"31/12/2022";"05:40:00";"42";"Acidente s";"66";"BR-101/RS";"Norte";"Queda de moto";0;0;0;1;0;0;0;0;0;0;2;0;1;0;0
"31/12/2022";"06:17:00";"57";"Acidente s";"60";"BR-101/RS";"Sul";"Colisão - Traseira";1;0;1;0;0;0;0;0;0;0;5;0;0;0;0
"31/12/2022";"06:24:00";"61";"Acidente c";"38";"BR-290/RS";"Leste";"Queda de moto";0;0;0;1;0;0;0;0;0;0;1;0;0;0;0
"31/12/2022";"09:13:00";"118";"Acidente s";"388";"BR-386/RS";"Sul";"Colisão - Lateral";1;0;0;0;0;1;0;0;0;0;9;0;0;0;0
"31/12/2022";"18:00:00";"294";"Acidente s";"90";"BR-290/RS";"Leste";"Colisão - Lateral";2;0;0;0;0;0;0;0;0;0;0;1;0;0;0
"31/12/2022";"22:28:00";"368";"Acidente c";"44";"BR-101/RS";"Norte";"Atropelamento de Animal";1;0;0;0;0;0;0;0;0;0;3;0;0;0;0
"01/01/2023";"00:59:00";"6";"Acidente c";"353";"BR-386/RS";"Norte";"Capotamento";1;0;0;0;0;0;0;0;0;0;1;0;0;0;0
"01/01/2023";"04:59:00";"35";"Acidente s";"412";"BR-386/RS";"Sul";"Atropelamento de Animal";1;0;0;0;0;0;0;0;0;0;8;0;0;0;0
"01/01/2023";"06:21:00";"47";"Acidente s";"310";"BR-386/RS";"Sul";"Choque Defensa";1;0;0;0;0;0;0;0;0;0;6;0;0;0;0
"01/01/2023";"06:56:00";"52";"Acidente c";"91";"BR-290/RS";"Oeste";"Capotamento";1;0;0;0;0;0;0;0;0;0;0;0;0;1;0
"01/01/2023";"07:04:00";"56";"Acidente c";"57";"BR-101/RS";"Sul";"Queda de ribanceira";1;0;0;0;0;0;0;0;0;0;0;0;1;0;0
"01/01/2023";"07:10:00";"58";"Acidente c";"415";"BR-386/RS";"Sul";"Colisão - Transversal";1;0;0;1;0;0;0;0;0;0;6;0;0;0;0
"01/01/2023";"07:44:00";"62";"Acidente s";"26";"BR-290/RS";"Leste";"Colisão - Traseira";2;0;0;0;0;0;0;0;0;0;4;0;2;0;0
"01/01/2023";"08:10:00";"66";"Acidente s";"55";"BR-290/RS";"Leste";"Queda de ribanceira";1;0;0;0;0;0;0;0;0;0;3;0;0;0;0
"01/01/2023";"15:21:00";"210";"Acidente s";"228";"BR-386/RS";"Sul";"Atropelamento de Animal";1;0;0;0;0;0;0;0;0;0;3;0;0;0;0
"01/01/2023";"15:32:00";"215";"Acidente c";"367";"BR-386/RS";"Sul";"Choque Talude";1;0;0;0;0;0;0;0;0;0;0;1;0;0;0
"01/01/2023";"17:39:00";"271";"Acidente s";"42";"BR-290/RS";"Oeste";"Colisão - Lateral";2;0;0;0;0;0;0;0;0;0;1;0;0;0;0
"01/01/2023";"18:16:00";"289";"Acidente s";"12";"BR-290/RS";"Oeste";"Colisão - Traseira";2;0;0;0;0;0;0;0;0;0;2;0;0;0;0
"01/01/2023";"18:49:00";"305";"Acidente s";"49";"BR-290/RS";"Oeste";"Colisão - Traseira";2;0;0;0;0;0;0;0;0;0;1;0;0;0;0
"01/01/2023";"20:03:00";"342";"Acidente s";"4";"BR-290/RS";"Oeste";"Colisão - Traseira";2;0;0;0;0;0;0;0;0;0;1;0;0;0;0
"01/01/2023";"23:27:00";"422";"Acidente s";"59";"BR-290/RS";"Oeste";"Queda de ribanceira";1;0;0;0;0;0;0;0;0;0;1;1;0;0;0
"02/01/2023";"06:50:00";"82";"Acidente s";"307";"BR-386/RS";"Norte";"Saída de pista";1;0;0;0;0;0;0;0;0;0;1;0;0;0;0
"02/01/2023";"06:50:00";"81";"Acidente s";"25";"BR-290/RS";"Leste";"Colisão - Traseira";2;0;0;0;0;0;0;0;0;0;0;2;0;0;0
"02/01/2023";"07:45:00";"111";"Acidente c";"7";"BR-101/RS";"Norte";"Colisão - Traseira";1;0;0;1;0;0;0;0;0;0;1;1;0;0;0
"02/01/2023";"09:02:00";"152";"Acidente s";"1";"BR-101/RS";"Sul";"Colisão - Traseira";2;0;0;0;0;0;0;0;0;0;0;1;0;0;0
"02/01/2023";"09:08:00";"155";"Acidente s";"308";"BR-386/RS";"Sul";"Colisão - Traseira";2;0;0;0;0;0;0;0;0;0;3;0;0;0;0
"02/01/2023";"09:16:00";"161";"Acidente s";"19";"BR-290/RS";"Leste";"Colisão - Traseira";2;0;0;0;0;0;0;0;0;0;2;0;0;0;0
"02/01/2023";"09:56:00";"180";"Acidente s";"11";"BR-290/RS";"Oeste";"Colisão - Traseira";2;0;0;0;0;0;0;0;0;0;1;0;0;0;0
"02/01/2023";"10:29:00";"191";"Acidente s";"10";"BR-290/RS";"Oeste";"Colisão - Traseira";2;0;0;0;0;1;0;0;0;0;4;0;0;0;0
"02/01/2023";"10:51:00";"203";"Acidente c";"86";"BR-101/RS";"Sul";"Colisão - Traseira";1;0;0;1;0;0;0;0;0;0;3;0;0;0;0
"02/01/2023";"11:03:00";"206";"Acidente s";"6";"BR-101/RS";"Sul";"Colisão - Transversal";2;0;0;0;0;0;0;0;0;0;1;0;0;0;0
"02/01/2023";"12:21:00";"223";"Acidente c";"394";"BR-386/RS";"Norte";"Colisão - Lateral";2;0;0;0;0;0;0;0;0;0;0;1;1;0;0
"02/01/2023";"13:05:00";"235";"Acidente c";"90";"BR-290/RS";"Leste";"Colisão - Lateral";1;0;0;1;0;0;0;0;0;0;4;0;0;0;0
"02/01/2023";"13:51:00";"253";"Acidente s";"91";"BR-290/RS";"Leste";"Colisão - Traseira";1;0;1;0;0;0;0;0;0;0;0;1;0;0;0
"02/01/2023";"14:07:00";"263";"Acidente s";"80";"BR-101/RS";"Sul";"Colisão - Traseira";1;0;0;0;0;0;0;0;0;0;2;3;1;0;0
"02/01/2023";"14:54:00";"278";"Acidente s";"68";"BR-101/RS";"Sul";"Colisão - Traseira";2;0;0;0;0;0;0;0;0;0;3;0;0;0;0
"02/01/2023";"16:55:00";"334";"Acidente c";"372";"BR-386/RS";"Norte";"Colisão - Traseira";2;0;0;0;0;0;0;0;0;0;2;0;0;0;0
"02/01/2023";"17:04:00";"338";"Acidente s";"60";"BR-290/RS";"Leste";"Colisão - Lateral";0;0;2;0;0;0;0;0;0;0;0;0;1;0;0
"02/01/2023";"17:41:00";"355";"Acidente c";"346";"BR-386/RS";"Norte";"Capotamento";1;0;0;0;0;0;0;0;0;0;2;0;0;0;0
"02/01/2023";"17:45:00";"359";"Acidente s";"354";"BR-386/RS";"Norte";"Queda de ribanceira";1;0;0;0;0;0;0;0;0;0;3;0;0;0;0
"02/01/2023";"18:54:00";"385";"Acidente s";"92";"BR-290/RS";"Leste";"Saída de pista";1;0;0;0;0;0;0;0;0;0;0;2;0;0;0
"02/01/2023";"20:58:00";"429";"Acidente s";"10";"BR-290/RS";"Oeste";"Colisão - Traseira";2;0;0;0;0;0;0;0;0;0;1;0;0;0;0
"03/01/2023";"00:06:00";"2";"Acidente c";"70";"BR-290/RS";"Oeste";"Capotamento";1;0;0;0;0;0;0;0;0;0;2;0;0;0;0
"03/01/2023";"07:28:00";"76";"Acidente s";"294";"BR-386/RS";"Sul";"Saída de pista";1;0;0;0;0;0;0;0;0;0;2;0;0;0;0
"03/01/2023";"08:21:00";"100";"Acidente s";"344";"BR-386/RS";"Norte";"Colisão - Lateral";2;0;0;0;0;0;0;0;0;0;2;0;0;0;0
"03/01/2023";"09:16:00";"125";"Acidente c";"215";"BR-386/RS";"Sul";"Colisão - Transversal";1;0;0;1;0;0;0;0;0;0;1;0;0;0;0
"03/01/2023";"09:19:00";"127";"Acidente s";"324";"BR-386/RS";"Sul";"Colisão - Traseira";0;0;1;0;0;0;0;0;0;1;1;0;0;0;0
"03/01/2023";"11:22:00";"169";"Acidente s";"33";"BR-290/RS";"Oeste";"Colisão - Traseira";2;0;0;0;0;0;0;0;0;0;0;2;0;0;0
"03/01/2023";"11:52:00";"176";"Acidente s";"34";"BR-290/RS";"Oeste";"Engavetamento";4;0;0;0;0;0;0;0;0;0;1;1;0;0;0
"03/01/2023";"13:53:00";"209";"Acidente c";"25";"BR-290/RS";"Oeste";"Queda de moto";0;0;0;1;0;0;0;0;0;0;2;0;0;0;0
"03/01/2023";"14:19:00";"214";"Acidente c";"410";"BR-386/RS";"Norte";"Colisão - Traseira";1;0;1;0;0;0;0;0;0;0;2;0;0;0;0
"03/01/2023";"21:57:00";"345";"Acidente c";"346";"BR-386/RS";"Sul";"Queda de moto";0;0;0;1;0;0;0;0;0;0;1;0;1;0;0
"04/01/2023";"04:32:00";"12";"Acidente c";"417";"BR-386/RS";"Norte";"Saída de pista";1;0;0;0;0;0;0;0;0;0;2;0;0;0;0
"04/01/2023";"06:54:00";"31";"Acidente s";"74";"BR-101/RS";"Norte";"Atropelamento de Animal";1;0;0;0;0;0;0;0;0;0;0;0;1;0;0
"04/01/2023";"07:44:00";"73";"Acidente s";"217";"BR-386/RS";"Norte";"Colisão - Traseira";2;0;0;0;0;0;0;0;0;0;7;0;0;0;0
"04/01/2023";"10:57:00";"158";"Acidente s";"60";"BR-290/RS";"Oeste";"Colisão - Traseira";2;0;0;0;0;0;0;0;0;0;2;0;0;0;0
"04/01/2023";"13:36:00";"204";"Atropelame";"83";"BR-290/RS";"Oeste";"Atropelamento - Esportista";1;0;0;0;0;0;0;0;0;0;2;0;0;0;0
"04/01/2023";"15:44:00";"237";"Acidente c";"354";"BR-386/RS";"Norte";"Colisão - Transversal";3;0;0;0;0;0;0;0;0;0;4;0;0;0;0
"04/01/2023";"17:59:00";"282";"Acidente c";"92";"BR-290/RS";"Leste";"Queda de moto";0;0;0;1;0;0;0;0;0;0;4;1;0;0;0
"05/01/2023";"08:18:00";"112";"Acidente s";"421";"BR-386/RS";"Sul";"Atropelamento de Animal";1;0;0;0;0;0;0;0;0;0;1;0;0;0;0
"05/01/2023";"09:15:00";"133";"Acidente s";"55";"BR-290/RS";"Oeste";"Colisão - Traseira";2;0;0;0;0;0;0;0;0;0;1;0;0;0;0
"05/01/2023";"09:19:00";"134";"Acidente s";"59";"BR-101/RS";"Norte";"Colisão - Traseira";1;0;0;1;0;0;0;0;0;0;2;1;0;0;0
"05/01/2023";"10:34:00";"151";"Acidente s";"357";"BR-386/RS";"Norte";"Saída de pista";1;0;0;0;0;0;0;0;0;0;3;0;0;0;0
"05/01/2023";"11:35:00";"167";"Acidente s";"53";"BR-290/RS";"Oeste";"Colisão - Traseira";2;0;0;0;0;0;0;0;0;0;1;0;0;0;0
"05/01/2023";"15:38:00";"236";"Acidente s";"19";"BR-290/RS";"Leste";"Colisão - Traseira";2;0;0;0;0;0;0;0;0;0;7;0;0;0;0
"05/01/2023";"16:43:00";"261";"Acidente s";"307";"BR-386/RS";"Norte";"Colisão - Lateral";0;0;0;0;0;0;0;1;0;1;3;0;0;0;0
"05/01/2023";"18:46:00";"306";"Acidente s";"342";"BR-386/RS";"Norte";"Queda de moto";2;0;0;0;0;0;0;0;0;0;8;0;0;0;0
"05/01/2023";"23:58:00";"364";"Atropelame";"436";"BR-386/RS";"Norte";"Atropelamento - Andarilho";0;0;0;1;0;0;0;0;0;0;6;0;0;0;0
"06/01/2023";"04:43:00";"15";"Acidente s";"44";"BR-290/RS";"Oeste";"Saída de pista";0;0;0;0;0;1;0;0;0;0;3;0;0;0;0
"06/01/2023";"06:13:00";"21";"Acidente c";"80";"BR-101/RS";"Sul";"Saída de pista";1;0;0;0;0;0;0;0;0;0;1;0;0;0;1
"06/01/2023";"07:25:00";"57";"Acidente s";"85";"BR-290/RS";"Oeste";"Colisão - Traseira";2;0;0;0;0;0;0;0;0;0;2;0;0;0;0
"06/01/2023";"07:40:00";"69";"Acidente s";"342";"BR-386/RS";"Norte";"Colisão - Lateral";1;0;0;1;0;0;0;0;0;0;1;0;0;0;0
"06/01/2023";"09:55:00";"129";"Acidente s";"88";"BR-290/RS";"Oeste";"Capotamento";1;0;0;0;0;0;0;0;0;0;1;1;0;0;0
"06/01/2023";"11:23:00";"149";"Acidente s";"40";"BR-101/RS";"Sul";"Saída de pista";1;0;0;0;0;0;0;0;0;0;0;1;0;0;0
"06/01/2023";"12:57:00";"169";"Acidente c";"86";"BR-290/RS";"Leste";"Saída de pista";1;0;0;0;0;0;0;0;0;0;1;0;0;0;0
"06/01/2023";"16:46:00";"236";"Acidente s";"19";"BR-290/RS";"Leste";"Colisão - Traseira";2;0;0;0;0;0;0;0;0;0;7;0;0;0;0
"06/01/2023";"18:21:00";"267";"Acidente s";"440";"BR-386/RS";"Sul";"Saída de pista";1;0;0;0;0;0;0;0;0;0;1;1;0;0;0
"06/01/2023";"22:20:00";"333";"Acidente s";"59";"BR-290/RS";"Oeste";"Capotamento";1;0;0;0;0;0;0;0;0;0;2;0;0;0;0
"06/01/2023";"22:42:00";"339";"Acidente s";"384";"BR-386/RS";"Norte";"Colisão - Traseira";1;0;1;0;0;0;0;0;0;0;1;1;0;0;0
"07/01/2023";"03:28:00";"12";"Acidente s";"40";"BR-290/RS";"Oeste";"Saída de pista";1;0;0;0;0;0;0;0;0;0;4;0;0;0;0
"07/01/2023";"04:00:00";"15";"Acidente s";"24";"BR-290/RS";"Leste";"Colisão - Traseira";2;0;0;0;0;0;0;0;0;0;2;0;0;0;0
"07/01/2023";"05:29:00";"19";"Acidente s";"181";"BR-386/RS";"Sul";"Saída de pista";1;0;0;0;0;0;0;0;0;0;4;0;0;0;0
"07/01/2023";"05:38:00";"20";"Acidente s";"40";"BR-290/RS";"Leste";"Colisão - Traseira";2;0;0;0;0;0;0;0;0;0;2;0;0;0;0
"07/01/2023";"06:44:00";"39";"Acidente s";"91";"BR-290/RS";"Leste";"Choque Defensa";1;0;0;0;0;0;0;0;0;0;1;1;0;0;0
"07/01/2023";"06:46:00";"40";"Acidente s";"50";"BR-290/RS";"Leste";"Saída de pista";1;0;0;0;0;0;0;0;0;0;3;1;0;0;0
"07/01/2023";"09:02:00";"81";"Acidente c";"12";"BR-290/RS";"Leste";"Saída de pista";1;0;0;0;0;0;0;0;0;0;6;0;0;0;0
"07/01/2023";"10:14:00";"102";"Acidente s";"32";"BR-101/RS";"Norte";"Colisão - Traseira";2;0;0;0;0;0;0;0;0;0;3;0;0;0;0
"07/01/2023";"10:56:00";"110";"Acidente s";"338";"BR-386/RS";"Sul";"Engavetamento";1;0;0;0;1;1;0;0;0;0;1;0;0;0;0
"07/01/2023";"12:00:00";"128";"Acidente s";"240";"BR-386/RS";"Norte";"Saída de pista";1;0;0;0;0;0;0;0;0;0;2;0;0;0;0
"07/01/2023";"14:18:00";"152";"Acidente c";"221";"BR-386/RS";"Norte";"Colisão - Frontal";2;0;0;0;0;0;0;0;0;0;3;0;0;0;0
"07/01/2023";"15:13:00";"168";"Acidente s";"32";"BR-101/RS";"Norte";"Colisão - Traseira";2;0;0;0;0;0;0;0;0;0;1;1;0;0;0
"07/01/2023";"15:19:00";"169";"Acidente c";"367";"BR-386/RS";"Sul";"Colisão - Transversal";2;0;0;0;0;0;0;0;0;0;0;3;2;0;0
"07/01/2023";"16:34:00";"183";"Acidente c";"349";"BR-386/RS";"Norte";"Colisão - Transversal";2;0;0;0;0;0;0;0;0;0;8;1;0;0;0
"07/01/2023";"18:50:00";"216";"Atropelame";"69";"BR-290/RS";"Leste";"Atropelamento - Usuário";1;0;0;0;0;0;0;0;0;0;3;0;0;0;0
"07/01/2023";"21:13:00";"236";"Acidente c";"302";"BR-386/RS";"Norte";"Colisão - Transversal";2;0;0;0;0;0;0;0;0;0;1;0;0;0;0
"08/01/2023";"05:04:00";"16";"Acidente c";"304";"BR-386/RS";"Norte";"Saída de pista";0;0;0;1;0;0;0;0;0;0;2;0;0;0;0
"08/01/2023";"07:05:00";"34";"Acidente s";"1";"BR-101/RS";"Norte";"Colisão - Traseira";2;0;0;0;0;0;0;0;0;0;4;3;0;0;0
"08/01/2023";"12:54:00";"100";"Acidente c";"8";"BR-101/RS";"Norte";"Saída de pista";0;0;0;1;0;0;0;0;0;0;1;0;0;0;0
"08/01/2023";"15:50:00";"132";"Acidente c";"239";"BR-386/RS";"Sul";"Colisão - Frontal";6;0;0;0;0;0;0;0;0;0;0;0;1;1;0
"08/01/2023";"16:27:00";"143";"Acidente s";"87";"BR-101/RS";"Sul";"Colisão - Traseira";2;0;0;0;0;0;0;0;0;0;1;0;1;0;0
"08/01/2023";"17:50:00";"161";"Acidente s";"17";"BR-290/RS";"Oeste";"Colisão - Traseira";3;0;0;0;0;0;0;0;0;0;2;0;0;0;0
"08/01/2023";"19:54:00";"219";"Acidente s";"35";"BR-101/RS";"Sul";"Colisão - Lateral";2;0;0;0;0;0;0;0;0;0;3;0;1;0;0