data;horario;n_da_ocorrencia;tipo_de_ocorrencia;km;trecho;sentido;tipo_de_acidente;automovel;bicicleta;caminhao;moto;onibus;outros;tracao_animal;transporte_de_cargas_especiais;trator_maquinas;utilitarios;ilesos;levemente_feridos;moderadamente_feridos;gravemente_feridos;mortos
"29/01/2023";"17:50:00";"213";"Acidente c";"426";"BR-386/RS";"Sul";"Choque Praça - Cancela";0;0;0;0;0;0;0;1;0;0;1;1;0;0;0
"29/01/2023";"18:52:00";"235";"Acidente s";"0";"BR-290/RS";"Oeste";"Engavetamento";2;0;0;0;0;0;0;0;0;0;2;0;0;0;0
"29/01/2023";"19:55:00";"245";"Acidente c";"344";"BR-386/RS";"Sul";"Colisão - Frontal";1;0;0;1;0;0;0;0;0;0;2;0;0;0;0
"29/01/2023";"21:30:00";"283";"Acidente s";"432";"BR-386/RS";"Sul";"Saída de pista";1;0;0;0;0;0;0;0;0;0;1;0;0;0;0
"30/01/2023";"03:40:00";"25";"Acidente s";"339";"BR-386/RS";"Norte";"Choque Defensa";1;0;0;0;0;0;0;0;0;0;1;0;0;0;0
"30/01/2023";"04:23:00";"27";"Acidente s";"20";"BR-290/RS";"Oeste";"Choque com objeto sobre a pista";1;0;0;0;0;0;0;0;0;0;1;0;0;0;0
"30/01/2023";"04:29:00";"29";"Acidente s";"20";"BR-290/RS";"Oeste";"Choque com objeto sobre a pista";1;0;0;0;0;0;0;0;0;0;2;0;0;0;0
"30/01/2023";"07:51:00";"94";"Acidente s";"34";"BR-101/RS";"Norte";"Saída de pista";1;0;0;0;0;0;0;0;0;0;2;0;0;0;0
"30/01/2023";"09:11:00";"140";"Acidente s";"92";"BR-290/RS";"Oeste";"Colisão - Traseira";2;0;0;0;0;0;0;0;0;0;3;0;0;0;0
"30/01/2023";"09:35:00";"148";"Acidente s";"90";"BR-290/RS";"Oeste";"Colisão - Traseira";1;0;0;0;0;0;0;0;0;1;2;0;0;0;0
"30/01/2023";"09:39:00";"149";"Acidente s";"35";"BR-101/RS";"Norte";"Colisão - Traseira";2;0;0;0;0;0;0;0;0;0;3;0;0;0;0
"30/01/2023";"09:42:00";"150";"Acidente s";"90";"BR-290/RS";"Oeste";"Colisão - Traseira";2;0;0;0;0;0;0;0;0;0;7;0;0;0;0
"30/01/2023";"09:52:00";"154";"Acidente s";"94";"BR-290/RS";"Oeste";"Colisão - Traseira";1;0;0;0;0;1;0;0;0;0;2;0;0;0;0
"30/01/2023";"10:33:00";"171";"Acidente s";"401";"BR-386/RS";"Norte";"Choque Defensa";1;0;0;0;0;0;0;0;0;0;1;0;0;0;0
"30/01/2023";"12:55:00";"211";"Acidente s";"432";"BR-386/RS";"Norte";"Colisão - Lateral";2;0;0;0;0;0;0;0;0;0;1;1;0;0;0
"30/01/2023";"13:05:00";"215";"Acidente s";"89";"BR-290/RS";"Oeste";"Colisão - Traseira";1;0;0;0;0;1;0;0;0;0;1;1;0;0;0
"30/01/2023";"14:10:00";"226";"Acidente c";"92";"BR-290/RS";"Oeste";"Queda de moto";1;0;0;0;0;0;0;0;0;0;0;1;0;0;0
"30/01/2023";"21:53:00";"334";"Acidente s";"346";"BR-386/RS";"Sul";"Choque - Sinalização";1;0;0;0;0;0;0;0;0;0;2;0;0;0;0
"31/01/2023";"03:43:00";"17";"Acidente s";"57";"BR-290/RS";"Oeste";"Saída de pista";1;0;0;0;0;0;0;0;0;0;2;0;0;0;0
"31/01/2023";"09:09:00";"112";"Acidente s";"89";"BR-290/RS";"Oeste";"Colisão - Lateral";1;0;0;0;0;0;0;0;0;1;1;0;3;0;0
"31/01/2023";"10:13:00";"124";"Acidente s";"95";"BR-290/RS";"Oeste";"Colisão - Traseira";2;0;0;0;0;0;0;0;0;0;1;0;1;0;0
"31/01/2023";"16:31:00";"223";"Acidente c";"72";"BR-290/RS";"Leste";"Colisão - Traseira";3;0;0;0;0;0;0;0;0;0;5;0;0;0;0
"31/01/2023";"18:27:00";"241";"Acidente s";"81";"BR-101/RS";"Norte";"Saída de pista";1;0;0;0;0;0;0;0;0;0;1;0;0;0;0
"01/02/2023";"07:10:00";"61";"Acidente s";"80";"BR-290/RS";"Oeste";"Saída de pista";1;0;0;0;0;0;0;0;0;0;3;0;0;0;0
"01/02/2023";"09:49:00";"130";"Acidente s";"19";"BR-290/RS";"Oeste";"Colisão - Traseira";2;0;0;0;0;0;0;0;0;0;1;0;0;0;0
"01/02/2023";"10:26:00";"137";"Acidente s";"64";"BR-290/RS";"Leste";"Colisão - Lateral";2;0;0;0;0;0;0;0;0;0;2;0;0;0;0
"01/02/2023";"11:23:00";"153";"Acidente s";"72";"BR-290/RS";"Oeste";"Colisão - Lateral";2;0;0;0;0;0;0;0;0;0;0;1;0;0;0
"01/02/2023";"11:43:00";"157";"Acidente c";"436";"BR-386/RS";"Sul";"Colisão - Lateral";1;0;1;0;0;0;0;0;0;0;1;0;0;0;0
"01/02/2023";"12:21:00";"167";"Acidente s";"19";"BR-290/RS";"Leste";"Colisão - Traseira";1;0;0;0;0;0;0;0;0;1;7;0;0;0;0
"01/02/2023";"15:25:00";"200";"Acidente c";"415";"BR-386/RS";"Norte";"Colisão - Traseira";1;0;1;0;0;0;0;0;0;0;2;0;1;0;0
"01/02/2023";"15:28:00";"201";"Acidente s";"7";"BR-101/RS";"Norte";"Engavetamento";3;0;0;0;0;0;0;0;0;0;0;0;4;1;0
"01/02/2023";"17:42:00";"227";"Acidente s";"2";"BR-101/RS";"Sul";"Saída de pista";0;0;1;0;0;0;0;0;0;0;4;1;1;0;0
"01/02/2023";"20:04:00";"259";"Acidente c";"392";"BR-386/RS";"Sul";"Colisão - Traseira";0;0;0;2;0;0;0;0;0;0;3;1;0;0;0
"02/02/2023";"01:12:00";"6";"Acidente c";"390";"BR-386/RS";"Norte";"Colisão - Lateral";3;0;0;0;0;0;0;0;0;0;3;0;0;0;0
"02/02/2023";"05:04:00";"21";"Acidente s";"92";"BR-290/RS";"Leste";"Saída de pista";1;0;0;0;0;0;0;0;0;0;2;0;0;0;0
"02/02/2023";"08:13:00";"84";"Acidente s";"72";"BR-101/RS";"Norte";"Colisão - Lateral";1;0;0;0;0;0;0;1;0;0;2;0;0;0;0
"02/02/2023";"11:32:00";"143";"Acidente s";"81";"BR-101/RS";"Sul";"Saída de pista";1;0;0;0;0;0;0;0;0;0;7;0;0;0;0
"02/02/2023";"12:01:00";"149";"Acidente s";"19";"BR-290/RS";"Leste";"Colisão - Traseira";2;0;0;0;0;0;0;0;0;0;1;0;1;0;0
"02/02/2023";"22:53:00";"269";"Acidente s";"60";"BR-290/RS";"Leste";"Choque com objeto sobre a pista";1;0;0;0;0;0;0;0;0;0;1;0;0;0;0
"02/02/2023";"22:58:00";"270";"Acidente s";"413,19";"BR-386/RS";"Sul";"Saída de pista";0;0;1;0;0;0;0;0;0;0;2;0;0;0;0
"03/02/2023";"02:36:00";"15";"Acidente s";"53";"BR-101/RS";"Sul";"Queda de ribanceira";0;0;0;0;0;0;0;1;0;0;1;0;2;2;1
"03/02/2023";"07:11:00";"44";"Acidente s";"440";"BR-386/RS";"Sul";"Saída de pista";1;0;0;0;0;0;0;0;0;0;2;0;0;0;0
"03/02/2023";"12:08:00";"144";"Acidente s";"304";"BR-386/RS";"Norte";"Colisão - Transversal";1;0;1;0;0;0;0;0;0;0;2;1;0;0;0
"03/02/2023";"14:11:00";"176";"Acidente s";"336";"BR-386/RS";"Norte";"Saída de pista";1;0;0;0;0;0;0;0;0;0;0;0;1;0;0
"03/02/2023";"14:11:00";"177";"Acidente s";"22";"BR-448/RS";"Norte";"Choque - Meio Fio";1;0;0;0;0;0;0;0;0;0;2;0;0;0;0
"03/02/2023";"14:22:00";"180";"Acidente c";"15";"BR-448/RS";"Sul";"Saída de pista";0;0;1;0;0;0;0;0;0;0;1;0;0;0;0
"03/02/2023";"15:42:00";"201";"Acidente c";"89";"BR-290/RS";"Leste";"Queda de moto";0;0;0;1;0;0;0;0;0;0;1;0;0;0;0
"03/02/2023";"16:08:00";"209";"Acidente s";"345";"BR-386/RS";"Norte";"Engavetamento";1;0;2;0;0;0;0;0;0;0;2;0;0;0;0
"03/02/2023";"18:47:00";"239";"Acidente s";"394";"BR-386/RS";"Sul";"Saída de pista";1;0;0;0;0;0;0;0;0;0;4;1;0;0;0
"03/02/2023";"22:47:00";"275";"Acidente s";"224";"BR-386/RS";"Sul";"Atropelamento de Animal";1;0;0;0;0;0;0;0;0;0;3;0;0;0;0
"04/02/2023";"01:21:00";"6";"Acidente s";"255";"BR-386/RS";"Norte";"Saída de pista";1;0;0;0;0;0;0;0;0;0;2;0;0;0;0
"04/02/2023";"03:54:00";"17";"Acidente c";"241";"BR-386/RS";"Norte";"Colisão - Frontal";2;0;0;0;0;0;0;0;0;0;1;0;0;0;0
"04/02/2023";"05:58:00";"26";"Acidente s";"226";"BR-386/RS";"Sul";"Saída de pista";0;0;1;0;0;0;0;0;0;0;4;1;0;0;0
"04/02/2023";"09:42:00";"80";"Acidente c";"344";"BR-386/RS";"Norte";"Engavetamento";1;0;2;0;0;0;0;0;0;0;5;0;0;1;0
"04/02/2023";"09:43:00";"81";"Acidente s";"226";"BR-386/RS";"Norte";"Colisão - Traseira";2;0;0;0;0;0;0;0;0;0;2;0;0;0;0
"05/02/2023";"01:56:00";"7";"Acidente s";"92";"BR-290/RS";"Leste";"Saída de pista";1;0;0;0;0;0;0;0;0;0;2;0;0;0;0
"05/02/2023";"05:17:00";"21";"Acidente c";"83";"BR-101/RS";"Norte";"Saída de pista";1;0;0;0;0;0;0;0;0;0;2;0;0;0;0
"05/02/2023";"07:34:00";"40";"Acidente c";"10";"BR-101/RS";"Norte";"Queda de ribanceira";1;0;0;0;0;0;0;0;0;0;2;0;0;0;0
"05/02/2023";"17:01:00";"134";"Acidente s";"333";"BR-386/RS";"Ambos";"Colisão - Traseira";2;0;0;0;0;0;0;0;0;0;3;0;0;0;0
"05/02/2023";"17:59:00";"149";"Acidente c";"349";"BR-386/RS";"Norte";"Queda de moto";0;0;0;1;0;0;0;0;0;0;5;1;0;0;0
"05/02/2023";"18:46:00";"165";"Acidente s";"357";"BR-386/RS";"Sul";"Saída de pista";1;0;0;0;0;0;0;0;0;0;3;0;0;0;0
"05/02/2023";"19:41:00";"180";"Acidente c";"80";"BR-101/RS";"Norte";"Colisão - Frontal";2;0;1;0;0;0;0;0;0;0;2;0;0;0;0
"05/02/2023";"20:48:00";"196";"Acidente s";"342";"BR-386/RS";"Norte";"Saída de pista";1;0;0;0;0;0;0;0;0;0;5;0;0;0;0
"05/02/2023";"22:21:00";"216";"Acidente s";"19";"BR-290/RS";"Oeste";"Colisão - Lateral";1;0;0;0;0;1;0;0;0;0;1;0;0;0;0
"05/02/2023";"23:34:00";"231";"Acidente s";"49";"BR-101/RS";"Sul";"Saída de pista";1;0;0;0;0;0;0;0;0;0;0;0;1;0;0
"06/02/2023";"02:04:00";"13";"Acidente s";"32";"BR-101/RS";"Sul";"Tombamento";2;0;0;0;0;0;0;0;0;0;7;0;0;0;0
"06/02/2023";"04:44:00";"20";"Acidente c";"344";"BR-386/RS";"Sul";"Queda de moto";0;0;0;1;0;1;0;0;0;0;1;0;0;0;0
"06/02/2023";"05:56:00";"31";"Acidente c";"4";"BR-290/RS";"Oeste";"Colisão - Traseira";1;0;0;0;0;0;0;0;0;0;3;0;0;0;0
"06/02/2023";"05:57:00";"32";"Acidente s";"60";"BR-290/RS";"Leste";"Colisão - Traseira";2;0;0;0;0;0;0;0;0;0;3;0;0;0;0
"06/02/2023";"07:11:00";"64";"Acidente s";"92";"BR-290/RS";"Oeste";"Colisão - Lateral";1;0;1;0;0;0;0;0;0;0;4;0;0;0;0
"06/02/2023";"07:49:00";"84";"Acidente s";"92";"BR-290/RS";"Leste";"Colisão - Traseira";1;0;1;0;0;0;0;0;0;0;5;0;0;0;0
"06/02/2023";"07:50:00";"87";"Acidente s";"439";"BR-386/RS";"Norte";"Colisão - Transversal";1;0;0;0;0;0;0;1;0;0;3;0;0;0;0
"06/02/2023";"07:54:00";"91";"Acidente c";"88";"BR-290/RS";"Oeste";"Colisão - Lateral";1;0;0;1;0;0;0;0;0;0;0;3;0;0;0
"06/02/2023";"08:14:00";"103";"Acidente c";"283";"BR-386/RS";"Sul";"Colisão - Frontal";1;0;1;0;0;0;0;0;0;0;2;0;0;1;0
"06/02/2023";"09:01:00";"122";"Acidente c";"86";"BR-290/RS";"Oeste";"Colisão - Lateral";1;0;0;1;0;0;0;0;0;0;7;0;0;0;0
"06/02/2023";"09:57:00";"145";"Acidente s";"77";"BR-290/RS";"Oeste";"Colisão - Traseira";2;0;0;0;0;0;0;0;0;0;1;0;0;0;0
"06/02/2023";"18:43:00";"278";"Acidente s";"240";"BR-386/RS";"Norte";"Capotamento";0;0;0;0;0;0;0;1;0;0;3;0;0;0;0
"06/02/2023";"21:08:00";"313";"Acidente s";"77";"BR-101/RS";"Sul";"Saída de pista";1;0;0;0;0;0;0;0;0;0;4;0;0;0;0
"07/02/2023";"08:54:00";"105";"Acidente s";"426";"BR-386/RS";"Norte";"Colisão - Traseira";1;0;0;0;0;0;0;1;0;0;1;0;0;0;0
"07/02/2023";"10:28:00";"134";"Acidente s";"228";"BR-386/RS";"Sul";"Colisão - Traseira";2;0;0;0;0;0;0;0;0;0;1;1;0;0;0
"07/02/2023";"12:39:00";"169";"Acidente s";"40";"BR-101/RS";"Norte";"Saída de pista";1;0;0;0;0;0;0;0;0;0;1;0;0;0;0
"07/02/2023";"19:57:00";"262";"Acidente s";"238";"BR-386/RS";"Sul";"Saída de pista";1;0;0;0;0;0;0;0;0;0;1;0;0;0;0
"07/02/2023";"20:25:00";"269";"Acidente c";"86";"BR-290/RS";"Leste";"Atropelamento - Esportista";0;0;0;2;0;0;0;0;0;0;2;0;0;0;0
"07/02/2023";"21:01:00";"280";"Acidente c";"246";"BR-386/RS";"Norte";"Colisão - Lateral";2;0;0;0;0;0;0;0;0;0;6;0;0;0;0
"07/02/2023";"21:16:00";"284";"Acidente s";"366";"BR-386/RS";"Norte";"Colisão - Lateral";1;0;0;0;0;0;0;0;0;1;3;0;0;0;0
"07/02/2023";"23:15:00";"293";"Acidente s";"399";"BR-386/RS";"Sul";"Choque Defensa";0;0;0;0;0;0;0;0;0;1;0;0;1;0;0
"08/02/2023";"06:37:00";"31";"Acidente s";"24";"BR-290/RS";"Oeste";"Colisão - Lateral";1;0;0;0;0;0;0;0;0;1;2;0;0;0;0
"08/02/2023";"09:56:00";"120";"Acidente s";"236";"BR-386/RS";"Norte";"Colisão - Traseira";2;0;0;0;0;0;0;0;0;0;1;0;0;0;0
"08/02/2023";"12:11:00";"146";"Acidente c";"247";"BR-386/RS";"Norte";"Colisão - Lateral";2;0;0;0;0;0;0;0;0;0;1;0;0;0;0
"08/02/2023";"16:49:00";"203";"Acidente s";"234";"BR-386/RS";"Norte";"Colisão - Lateral";2;0;0;0;0;0;0;0;0;0;2;0;0;0;0
"08/02/2023";"18:51:00";"234";"Acidente s";"96";"BR-290/RS";"Leste";"Colisão - Lateral";1;0;0;1;0;0;0;0;0;0;5;0;0;0;0
"09/02/2023";"02:38:00";"11";"Acidente s";"12";"BR-290/RS";"Oeste";"Atropelamento - Ambulante";0;0;1;0;0;0;0;0;0;0;1;0;0;0;0
"09/02/2023";"08:04:00";"82";"Acidente c";"435";"BR-386/RS";"Sul";"Colisão - Lateral";1;0;0;1;0;0;0;0;0;0;1;0;0;0;0
"09/02/2023";"09:13:00";"108";"Acidente c";"75";"BR-290/RS";"Oeste";"Colisão - Lateral";3;0;0;0;0;0;0;0;0;0;1;0;0;0;0
"09/02/2023";"15:25:00";"195";"Acidente s";"431";"BR-386/RS";"Sul";"Choque com objeto sobre a pista";1;0;1;0;0;0;0;0;0;0;0;0;1;0;0
"09/02/2023";"15:26:00";"194";"Acidente s";"57";"BR-101/RS";"Norte";"Saída de pista";1;0;0;0;0;0;0;0;0;0;2;0;0;0;0
"09/02/2023";"20:35:00";"259";"Acidente s";"437";"BR-386/RS";"Sul";"Colisão - Traseira";2;0;0;0;0;0;0;0;0;0;2;0;2;0;0
"09/02/2023";"21:14:00";"266";"Acidente s";"435";"BR-386/RS";"Sul";"Atropelamento de Animal";1;0;0;0;0;0;0;0;0;0;2;0;0;0;0
"09/02/2023";"23:52:00";"289";"Acidente c";"345";"BR-386/RS";"Sul";"Queda de moto";0;0;0;1;0;0;0;0;0;0;1;3;0;0;0
"10/02/2023";"03:50:00";"18";"Acidente s";"63";"BR-290/RS";"Oeste";"Saída de pista";1;0;0;0;0;0;0;0;0;0;0;1;0;0;0
"10/02/2023";"05:47:00";"32";"Acidente s";"95";"BR-290/RS";"Leste";"Choque Defensa";1;0;0;0;0;0;0;0;0;0;1;1;0;0;0
"10/02/2023";"05:51:00";"34";"Acidente s";"30";"BR-101/RS";"Ambos";"Saída de pista";1;0;0;0;0;0;0;0;0;0;1;0;0;0;0
"10/02/2023";"08:55:00";"117";"Acidente c";"270";"BR-386/RS";"Norte";"Queda de moto";1;0;0;1;0;0;0;0;0;0;3;0;0;0;0
"10/02/2023";"09:52:00";"134";"Acidente s";"245,46";"BR-386/RS";"Sul";"Colisão - Transversal";1;0;0;0;0;1;0;0;0;0;2;0;0;0;0
"10/02/2023";"10:25:00";"146";"Acidente s";"182";"BR-386/RS";"Norte";"Saída de pista";1;0;0;0;0;0;0;0;0;0;1;0;0;0;0
"10/02/2023";"13:21:00";"184";"Acidente c";"7";"BR-290/RS";"Leste";"Queda de ribanceira";0;0;1;0;0;0;0;0;0;0;1;1;0;0;0
"10/02/2023";"13:35:00";"187";"Acidente s";"50";"BR-290/RS";"Leste";"Tombamento";1;0;0;0;0;0;0;0;0;0;2;0;0;0;0
"10/02/2023";"14:53:00";"206";"Acidente s";"90";"BR-290/RS";"Leste";"Colisão - Traseira";1;0;1;0;0;0;0;0;0;0;2;0;0;0;0
"10/02/2023";"15:26:00";"213";"Acidente s";"37";"BR-101/RS";"Sul";"Capotamento";1;0;0;0;0;0;0;0;0;0;3;0;0;0;0
"10/02/2023";"17:34:00";"255";"Acidente s";"93";"BR-290/RS";"Leste";"Colisão - Lateral";1;0;0;1;0;0;0;0;0;0;6;0;0;0;0
"10/02/2023";"17:39:00";"258";"Acidente c";"230";"BR-386/RS";"Sul";"Colisão - Lateral";2;0;0;0;0;0;0;0;0;0;2;0;0;0;0
"10/02/2023";"18:19:00";"274";"Acidente s";"91,34";"BR-290/RS";"Leste";"Colisão - Traseira";2;0;0;0;0;0;0;0;0;0;1;0;0;0;0
"10/02/2023";"22:01:00";"339";"Acidente s";"353";"BR-386/RS";"Sul";"Colisão - Traseira";2;0;0;0;0;0;0;0;0;0;2;0;0;0;0
"11/02/2023";"05:13:00";"16";"Acidente s";"412";"BR-386/RS";"Norte";"Colisão - Lateral";1;0;0;0;0;0;0;1;0;0;3;0;0;0;0
"11/02/2023";"06:37:00";"35";"Acidente s";"92";"BR-290/RS";"Leste";"Saída de pista";1;0;0;0;0;0;0;0;0;0;1;1;0;0;0
"11/02/2023";"06:53:00";"42";"Acidente c";"367";"BR-386/RS";"Sul";"Colisão - Traseira";1;0;0;1;0;0;0;0;0;0;3;0;0;0;0
"11/02/2023";"08:36:00";"93";"Acidente s";"83";"BR-101/RS";"Norte";"Colisão - Traseira";1;0;0;0;0;0;0;0;0;1;3;0;0;0;0
"11/02/2023";"14:01:00";"158";"Acidente s";"14";"BR-101/RS";"Norte";"Choque Barreira";1;0;0;0;0;0;0;0;0;0;4;0;0;0;0
"11/02/2023";"15:08:00";"172";"Acidente s";"60";"BR-290/RS";"Leste";"Colisão - Traseira";1;0;1;0;0;0;0;0;0;0;3;0;0;0;0
"11/02/2023";"17:05:00";"195";"Acidente s";"27";"BR-290/RS";"Leste";"Queda de moto";0;0;0;1;0;0;0;0;0;0;2;0;0;0;0
"11/02/2023";"17:08:00";"197";"Acidente c";"66";"BR-101/RS";"Sul";"Capotamento";1;0;0;0;0;0;0;0;0;0;1;2;0;0;0
"11/02/2023";"17:19:00";"200";"Acidente c";"345";"BR-386/RS";"Norte";"Queda de moto";1;0;0;1;0;0;0;0;0;0;1;0;0;0;0
"11/02/2023";"17:44:00";"204";"Acidente s";"22";"BR-448/RS";"Norte";"Colisão - Lateral";2;0;0;0;0;0;0;0;0;0;1;0;0;0;0
"11/02/2023";"19:19:00";"225";"Acidente c";"80";"BR-290/RS";"Leste";"Colisão - Lateral";1;0;1;0;0;0;0;0;0;0;1;0;0;0;0
"11/02/2023";"21:06:00";"251";"Acidente s";"9";"BR-290/RS";"Leste";"Colisão - Traseira";2;0;0;0;0;0;0;0;0;0;1;0;0;0;0
"12/02/2023";"01:41:00";"8";"Acidente c";"59";"BR-101/RS";"Norte";"Capotamento";1;0;0;0;0;0;0;0;0;0;1;1;0;0;0
"12/02/2023";"07:49:00";"55";"Acidente c";"60";"BR-290/RS";"Leste";"Colisão - Lateral";1;0;0;1;0;0;0;0;0;0;3;0;0;0;0
"12/02/2023";"15:25:00";"169";"Acidente c";"46";"BR-290/RS";"Leste";"Capotamento";1;0;0;0;0;0;0;0;0;0;2;0;0;0;0
"12/02/2023";"16:01:00";"182";"Acidente c";"429";"BR-386/RS";"Norte";"Colisão - Traseira";2;0;0;0;0;0;0;0;0;0;1;0;0;0;0
"12/02/2023";"17:56:00";"223";"Acidente s";"391";"BR-386/RS";"Norte";"Colisão - Lateral";2;0;0;0;0;0;0;0;0;0;1;0;0;0;0
"12/02/2023";"18:30:00";"234";"Acidente s";"353";"BR-386/RS";"Norte";"Capotamento";2;0;0;0;0;0;0;0;0;0;1;0;0;0;0
"12/02/2023";"20:19:00";"272";"Acidente c";"392";"BR-386/RS";"Sul";"Colisão - Lateral";2;0;0;0;0;0;0;0;0;0;2;0;1;0;0
"12/02/2023";"20:24:00";"275";"Acidente c";"215";"BR-386/RS";"Ambos";"Colisão - Transversal";2;0;0;0;0;0;0;0;0;0;2;0;0;0;0
"12/02/2023";"20:34:00";"281";"Acidente s";"87";"BR-290/RS";"Oeste";"Colisão - Lateral";2;0;0;0;0;0;0;0;0;0;1;0;0;0;0
"12/02/2023";"20:39:00";"286";"Acidente s";"29";"BR-290/RS";"Oeste";"Engavetamento";3;0;0;0;0;0;0;0;0;0;1;0;0;0;0
"12/02/2023";"20:44:00";"290";"Acidente s";"424";"BR-386/RS";"Norte";"Colisão - Lateral";2;0;0;0;0;0;0;0;0;0;4;0;0;0;0
"13/02/2023";"01:14:00";"10";"Acidente s";"364";"BR-386/RS";"Sul";"Saída de pista";1;0;0;0;0;0;0;0;0;0;2;0;0;0;0
"13/02/2023";"06:44:00";"38";"Acidente s";"432";"BR-386/RS";"Sul";"Colisão - Traseira";2;0;0;0;0;0;0;0;0;0;0;0;1;0;0
"13/02/2023";"07:09:00";"51";"Acidente s";"91";"BR-290/RS";"Oeste";"Colisão - Traseira";3;0;0;0;0;1;0;0;0;0;4;0;0;0;0
"13/02/2023";"07:37:00";"71";"Acidente s";"11";"BR-448/RS";"Sul";"Colisão - Traseira";1;0;1;0;0;0;0;0;0;1;2;0;0;0;0
"13/02/2023";"11:18:00";"168";"Acidente s";"31";"BR-290/RS";"Oeste";"Saída de pista";1;0;0;0;0;0;0;0;0;0;5;1;1;0;0
"13/02/2023";"11:22:00";"170";"Acidente c";"60";"BR-290/RS";"Oeste";"Colisão - Traseira";2;0;0;0;0;0;0;0;0;0;1;0;0;0;0
"13/02/2023";"11:48:00";"177";"Acidente s";"30";"BR-101/RS";"Sul";"Choque Defensa";1;0;0;0;0;0;0;0;0;0;3;2;0;0;0
"13/02/2023";"13:26:00";"199";"Acidente c";"281";"BR-386/RS";"Norte";"Colisão - Transversal";2;0;0;0;0;0;0;0;0;0;3;0;0;0;0
"13/02/2023";"16:57:00";"252";"Acidente c";"60";"BR-290/RS";"Oeste";"Colisão - Lateral";0;0;0;1;0;1;0;0;0;0;3;0;0;0;0
"13/02/2023";"18:36:00";"269";"Acidente c";"354";"BR-386/RS";"Norte";"Colisão - Transversal";1;0;0;1;0;0;0;0;0;0;2;0;0;0;0
"13/02/2023";"22:24:00";"317";"Acidente s";"279";"BR-386/RS";"Sul";"Colisão - Lateral";1;0;1;0;0;0;0;0;0;0;2;0;0;0;0
"13/02/2023";"23:53:00";"331";"Acidente s";"44";"BR-290/RS";"Leste";"Colisão - Traseira";1;0;1;0;0;0;0;0;0;0;2;1;0;0;0
"14/02/2023";"07:23:00";"71";"Acidente s";"87";"BR-290/RS";"Oeste";"Colisão - Traseira";3;0;0;0;0;0;0;0;0;0;1;0;0;0;0
"14/02/2023";"11:01:00";"151";"Acidente s";"84";"BR-290/RS";"Leste";"Choque Defensa";1;0;0;0;0;0;0;0;0;0;1;0;0;0;0
"14/02/2023";"11:55:00";"169";"Acidente s";"342";"BR-386/RS";"Norte";"Colisão - Frontal";1;0;0;0;0;0;0;0;0;1;0;1;0;0;0
"14/02/2023";"14:28:00";"194";"Acidente c";"228";"BR-386/RS";"Ambos";"Colisão - Frontal";2;0;0;0;0;0;0;0;0;0;2;0;0;0;0
"14/02/2023";"15:42:00";"214";"Acidente s";"61";"BR-290/RS";"Oeste";"Saída de pista";1;0;0;0;0;0;0;0;0;0;2;0;0;0;0
"14/02/2023";"16:27:00";"220";"Acidente s";"307";"BR-386/RS";"Sul";"Saída de pista";1;0;0;0;0;0;0;0;0;0;2;0;0;0;0
"14/02/2023";"17:45:00";"234";"Acidente s";"1";"BR-290/RS";"Oeste";"Saída de pista";1;0;0;0;0;0;0;0;0;0;4;0;0;0;0
"14/02/2023";"18:13:00";"241";"Acidente s";"445";"BR-386/RS";"Norte";"Saída de pista";1;0;0;0;0;0;0;0;0;0;1;0;1;0;0
"14/02/2023";"18:31:00";"243";"Acidente c";"354";"BR-386/RS";"Sul";"Colisão - Traseira";1;0;0;1;0;0;0;0;0;0;2;0;0;0;0
"14/02/2023";"19:32:00";"260";"Acidente s";"80";"BR-290/RS";"Leste";"Queda de ribanceira";1;0;0;0;0;0;0;0;0;0;1;0;0;0;0
"14/02/2023";"20:22:00";"265";"Acidente s";"4,8";"BR-290/RS";"Oeste";"Saída de pista";1;0;0;0;0;0;0;0;0;0;3;0;0;0;0
"14/02/2023";"20:24:00";"266";"Acidente s";"400";"BR-386/RS";"Norte";"Saída de pista";1;0;0;0;0;0;0;0;0;0;1;0;0;0;0
"14/02/2023";"21:03:00";"271";"Acidente s";"207";"BR-386/RS";"Norte";"Saída de pista";1;0;0;0;0;0;0;0;0;0;7;0;0;0;0
"14/02/2023";"21:44:00";"273";"Acidente s";"68";"BR-101/RS";"Sul";"Colisão - Traseira";3;0;1;0;0;0;0;0;0;0;6;0;0;0;0
"15/02/2023";"02:24:00";"12";"Acidente c";"60";"BR-101/RS";"Norte";"Tombamento";0;0;0;0;0;0;0;0;0;1;1;1;0;0;0
"15/02/2023";"05:39:00";"23";"Acidente s";"430";"BR-386/RS";"Sul";"Choque com objeto sobre a pista";1;0;0;0;0;0;0;0;0;0;1;0;0;0;0
"15/02/2023";"06:00:00";"30";"Acidente s";"429";"BR-386/RS";"Norte";"Choque com objeto sobre a pista";1;0;0;0;0;0;0;0;0;0;1;0;0;0;1
"15/02/2023";"08:33:00";"108";"Acidente s";"92";"BR-290/RS";"Oeste";"Colisão - Traseira";2;0;0;0;0;0;0;0;0;0;2;1;0;0;0
"15/02/2023";"08:46:00";"117";"Acidente s";"92";"BR-290/RS";"Oeste";"Engavetamento";2;0;1;0;0;0;0;0;0;0;1;0;0;0;0
"15/02/2023";"11:58:00";"166";"Acidente s";"414";"BR-386/RS";"Sul";"Saída de pista";1;0;0;0;0;0;0;0;0;0;2;0;0;0;0
"15/02/2023";"16:09:00";"221";"Acidente s";"4";"BR-101/RS";"Norte";"Choque - Pilar";0;0;0;0;0;0;0;1;0;0;2;0;0;0;0