data;horario;n_da_ocorrencia;tipo_de_ocorrencia;km;trecho;sentido;tipo_de_acidente;automovel;bicicleta;caminhao;moto;onibus;outros;tracao_animal;transporte_de_cargas_especiais;trator_maquinas;utilitarios;ilesos;levemente_feridos;moderadamente_feridos;gravemente_feridos;mortos
"26/05/2023";"23:53:00";"284";"Acidente c";"283";"BR-386/RS";"Sul";"Colisão - Transversal";1;0;1;0;0;0;0;0;0;0;2;0;0;0;0
"27/05/2023";"03:41:00";"14";"Acidente s";"81";"BR-290/RS";"Leste";"Capotamento";1;0;0;0;0;0;0;0;0;0;1;0;0;0;0
"27/05/2023";"05:07:00";"18";"Acidente s";"40";"BR-290/RS";"Leste";"Choque Defensa";1;0;0;0;0;0;0;0;0;0;0;1;0;0;0
"27/05/2023";"06:12:00";"21";"Acidente s";"434";"BR-386/RS";"Sul";"Colisão - Lateral";1;0;1;0;0;0;0;0;0;0;1;0;0;0;0
"27/05/2023";"09:33:00";"67";"Acidente s";"22";"BR-290/RS";"Leste";"Saída de pista";1;0;0;0;0;0;0;0;0;0;1;1;0;0;0
"27/05/2023";"21:13:00";"182";"Acidente s";"297,14";"BR-386/RS";"Sul";"Saída de pista";1;0;0;0;0;0;0;0;0;0;1;0;0;0;0
"28/05/2023";"01:13:00";"8";"Acidente s";"306";"BR-386/RS";"Norte";"Saída de pista";1;0;0;0;0;0;0;0;0;0;3;0;0;0;0
"28/05/2023";"02:27:00";"9";"Acidente s";"80";"BR-290/RS";"Leste";"Queda de ribanceira";1;0;0;0;0;0;0;0;0;0;0;1;0;0;0
"28/05/2023";"08:23:00";"29";"Acidente c";"333";"BR-386/RS";"Sul";"Saída de pista";1;0;0;0;0;0;0;0;0;0;1;0;0;0;0
"28/05/2023";"17:23:00";"110";"Acidente s";"212";"BR-386/RS";"Sul";"Colisão - Traseira";2;0;0;0;0;0;0;0;0;0;2;0;0;0;0
"29/05/2023";"00:48:00";"3";"Acidente s";"372";"BR-386/RS";"Ambos";"Saída de pista";1;0;0;0;0;0;0;0;0;0;2;0;0;0;0
"29/05/2023";"03:24:00";"12";"Acidente c";"22";"BR-448/RS";"Sul";"Choque Barreira";1;0;0;0;0;0;0;0;0;0;1;0;0;0;0
"29/05/2023";"09:33:00";"114";"Acidente c";"362";"BR-386/RS";"Norte";"Queda de moto";1;0;0;0;0;0;0;0;0;0;2;0;0;0;0
"29/05/2023";"10:35:00";"136";"Acidente s";"35";"BR-101/RS";"Sul";"Choque Defensa";1;0;0;0;0;0;0;0;0;0;2;0;0;0;0
"29/05/2023";"13:55:00";"181";"Atropelame";"367";"BR-386/RS";"Norte";"Atropelamento - Funcionário";0;0;0;1;0;0;0;0;0;0;2;0;0;0;0
"29/05/2023";"19:51:00";"242";"Acidente s";"273";"BR-386/RS";"Sul";"Saída de pista";1;0;0;0;0;0;0;0;0;0;10;0;1;0;0
"29/05/2023";"21:15:00";"255";"Atropelame";"75";"BR-290/RS";"Leste";"Atropelamento - Andarilho";1;0;0;0;0;0;0;0;0;0;4;0;0;0;0
"30/05/2023";"09:47:00";"112";"Acidente s";"249";"BR-386/RS";"Sul";"Colisão - Lateral";0;0;0;0;0;0;0;1;0;1;4;0;0;0;0
"30/05/2023";"12:39:00";"161";"Acidente s";"12";"BR-101/RS";"Sul";"Colisão - Frontal";2;0;0;0;0;0;0;0;0;0;4;0;0;0;0
"30/05/2023";"13:01:00";"166";"Acidente c";"440";"BR-386/RS";"Norte";"Tombamento";0;0;0;0;0;0;0;1;0;0;6;0;0;0;0
"30/05/2023";"17:09:00";"214";"Acidente s";"343";"BR-386/RS";"Sul";"Colisão - Lateral";1;0;1;0;0;0;0;0;0;0;6;0;0;0;0
"30/05/2023";"17:27:00";"217";"Acidente s";"35";"BR-101/RS";"Norte";"Colisão - Traseira";0;0;1;0;0;0;0;0;0;1;3;0;0;0;0
"30/05/2023";"17:59:00";"226";"Acidente s";"2";"BR-101/RS";"Norte";"Queda de ribanceira";1;0;0;0;0;0;0;0;0;0;1;0;0;0;0
"30/05/2023";"18:15:00";"230";"Acidente c";"346";"BR-386/RS";"Norte";"Colisão - Traseira";1;0;0;1;0;0;0;0;0;0;2;0;0;0;0
"31/05/2023";"05:28:00";"16";"Acidente s";"370";"BR-386/RS";"Sul";"Saída de pista";1;0;0;0;0;0;0;0;0;0;2;0;0;0;0
"31/05/2023";"12:53:00";"151";"Acidente c";"219";"BR-386/RS";"Norte";"Saída de pista";0;0;0;1;0;0;0;0;0;0;4;0;0;0;0
"31/05/2023";"16:24:00";"192";"Acidente s";"421";"BR-386/RS";"Sul";"Saída de pista";1;0;0;0;0;0;0;0;0;0;1;0;0;0;0
"31/05/2023";"18:47:00";"211";"Acidente c";"2";"BR-101/RS";"Sul";"Colisão - Lateral";1;0;0;2;0;0;0;0;0;0;4;0;0;0;0
"31/05/2023";"19:27:00";"219";"Acidente c";"96";"BR-290/RS";"Oeste";"Colisão - Lateral";2;0;0;0;0;0;0;0;0;0;2;0;0;0;0
"31/05/2023";"21:23:00";"237";"Acidente s";"405";"BR-386/RS";"Sul";"Saída de pista";1;0;0;0;0;0;0;0;0;0;1;1;2;0;0
"01/06/2023";"04:14:00";"21";"Atropelame";"85";"BR-101/RS";"Sul";"Atropelamento - Usuário";0;0;0;0;0;1;0;0;0;0;1;0;0;0;0
"01/06/2023";"05:24:00";"27";"Acidente s";"91";"BR-290/RS";"Leste";"Choque Defensa";1;0;0;0;0;0;0;0;0;0;2;0;0;0;0
"01/06/2023";"05:39:00";"29";"Acidente s";"59";"BR-101/RS";"Sul";"Saída de pista";0;0;0;0;0;0;0;1;0;0;1;1;0;0;0
"01/06/2023";"08:09:00";"84";"Acidente c";"95";"BR-290/RS";"Oeste";"Colisão - Traseira";2;0;0;1;0;0;0;0;0;0;1;0;0;0;0
"01/06/2023";"09:12:00";"122";"Acidente s";"10";"BR-448/RS";"Norte";"Saída de pista";1;0;0;0;0;0;0;0;0;0;1;0;0;0;0
"01/06/2023";"14:47:00";"186";"Acidente s";"228";"BR-386/RS";"Sul";"Colisão - Traseira";2;0;0;0;0;0;0;0;0;0;0;0;2;1;0
"01/06/2023";"17:16:00";"217";"Acidente s";"0";"BR-290/RS";"Oeste";"Atropelamento de Animal";1;0;0;0;0;0;0;0;0;0;1;0;0;0;0
"01/06/2023";"17:51:00";"229";"Atropelame";"412";"BR-386/RS";"Sul";"Atropelamento - Usuário";1;0;0;0;0;1;0;0;0;0;2;0;0;0;0
"01/06/2023";"18:25:00";"237";"Acidente s";"88";"BR-290/RS";"Oeste";"Colisão - Traseira";1;0;1;0;0;0;0;0;0;0;3;0;0;0;0
"01/06/2023";"19:28:00";"247";"Acidente c";"92";"BR-290/RS";"Leste";"Queda de moto";0;0;0;1;0;0;0;0;0;0;1;1;0;0;0
"01/06/2023";"21:34:00";"259";"Acidente c";"80";"BR-290/RS";"Leste";"Queda de moto";0;0;0;1;0;0;0;0;0;0;3;1;0;0;0
"02/06/2023";"07:58:00";"81";"Acidente c";"416";"BR-386/RS";"Norte";"Colisão - Lateral";2;0;0;0;0;0;0;0;0;0;1;0;0;0;0
"02/06/2023";"13:23:00";"161";"Acidente s";"53";"BR-290/RS";"Oeste";"Tombamento";1;0;0;0;0;0;0;0;0;0;4;0;0;0;0
"02/06/2023";"14:10:00";"166";"Acidente c";"351";"BR-386/RS";"Norte";"Colisão - Lateral";1;0;0;1;0;0;0;0;0;0;2;2;0;0;0
"02/06/2023";"14:32:00";"172";"Acidente s";"91";"BR-290/RS";"Leste";"Engavetamento";2;0;1;0;0;0;0;0;0;0;2;0;0;0;0
"02/06/2023";"18:38:00";"219";"Atropelame";"24";"BR-101/RS";"Ambos";"Atropelamento - Usuário";1;0;0;0;0;0;0;0;0;0;3;0;0;0;0
"02/06/2023";"19:20:00";"228";"Acidente s";"368";"BR-386/RS";"Norte";"Outros";1;0;0;0;0;0;0;0;0;0;2;0;0;0;0
"02/06/2023";"19:38:00";"233";"Acidente c";"250";"BR-386/RS";"Norte";"Colisão - Lateral";1;0;0;1;0;0;0;0;0;0;2;0;0;0;0
"02/06/2023";"20:37:00";"242";"Acidente c";"14";"BR-101/RS";"Sul";"Queda de moto";0;0;0;1;0;0;0;0;0;0;0;1;0;1;0
"02/06/2023";"23:10:00";"261";"Acidente c";"273";"BR-386/RS";"Sul";"Queda de ribanceira";1;0;0;0;0;0;0;0;0;0;2;0;0;0;0
"02/06/2023";"23:27:00";"263";"Acidente s";"306";"BR-386/RS";"Norte";"Tombamento";1;0;0;0;0;0;0;0;0;0;4;0;0;0;0
"03/06/2023";"07:07:00";"33";"Acidente c";"346";"BR-386/RS";"Norte";"Colisão - Lateral";0;0;0;1;0;0;0;0;0;0;6;0;0;0;0
"03/06/2023";"10:27:00";"105";"Acidente c";"367";"BR-386/RS";"Norte";"Colisão - Lateral";2;0;0;0;0;0;0;0;0;0;3;1;0;0;0
"03/06/2023";"14:14:00";"147";"Acidente s";"60";"BR-290/RS";"Oeste";"Colisão - Traseira";2;0;0;0;0;0;0;0;0;0;4;0;0;0;0
"03/06/2023";"15:07:00";"159";"Acidente s";"82";"BR-290/RS";"Oeste";"Choque com objeto sobre a pista";2;0;0;0;0;0;0;0;0;0;5;0;0;0;0
"03/06/2023";"15:49:00";"170";"Acidente c";"282";"BR-386/RS";"Sul";"Colisão - Transversal";1;0;0;1;0;0;0;0;0;0;1;0;0;0;0
"03/06/2023";"19:18:00";"214";"Acidente s";"32";"BR-101/RS";"Norte";"Colisão - Traseira";2;0;0;0;0;0;0;0;0;0;1;1;0;0;0
"04/06/2023";"00:24:00";"8";"Acidente c";"91";"BR-290/RS";"Leste";"Capotamento";1;0;0;0;0;0;0;0;0;0;1;2;0;0;0
"04/06/2023";"02:07:00";"15";"Acidente s";"80";"BR-290/RS";"Leste";"Queda de ribanceira";1;0;0;0;0;0;0;0;0;0;2;0;0;0;0
"04/06/2023";"09:30:00";"62";"Acidente c";"437";"BR-386/RS";"Norte";"Capotamento";1;0;0;0;0;0;0;0;0;0;1;0;0;0;0
"04/06/2023";"18:31:00";"159";"Acidente c";"349";"BR-386/RS";"Norte";"Queda de moto";0;0;0;1;0;0;0;0;0;0;1;1;0;0;0
"04/06/2023";"18:47:00";"165";"Acidente s";"368";"BR-386/RS";"Norte";"Queda de ribanceira";1;0;0;0;0;0;0;0;0;0;5;0;0;0;0
"04/06/2023";"19:56:00";"182";"Acidente s";"337";"BR-386/RS";"Norte";"Queda de ribanceira";1;0;0;0;0;0;0;0;0;0;3;0;0;0;0
"04/06/2023";"22:51:00";"200";"Acidente s";"391";"BR-386/RS";"Sul";"Queda de ribanceira";1;0;0;0;0;0;0;0;0;0;1;0;0;0;0
"04/06/2023";"23:03:00";"202";"Acidente s";"80";"BR-290/RS";"Leste";"Queda de ribanceira";1;0;0;0;0;0;0;0;0;0;3;2;0;0;0
"05/06/2023";"08:49:00";"88";"Acidente c";"354";"BR-386/RS";"Norte";"Colisão - Lateral";2;0;0;0;0;0;0;0;0;0;1;0;0;0;0
"05/06/2023";"08:50:00";"90";"Acidente c";"92";"BR-290/RS";"Oeste";"Colisão - Traseira";1;0;0;1;0;0;0;0;0;0;1;0;0;0;0
"05/06/2023";"10:27:00";"119";"Acidente s";"345";"BR-386/RS";"Norte";"Colisão - Traseira";2;0;0;0;0;0;0;0;0;0;1;0;0;0;0
"05/06/2023";"10:39:00";"122";"Acidente s";"310";"BR-386/RS";"Sul";"Colisão - Lateral";1;0;0;0;0;0;0;0;0;1;4;0;0;0;0
"05/06/2023";"12:13:00";"140";"Acidente s";"92";"BR-290/RS";"Leste";"Colisão - Traseira";1;0;1;0;0;0;0;0;0;0;1;0;0;0;0
"05/06/2023";"12:42:00";"144";"Acidente s";"83";"BR-290/RS";"Leste";"Colisão - Traseira";2;0;0;0;0;0;0;0;0;0;1;0;0;0;0
"05/06/2023";"13:03:00";"146";"Acidente s";"43";"BR-290/RS";"Leste";"Saída de pista";1;0;0;0;0;0;0;0;0;0;0;1;0;0;0
"05/06/2023";"13:09:00";"147";"Acidente c";"62";"BR-101/RS";"Sul";"Choque Defensa";1;0;0;0;0;0;0;0;0;0;0;0;2;0;0
"05/06/2023";"17:46:00";"188";"Acidente c";"96";"BR-290/RS";"Oeste";"Queda de moto";0;0;0;1;0;0;0;0;0;0;3;0;0;0;0
"05/06/2023";"18:39:00";"201";"Acidente s";"90";"BR-290/RS";"Leste";"Colisão - Traseira";2;0;0;0;0;0;0;0;0;0;1;0;0;0;0
"05/06/2023";"18:42:00";"203";"Acidente s";"343";"BR-386/RS";"Sul";"Colisão - Traseira";2;0;0;0;0;0;0;0;0;0;4;0;0;0;0
"05/06/2023";"18:51:00";"205";"Acidente s";"439";"BR-386/RS";"Sul";"Colisão - Lateral";2;0;0;0;0;0;0;0;0;0;5;0;0;0;0
"05/06/2023";"19:23:00";"210";"Acidente s";"22";"BR-448/RS";"Norte";"Colisão - Lateral";1;0;0;0;0;0;0;0;0;1;2;3;0;0;0
"05/06/2023";"19:38:00";"213";"Acidente s";"404";"BR-386/RS";"Norte";"Atropelamento de Animal";1;0;0;0;0;0;0;0;0;0;1;0;0;0;0
"06/06/2023";"06:57:00";"34";"Acidente s";"343";"BR-386/RS";"Norte";"Colisão - Traseira";2;0;0;0;0;0;0;0;0;0;1;0;0;1;0
"06/06/2023";"07:30:00";"61";"Acidente s";"21";"BR-448/RS";"Sul";"Engavetamento";3;0;1;1;0;0;0;0;0;0;1;0;2;0;0
"06/06/2023";"09:19:00";"125";"Acidente s";"362";"BR-386/RS";"Sul";"Colisão - Lateral";1;0;0;0;0;0;0;1;0;0;0;1;0;0;0
"06/06/2023";"09:21:00";"126";"Acidente c";"288";"BR-386/RS";"Norte";"Saída de pista";1;0;0;0;0;0;0;0;0;0;4;1;0;0;0
"06/06/2023";"12:07:00";"163";"Acidente s";"343";"BR-386/RS";"Sul";"Colisão - Traseira";2;0;0;0;0;0;0;0;0;0;7;0;0;0;0
"06/06/2023";"15:53:00";"213";"Acidente s";"361";"BR-386/RS";"Norte";"Colisão - Traseira";1;0;1;0;0;0;0;0;0;0;7;0;0;0;0
"06/06/2023";"17:26:00";"223";"Acidente s";"351";"BR-386/RS";"Norte";"Colisão - Lateral";1;0;1;0;0;0;0;0;0;0;2;0;0;1;0
"06/06/2023";"17:46:00";"229";"Acidente s";"86";"BR-290/RS";"Leste";"Colisão - Lateral";1;0;0;1;0;0;0;0;0;0;1;3;0;0;0
"06/06/2023";"19:15:00";"246";"Acidente c";"85";"BR-290/RS";"Leste";"Colisão - Lateral";1;0;1;0;0;0;0;0;0;0;5;0;0;0;0
"06/06/2023";"21:30:00";"269";"Acidente c";"362";"BR-386/RS";"Sul";"Saída de pista";1;0;0;0;0;0;0;0;0;0;3;0;0;0;0
"07/06/2023";"07:00:00";"40";"Acidente s";"335";"BR-386/RS";"Sul";"Capotamento";1;0;0;0;0;0;0;0;0;0;7;0;0;0;0
"07/06/2023";"07:13:00";"44";"Acidente s";"86";"BR-290/RS";"Oeste";"Colisão - Traseira";2;0;0;0;0;0;0;0;0;0;2;0;0;0;0
"07/06/2023";"07:46:00";"77";"Acidente c";"96";"BR-290/RS";"Oeste";"Colisão - Lateral";1;0;0;2;0;0;0;0;0;0;1;0;0;0;0
"07/06/2023";"13:53:00";"201";"Acidente s";"19";"BR-290/RS";"Leste";"Colisão - Traseira";1;0;0;1;0;0;0;0;0;0;1;0;0;0;0
"07/06/2023";"14:14:00";"208";"Acidente s";"343";"BR-386/RS";"Sul";"Colisão - Traseira";2;0;0;0;0;0;0;0;0;0;3;0;0;0;0
"07/06/2023";"14:43:00";"214";"Acidente s";"356";"BR-386/RS";"Norte";"Saída de pista";0;0;1;0;0;0;0;1;0;0;0;1;0;0;0
"07/06/2023";"15:53:00";"234";"Acidente s";"22";"BR-101/RS";"Norte";"Colisão - Transversal";2;0;0;0;0;0;0;0;0;0;6;0;0;0;0
"07/06/2023";"16:22:00";"237";"Acidente s";"372";"BR-386/RS";"Sul";"Saída de pista";1;0;0;0;0;0;0;0;0;0;2;0;0;0;0
"07/06/2023";"18:47:00";"259";"Acidente s";"51";"BR-101/RS";"Sul";"Choque - Caixa de Captação/Fibra";1;0;0;0;0;0;0;0;0;0;2;0;0;0;0
"07/06/2023";"18:49:00";"260";"Acidente c";"22";"BR-448/RS";"Sul";"Colisão - Lateral";1;0;1;0;0;0;0;0;0;0;4;0;0;0;0
"07/06/2023";"19:01:00";"265";"Acidente s";"33";"BR-290/RS";"Leste";"Saída de pista";1;0;0;0;0;0;0;0;0;0;3;0;0;0;0
"07/06/2023";"20:32:00";"281";"Acidente s";"92";"BR-290/RS";"Oeste";"Colisão - Transversal";2;0;0;0;0;0;0;0;0;0;4;0;0;0;0
"07/06/2023";"21:42:00";"287";"Acidente s";"385";"BR-386/RS";"Norte";"Choque - Meio Fio";0;0;0;0;0;0;0;0;0;0;9;0;0;0;0
"07/06/2023";"22:23:00";"296";"Acidente s";"59";"BR-290/RS";"Leste";"Colisão - Traseira";2;0;0;0;0;0;0;0;0;0;1;0;0;0;0
"08/06/2023";"05:27:00";"36";"Acidente s";"190,02";"BR-386/RS";"Sul";"Capotamento";1;0;0;0;0;0;0;0;0;0;3;0;0;0;0
"08/06/2023";"06:10:00";"39";"Acidente s";"92";"BR-290/RS";"Leste";"Colisão - Lateral";2;0;0;0;0;0;0;0;0;0;6;0;0;0;0
"08/06/2023";"07:14:00";"56";"Acidente s";"325";"BR-386/RS";"Sul";"Colisão - Traseira";2;0;0;0;0;0;0;0;0;0;3;0;0;0;0
"08/06/2023";"07:15:00";"59";"Acidente s";"355";"BR-386/RS";"Sul";"Saída de pista";1;0;0;0;0;0;0;0;0;0;4;0;1;0;0
"08/06/2023";"09:50:00";"98";"Acidente c";"54";"BR-101/RS";"Norte";"Queda de moto";0;0;0;1;0;0;0;0;0;0;8;1;0;0;0
"08/06/2023";"10:32:00";"108";"Acidente s";"95,33";"BR-290/RS";"Leste";"Colisão - Traseira";1;0;1;0;0;0;0;0;0;0;2;0;0;0;0
"08/06/2023";"10:37:00";"111";"Acidente s";"23";"BR-290/RS";"Leste";"Saída de pista";1;0;0;0;0;0;0;0;0;0;5;0;0;0;0
"08/06/2023";"11:42:00";"127";"Acidente c";"70";"BR-290/RS";"Oeste";"Saída de pista";1;0;0;0;0;0;0;0;0;0;2;0;0;0;0
"08/06/2023";"14:05:00";"154";"Acidente s";"254";"BR-386/RS";"Sul";"Colisão - Lateral";1;0;1;0;0;0;0;0;0;0;3;0;0;0;0
"08/06/2023";"15:49:00";"183";"Acidente s";"92,16";"BR-290/RS";"Leste";"Choque Defensa";1;0;0;0;0;0;0;0;0;0;2;0;0;0;0
"08/06/2023";"17:36:00";"209";"Acidente s";"86";"BR-101/RS";"Norte";"Colisão - Lateral";1;0;0;0;0;1;0;0;0;0;3;0;0;0;0
"09/06/2023";"07:58:00";"74";"Acidente c";"81";"BR-290/RS";"Leste";"Saída de pista";1;0;0;0;0;0;0;0;0;0;4;0;0;0;0
"09/06/2023";"09:35:00";"123";"Acidente s";"86";"BR-101/RS";"Sul";"Colisão - Lateral";1;0;0;0;0;0;0;0;0;1;1;0;0;0;0
"09/06/2023";"11:11:00";"141";"Acidente s";"180";"BR-386/RS";"Norte";"Saída de pista";1;0;0;0;0;0;0;0;0;0;4;0;0;0;0
"09/06/2023";"11:14:00";"143";"Acidente s";"262";"BR-386/RS";"Sul";"Colisão - Traseira";2;0;0;0;0;0;0;0;0;0;0;0;1;0;0
"09/06/2023";"16:51:00";"213";"Atropelame";"269";"BR-386/RS";"Sul";"Atropelamento - Usuário";0;0;1;0;0;0;0;0;0;0;1;0;0;0;0
"09/06/2023";"17:55:00";"227";"Acidente s";"92";"BR-290/RS";"Leste";"Choque Defensa";1;0;0;0;0;0;0;0;0;0;2;0;0;0;0
"09/06/2023";"18:41:00";"233";"Atropelame";"437";"BR-386/RS";"Norte";"Atropelamento - Usuário";1;0;0;0;0;0;0;0;0;0;2;0;0;0;0
"09/06/2023";"19:37:00";"242";"Acidente s";"82";"BR-290/RS";"Oeste";"Colisão - Lateral";2;0;0;0;0;0;0;0;0;0;0;1;0;0;0
"10/06/2023";"11:57:00";"86";"Acidente s";"348";"BR-386/RS";"Sul";"Colisão - Traseira";2;0;0;0;0;0;0;0;0;0;2;0;0;0;0
"10/06/2023";"13:00:00";"100";"Acidente s";"344";"BR-386/RS";"Norte";"Colisão - Traseira";2;0;0;0;0;0;0;0;0;0;0;2;0;0;0
"10/06/2023";"16:03:00";"132";"Atropelame";"384";"BR-386/RS";"Sul";"Atropelamento - Usuário";1;0;0;0;0;0;0;0;0;0;2;0;0;0;0
"10/06/2023";"16:32:00";"137";"Acidente s";"305";"BR-386/RS";"Ambos";"Saída de pista";1;0;0;0;0;0;0;0;0;0;3;0;0;0;0
"10/06/2023";"16:45:00";"139";"Acidente s";"367";"BR-386/RS";"Norte";"Saída de pista";1;0;0;0;0;0;0;0;0;0;1;0;0;0;0
"10/06/2023";"16:57:00";"142";"Acidente s";"440";"BR-386/RS";"Norte";"Saída de pista";1;0;0;0;0;0;0;0;0;0;2;1;0;0;0
"10/06/2023";"17:06:00";"148";"Acidente s";"307";"BR-386/RS";"Norte";"Colisão - Transversal";2;0;0;0;0;0;0;0;0;0;2;0;0;0;0
"10/06/2023";"18:44:00";"162";"Acidente s";"80";"BR-290/RS";"Leste";"Saída de pista";1;0;0;0;0;0;0;0;0;0;0;2;0;0;0
"10/06/2023";"18:53:00";"166";"Acidente s";"398";"BR-386/RS";"Sul";"Colisão - Transversal";2;0;0;0;0;0;0;0;0;0;6;0;0;0;0
"10/06/2023";"18:56:00";"168";"Acidente s";"78";"BR-290/RS";"Leste";"Choque Barreira";1;0;0;0;0;0;0;0;0;0;2;0;0;0;0
"10/06/2023";"19:23:00";"172";"Acidente s";"413";"BR-386/RS";"Sul";"Choque com veículo na faixa de rolamento";1;0;0;0;0;0;0;0;0;0;1;0;0;0;1
"10/06/2023";"23:32:00";"203";"Acidente s";"378";"BR-386/RS";"Norte";"Saída de pista";1;0;0;0;0;0;0;0;0;0;3;0;0;0;0
"10/06/2023";"23:36:00";"204";"Acidente s";"344";"BR-386/RS";"Norte";"Saída de pista";1;0;0;0;0;0;0;0;0;0;2;0;0;0;0
"11/06/2023";"01:53:00";"11";"Acidente s";"364";"BR-386/RS";"Sul";"Saída de pista";1;0;0;0;0;0;0;0;0;0;1;0;0;0;0
"11/06/2023";"02:05:00";"15";"Acidente s";"26";"BR-290/RS";"Oeste";"Saída de pista";0;0;1;0;0;0;0;0;0;0;3;0;0;0;0
"11/06/2023";"09:29:00";"50";"Acidente s";"411";"BR-386/RS";"Sul";"Choque Defensa";1;0;0;0;0;0;0;0;0;0;2;0;0;0;0
"11/06/2023";"10:04:00";"52";"Acidente s";"80";"BR-290/RS";"Oeste";"Saída de pista";1;0;0;0;0;0;0;0;0;0;1;0;0;0;1
"11/06/2023";"10:16:00";"55";"Acidente s";"440";"BR-386/RS";"Norte";"Saída de pista";1;0;0;0;0;0;0;0;0;0;7;0;0;0;0
"11/06/2023";"10:51:00";"59";"Acidente s";"440";"BR-386/RS";"Norte";"Saída de pista";1;0;0;0;0;0;0;0;0;0;0;2;0;0;0
"11/06/2023";"11:34:00";"65";"Acidente s";"17";"BR-290/RS";"Leste";"Choque Defensa";1;0;0;0;0;0;0;0;0;0;3;3;0;0;0
"11/06/2023";"11:36:00";"66";"Acidente c";"307";"BR-386/RS";"Norte";"Capotamento";1;0;0;0;0;0;0;0;0;0;4;0;0;0;0
"11/06/2023";"11:38:00";"67";"Acidente s";"94";"BR-290/RS";"Leste";"Choque Barreira";1;0;0;0;0;0;0;0;0;0;3;0;0;0;0
"11/06/2023";"11:57:00";"70";"Acidente s";"2";"BR-448/RS";"Norte";"Saída de pista";1;0;0;0;0;0;0;0;0;0;2;0;0;0;0
"11/06/2023";"12:18:00";"73";"Acidente s";"81";"BR-290/RS";"Leste";"Colisão - Traseira";1;0;0;0;0;0;0;1;0;0;1;0;0;0;0
"11/06/2023";"12:54:00";"81";"Acidente s";"90";"BR-290/RS";"Leste";"Choque Defensa";1;0;0;0;0;0;0;0;0;0;1;1;0;0;0
"11/06/2023";"15:39:00";"104";"Acidente s";"262";"BR-386/RS";"Norte";"Colisão - Traseira";2;0;0;0;0;0;0;0;0;0;0;1;0;0;0
"11/06/2023";"16:14:00";"108";"Acidente s";"23";"BR-290/RS";"Oeste";"Colisão - Traseira";2;0;0;0;0;0;0;0;0;0;5;1;0;0;0
"11/06/2023";"16:25:00";"110";"Acidente c";"333";"BR-386/RS";"Sul";"Colisão - Traseira";2;0;0;0;0;0;0;0;0;0;1;1;1;0;0
"11/06/2023";"17:40:00";"133";"Acidente s";"26";"BR-290/RS";"Oeste";"Colisão - Lateral";1;0;1;0;0;0;0;0;0;0;1;0;0;0;0
"11/06/2023";"19:13:00";"161";"Acidente s";"52";"BR-290/RS";"Oeste";"Colisão - Traseira";2;0;0;0;0;0;0;0;0;0;0;2;0;0;0
"11/06/2023";"20:07:00";"173";"Acidente s";"407";"BR-386/RS";"Sul";"Saída de pista";1;0;0;0;0;0;0;0;0;0;3;0;0;0;0
"12/06/2023";"01:17:00";"8";"Acidente s";"401";"BR-386/RS";"Norte";"Saída de pista";1;0;0;0;0;0;0;0;0;0;4;0;0;0;0
"12/06/2023";"06:10:00";"40";"Acidente s";"80";"BR-101/RS";"Sul";"Colisão - Lateral";1;0;1;0;0;0;0;0;0;0;4;0;0;0;0
"12/06/2023";"11:22:00";"188";"Acidente s";"304,21";"BR-386/RS";"Norte";"Saída de pista";0;0;1;0;0;0;0;0;0;0;0;0;0;1;1
"12/06/2023";"13:50:00";"221";"Acidente s";"10";"BR-101/RS";"Sul";"Saída de pista";1;0;0;0;0;0;0;0;0;0;3;0;0;0;0
"12/06/2023";"15:14:00";"239";"Acidente s";"92";"BR-290/RS";"Leste";"Colisão - Lateral";1;0;0;1;0;0;0;0;0;0;1;0;0;0;0
"12/06/2023";"15:35:00";"242";"Acidente s";"32";"BR-101/RS";"Sul";"Saída de pista";1;0;0;0;0;0;0;0;0;0;4;0;0;0;0
"12/06/2023";"18:30:00";"275";"Acidente c";"392";"BR-386/RS";"Norte";"Colisão - Transversal";2;0;0;0;0;0;0;0;0;0;1;0;0;0;0
"12/06/2023";"19:03:00";"285";"Acidente s";"433";"BR-386/RS";"Norte";"Colisão - Lateral";1;0;0;0;0;0;0;1;0;0;1;0;0;0;0
"13/06/2023";"07:06:00";"46";"Acidente s";"12";"BR-448/RS";"Norte";"Colisão - Traseira";1;0;0;0;0;0;0;1;0;0;0;1;0;0;0
"13/06/2023";"07:11:00";"48";"Acidente c";"446";"BR-386/RS";"Norte";"Queda de moto";0;0;0;1;0;0;0;0;0;0;1;0;0;0;0
"13/06/2023";"12:35:00";"156";"Acidente c";"383";"BR-386/RS";"Sul";"Colisão - Lateral";1;0;0;1;0;0;0;0;0;0;1;1;1;0;0
"13/06/2023";"12:46:00";"158";"Acidente c";"367";"BR-386/RS";"Norte";"Colisão - Lateral";2;0;0;0;0;0;0;0;0;0;2;0;0;0;0
"13/06/2023";"15:08:00";"190";"Acidente c";"278";"BR-386/RS";"Sul";"Colisão - Lateral";0;0;0;0;0;0;0;1;0;1;4;0;0;0;0
"13/06/2023";"18:20:00";"226";"Acidente s";"91";"BR-290/RS";"Leste";"Colisão - Lateral";1;0;1;0;0;0;0;0;0;0;2;0;0;0;0
"13/06/2023";"18:27:00";"227";"Acidente s";"307";"BR-386/RS";"Norte";"Colisão - Frontal";1;0;0;0;0;0;0;1;0;0;1;0;0;0;0
"13/06/2023";"19:05:00";"232";"Acidente c";"81";"BR-290/RS";"Leste";"Colisão - Traseira";2;0;0;0;0;1;0;0;0;0;1;0;0;0;0