data;horario;n_da_ocorrencia;tipo_de_ocorrencia;km;trecho;sentido;tipo_de_acidente;automovel;bicicleta;caminhao;moto;onibus;outros;tracao_animal;transporte_de_cargas_especiais;trator_maquinas;utilitarios;ilesos;levemente_feridos;moderadamente_feridos;gravemente_feridos;mortos
"24/07/2023";"14:27:00";"226";"Acidente s";"77";"BR-290/RS";"Oeste";"Colisão - Lateral";2;0;0;0;0;0;0;0;0;0;1;0;1;0;0
"24/07/2023";"18:03:00";"284";"Acidente s";"30";"BR-101/RS";"Norte";"Saída de pista";1;0;0;0;0;0;0;0;0;0;0;0;2;0;0
"24/07/2023";"19:22:00";"304";"Acidente s";"92";"BR-290/RS";"Leste";"Colisão - Lateral";1;0;1;0;0;0;0;0;0;0;0;0;1;0;0
"24/07/2023";"19:29:00";"305";"Acidente s";"440";"BR-386/RS";"Norte";"Saída de pista";1;0;0;0;0;0;0;0;0;0;6;0;0;0;0
"24/07/2023";"20:08:00";"312";"Acidente s";"232,17";"BR-386/RS";"Sul";"Queda de ribanceira";1;0;0;0;0;0;0;0;0;0;1;0;0;0;0
"24/07/2023";"20:50:00";"320";"Acidente s";"346";"BR-386/RS";"Norte";"Queda de ribanceira";1;0;0;0;0;0;0;0;0;0;0;1;0;0;0
"24/07/2023";"21:19:00";"327";"Acidente s";"423";"BR-386/RS";"Norte";"Saída de pista";1;0;0;0;0;0;0;0;0;0;2;0;0;0;0
"24/07/2023";"21:35:00";"330";"Acidente s";"350";"BR-386/RS";"Norte";"Engavetamento";3;0;0;0;0;0;0;0;0;0;0;2;0;0;0
"25/07/2023";"04:28:00";"22";"Acidente s";"34";"BR-101/RS";"Sul";"Saída de pista";1;0;0;0;0;0;0;0;0;0;2;0;0;0;0
"25/07/2023";"07:42:00";"73";"Acidente s";"321";"BR-386/RS";"Sul";"Saída de pista";0;0;1;0;0;0;0;0;0;0;2;0;0;0;0
"25/07/2023";"11:07:00";"148";"Acidente s";"189";"BR-386/RS";"Sul";"Colisão - Traseira";1;0;0;0;0;0;0;1;0;0;1;0;1;0;0
"25/07/2023";"12:53:00";"170";"Acidente c";"238";"BR-386/RS";"Norte";"Capotamento";1;0;0;0;0;0;0;0;0;0;4;0;0;0;0
"25/07/2023";"13:57:00";"181";"Acidente s";"2";"BR-290/RS";"Oeste";"Saída de pista";1;0;0;0;0;0;0;0;0;0;1;0;1;0;0
"25/07/2023";"16:56:00";"216";"Acidente s";"41";"BR-101/RS";"Norte";"Saída de pista";1;0;0;0;0;0;0;0;0;0;1;0;0;0;0
"25/07/2023";"17:12:00";"219";"Acidente s";"234";"BR-386/RS";"Sul";"Colisão - Transversal";2;0;0;0;0;0;0;0;0;0;1;0;0;0;0
"25/07/2023";"19:22:00";"255";"Acidente s";"89";"BR-290/RS";"Leste";"Colisão - Lateral";1;0;0;0;0;0;0;1;0;0;0;1;0;0;0
"25/07/2023";"20:15:00";"264";"Acidente s";"86";"BR-290/RS";"Leste";"Colisão - Lateral";2;0;0;0;0;0;0;0;0;0;2;0;0;0;0
"26/07/2023";"06:14:00";"314";"Acidente s";"368";"BR-386/RS";"Sul";"Colisão - Traseira";1;0;0;0;0;0;0;1;0;0;1;1;0;0;0
"26/07/2023";"07:00:00";"333";"Acidente s";"236";"BR-386/RS";"Norte";"Colisão - Traseira";2;0;0;0;0;0;0;0;0;0;3;0;0;0;0
"26/07/2023";"07:28:00";"351";"Acidente s";"80";"BR-290/RS";"Leste";"Colisão - Lateral";1;0;1;0;0;0;0;0;0;0;2;1;0;0;0
"26/07/2023";"08:47:00";"391";"Acidente s";"359";"BR-386/RS";"Norte";"Saída de pista";1;0;0;0;0;0;0;0;0;0;1;0;0;0;0
"26/07/2023";"11:31:00";"444";"Acidente s";"252";"BR-386/RS";"Norte";"Colisão - Traseira";0;0;0;0;0;0;0;2;0;0;1;0;0;0;0
"26/07/2023";"12:26:00";"453";"Acidente s";"426";"BR-386/RS";"Sul";"Colisão - Lateral";1;0;1;0;0;0;0;0;0;0;2;0;0;0;0
"26/07/2023";"17:10:00";"516";"Acidente c";"266";"BR-386/RS";"Norte";"Capotamento";1;0;0;0;0;0;0;0;0;0;4;0;0;0;0
"26/07/2023";"17:56:00";"529";"Acidente c";"438";"BR-386/RS";"Norte";"Saída de pista";1;0;0;0;0;0;0;0;0;0;3;0;0;0;0
"26/07/2023";"20:47:00";"552";"Acidente s";"1";"BR-290/RS";"Oeste";"Saída de pista";3;0;0;0;0;0;0;0;0;0;2;0;0;0;0
"27/07/2023";"00:09:00";"1";"Acidente s";"96";"BR-290/RS";"Leste";"Colisão - Frontal";2;0;0;0;0;0;0;0;0;0;2;0;0;0;0
"27/07/2023";"06:36:00";"13";"Acidente s";"82";"BR-290/RS";"Oeste";"Colisão - Lateral";1;0;0;0;0;1;0;0;0;0;2;0;0;0;0
"27/07/2023";"07:38:00";"42";"Acidente s";"91";"BR-290/RS";"Leste";"Colisão - Traseira";2;0;0;0;0;0;0;0;0;0;1;0;0;0;0
"27/07/2023";"08:15:00";"63";"Acidente c";"82,56";"BR-290/RS";"Oeste";"Engavetamento";3;0;0;0;0;0;0;0;0;0;2;0;0;0;0
"27/07/2023";"16:02:00";"187";"Atropelame";"350";"BR-386/RS";"Sul";"Atropelamento - Usuário";0;0;1;0;0;0;0;0;0;0;2;0;0;0;0
"27/07/2023";"16:48:00";"196";"Acidente s";"310";"BR-386/RS";"Sul";"Colisão - Traseira";1;0;0;0;0;0;0;0;0;1;1;0;0;0;0
"27/07/2023";"18:17:00";"214";"Acidente s";"92";"BR-290/RS";"Leste";"Tombamento";2;0;0;0;0;0;0;0;0;0;1;0;0;0;0
"27/07/2023";"19:19:00";"221";"Acidente s";"388";"BR-386/RS";"Sul";"Atropelamento de Animal";1;0;0;0;0;0;0;0;0;0;3;0;0;0;0
"27/07/2023";"20:38:00";"232";"Acidente c";"19";"BR-101/RS";"Sul";"Colisão - Lateral";0;0;1;1;0;0;0;1;0;0;2;0;0;0;0
"27/07/2023";"22:05:00";"244";"Acidente c";"13";"BR-448/RS";"Sul";"Queda de moto";0;0;0;1;0;0;0;0;0;0;2;0;0;0;0
"28/07/2023";"00:14:00";"1";"Acidente c";"399";"BR-386/RS";"Norte";"Saída de pista";1;0;0;0;0;0;0;0;0;0;1;0;0;0;0
"28/07/2023";"05:01:00";"17";"Acidente s";"406";"BR-386/RS";"Sul";"Saída de pista";0;0;0;0;0;0;0;0;0;1;2;0;0;0;0
"28/07/2023";"06:35:00";"30";"Acidente s";"88";"BR-290/RS";"Oeste";"Colisão - Lateral";1;0;0;0;0;0;0;1;0;0;1;1;3;1;0
"28/07/2023";"07:53:00";"61";"Acidente s";"255";"BR-386/RS";"Sul";"Saída de pista";1;0;0;0;0;0;0;0;0;0;1;0;0;0;0
"28/07/2023";"09:55:00";"103";"Acidente s";"350";"BR-386/RS";"Norte";"Colisão - Lateral";1;0;0;0;0;0;0;0;0;1;1;0;0;0;0
"28/07/2023";"11:40:00";"131";"Acidente s";"9";"BR-290/RS";"Leste";"Queda de moto";0;0;0;1;0;0;0;0;0;0;1;0;0;0;0
"28/07/2023";"15:51:00";"203";"Acidente c";"385";"BR-386/RS";"Norte";"Colisão - Traseira";0;0;2;0;0;0;0;0;0;0;1;0;0;0;0
"28/07/2023";"18:45:00";"247";"Acidente c";"6";"BR-290/RS";"Oeste";"Capotamento";1;0;0;0;0;0;0;0;0;0;6;1;0;0;0
"28/07/2023";"19:57:00";"257";"Acidente s";"435";"BR-386/RS";"Sul";"Colisão - Traseira";2;0;0;0;0;0;0;0;0;0;1;0;0;0;0
"28/07/2023";"20:13:00";"260";"Acidente s";"352";"BR-386/RS";"Norte";"Queda de ribanceira";1;0;0;0;0;0;0;0;0;0;7;2;1;0;0
"29/07/2023";"06:39:00";"29";"Acidente s";"78";"BR-290/RS";"Oeste";"Choque Barreira";1;0;0;0;0;0;0;0;0;0;0;1;0;0;0
"29/07/2023";"15:04:00";"154";"Acidente s";"95";"BR-290/RS";"Oeste";"Colisão - Traseira";2;0;0;0;0;0;0;0;0;0;3;0;0;0;0
"30/07/2023";"06:24:00";"29";"Acidente c";"248";"BR-386/RS";"Sul";"Atropelamento de Animal";1;0;0;0;0;0;0;0;0;0;2;0;0;0;0
"30/07/2023";"08:18:00";"51";"Acidente c";"74";"BR-101/RS";"Sul";"Saída de pista";1;0;0;0;0;0;0;0;0;0;5;0;0;0;0
"30/07/2023";"12:39:00";"85";"Acidente c";"362";"BR-386/RS";"Sul";"Colisão - Lateral";1;0;0;1;0;0;0;0;0;0;2;0;0;0;1
"30/07/2023";"14:04:00";"100";"Acidente s";"20";"BR-448/RS";"Sul";"Queda de moto";0;0;0;1;0;0;0;0;0;0;1;0;1;0;0
"30/07/2023";"15:05:00";"108";"Acidente s";"21,38";"BR-290/RS";"Oeste";"Saída de pista";0;0;0;0;0;0;0;0;0;1;3;1;0;0;0
"30/07/2023";"16:31:00";"125";"Acidente s";"333";"BR-386/RS";"Sul";"Colisão - Traseira";2;0;0;0;0;0;0;0;0;0;2;0;0;0;0
"30/07/2023";"19:48:00";"186";"Acidente s";"216";"BR-386/RS";"Sul";"Capotamento";1;0;0;0;0;0;0;0;0;0;2;0;0;0;0
"30/07/2023";"21:21:00";"204";"Acidente s";"374";"BR-386/RS";"Sul";"Colisão - Traseira";2;0;0;0;0;0;0;0;0;0;2;0;0;0;0
"30/07/2023";"22:43:00";"211";"Acidente s";"326";"BR-386/RS";"Sul";"Colisão - Lateral";2;0;0;0;0;0;0;0;0;0;5;0;0;0;0
"30/07/2023";"23:04:00";"214";"Acidente c";"350";"BR-386/RS";"Sul";"Choque Barreira";1;0;0;0;0;0;0;0;0;0;2;0;0;0;0
"31/07/2023";"12:08:00";"173";"Acidente s";"245";"BR-386/RS";"Norte";"Colisão - Lateral";2;0;0;0;0;0;0;0;0;0;3;0;0;0;0
"31/07/2023";"14:55:00";"216";"Acidente c";"351";"BR-386/RS";"Sul";"Queda de moto";1;0;0;0;0;0;0;0;0;0;1;1;0;0;0
"31/07/2023";"18:40:00";"256";"Acidente s";"354";"BR-386/RS";"Norte";"Colisão - Transversal";2;0;0;0;0;0;0;0;0;0;4;0;0;0;0
"01/08/2023";"08:08:00";"83";"Acidente s";"20";"BR-448/RS";"Sul";"Colisão - Traseira";2;0;0;0;0;0;0;0;0;0;1;0;0;0;0
"01/08/2023";"10:26:00";"144";"Acidente s";"85";"BR-290/RS";"Leste";"Choque Barreira";1;0;0;0;0;0;0;0;0;0;1;0;0;0;0
"01/08/2023";"17:01:00";"222";"Acidente s";"435";"BR-386/RS";"Sul";"Colisão - Traseira";2;0;0;0;0;0;0;0;0;0;2;0;0;0;0
"01/08/2023";"17:38:00";"228";"Acidente c";"79";"BR-290/RS";"Leste";"Queda de moto";0;0;0;1;0;0;0;0;0;0;0;1;0;0;0
"02/08/2023";"11:40:00";"142";"Acidente c";"38";"BR-290/RS";"Oeste";"Choque Defensa";1;0;0;0;0;0;0;0;0;0;0;1;0;0;0
"02/08/2023";"15:42:00";"185";"Acidente s";"318";"BR-386/RS";"Sul";"Saída de pista";1;0;0;0;0;0;0;0;0;0;1;0;0;0;0
"02/08/2023";"16:48:00";"197";"Acidente s";"421";"BR-386/RS";"Norte";"Engavetamento";3;0;0;0;0;0;0;0;0;0;4;0;0;0;0
"02/08/2023";"18:07:00";"218";"Acidente s";"345,5";"BR-386/RS";"Ambos";"Colisão - Lateral";1;0;0;0;0;0;0;0;0;0;1;0;0;0;0
"02/08/2023";"18:16:00";"221";"Acidente s";"341";"BR-386/RS";"Sul";"Colisão - Traseira";2;0;0;0;0;0;0;0;0;0;4;0;0;0;0
"02/08/2023";"19:33:00";"231";"Acidente s";"411";"BR-386/RS";"Sul";"Colisão - Traseira";1;0;0;0;0;1;0;0;0;0;1;0;0;0;0
"02/08/2023";"20:56:00";"238";"Acidente s";"270";"BR-386/RS";"Sul";"Choque com veículo no acostamento";0;0;0;0;0;0;0;2;0;0;4;0;0;0;0
"03/08/2023";"03:16:00";"11";"Acidente s";"64,6";"BR-290/RS";"Leste";"Queda de ribanceira";1;0;0;0;0;0;0;0;0;0;2;0;0;0;0
"03/08/2023";"03:49:00";"13";"Acidente s";"440,35";"BR-386/RS";"Sul";"Atropelamento de Animal";0;0;0;0;0;0;0;1;0;0;1;0;0;0;0
"03/08/2023";"06:04:00";"22";"Acidente s";"351,25";"BR-386/RS";"Norte";"Colisão - Lateral";1;0;0;1;0;0;0;0;0;0;3;0;0;0;0
"03/08/2023";"16:09:00";"202";"Acidente s";"81,8";"BR-290/RS";"Leste";"Choque - Sinalização";1;0;0;0;0;0;0;0;0;0;1;0;0;0;0
"03/08/2023";"17:29:00";"210";"Acidente s";"223,2";"BR-386/RS";"Norte";"Engavetamento";1;0;0;0;0;0;0;1;0;1;4;0;0;0;0
"03/08/2023";"18:02:00";"218";"Acidente s";"353";"BR-386/RS";"Norte";"Saída de pista";1;0;0;0;0;0;0;0;0;0;1;0;0;0;0
"03/08/2023";"18:45:00";"227";"Acidente c";"218,2";"BR-386/RS";"Norte";"Engavetamento";4;0;0;0;0;0;0;0;0;0;3;0;1;0;0
"03/08/2023";"20:23:00";"248";"Acidente s";"344,7";"BR-386/RS";"Norte";"Queda de ribanceira";1;0;0;0;0;0;0;0;0;0;2;0;0;0;0
"03/08/2023";"21:53:00";"264";"Acidente s";"298";"BR-386/RS";"Sul";"Saída de pista";1;0;0;0;0;0;0;0;0;0;1;0;0;0;0
"04/08/2023";"01:18:00";"14";"Acidente c";"438,95";"BR-386/RS";"Sul";"Colisão - Lateral";1;0;1;0;0;0;0;0;0;0;1;0;0;0;2
"04/08/2023";"05:41:00";"26";"Acidente s";"18,3";"BR-448/RS";"Norte";"Capotamento";1;0;0;0;0;0;0;0;0;0;1;0;0;0;0
"04/08/2023";"07:05:00";"56";"Acidente s";"82,07";"BR-290/RS";"Oeste";"Engavetamento";3;0;0;0;0;0;0;0;0;0;3;0;0;0;0
"04/08/2023";"11:14:00";"143";"Acidente c";"180";"BR-386/RS";"Sul";"Saída de pista";0;0;0;0;0;0;0;1;0;0;0;1;0;0;0
"04/08/2023";"12:12:00";"156";"Acidente s";"247,4";"BR-386/RS";"Sul";"Choque com objeto sobre a pista";1;0;1;0;0;0;0;0;0;0;5;0;0;0;0
"04/08/2023";"14:24:00";"183";"Acidente s";"27,51";"BR-290/RS";"Leste";"Saída de pista";1;0;0;0;0;0;0;0;0;0;2;0;0;0;0
"04/08/2023";"15:21:00";"197";"Acidente c";"440,9";"BR-386/RS";"Sul";"Tombamento";0;0;0;0;0;0;0;1;0;0;0;0;0;0;1
"05/08/2023";"04:31:00";"14";"Acidente c";"318";"BR-386/RS";"Sul";"Choque Talude";1;0;0;0;0;0;0;0;0;0;0;1;0;0;0
"05/08/2023";"06:43:00";"20";"Acidente c";"296";"BR-386/RS";"Norte";"Saída de pista";1;0;0;0;0;0;0;0;0;0;3;1;0;0;0
"05/08/2023";"07:27:00";"33";"Acidente s";"85";"BR-290/RS";"Leste";"Capotamento";1;0;0;0;0;0;0;0;0;0;1;0;0;0;0
"05/08/2023";"11:58:00";"112";"Acidente s";"317,5";"BR-386/RS";"Sul";"Colisão - Lateral";2;0;0;0;0;0;0;0;0;0;3;0;0;0;0
"05/08/2023";"16:19:00";"160";"Acidente c";"342";"BR-386/RS";"Norte";"Colisão - Transversal";0;0;0;2;0;0;0;0;0;0;2;0;1;0;0
"06/08/2023";"04:01:00";"5";"Acidente s";"65";"BR-290/RS";"Oeste";"Saída de pista";1;0;0;0;0;0;0;0;0;0;1;0;0;0;0
"06/08/2023";"06:35:00";"19";"Acidente s";"86";"BR-290/RS";"Leste";"Colisão - Lateral";1;0;0;0;0;1;0;0;0;0;3;0;0;0;0
"06/08/2023";"07:53:00";"34";"Acidente s";"417";"BR-386/RS";"Norte";"Saída de pista";1;0;0;0;0;0;0;0;0;0;1;0;0;0;0
"06/08/2023";"18:11:00";"147";"Acidente s";"362,38";"BR-386/RS";"Sul";"Colisão - Lateral";2;0;0;0;0;0;0;0;0;0;4;0;0;0;0
"06/08/2023";"19:21:00";"166";"Acidente c";"80";"BR-290/RS";"Oeste";"Saída de pista";1;0;0;1;0;0;0;0;0;0;1;0;1;0;0
"06/08/2023";"19:55:00";"174";"Acidente s";"20,12";"BR-448/RS";"Sul";"Choque Barreira";1;0;0;0;0;0;0;0;0;0;1;0;0;0;0
"06/08/2023";"22:11:00";"192";"Acidente s";"280";"BR-386/RS";"Norte";"Colisão - Lateral";1;0;1;0;0;0;0;0;0;0;2;0;0;0;0
"07/08/2023";"03:58:00";"8";"Acidente s";"91";"BR-290/RS";"Leste";"Colisão - Lateral";2;0;0;0;0;0;0;0;0;0;2;0;0;0;0
"07/08/2023";"05:36:00";"12";"Acidente s";"11";"BR-290/RS";"Oeste";"Saída de pista";1;0;0;0;0;0;0;0;0;0;1;0;0;0;0
"07/08/2023";"07:42:00";"65";"Acidente c";"343";"BR-386/RS";"Norte";"Queda de moto";0;0;0;1;0;0;0;0;0;0;0;0;0;0;0
"07/08/2023";"08:55:00";"98";"Acidente s";"385,3";"BR-386/RS";"Sul";"Colisão - Lateral";1;0;0;0;1;0;0;0;0;0;2;0;0;0;0
"07/08/2023";"09:57:00";"116";"Acidente c";"384,1";"BR-386/RS";"Sul";"Choque com veículo no acostamento";0;0;1;0;0;0;0;0;0;1;1;2;0;0;0
"07/08/2023";"11:09:00";"128";"Acidente s";"396,5";"BR-386/RS";"Norte";"Saída de pista";1;0;0;0;0;0;0;0;0;0;2;0;0;0;0
"07/08/2023";"11:35:00";"134";"Acidente c";"79,19";"BR-290/RS";"Oeste";"Saída de pista";1;0;0;0;0;0;0;0;0;0;0;0;1;0;0
"07/08/2023";"11:36:00";"135";"Acidente s";"9,8";"BR-448/RS";"Sul";"Saída de pista";1;0;0;0;0;0;0;0;0;0;1;0;0;0;0
"07/08/2023";"11:38:00";"136";"Acidente s";"22,1";"BR-290/RS";"Oeste";"Saída de pista";1;0;0;0;0;0;0;0;0;0;1;0;0;0;0
"07/08/2023";"12:08:00";"141";"Acidente c";"241,3";"BR-386/RS";"Norte";"Capotamento";1;0;0;0;0;0;0;0;0;0;2;1;0;0;0
"07/08/2023";"12:46:00";"150";"Acidente c";"305,13";"BR-386/RS";"Sul";"Tombamento";0;0;0;0;0;0;0;0;0;1;0;0;2;0;0
"07/08/2023";"14:13:00";"157";"Acidente c";"329,04";"BR-386/RS";"Sul";"Saída de pista";1;0;0;0;0;0;0;0;0;0;1;1;0;0;0
"07/08/2023";"15:28:00";"171";"Acidente s";"92";"BR-290/RS";"Leste";"Queda de moto";0;0;0;1;0;0;0;0;0;0;1;0;0;0;0
"08/08/2023";"07:49:00";"72";"Acidente c";"220,05";"BR-386/RS";"Sul";"Colisão - Lateral";0;0;1;0;0;0;0;1;0;0;1;1;0;0;0
"08/08/2023";"08:02:00";"81";"Acidente s";"428,2";"BR-386/RS";"Sul";"Choque com objeto sobre a pista";1;0;0;0;0;0;0;0;0;0;1;0;0;0;0
"08/08/2023";"11:21:00";"142";"Acidente c";"237,31";"BR-386/RS";"Ambos";"Colisão - Traseira";2;0;0;0;0;0;0;0;0;1;4;2;0;0;0
"08/08/2023";"17:49:00";"227";"Acidente s";"21,2";"BR-448/RS";"Norte";"Colisão - Lateral";1;0;0;0;0;0;0;1;0;0;2;0;0;0;0
"08/08/2023";"18:15:00";"232";"Acidente s";"82,6";"BR-290/RS";"Leste";"Colisão - Frontal";0;0;0;2;0;0;0;0;0;0;2;0;0;0;0
"08/08/2023";"18:44:00";"239";"Acidente c";"32,3";"BR-101/RS";"Norte";"Colisão - Frontal";1;0;0;1;0;0;0;0;0;0;1;1;0;0;0
"09/08/2023";"03:21:00";"15";"Acidente s";"380,9";"BR-386/RS";"Sul";"Choque Defensa";1;0;0;0;0;0;0;0;0;0;1;0;0;0;0
"09/08/2023";"09:11:00";"116";"Acidente c";"226,5";"BR-386/RS";"Ambos";"Colisão - Frontal";2;0;0;0;0;0;0;1;0;0;1;0;0;3;2
"09/08/2023";"12:02:00";"152";"Acidente s";"218,1";"BR-386/RS";"Sul";"Engavetamento";3;0;1;0;0;0;0;0;0;0;4;0;0;0;0
"09/08/2023";"18:18:00";"203";"Acidente s";"91";"BR-290/RS";"Leste";"Choque - Meio Fio";1;0;0;0;0;0;0;0;0;0;1;0;0;0;0
"09/08/2023";"19:19:00";"215";"Acidente c";"75";"BR-290/RS";"Leste";"Queda de moto";0;0;0;1;0;0;0;0;0;0;0;1;0;0;0
"09/08/2023";"19:52:00";"225";"Acidente s";"307,22";"BR-386/RS";"Norte";"Saída de pista";1;0;0;0;0;0;0;0;0;1;2;0;0;0;0
"09/08/2023";"21:03:00";"239";"Acidente s";"9";"BR-448/RS";"Norte";"Saída de pista";1;0;0;0;0;0;0;0;0;0;1;0;0;0;0
"09/08/2023";"23:53:00";"259";"Acidente s";"70,57";"BR-101/RS";"Norte";"Capotamento";1;0;0;0;0;0;0;0;0;0;1;0;0;0;0
"10/08/2023";"07:16:00";"39";"Acidente s";"75";"BR-290/RS";"Leste";"Colisão - Traseira";2;0;0;0;0;0;0;0;0;0;2;0;0;0;0
"10/08/2023";"12:27:00";"162";"Acidente s";"14,9";"BR-448/RS";"Norte";"Choque Barreira";1;0;0;0;0;0;0;0;0;0;1;0;0;0;0
"10/08/2023";"12:54:00";"172";"Acidente s";"47,1";"BR-290/RS";"Oeste";"Colisão - Lateral";2;0;0;0;0;0;0;0;0;0;3;0;0;0;0
"10/08/2023";"14:23:00";"198";"Acidente s";"270,2";"BR-386/RS";"Norte";"Colisão - Lateral";0;0;0;0;0;0;0;2;0;0;2;0;0;0;0
"10/08/2023";"14:58:00";"204";"Acidente s";"342,4";"BR-386/RS";"Norte";"Colisão - Lateral";1;0;1;0;0;0;0;0;0;0;3;0;0;0;0
"10/08/2023";"15:30:00";"210";"Acidente s";"308";"BR-386/RS";"Norte";"Choque Barreira";1;0;0;0;0;0;0;0;0;0;2;0;0;0;0
"10/08/2023";"15:41:00";"214";"Acidente c";"95,1";"BR-290/RS";"Leste";"Queda de moto";0;0;0;1;0;0;0;0;0;0;0;2;0;0;0
"10/08/2023";"18:38:00";"243";"Acidente s";"70,07";"BR-290/RS";"Leste";"Saída de pista";1;0;0;0;0;0;0;0;0;0;1;0;0;0;0
"10/08/2023";"20:57:00";"274";"Acidente s";"445,24";"BR-386/RS";"Sul";"Atropelamento de Animal";1;0;0;0;0;0;0;0;0;0;4;0;0;0;0
"11/08/2023";"00:33:00";"3";"Acidente s";"221,18";"BR-386/RS";"Sul";"Colisão - Traseira";1;0;0;0;1;0;0;0;0;0;5;0;0;0;0
"11/08/2023";"04:04:00";"17";"Acidente s";"405";"BR-386/RS";"Norte";"Saída de pista";1;0;0;0;0;0;0;0;0;0;1;0;0;0;0
"11/08/2023";"08:08:00";"77";"Acidente s";"86,3";"BR-290/RS";"Oeste";"Colisão - Lateral";1;0;0;0;0;1;0;0;0;0;3;0;0;0;0
"11/08/2023";"12:01:00";"150";"Acidente c";"15,9";"BR-101/RS";"Sul";"Queda de moto";0;0;0;1;0;0;0;0;0;0;1;0;1;0;0
"11/08/2023";"14:50:00";"186";"Acidente s";"280,13";"BR-386/RS";"Norte";"Colisão - Traseira";2;0;0;0;0;0;0;0;0;0;3;0;0;0;0
"11/08/2023";"17:15:00";"228";"Acidente c";"15";"BR-448/RS";"Norte";"Engavetamento";2;0;1;0;0;0;0;0;0;0;2;0;1;0;0
"11/08/2023";"18:43:00";"248";"Acidente s";"50,25";"BR-290/RS";"Oeste";"Saída de pista";1;0;0;0;0;0;0;0;0;0;2;0;0;0;0
"11/08/2023";"20:03:00";"264";"Acidente s";"436";"BR-386/RS";"Norte";"Choque - Meio Fio";1;0;0;0;0;0;0;0;0;0;1;0;0;0;0
"11/08/2023";"20:41:00";"273";"Acidente s";"71,09";"BR-101/RS";"Norte";"Saída de pista";1;0;0;0;0;0;0;0;0;0;1;0;0;0;0
"11/08/2023";"22:41:00";"293";"Acidente s";"337";"BR-386/RS";"Norte";"Queda de ribanceira";0;0;0;0;0;0;0;1;0;0;1;0;0;0;0
"11/08/2023";"23:35:00";"299";"Acidente s";"417";"BR-386/RS";"Sul";"Saída de pista";2;0;0;0;0;0;0;0;0;0;5;0;0;0;0
"12/08/2023";"05:43:00";"28";"Acidente s";"6";"BR-448/RS";"Norte";"Colisão - Lateral";2;0;0;0;0;0;0;0;0;0;4;0;0;0;0
"12/08/2023";"09:58:00";"63";"Acidente s";"6,51";"BR-290/RS";"Leste";"Saída de pista";1;0;0;0;0;0;0;0;0;0;1;0;0;0;0
"12/08/2023";"10:23:00";"72";"Acidente s";"60,35";"BR-290/RS";"Leste";"Colisão - Traseira";1;0;1;0;0;0;0;0;0;0;2;0;0;0;0
"12/08/2023";"11:56:00";"89";"Acidente s";"386";"BR-386/RS";"Norte";"Colisão - Lateral";2;0;0;0;0;0;0;0;0;0;4;0;0;0;0
"12/08/2023";"15:16:00";"121";"Acidente s";"426";"BR-386/RS";"Sul";"Colisão - Traseira";2;0;0;0;0;0;0;0;0;0;3;0;0;0;0
"12/08/2023";"18:42:00";"145";"Acidente s";"346";"BR-386/RS";"Norte";"Colisão - Traseira";2;0;0;0;0;0;0;0;0;0;6;0;0;0;0
"12/08/2023";"20:33:00";"158";"Acidente c";"296,1";"BR-386/RS";"Norte";"Queda de moto";0;0;0;1;0;0;0;0;0;0;0;0;1;0;0
"13/08/2023";"01:25:00";"12";"Acidente s";"29,05";"BR-290/RS";"Leste";"Saída de pista";1;0;0;0;0;0;0;0;0;0;4;0;0;0;0
"13/08/2023";"03:47:00";"20";"Acidente c";"355";"BR-386/RS";"Norte";"Queda de ribanceira";0;0;1;0;0;0;0;0;0;0;0;0;0;0;1
"13/08/2023";"04:49:00";"23";"Acidente c";"46,08";"BR-290/RS";"Leste";"Colisão - Traseira";2;0;0;0;0;0;0;0;0;0;2;1;0;0;0
"13/08/2023";"07:25:00";"31";"Acidente c";"304";"BR-386/RS";"Sul";"Saída de pista";1;0;0;0;0;0;0;0;0;0;3;1;0;0;0
"13/08/2023";"10:52:00";"59";"Acidente s";"23,3";"BR-290/RS";"Leste";"Saída de pista";1;0;0;0;0;0;0;0;0;0;2;0;0;0;0
"13/08/2023";"17:08:00";"117";"Acidente s";"358";"BR-386/RS";"Sul";"Choque Defensa";1;0;0;0;0;0;0;0;0;0;1;0;0;0;0
"13/08/2023";"19:39:00";"149";"Acidente c";"362";"BR-386/RS";"Norte";"Queda de moto";0;0;0;1;0;0;0;0;0;0;1;1;0;0;0
"13/08/2023";"19:47:00";"154";"Acidente c";"11";"BR-448/RS";"Sul";"Colisão - Traseira";1;0;0;0;0;0;0;0;0;0;0;2;0;0;0
"13/08/2023";"20:37:00";"165";"Acidente c";"343";"BR-386/RS";"Norte";"Colisão - Traseira";1;0;0;1;0;0;0;0;0;0;4;1;0;0;0
"13/08/2023";"23:06:00";"180";"Acidente s";"272";"BR-386/RS";"Norte";"Saída de pista";1;0;0;0;0;0;0;0;0;0;2;0;0;0;0
"14/08/2023";"01:38:00";"7";"Acidente c";"417,52";"BR-386/RS";"Norte";"Colisão - Frontal";1;0;1;0;0;0;0;0;0;0;1;1;0;2;1
"14/08/2023";"09:59:00";"120";"Acidente s";"214,9";"BR-386/RS";"Norte";"Colisão - Traseira";1;0;0;0;0;0;0;0;0;1;3;0;0;0;0
"14/08/2023";"13:26:00";"163";"Acidente s";"215";"BR-386/RS";"Sul";"Colisão - Traseira";1;0;0;0;0;0;0;1;0;0;2;0;0;0;0
"15/08/2023";"06:37:00";"16";"Atropelame";"346,02";"BR-386/RS";"Sul";"Atropelamento - Usuário";0;0;0;1;0;0;0;0;0;0;0;0;1;0;1
"15/08/2023";"12:52:00";"151";"Acidente c";"342,29";"BR-386/RS";"Norte";"Colisão - Traseira";1;0;1;0;0;0;0;0;0;0;1;1;0;0;0