data;horario;n_da_ocorrencia;tipo_de_ocorrencia;km;trecho;sentido;tipo_de_acidente;automovel;bicicleta;caminhao;moto;onibus;outros;tracao_animal;transporte_de_cargas_especiais;trator_maquinas;utilitarios;ilesos;levemente_feridos;moderadamente_feridos;gravemente_feridos;mortos
"03/09/2023";"17:21:00";"95";"Acidente s";"345,3";"BR-386/RS";"Sul";"Colisão - Traseira";0;0;0;0;0;0;0;0;0;0;5;0;0;0;0
"03/09/2023";"17:45:00";"97";"Acidente s";"396,51";"BR-386/RS";"Norte";"Choque Talude";0;0;0;0;0;0;0;0;0;0;2;0;0;0;0
"03/09/2023";"18:26:00";"103";"Acidente c";"69,12";"BR-290/RS";"Oeste";"Choque com objeto sobre a pista";0;0;0;0;0;0;0;0;0;0;3;1;0;0;0
"03/09/2023";"18:39:00";"104";"Acidente s";"17,14";"BR-448/RS";"Norte";"Choque Defensa";0;0;0;0;0;0;0;0;0;0;1;0;0;0;0
"03/09/2023";"19:25:00";"110";"Acidente s";"85,34";"BR-290/RS";"Leste";"Colisão - Lateral";0;0;1;0;0;0;0;0;0;0;4;0;0;0;0
"03/09/2023";"19:49:00";"112";"Acidente s";"22,2";"BR-448/RS";"Norte";"Outros";0;0;0;0;1;0;0;0;0;0;3;0;0;0;0
"03/09/2023";"19:51:00";"114";"Acidente s";"281,41";"BR-386/RS";"Norte";"Colisão - Lateral";0;0;1;0;0;0;0;0;0;0;2;0;0;0;0
"03/09/2023";"20:07:00";"115";"Acidente c";"19";"BR-290/RS";"Oeste";"Outros";0;0;0;0;0;0;0;0;0;0;3;1;0;0;0
"03/09/2023";"20:17:00";"117";"Acidente s";"10,3";"BR-448/RS";"Norte";"Saída de pista";0;0;0;0;0;0;0;0;0;0;3;0;0;0;0
"03/09/2023";"20:20:00";"118";"Acidente s";"189,08";"BR-386/RS";"Sul";"Saída de pista";0;0;0;0;0;0;0;0;0;0;1;0;0;0;0
"03/09/2023";"21:04:00";"122";"Acidente s";"22,25";"BR-448/RS";"Norte";"Choque Barreira";0;0;0;0;0;0;0;0;0;0;1;0;0;0;0
"03/09/2023";"23:04:00";"135";"Acidente s";"22,19";"BR-448/RS";"Sul";"Choque Barreira";0;0;0;0;0;0;0;0;0;0;2;0;0;0;0
"04/09/2023";"01:19:00";"4";"Acidente s";"289,07";"BR-386/RS";"Norte";"Saída de pista";0;0;0;0;0;0;0;0;0;1;1;0;0;0;0
"04/09/2023";"01:33:00";"6";"Acidente s";"247,6";"BR-386/RS";"Norte";"Queda de ribanceira";0;0;0;0;0;0;0;0;0;0;2;0;0;0;0
"04/09/2023";"01:42:00";"8";"Acidente s";"401,12";"BR-386/RS";"Norte";"Choque Talude";0;0;0;0;0;0;0;0;0;0;1;0;0;0;0
"04/09/2023";"01:52:00";"10";"Acidente c";"402,27";"BR-386/RS";"Norte";"Colisão - Traseira";0;0;1;0;0;0;0;0;0;0;0;1;1;0;0
"04/09/2023";"01:57:00";"11";"Acidente s";"6,12";"BR-290/RS";"Oeste";"Saída de pista";0;0;0;0;0;0;0;0;0;0;1;0;0;0;0
"04/09/2023";"07:43:00";"51";"Acidente s";"322";"BR-386/RS";"Sul";"Saída de pista";0;0;0;0;0;0;0;0;0;0;1;0;0;0;0
"04/09/2023";"07:59:00";"65";"Acidente s";"92";"BR-290/RS";"Leste";"Colisão - Lateral";0;0;0;0;0;0;0;0;0;0;2;0;0;0;0
"04/09/2023";"08:02:00";"66";"Acidente c";"92";"BR-290/RS";"Oeste";"Colisão - Lateral";0;0;0;0;1;0;0;0;0;0;1;1;0;0;0
"04/09/2023";"08:13:00";"73";"Acidente c";"282,8";"BR-386/RS";"Norte";"Colisão - Lateral";0;0;0;0;0;0;0;0;0;0;1;1;0;0;0
"04/09/2023";"08:23:00";"83";"Acidente s";"362,5";"BR-386/RS";"Norte";"Choque Defensa";0;0;0;0;0;0;0;0;0;0;1;0;0;0;0
"04/09/2023";"09:02:00";"92";"Acidente s";"352,8";"BR-386/RS";"Norte";"Choque Defensa";0;0;0;0;0;0;0;0;0;0;1;0;0;0;0
"04/09/2023";"09:20:00";"98";"Acidente s";"92";"BR-290/RS";"Leste";"Colisão - Traseira";0;0;0;0;0;0;0;0;0;1;2;0;0;0;0
"04/09/2023";"10:16:00";"111";"Acidente s";"15";"BR-448/RS";"Sul";"Colisão - Traseira";1;0;0;0;0;0;0;0;0;0;5;0;0;0;0
"04/09/2023";"10:29:00";"119";"Acidente s";"401";"BR-386/RS";"Norte";"Saída de pista";0;0;0;0;0;0;0;0;0;0;1;0;0;0;0
"04/09/2023";"11:12:00";"124";"Acidente s";"15,8";"BR-290/RS";"Oeste";"Saída de pista";0;0;1;0;0;0;0;0;0;0;1;0;0;0;0
"04/09/2023";"11:52:00";"133";"Acidente c";"5,4";"BR-290/RS";"Leste";"Saída de pista";0;0;0;0;0;0;0;0;0;0;1;1;0;0;0
"04/09/2023";"12:13:00";"139";"Acidente s";"37,4";"BR-101/RS";"Sul";"Choque Barreira";0;0;0;0;0;0;0;0;0;0;2;0;0;0;0
"04/09/2023";"13:35:00";"162";"Acidente s";"22";"BR-448/RS";"Norte";"Colisão - Lateral";0;0;0;0;0;0;0;0;0;1;2;0;0;0;0
"04/09/2023";"15:09:00";"177";"Acidente s";"440";"BR-386/RS";"Norte";"Saída de pista";0;0;0;0;0;0;0;0;0;0;1;0;0;0;0
"04/09/2023";"16:58:00";"199";"Acidente s";"300,59";"BR-386/RS";"Norte";"Colisão - Lateral";0;0;0;0;0;0;0;0;0;0;3;0;0;0;0
"04/09/2023";"20:50:00";"259";"Acidente s";"9,8";"BR-448/RS";"Norte";"Queda de ribanceira";0;0;0;0;0;0;0;0;0;0;2;0;0;0;0
"04/09/2023";"21:16:00";"266";"Acidente s";"341";"BR-386/RS";"Norte";"Queda de ribanceira";0;0;0;0;0;0;0;0;0;0;3;0;0;0;0
"05/09/2023";"04:51:00";"309";"Acidente s";"10,1";"BR-290/RS";"Oeste";"Queda de ribanceira";0;0;0;0;0;0;0;0;0;0;3;0;0;0;0
"05/09/2023";"05:43:00";"314";"Acidente s";"5,1";"BR-290/RS";"Oeste";"Colisão - Traseira";0;0;0;0;0;0;0;0;0;1;1;0;0;0;0
"05/09/2023";"07:31:00";"366";"Acidente s";"51";"BR-101/RS";"Sul";"Saída de pista";0;0;0;0;0;0;0;0;0;0;5;0;0;0;0
"05/09/2023";"11:41:00";"463";"Acidente c";"273,5";"BR-386/RS";"Norte";"Colisão - Frontal";0;0;0;0;0;0;0;0;0;0;1;0;0;2;0
"06/09/2023";"13:10:00";"167";"Acidente s";"86";"BR-290/RS";"Oeste";"Colisão - Lateral";0;0;0;0;0;0;0;0;0;0;1;0;0;0;0
"06/09/2023";"15:22:00";"208";"Acidente s";"289,15";"BR-386/RS";"Norte";"Colisão - Lateral";0;0;0;0;0;0;0;0;0;1;3;0;0;0;0
"06/09/2023";"16:47:00";"223";"Acidente s";"83";"BR-290/RS";"Leste";"Colisão - Traseira";0;0;0;0;0;0;0;0;0;0;5;0;0;0;0
"06/09/2023";"20:25:00";"259";"Acidente s";"79,51";"BR-101/RS";"Norte";"Queda de ribanceira";0;0;0;0;0;0;0;0;1;0;1;0;0;0;0
"06/09/2023";"22:43:00";"289";"Acidente c";"70,57";"BR-290/RS";"Oeste";"Capotamento";0;0;0;0;0;0;0;0;0;0;0;1;0;0;0
"07/09/2023";"02:01:00";"11";"Acidente s";"52,06";"BR-101/RS";"Sul";"Choque Defensa";0;0;1;0;0;0;0;0;0;0;1;0;0;0;0
"07/09/2023";"05:33:00";"25";"Acidente s";"80";"BR-290/RS";"Leste";"Saída de pista";0;0;0;0;0;0;0;0;0;0;1;0;0;0;0
"07/09/2023";"11:00:00";"96";"Acidente s";"440,9";"BR-386/RS";"Sul";"Saída de pista";0;0;0;0;0;0;0;0;0;0;1;0;0;0;0
"07/09/2023";"23:40:00";"218";"Acidente s";"188,01";"BR-386/RS";"Norte";"Saída de pista";0;0;0;0;0;0;0;0;0;0;1;0;0;0;0
"08/09/2023";"00:29:00";"1";"Acidente s";"249,02";"BR-386/RS";"Sul";"Queda de ribanceira";0;0;0;0;0;0;0;0;0;0;1;0;0;0;0
"08/09/2023";"00:38:00";"3";"Acidente s";"381,26";"BR-386/RS";"Sul";"Saída de pista";0;0;0;0;0;0;0;0;0;0;1;0;0;0;0
"08/09/2023";"00:54:00";"5";"Acidente s";"356,13";"BR-386/RS";"Norte";"Saída de pista";0;0;0;0;0;0;0;0;0;0;1;0;0;0;0
"08/09/2023";"01:15:00";"8";"Acidente s";"345,38";"BR-386/RS";"Sul";"Saída de pista";0;0;0;0;0;0;0;0;0;0;1;0;0;0;0
"08/09/2023";"03:42:00";"22";"Acidente s";"405,37";"BR-386/RS";"Sul";"Choque - Arvore";0;0;0;1;0;0;0;0;0;0;1;0;0;0;0
"08/09/2023";"05:23:00";"32";"Acidente s";"381,49";"BR-386/RS";"Norte";"Choque com objeto sobre a pista";0;0;0;1;0;0;0;0;0;0;1;0;0;0;0
"08/09/2023";"05:41:00";"35";"Acidente s";"399,09";"BR-386/RS";"Norte";"Choque com objeto sobre a pista";0;0;0;0;0;0;0;0;0;0;1;0;0;0;0
"08/09/2023";"09:38:00";"111";"Acidente s";"316,3";"BR-386/RS";"Sul";"Saída de pista";0;0;0;0;0;0;0;0;0;0;1;0;0;0;0
"08/09/2023";"12:43:00";"150";"Acidente s";"92";"BR-290/RS";"Leste";"Colisão - Traseira";0;0;0;0;0;0;0;0;0;0;4;0;0;0;0
"08/09/2023";"15:28:00";"187";"Acidente s";"82";"BR-290/RS";"Leste";"Colisão - Lateral";0;0;0;0;0;0;0;0;1;0;3;0;0;0;0
"08/09/2023";"16:50:00";"203";"Acidente s";"16,15";"BR-290/RS";"Oeste";"Choque Defensa";0;0;0;0;0;0;0;0;0;0;2;0;0;0;0
"08/09/2023";"21:01:00";"256";"Acidente c";"5,33";"BR-448/RS";"Norte";"Queda de moto";0;0;0;0;1;0;0;0;0;0;1;1;0;0;0
"09/09/2023";"06:23:00";"30";"Acidente s";"85";"BR-290/RS";"Leste";"Capotamento";0;0;0;0;0;0;0;0;0;0;1;0;0;0;0
"09/09/2023";"08:59:00";"55";"Acidente s";"440";"BR-386/RS";"Sul";"Saída de pista";0;0;0;0;0;0;0;0;0;0;1;0;0;0;0
"09/09/2023";"12:22:00";"86";"Acidente s";"334";"BR-386/RS";"Sul";"Colisão - Traseira";0;0;0;0;0;0;0;0;0;0;3;0;0;0;0
"09/09/2023";"13:15:00";"91";"Acidente s";"30";"BR-290/RS";"Oeste";"Saída de pista";0;0;0;0;0;0;0;0;0;0;2;0;0;0;0
"09/09/2023";"18:29:00";"139";"Acidente s";"19,38";"BR-290/RS";"Oeste";"Saída de pista";0;0;0;0;0;0;0;0;0;0;2;0;0;0;0
"09/09/2023";"22:32:00";"173";"Acidente s";"72,98";"BR-101/RS";"Sul";"Choque - Canaleta";0;0;0;0;0;0;0;0;0;0;2;0;0;0;0
"10/09/2023";"02:58:00";"24";"Acidente s";"345,2";"BR-386/RS";"Sul";"Queda de ribanceira";0;0;0;0;0;0;0;0;0;0;2;0;0;0;0
"10/09/2023";"14:02:00";"120";"Acidente s";"344,5";"BR-386/RS";"Sul";"Engavetamento";0;0;0;0;0;0;0;0;0;0;11;0;0;0;0
"10/09/2023";"14:38:00";"131";"Acidente c";"280,1";"BR-386/RS";"Ambos";"Colisão - Transversal";1;0;0;0;0;0;0;0;0;1;5;3;0;0;0
"10/09/2023";"16:13:00";"157";"Acidente s";"76";"BR-290/RS";"Oeste";"Colisão - Traseira";0;0;0;0;0;0;0;0;0;0;3;0;0;0;0
"10/09/2023";"17:10:00";"174";"Acidente c";"2,8";"BR-101/RS";"Sul";"Colisão - Traseira";0;0;0;0;1;0;0;0;0;0;5;0;1;0;0
"10/09/2023";"17:45:00";"184";"Acidente s";"269,5";"BR-386/RS";"Sul";"Colisão - Traseira";0;0;0;0;0;0;0;0;0;0;3;0;0;0;0
"10/09/2023";"19:06:00";"209";"Acidente s";"17,36";"BR-290/RS";"Oeste";"Colisão - Lateral";0;0;0;0;0;0;0;0;0;0;2;0;0;0;0
"10/09/2023";"20:16:00";"241";"Acidente s";"56,35";"BR-101/RS";"Sul";"Colisão - Traseira";0;0;0;0;0;0;0;0;0;0;4;0;0;0;0
"11/09/2023";"00:06:00";"1";"Acidente s";"2,5";"BR-101/RS";"Sul";"Saída de pista";0;0;0;0;0;0;0;0;0;0;1;0;0;0;0
"11/09/2023";"07:59:00";"101";"Acidente c";"22";"BR-448/RS";"Norte";"Queda de moto";0;0;0;0;1;0;0;0;0;0;0;1;0;0;0
"11/09/2023";"11:36:00";"189";"Acidente s";"344,4";"BR-386/RS";"Sul";"Colisão - Lateral";1;0;0;0;0;0;0;0;0;0;2;0;0;0;0
"11/09/2023";"11:57:00";"195";"Acidente s";"426";"BR-386/RS";"Norte";"Colisão - Traseira";1;0;1;0;0;0;0;0;0;0;3;0;0;0;0
"11/09/2023";"12:27:00";"206";"Acidente s";"80";"BR-290/RS";"Leste";"Colisão - Lateral";0;0;0;0;0;0;0;0;0;0;2;0;0;0;0
"11/09/2023";"14:10:00";"243";"Acidente s";"437,1";"BR-386/RS";"Norte";"Colisão - Traseira";0;0;2;0;0;0;0;0;0;0;2;0;0;0;0
"11/09/2023";"15:02:00";"260";"Acidente c";"76";"BR-290/RS";"Leste";"Colisão - Traseira";0;0;0;0;1;0;0;0;0;0;1;0;1;0;0
"11/09/2023";"17:10:00";"292";"Acidente s";"432";"BR-386/RS";"Sul";"Choque com objeto sobre a pista";0;0;0;0;0;0;0;0;0;0;1;0;0;0;0
"11/09/2023";"17:13:00";"295";"Acidente s";"432";"BR-386/RS";"Sul";"Choque com objeto sobre a pista";0;0;0;0;0;0;0;0;0;0;5;0;0;0;0
"11/09/2023";"19:37:00";"325";"Acidente s";"348";"BR-386/RS";"Sul";"Colisão - Traseira";1;0;0;0;0;0;0;0;0;0;2;0;0;0;0
"11/09/2023";"22:03:00";"343";"Acidente s";"89,2";"BR-290/RS";"Oeste";"Choque Defensa";0;0;0;0;0;0;0;0;0;0;1;0;0;0;0
"12/09/2023";"08:12:00";"109";"Acidente s";"332,9";"BR-386/RS";"Norte";"Choque com objeto sobre a pista";0;0;0;0;0;0;0;0;0;0;1;0;0;0;0
"12/09/2023";"11:37:00";"185";"Acidente s";"343";"BR-386/RS";"Sul";"Colisão - Traseira";1;0;0;0;0;0;0;0;0;0;2;0;0;0;0
"12/09/2023";"13:13:00";"202";"Acidente c";"411";"BR-386/RS";"Norte";"Saída de pista";0;0;0;0;0;0;0;0;0;0;0;1;0;0;0
"12/09/2023";"13:16:00";"203";"Acidente c";"77";"BR-290/RS";"Leste";"Capotamento";0;0;0;0;0;0;0;0;0;0;0;1;2;0;0
"12/09/2023";"19:41:00";"273";"Acidente s";"22,1";"BR-448/RS";"Norte";"Choque Barreira";0;0;0;0;0;0;0;0;0;0;1;0;0;0;0
"12/09/2023";"20:34:00";"279";"Acidente s";"304,2";"BR-386/RS";"Norte";"Tombamento";0;0;0;0;0;0;0;0;0;1;1;0;0;0;0
"12/09/2023";"22:10:00";"290";"Acidente s";"436,1";"BR-386/RS";"Sul";"Queda de ribanceira";0;0;0;0;0;0;0;0;0;0;1;0;0;0;0
"13/09/2023";"05:19:00";"22";"Acidente s";"92,1";"BR-290/RS";"Leste";"Saída de pista";0;0;0;0;0;0;0;0;0;0;1;0;0;0;0
"13/09/2023";"11:05:00";"115";"Acidente s";"22,05";"BR-290/RS";"Oeste";"Saída de pista";0;0;0;0;0;0;0;0;0;0;1;0;0;0;0
"13/09/2023";"11:49:00";"124";"Acidente c";"308,9";"BR-386/RS";"Norte";"Saída de pista";1;0;0;0;0;0;0;0;0;0;1;1;0;0;0
"13/09/2023";"12:57:00";"137";"Acidente s";"64";"BR-290/RS";"Oeste";"Saída de pista";0;0;0;0;0;0;0;0;0;0;1;0;0;0;0
"13/09/2023";"14:14:00";"150";"Acidente s";"10";"BR-290/RS";"Leste";"Capotamento";0;0;0;0;0;0;0;0;0;0;1;0;0;0;0
"13/09/2023";"14:43:00";"156";"Acidente s";"94,17";"BR-290/RS";"Oeste";"Colisão - Traseira";0;0;0;2;0;0;0;0;0;0;2;0;0;0;0
"13/09/2023";"17:25:00";"181";"Acidente s";"90,02";"BR-290/RS";"Leste";"Engavetamento";0;0;0;0;0;0;0;0;2;0;4;0;0;0;0
"13/09/2023";"18:53:00";"196";"Acidente s";"348";"BR-386/RS";"Sul";"Colisão - Traseira";0;0;0;0;0;0;0;0;0;1;3;0;0;0;0
"13/09/2023";"20:54:00";"230";"Acidente s";"219";"BR-386/RS";"Sul";"Colisão - Transversal";0;0;0;0;0;0;0;0;0;0;2;0;0;0;0
"13/09/2023";"21:16:00";"232";"Acidente s";"34,59";"BR-290/RS";"Oeste";"Colisão - Traseira";0;0;0;0;0;0;0;0;0;0;6;0;0;0;0
"13/09/2023";"21:35:00";"234";"Acidente s";"22";"BR-448/RS";"Norte";"Colisão - Lateral";0;0;0;0;0;0;0;0;0;0;3;0;0;0;0
"14/09/2023";"05:54:00";"37";"Acidente s";"414,11";"BR-386/RS";"Sul";"Saída de pista";0;0;0;0;0;0;0;0;0;0;3;0;0;0;0
"14/09/2023";"07:29:00";"84";"Acidente c";"350,8";"BR-386/RS";"Norte";"Engavetamento";0;0;0;0;0;0;0;0;0;0;3;1;0;0;0
"14/09/2023";"08:03:00";"105";"Acidente s";"215,5";"BR-386/RS";"Sul";"Colisão - Lateral";0;0;1;1;0;0;0;0;0;0;2;0;0;0;0
"14/09/2023";"16:18:00";"244";"Acidente c";"357,1";"BR-386/RS";"Norte";"Queda de ribanceira";0;0;1;0;0;0;0;0;0;0;0;1;0;0;0
"14/09/2023";"16:36:00";"250";"Acidente s";"81,95";"BR-290/RS";"Leste";"Colisão - Traseira";0;0;0;0;0;0;0;0;0;0;3;0;0;0;0
"14/09/2023";"17:08:00";"258";"Acidente s";"17";"BR-448/RS";"Sul";"Queda de moto";0;0;0;0;1;0;0;0;0;0;1;0;0;0;0
"14/09/2023";"19:47:00";"300";"Acidente s";"86,44";"BR-290/RS";"Leste";"Saída de pista";0;0;0;0;0;0;0;0;0;0;4;0;0;0;0
"15/09/2023";"05:48:00";"41";"Acidente s";"60";"BR-290/RS";"Oeste";"Choque Barreira";0;0;0;1;0;0;0;0;0;0;51;0;0;0;0
"15/09/2023";"08:00:00";"124";"Acidente s";"7";"BR-448/RS";"Sul";"Colisão - Traseira";0;0;0;0;0;0;0;0;0;0;2;0;0;0;0
"15/09/2023";"08:57:00";"146";"Acidente s";"214,8";"BR-386/RS";"Sul";"Tombamento";0;0;1;0;0;0;0;0;0;0;1;0;0;0;0
"15/09/2023";"09:00:00";"148";"Acidente c";"96";"BR-290/RS";"Oeste";"Colisão - Traseira";0;0;0;0;1;0;0;0;0;0;1;1;0;0;0
"15/09/2023";"09:47:00";"162";"Acidente s";"305,09";"BR-386/RS";"Norte";"Colisão - Traseira";0;0;0;0;0;0;0;0;0;0;6;0;0;0;0
"15/09/2023";"14:16:00";"227";"Acidente s";"75";"BR-290/RS";"Oeste";"Saída de pista";0;0;0;0;0;0;0;0;0;0;1;0;0;0;0
"15/09/2023";"14:47:00";"237";"Acidente c";"62,5";"BR-290/RS";"Leste";"Capotamento";0;0;0;0;0;0;0;0;0;0;0;3;2;0;0
"15/09/2023";"15:57:00";"250";"Acidente c";"57,4";"BR-101/RS";"Sul";"Saída de pista";0;0;0;0;0;0;0;0;0;0;0;2;0;0;0
"15/09/2023";"16:45:00";"262";"Acidente s";"85";"BR-290/RS";"Oeste";"Engavetamento";0;0;0;0;0;0;0;0;0;0;8;0;0;0;0
"15/09/2023";"21:28:00";"323";"Acidente s";"50,6";"BR-101/RS";"Norte";"Saída de pista";0;0;0;0;0;0;0;0;0;0;4;0;0;0;0
"16/09/2023";"00:49:00";"8";"Acidente s";"75";"BR-290/RS";"Leste";"Colisão - Traseira";1;0;0;0;0;0;0;0;0;0;3;0;0;0;0
"16/09/2023";"04:49:00";"36";"Acidente s";"389,19";"BR-386/RS";"Norte";"Saída de pista";0;0;0;0;0;0;0;0;0;0;5;0;0;0;0
"16/09/2023";"05:20:00";"37";"Acidente c";"404,26";"BR-386/RS";"Norte";"Colisão - Lateral";0;0;0;0;0;0;0;0;1;0;1;0;1;0;0
"16/09/2023";"06:12:00";"44";"Acidente s";"235";"BR-386/RS";"Sul";"Colisão - Traseira";0;0;1;0;0;0;0;0;0;0;2;0;0;0;0
"16/09/2023";"06:36:00";"47";"Acidente s";"1";"BR-290/RS";"Leste";"Saída de pista";0;0;0;0;0;0;0;0;0;0;2;0;0;0;0
"16/09/2023";"10:58:00";"140";"Acidente s";"368,02";"BR-386/RS";"Norte";"Choque Defensa";0;0;1;0;0;0;0;0;0;0;3;0;0;0;0
"16/09/2023";"11:53:00";"159";"Acidente s";"262,1";"BR-386/RS";"Norte";"Colisão - Traseira";0;0;0;0;0;0;0;0;0;0;9;0;0;0;0
"16/09/2023";"16:21:00";"226";"Acidente s";"343,2";"BR-386/RS";"Norte";"Colisão - Traseira";0;0;0;0;0;0;0;0;0;0;2;0;0;0;0
"16/09/2023";"16:36:00";"230";"Acidente s";"343,25";"BR-386/RS";"Sul";"Engavetamento";0;0;0;0;0;0;0;0;0;0;4;0;0;0;0
"16/09/2023";"19:20:00";"270";"Acidente c";"94,17";"BR-290/RS";"Leste";"Colisão - Traseira";1;0;0;0;1;0;0;0;0;0;6;0;2;0;0
"16/09/2023";"23:05:00";"302";"Acidente s";"40";"BR-290/RS";"Oeste";"Saída de pista";0;0;1;0;0;0;0;0;0;0;1;0;0;0;0
"17/09/2023";"00:05:00";"1";"Acidente s";"50,1";"BR-101/RS";"Sul";"Saída de pista";0;0;0;0;0;0;0;0;0;0;1;0;0;0;0
"17/09/2023";"16:07:00";"173";"Acidente c";"80,2";"BR-101/RS";"Sul";"Queda de moto";0;0;0;0;1;0;0;0;0;0;1;1;0;0;0
"17/09/2023";"19:10:00";"239";"Atropelame";"410,6";"BR-386/RS";"Norte";"Atropelamento - Usuário";0;0;0;0;0;0;0;0;0;0;4;0;0;1;0
"17/09/2023";"20:05:00";"255";"Acidente c";"389,3";"BR-386/RS";"Sul";"Colisão - Transversal";0;0;0;0;1;0;0;0;0;0;2;2;0;0;0
"17/09/2023";"22:28:00";"290";"Acidente c";"69,2";"BR-290/RS";"Oeste";"Queda de moto";0;0;0;0;0;0;0;0;0;0;0;1;0;0;0
"18/09/2023";"09:02:00";"146";"Acidente s";"75";"BR-290/RS";"Oeste";"Colisão - Traseira";0;0;0;0;0;0;0;0;0;0;2;0;0;0;0
"18/09/2023";"09:18:00";"150";"Acidente c";"241,2";"BR-386/RS";"Sul";"Colisão - Frontal";0;0;0;0;0;0;2;0;0;1;1;0;0;0;2
"18/09/2023";"12:05:00";"198";"Acidente s";"373";"BR-386/RS";"Sul";"Colisão - Lateral";0;0;1;0;0;0;0;0;0;0;3;0;0;0;0
"18/09/2023";"12:44:00";"206";"Acidente s";"352";"BR-386/RS";"Norte";"Teste Wanderson";0;0;0;0;0;0;0;0;0;0;1;0;0;0;0
"18/09/2023";"12:45:00";"207";"Acidente s";"352";"BR-386/RS";"Sul";"Saída de pista";0;0;0;0;0;0;0;0;0;0;2;0;0;0;0
"18/09/2023";"12:48:00";"209";"Acidente c";"86";"BR-290/RS";"Leste";"Colisão - Lateral";0;0;0;0;0;0;0;0;0;1;1;1;1;0;0
"18/09/2023";"15:15:00";"237";"Acidente s";"63,8";"BR-290/RS";"Oeste";"Saída de pista";0;0;0;0;0;0;0;0;0;0;1;0;0;0;0
"18/09/2023";"15:48:00";"250";"Acidente s";"347";"BR-386/RS";"Sul";"Engavetamento";1;0;0;1;0;0;0;0;0;0;4;0;0;0;0
"18/09/2023";"15:59:00";"252";"Acidente s";"305,4";"BR-386/RS";"Norte";"Capotamento";0;0;0;0;0;0;0;0;0;0;3;0;0;0;0
"18/09/2023";"18:49:00";"277";"Acidente s";"342,8";"BR-386/RS";"Sul";"Colisão - Transversal";0;0;0;0;0;0;0;0;0;0;3;0;0;0;0
"18/09/2023";"20:06:00";"289";"Acidente s";"367,15";"BR-386/RS";"Sul";"Saída de pista";0;0;0;0;0;0;0;0;0;0;2;0;0;0;0
"19/09/2023";"06:46:00";"43";"Acidente s";"402";"BR-386/RS";"Sul";"Colisão - Lateral";1;0;0;0;0;0;0;0;0;0;4;0;0;0;0
"19/09/2023";"08:18:00";"86";"Acidente s";"15,2";"BR-448/RS";"Sul";"Colisão - Traseira";0;0;0;0;0;0;0;0;0;0;3;0;0;0;0
"19/09/2023";"08:35:00";"93";"Acidente s";"36,4";"BR-290/RS";"Leste";"Saída de pista";0;0;0;0;0;0;0;0;0;0;3;0;0;0;0
"19/09/2023";"08:39:00";"95";"Acidente s";"88,1";"BR-290/RS";"Leste";"Colisão - Lateral";0;0;0;0;0;0;0;0;0;0;2;0;0;0;0
"19/09/2023";"09:22:00";"108";"Acidente s";"87,2";"BR-290/RS";"Leste";"Colisão - Traseira";0;0;0;0;0;0;0;0;0;0;2;0;0;0;0
"19/09/2023";"09:46:00";"113";"Acidente s";"38,8";"BR-101/RS";"Sul";"Choque Defensa";0;0;0;0;0;0;0;0;0;0;1;0;0;0;0
"19/09/2023";"14:47:00";"172";"Acidente s";"22";"BR-448/RS";"Norte";"Colisão - Lateral";0;0;0;0;0;0;0;0;0;1;5;0;0;0;0
"19/09/2023";"17:31:00";"206";"Acidente s";"350";"BR-386/RS";"Norte";"Colisão - Transversal";0;0;1;0;0;0;0;0;0;0;2;0;0;0;0
"19/09/2023";"18:41:00";"224";"Acidente s";"349,98";"BR-386/RS";"Norte";"Colisão - Transversal";0;0;0;0;0;0;0;0;1;0;6;0;0;0;0
"20/09/2023";"03:23:00";"29";"Acidente s";"245";"BR-386/RS";"Sul";"Choque Talude";0;0;0;0;0;0;0;0;0;0;4;0;0;0;0
"20/09/2023";"05:40:00";"36";"Acidente c";"349,9";"BR-386/RS";"Norte";"Choque Barreira";0;0;0;0;0;0;0;0;0;0;0;0;2;0;0
"21/09/2023";"07:43:00";"89";"Acidente c";"343";"BR-386/RS";"Sul";"Colisão - Frontal";0;0;0;0;1;0;0;0;0;0;2;1;0;0;0
"21/09/2023";"08:29:00";"117";"Acidente s";"92";"BR-290/RS";"Leste";"Colisão - Lateral";0;0;0;0;1;0;0;0;0;0;2;0;0;0;0
"21/09/2023";"08:47:00";"126";"Acidente s";"299";"BR-386/RS";"Norte";"Colisão - Lateral";0;0;0;0;0;0;0;0;0;0;2;0;0;0;0
"21/09/2023";"18:32:00";"299";"Acidente s";"55,45";"BR-290/RS";"Leste";"Choque Barreira";0;0;0;0;0;0;0;0;0;0;2;0;0;0;0
"22/09/2023";"01:40:00";"15";"Acidente s";"41,9";"BR-290/RS";"Leste";"Saída de pista";0;0;0;0;0;0;0;0;0;0;1;0;0;0;0
"22/09/2023";"07:58:00";"69";"Acidente s";"79,8";"BR-290/RS";"Oeste";"Saída de pista";0;0;0;0;0;0;0;0;0;0;2;0;0;0;0
"22/09/2023";"07:59:00";"70";"Acidente s";"275,3";"BR-386/RS";"Norte";"Saída de pista";0;0;0;0;0;0;0;0;0;0;2;0;0;0;0
"22/09/2023";"08:59:00";"83";"Acidente s";"11";"BR-290/RS";"Leste";"Saída de pista";0;0;0;0;0;0;0;0;0;0;4;0;0;0;0
"22/09/2023";"10:23:00";"112";"Acidente s";"307";"BR-386/RS";"Sul";"Colisão - Transversal";0;0;0;0;0;0;0;0;0;0;6;0;0;0;0
"22/09/2023";"12:08:00";"139";"Acidente s";"292";"BR-386/RS";"Sul";"Saída de pista";0;0;0;0;0;0;0;0;0;0;1;0;0;0;0
"22/09/2023";"12:43:00";"155";"Acidente s";"86,3";"BR-290/RS";"Leste";"Colisão - Lateral";0;0;0;0;1;0;0;0;0;0;2;0;0;0;0