data;horario;n_da_ocorrencia;tipo_de_ocorrencia;km;trecho;sentido;tipo_de_acidente;automovel;bicicleta;caminhao;moto;onibus;outros;tracao_animal;transporte_de_cargas_especiais;trator_maquinas;utilitarios;ilesos;levemente_feridos;moderadamente_feridos;gravemente_feridos;mortos
"22/09/2023";"14:17:00";"194";"Acidente s";"345,3";"BR-386/RS";"Norte";"Engavetamento";0;0;0;0;0;0;0;0;0;0;3;0;0;0;0
"22/09/2023";"15:18:00";"208";"Acidente c";"360,3";"BR-386/RS";"Sul";"Capotamento";0;0;0;0;0;0;0;0;0;0;0;1;0;0;0
"22/09/2023";"15:57:00";"219";"Acidente c";"86";"BR-101/RS";"Sul";"Colisão - Traseira";0;0;0;0;0;0;0;0;0;0;5;1;0;0;0
"22/09/2023";"16:37:00";"225";"Acidente s";"375";"BR-386/RS";"Norte";"Colisão - Traseira";0;0;0;0;0;0;0;0;0;0;2;0;0;0;0
"22/09/2023";"16:44:00";"227";"Acidente c";"31,01";"BR-101/RS";"Sul";"Colisão - Lateral";0;0;0;0;1;0;1;0;0;0;0;0;1;0;1
"22/09/2023";"17:30:00";"245";"Acidente s";"22";"BR-448/RS";"Sul";"Queda de moto";0;0;0;0;2;0;0;0;0;0;1;0;0;0;0
"22/09/2023";"17:52:00";"255";"Acidente s";"275";"BR-386/RS";"Sul";"Colisão - Lateral";0;0;0;0;0;0;0;0;0;1;2;0;0;0;0
"22/09/2023";"19:29:00";"288";"Acidente c";"305,9";"BR-386/RS";"Sul";"Colisão - Traseira";0;0;0;0;0;0;0;0;0;1;1;1;0;0;0
"22/09/2023";"20:01:00";"293";"Acidente s";"75,16";"BR-290/RS";"Leste";"Colisão - Traseira";0;0;0;0;0;0;0;0;1;0;6;0;0;0;0
"22/09/2023";"20:19:00";"297";"Acidente s";"436";"BR-386/RS";"Norte";"Saída de pista";0;0;0;0;0;0;0;0;0;0;1;0;0;0;0
"22/09/2023";"21:55:00";"318";"Acidente s";"344";"BR-386/RS";"Sul";"Saída de pista";0;0;0;0;0;0;0;0;0;0;2;0;0;0;0
"23/09/2023";"00:00:00";"1";"Acidente s";"60,18";"BR-290/RS";"Oeste";"Choque - Pilar";0;0;0;0;0;0;0;0;0;1;1;0;0;0;0
"23/09/2023";"06:03:00";"38";"Acidente s";"299,2";"BR-386/RS";"Norte";"Saída de pista";0;0;0;0;0;0;0;0;0;0;1;0;0;0;0
"23/09/2023";"07:09:00";"57";"Acidente s";"305,3";"BR-386/RS";"Sul";"Colisão - Lateral";2;0;0;0;0;0;0;0;0;0;2;0;0;0;0
"23/09/2023";"08:12:00";"75";"Acidente s";"419,8";"BR-386/RS";"Sul";"Saída de pista";0;0;0;0;0;0;0;0;0;0;4;0;0;0;0
"23/09/2023";"08:19:00";"78";"Acidente s";"390,8";"BR-386/RS";"Norte";"Engavetamento";0;0;0;0;0;0;0;0;0;0;4;0;0;0;0
"23/09/2023";"09:54:00";"94";"Acidente s";"349,9";"BR-386/RS";"Norte";"Saída de pista";0;0;0;0;0;0;0;0;0;0;5;0;0;0;0
"23/09/2023";"10:23:00";"100";"Acidente s";"82,68";"BR-290/RS";"Oeste";"Colisão - Lateral";0;0;0;0;0;0;0;0;0;0;3;0;0;0;0
"23/09/2023";"10:46:00";"104";"Acidente s";"396,4";"BR-386/RS";"Sul";"Saída de pista";0;0;0;0;0;0;0;0;0;0;3;0;0;0;0
"23/09/2023";"12:02:00";"117";"Acidente s";"2";"BR-290/RS";"Oeste";"Saída de pista";0;0;0;0;0;0;0;0;0;0;1;0;0;0;0
"23/09/2023";"12:07:00";"118";"Acidente s";"10,9";"BR-290/RS";"Oeste";"Capotamento";0;0;0;0;0;0;0;0;0;0;3;0;0;0;0
"23/09/2023";"12:19:00";"122";"Acidente s";"35,3";"BR-290/RS";"Oeste";"Saída de pista";0;0;0;0;0;0;0;0;0;0;1;0;0;0;0
"23/09/2023";"12:38:00";"130";"Acidente c";"185";"BR-386/RS";"Sul";"Saída de pista";0;0;0;0;0;0;0;0;0;0;0;1;0;0;0
"23/09/2023";"14:11:00";"148";"Acidente s";"440";"BR-386/RS";"Norte";"Saída de pista";0;0;0;0;0;0;0;0;0;0;2;0;0;0;0
"23/09/2023";"14:19:00";"150";"Acidente s";"378";"BR-386/RS";"Norte";"Saída de pista";0;0;0;0;0;0;0;0;0;0;1;0;0;0;0
"23/09/2023";"16:43:00";"175";"Acidente c";"84";"BR-290/RS";"Oeste";"Choque - Meio Fio";0;0;0;0;0;0;0;0;0;0;4;0;1;0;0
"23/09/2023";"19:52:00";"204";"Acidente s";"392,08";"BR-386/RS";"Norte";"Colisão - Lateral";0;0;0;0;0;0;0;0;0;0;5;0;0;0;0
"24/09/2023";"05:13:00";"36";"Acidente s";"344";"BR-386/RS";"Sul";"Saída de pista";0;0;0;0;0;0;0;0;0;0;3;0;0;0;0
"24/09/2023";"05:14:00";"37";"Acidente s";"47,17";"BR-290/RS";"Oeste";"Choque com objeto sobre a pista";1;0;0;0;0;0;0;0;0;0;5;0;0;0;0
"24/09/2023";"06:07:00";"41";"Acidente s";"261";"BR-386/RS";"Sul";"Saída de pista";0;0;0;0;0;0;0;0;0;0;1;0;0;0;0
"24/09/2023";"08:42:00";"77";"Acidente s";"296";"BR-386/RS";"Norte";"Saída de pista";0;0;0;0;0;0;0;0;0;0;1;0;0;0;0
"24/09/2023";"10:12:00";"89";"Acidente s";"401,1";"BR-386/RS";"Norte";"Saída de pista";0;0;0;0;0;0;0;0;0;0;2;0;0;0;0
"24/09/2023";"10:59:00";"98";"Acidente c";"259";"BR-386/RS";"Norte";"Colisão - Lateral";0;0;0;0;0;0;0;0;0;0;2;1;0;0;0
"24/09/2023";"13:11:00";"115";"Acidente c";"441,7";"BR-386/RS";"Norte";"Colisão - Transversal";0;0;0;0;0;0;0;0;0;0;3;2;0;0;0
"24/09/2023";"14:05:00";"125";"Acidente s";"400,9";"BR-386/RS";"Norte";"Saída de pista";0;0;0;0;0;0;0;0;0;0;2;0;0;0;0
"24/09/2023";"14:21:00";"127";"Acidente s";"441,7";"BR-386/RS";"Norte";"Saída de pista";0;0;0;0;0;0;0;0;0;0;2;0;0;0;0
"24/09/2023";"15:11:00";"133";"Acidente s";"10";"BR-448/RS";"Sul";"Saída de pista";0;0;0;0;0;0;0;0;0;0;4;0;0;0;0
"24/09/2023";"15:19:00";"134";"Acidente s";"398,6";"BR-386/RS";"Sul";"Saída de pista";0;0;0;0;0;0;0;0;0;0;1;0;0;0;0
"24/09/2023";"16:31:00";"146";"Acidente s";"71";"BR-290/RS";"Leste";"Saída de pista";0;0;0;0;0;0;0;0;0;0;3;0;0;0;0
"24/09/2023";"21:52:00";"199";"Acidente s";"19,05";"BR-290/RS";"Leste";"Colisão - Lateral";0;0;0;0;0;0;0;0;0;0;3;0;0;0;0
"24/09/2023";"23:31:00";"214";"Acidente c";"38,39";"BR-290/RS";"Oeste";"Colisão - Traseira";0;0;0;0;0;0;0;0;0;0;4;0;1;0;0
"25/09/2023";"00:47:00";"15";"Acidente s";"53,21";"BR-101/RS";"Norte";"Saída de pista";0;0;0;0;0;0;0;0;0;1;1;0;0;0;0
"25/09/2023";"03:04:00";"22";"Acidente s";"342";"BR-386/RS";"Sul";"Saída de pista";0;0;0;0;0;0;0;0;0;0;3;0;0;0;0
"25/09/2023";"05:29:00";"30";"Acidente s";"80";"BR-290/RS";"Leste";"Queda de ribanceira";0;0;0;0;0;0;0;0;0;0;1;0;0;0;0
"25/09/2023";"06:08:00";"32";"Acidente s";"396,5";"BR-386/RS";"Norte";"Colisão - Lateral";0;0;0;0;0;0;0;0;0;0;1;0;0;0;0
"25/09/2023";"10:55:00";"133";"Acidente s";"306";"BR-386/RS";"Sul";"Choque Defensa";0;0;0;0;0;0;0;0;0;0;6;0;0;0;0
"25/09/2023";"11:27:00";"145";"Acidente s";"190";"BR-386/RS";"Sul";"Colisão - Lateral";0;0;0;0;0;0;0;0;1;0;4;0;0;0;0
"25/09/2023";"15:05:00";"187";"Acidente s";"298,36";"BR-386/RS";"Norte";"Choque Defensa";0;0;0;0;0;0;0;0;0;0;2;0;0;0;0
"25/09/2023";"17:21:00";"212";"Acidente s";"410,8";"BR-386/RS";"Norte";"Capotamento";0;0;0;0;0;0;0;0;0;0;1;0;0;0;0
"25/09/2023";"18:18:00";"219";"Acidente c";"45,31";"BR-290/RS";"Oeste";"Saída de pista";0;0;0;0;0;0;0;0;0;0;1;1;0;0;0
"25/09/2023";"19:34:00";"236";"Acidente c";"13";"BR-448/RS";"Norte";"Capotamento";0;0;0;0;0;0;0;0;0;0;0;1;0;1;0
"25/09/2023";"20:12:00";"243";"Acidente s";"19";"BR-290/RS";"Oeste";"Saída de pista";0;0;0;0;0;0;0;0;0;0;4;0;0;0;0
"26/09/2023";"07:43:00";"313";"Acidente s";"36,2";"BR-290/RS";"Leste";"Saída de pista";0;0;0;0;0;0;0;0;0;0;1;0;0;0;0
"26/09/2023";"07:58:00";"326";"Acidente s";"312";"BR-386/RS";"Sul";"Saída de pista";0;0;0;0;0;0;0;0;0;1;1;0;0;0;0
"26/09/2023";"08:10:00";"330";"Acidente s";"396,5";"BR-386/RS";"Sul";"Choque Defensa";0;0;0;0;0;0;0;0;0;0;1;0;0;0;0
"26/09/2023";"11:03:00";"401";"Acidente c";"64";"BR-101/RS";"Sul";"Saída de pista";0;0;0;0;0;0;0;0;0;0;0;0;1;0;0
"26/09/2023";"11:07:00";"402";"Acidente s";"80";"BR-290/RS";"Oeste";"Saída de pista";0;0;0;0;0;0;0;0;0;0;1;0;0;0;0
"26/09/2023";"11:52:00";"414";"Acidente s";"429,95";"BR-386/RS";"Sul";"Colisão - Traseira";0;0;0;0;0;0;0;0;0;0;4;0;0;0;0
"26/09/2023";"16:37:00";"473";"Acidente s";"89";"BR-290/RS";"Oeste";"Choque com objeto sobre a pista";0;0;0;0;0;0;0;0;0;0;1;0;0;0;0
"26/09/2023";"19:20:00";"500";"Acidente c";"432";"BR-386/RS";"Norte";"Capotamento";0;0;0;0;0;0;0;0;0;0;1;1;0;0;0
"26/09/2023";"19:26:00";"501";"Acidente s";"283,2";"BR-386/RS";"Sul";"Colisão - Lateral";0;0;0;0;0;0;0;0;0;0;2;0;0;0;0
"26/09/2023";"19:40:00";"503";"Acidente c";"16,2";"BR-448/RS";"Sul";"Atropelamento - Morador/Trabalhador/Estudante";0;0;0;0;1;0;1;0;0;1;3;0;0;0;1
"26/09/2023";"20:58:00";"524";"Acidente s";"404,5";"BR-386/RS";"Norte";"Saída de pista";0;0;0;0;0;0;0;0;0;0;2;0;0;0;0
"26/09/2023";"21:02:00";"525";"Acidente s";"79";"BR-290/RS";"Oeste";"Colisão - Traseira";0;0;0;0;0;0;0;0;0;0;2;0;0;0;0
"27/09/2023";"02:14:00";"26";"Acidente s";"67,3";"BR-290/RS";"Leste";"Saída de pista";0;0;0;0;0;0;0;0;0;0;3;0;0;0;0
"27/09/2023";"06:44:00";"37";"Acidente s";"435";"BR-386/RS";"Norte";"Saída de pista";0;0;0;0;0;0;0;0;0;0;2;0;0;0;0
"27/09/2023";"07:23:00";"51";"Acidente s";"401";"BR-386/RS";"Sul";"Saída de pista";0;0;0;0;0;0;0;0;0;0;1;0;0;0;0
"27/09/2023";"12:46:00";"168";"Acidente s";"40,6";"BR-101/RS";"Norte";"Tombamento";1;0;0;0;0;0;0;0;0;0;1;0;0;0;0
"27/09/2023";"17:00:00";"233";"Acidente s";"351";"BR-386/RS";"Norte";"Colisão - Traseira";0;0;0;0;0;0;0;0;0;1;2;0;0;0;0
"27/09/2023";"20:13:00";"255";"Acidente c";"246,67";"BR-386/RS";"Norte";"Colisão - Transversal";1;0;0;0;0;0;0;0;0;1;0;0;2;0;0
"27/09/2023";"21:47:00";"275";"Acidente c";"13,14";"BR-290/RS";"Oeste";"Colisão - Traseira";0;0;0;0;0;0;0;0;1;0;1;2;0;0;0
"27/09/2023";"22:44:00";"282";"Acidente s";"17,3";"BR-290/RS";"Leste";"Queda de ribanceira";0;0;0;0;0;0;0;0;0;0;2;0;0;0;0
"28/09/2023";"05:49:00";"41";"Acidente c";"67,2";"BR-101/RS";"Sul";"Queda de moto";0;0;0;0;1;0;0;0;0;0;0;1;0;0;0
"28/09/2023";"11:29:00";"193";"Acidente s";"398";"BR-386/RS";"Norte";"Choque Defensa";0;0;0;0;0;0;0;0;0;0;1;0;0;0;0
"28/09/2023";"16:33:00";"276";"Acidente s";"91";"BR-290/RS";"Leste";"Saída de pista";0;0;0;0;0;0;0;0;0;0;1;0;0;0;0
"28/09/2023";"17:43:00";"288";"Acidente s";"60";"BR-290/RS";"Oeste";"Choque Praça - Cabine";0;0;0;0;0;0;0;0;0;1;1;0;0;0;0
"28/09/2023";"18:03:00";"292";"Acidente s";"15";"BR-448/RS";"Norte";"Colisão - Traseira";1;0;0;0;0;0;0;0;0;0;2;0;0;0;0
"28/09/2023";"18:22:00";"294";"Acidente s";"60";"BR-290/RS";"Oeste";"Choque Praça - Cabine";0;0;0;0;0;0;0;0;0;0;2;0;0;0;0
"28/09/2023";"18:45:00";"297";"Acidente s";"440";"BR-386/RS";"Sul";"Colisão - Traseira";0;0;0;0;0;0;0;0;0;0;3;0;0;0;0
"28/09/2023";"19:29:00";"304";"Acidente s";"6";"BR-101/RS";"Sul";"Choque Defensa";0;0;0;0;0;0;0;0;0;0;2;0;0;0;0
"28/09/2023";"20:20:00";"314";"Acidente c";"411";"BR-386/RS";"Norte";"Capotamento";0;0;0;0;0;0;0;0;0;0;1;1;0;0;0
"29/09/2023";"07:16:00";"422";"Acidente s";"350,15";"BR-386/RS";"Norte";"Saída de pista";0;0;0;0;0;0;0;0;0;0;1;0;0;0;0
"29/09/2023";"08:38:00";"474";"Acidente s";"87";"BR-290/RS";"Leste";"Colisão - Traseira";0;0;0;0;0;0;0;0;0;0;2;0;0;0;0
"29/09/2023";"15:13:00";"571";"Acidente s";"426";"BR-386/RS";"Sul";"Colisão - Lateral";0;0;0;0;0;0;0;0;0;0;4;0;0;0;0
"29/09/2023";"16:47:00";"604";"Acidente s";"343";"BR-386/RS";"Sul";"Colisão - Transversal";0;0;0;0;0;0;0;0;0;0;2;0;0;0;0
"29/09/2023";"19:34:00";"638";"Acidente s";"92,09";"BR-290/RS";"Leste";"Colisão - Lateral";0;0;1;0;0;0;0;0;0;0;4;0;0;0;0
"29/09/2023";"20:24:00";"648";"Acidente c";"230,15";"BR-386/RS";"Norte";"Colisão - Frontal";0;0;0;0;0;0;1;0;0;0;2;1;0;2;1
"29/09/2023";"21:01:00";"653";"Acidente c";"85,11";"BR-290/RS";"Oeste";"Colisão - Traseira";0;0;0;0;1;0;0;0;0;0;2;0;1;0;0
"29/09/2023";"21:45:00";"657";"Acidente c";"286";"BR-386/RS";"Norte";"Choque Talude";0;0;0;0;0;0;0;0;0;0;2;1;0;0;0
"30/09/2023";"05:41:00";"40";"Acidente s";"70";"BR-101/RS";"Norte";"Saída de pista";0;0;0;0;0;0;0;0;0;0;1;0;0;0;0
"30/09/2023";"06:22:00";"44";"Acidente c";"306,45";"BR-386/RS";"Norte";"Saída de pista";0;0;0;0;0;0;0;0;0;0;1;2;1;0;0
"30/09/2023";"09:39:00";"145";"Acidente c";"77";"BR-290/RS";"Leste";"Colisão - Traseira";1;0;0;0;0;0;0;0;0;0;2;0;1;0;0
"30/09/2023";"18:04:00";"239";"Acidente c";"20";"BR-290/RS";"Oeste";"Queda de moto";0;0;0;0;1;0;0;0;0;0;0;1;0;0;0
"30/09/2023";"20:19:00";"254";"Acidente s";"21,22";"BR-290/RS";"Leste";"Colisão - Traseira";0;0;0;0;0;0;0;0;0;0;2;0;0;0;0
"30/09/2023";"21:00:00";"257";"Acidente s";"10,37";"BR-290/RS";"Leste";"Capotamento";0;0;0;0;0;0;0;0;0;0;1;0;0;0;0
"01/10/2023";"01:08:00";"5";"Acidente c";"2,000";"BR-101/RS";"Norte";"Saída de pista";1;0;0;0;0;0;0;0;0;0;1;0;1;0;0
"01/10/2023";"07:36:00";"50";"Acidente s";"73,000";"BR-101/RS";"Sul";"Saída de pista";1;0;0;0;0;0;0;0;0;0;1;0;0;0;0
"01/10/2023";"11:49:00";"89";"Acidente c";"411,000";"BR-386/RS";"Norte";"Saída de pista";0;0;0;1;0;0;0;0;0;0;0;0;1;1;0
"01/10/2023";"16:07:00";"133";"Acidente s";"51,000";"BR-101/RS";"Sul";"Saída de pista";1;0;0;0;0;1;0;0;0;0;3;0;0;0;0
"01/10/2023";"17:04:00";"151";"Acidente s";"297,600";"BR-386/RS";"Norte";"Colisão - Traseira";2;0;0;0;0;0;0;0;0;0;2;0;0;0;0
"01/10/2023";"17:32:00";"156";"Acidente s";"1,000";"BR-290/RS";"Leste";"Choque com objeto sobre a pista";1;0;0;0;0;0;0;0;0;0;5;0;0;0;0
"01/10/2023";"19:09:00";"180";"Acidente s";"343,800";"BR-386/RS";"Norte";"Saída de pista";1;0;0;0;0;0;0;0;0;0;3;0;0;0;0
"01/10/2023";"19:15:00";"182";"Acidente s";"92,000";"BR-290/RS";"Leste";"Colisão - Traseira";2;0;0;0;0;0;0;0;0;0;2;0;0;0;0
"01/10/2023";"19:41:00";"190";"Acidente c";"2,000";"BR-101/RS";"Ambos";"Queda de moto";0;0;0;1;0;0;0;0;0;0;0;1;0;0;0
"02/10/2023";"00:47:00";"13";"Acidente s";"1,000";"BR-101/RS";"Norte";"Choque Defensa";1;0;0;0;0;0;0;0;0;0;1;0;0;0;0
"02/10/2023";"07:02:00";"44";"Acidente c";"342,000";"BR-386/RS";"Ambos";"Colisão - Lateral";1;0;0;1;0;0;0;0;0;0;1;1;0;0;0
"02/10/2023";"07:40:00";"74";"Acidente s";"76,000";"BR-290/RS";"Oeste";"Engavetamento";4;0;0;0;0;0;0;0;0;0;7;0;0;0;0
"02/10/2023";"08:40:00";"111";"Acidente s";"20,000";"BR-448/RS";"Sul";"Colisão - Traseira";2;0;0;0;0;0;0;0;0;0;6;0;0;0;0
"02/10/2023";"08:52:00";"116";"Acidente s";"379,000";"BR-386/RS";"Sul";"Colisão - Lateral";0;0;4;0;0;0;0;0;0;0;2;0;0;0;0
"02/10/2023";"09:29:00";"141";"Acidente s";"92,700";"BR-290/RS";"Oeste";"Colisão - Lateral";1;0;0;1;0;0;0;0;0;0;3;0;0;0;0
"02/10/2023";"10:12:00";"153";"Acidente c";"35,300";"BR-101/RS";"Sul";"Choque com objeto sobre a pista";1;0;0;0;0;0;0;0;0;0;2;0;1;0;0
"02/10/2023";"12:09:00";"185";"Acidente c";"261,400";"BR-386/RS";"Sul";"Capotamento";1;0;0;0;0;0;0;0;0;0;0;1;0;0;0
"02/10/2023";"15:32:00";"234";"Acidente s";"92,700";"BR-290/RS";"Oeste";"Colisão - Traseira";2;0;0;0;0;0;0;0;0;0;2;0;0;0;0
"02/10/2023";"16:10:00";"242";"Atropelame";"2,000";"BR-448/RS";"Norte";"Atropelamento - Funcionário";0;0;0;0;0;0;0;0;0;0;0;1;0;0;0
"02/10/2023";"22:24:00";"291";"Acidente s";"414,100";"BR-386/RS";"Sul";"Queda de ribanceira";1;0;0;0;0;0;0;0;0;0;1;0;0;0;0
"02/10/2023";"23:01:00";"298";"Acidente s";"350,150";"BR-386/RS";"Norte";"Choque Barreira";1;0;0;0;0;0;0;0;0;0;1;0;0;0;0
"03/10/2023";"02:11:00";"17";"Acidente s";"78,863";"BR-101/RS";"Norte";"Atropelamento de Animal";0;0;0;0;0;0;0;0;0;0;4;0;0;0;0
"03/10/2023";"06:34:00";"33";"Acidente s";"95,000";"BR-290/RS";"Oeste";"Colisão - Traseira";0;0;0;1;0;0;0;0;0;0;2;0;0;0;0
"03/10/2023";"08:09:00";"84";"Acidente s";"3,000";"BR-448/RS";"Sul";"Engavetamento";0;0;0;0;0;0;0;0;0;0;3;0;0;0;0
"03/10/2023";"10:23:00";"153";"Acidente s";"76,000";"BR-290/RS";"Oeste";"Engavetamento";0;0;0;0;0;0;0;0;0;0;8;0;0;0;0
"03/10/2023";"10:55:00";"160";"Acidente c";"92,000";"BR-290/RS";"Oeste";"Queda de moto";0;0;0;1;0;0;0;0;0;0;0;0;1;0;0
"03/10/2023";"14:30:00";"196";"Acidente s";"76,000";"BR-290/RS";"Leste";"Colisão - Traseira";0;0;0;0;0;0;0;0;0;0;1;0;0;0;0
"03/10/2023";"15:38:00";"212";"Acidente s";"85,000";"BR-101/RS";"Norte";"Colisão - Lateral";0;0;1;0;0;0;0;0;0;0;2;0;0;0;0
"03/10/2023";"16:58:00";"222";"Acidente c";"26,000";"BR-101/RS";"Norte";"Capotamento";0;0;0;0;0;0;0;0;0;0;0;1;0;0;0
"03/10/2023";"23:18:00";"260";"Acidente s";"300,150";"BR-386/RS";"Norte";"Saída de pista";0;0;0;0;0;0;0;0;0;0;1;0;0;0;0
"04/10/2023";"10:53:00";"31";"Acidente s";"390,300";"BR-386/RS";"Sul";"Colisão - Traseira";0;0;0;0;0;0;0;0;0;0;4;0;0;0;0
"04/10/2023";"17:50:00";"140";"Acidente s";"441,000";"BR-386/RS";"Norte";"Saída de pista";0;0;0;0;0;0;0;0;0;0;1;0;0;0;0
"04/10/2023";"21:25:00";"163";"Acidente s";"92,000";"BR-290/RS";"Oeste";"Tombamento";0;0;1;0;0;0;0;0;0;0;1;0;0;0;0
"04/10/2023";"23:21:00";"175";"Acidente s";"441,200";"BR-386/RS";"Norte";"Capotamento";0;0;0;0;0;0;0;0;0;0;3;0;0;0;0
"05/10/2023";"02:13:00";"8";"Acidente s";"350,302";"BR-386/RS";"Norte";"Choque Barreira";0;0;0;0;0;0;0;0;0;0;1;0;0;0;0
"05/10/2023";"07:29:00";"67";"Acidente s";"19,800";"BR-290/RS";"Oeste";"Saída de pista";0;0;1;0;0;0;0;0;0;0;1;0;0;0;0
"05/10/2023";"11:06:00";"169";"Acidente s";"60,000";"BR-101/RS";"Norte";"Colisão - Lateral";1;0;1;0;0;0;0;0;0;0;2;0;0;0;0
"05/10/2023";"14:03:00";"202";"Acidente c";"21,000";"BR-448/RS";"Norte";"Choque Barreira";0;0;0;0;0;0;0;0;0;0;0;1;0;0;0
"05/10/2023";"15:03:00";"218";"Acidente c";"12,000";"BR-101/RS";"Norte";"Queda de moto";0;0;0;1;0;0;0;0;0;0;0;1;0;0;0
"05/10/2023";"18:06:00";"257";"Acidente c";"76,132";"BR-290/RS";"Leste";"Colisão - Lateral";0;0;1;0;0;0;0;0;0;0;1;0;1;0;0
"06/10/2023";"04:59:00";"30";"Acidente s";"35,000";"BR-101/RS";"Norte";"Choque - Pilar";0;0;1;0;0;0;0;0;0;0;1;0;0;0;0
"06/10/2023";"08:07:00";"101";"Acidente s";"84,200";"BR-290/RS";"Oeste";"Colisão - Lateral";0;0;1;0;0;0;0;0;0;0;2;0;0;0;0
"06/10/2023";"14:55:00";"231";"Acidente c";"344,000";"BR-386/RS";"Sul";"Colisão - Traseira";0;0;1;0;0;0;0;0;0;0;2;0;1;0;0
"06/10/2023";"16:12:00";"256";"Acidente s";"84,000";"BR-101/RS";"Norte";"Colisão - Lateral";0;0;1;0;0;0;0;0;0;0;2;0;0;0;0
"06/10/2023";"17:14:00";"261";"Acidente s";"60,000";"BR-290/RS";"Ambos";"Engavetamento";0;0;0;0;0;0;0;0;0;0;3;0;0;0;0
"06/10/2023";"21:13:00";"305";"Acidente s";"407,000";"BR-386/RS";"Sul";"Saída de pista";0;0;0;0;0;0;0;0;0;0;1;0;0;0;0
"06/10/2023";"22:51:00";"327";"Acidente c";"290,000";"BR-386/RS";"Norte";"Saída de pista";0;0;0;0;0;0;0;0;0;0;0;0;2;0;0
"06/10/2023";"23:56:00";"335";"Acidente s";"76,600";"BR-290/RS";"Oeste";"Choque Barreira";0;0;0;0;0;0;0;0;0;0;4;0;0;0;0
"07/10/2023";"00:31:00";"16";"Acidente s";"343,000";"BR-386/RS";"Norte";"Saída de pista";0;0;0;0;0;0;0;0;0;0;1;0;0;0;0
"07/10/2023";"02:05:00";"24";"Acidente s";"420,000";"BR-386/RS";"Sul";"Queda de ribanceira";0;0;0;0;0;0;0;0;0;0;1;0;0;0;0
"07/10/2023";"02:11:00";"25";"Acidente s";"259,000";"BR-386/RS";"Norte";"Queda de ribanceira";0;0;0;0;0;0;0;0;0;0;1;0;0;0;0
"07/10/2023";"03:03:00";"28";"Acidente s";"86,500";"BR-290/RS";"Leste";"Saída de pista";0;0;0;0;0;0;0;0;0;0;1;0;0;0;0
"07/10/2023";"04:15:00";"32";"Acidente c";"345,000";"BR-386/RS";"Sul";"Colisão - Traseira";0;0;0;0;0;0;0;0;0;0;2;2;1;0;0
"07/10/2023";"07:28:00";"50";"Acidente s";"335,000";"BR-386/RS";"Norte";"Colisão - Transversal";0;0;1;0;0;0;0;0;0;0;3;0;0;0;0
"07/10/2023";"07:28:00";"61";"Acidente s";"435,400";"BR-386/RS";"Sul";"Colisão - Lateral";0;0;1;0;0;0;0;0;0;0;2;0;0;0;0
"07/10/2023";"09:16:00";"70";"Acidente s";"17,000";"BR-448/RS";"Sul";"Saída de pista";0;0;0;0;0;0;0;0;0;0;1;0;0;0;0
"07/10/2023";"09:52:00";"80";"Acidente s";"397,000";"BR-386/RS";"Sul";"Saída de pista";0;0;0;0;0;0;0;0;0;0;1;0;0;0;0
"07/10/2023";"10:22:00";"85";"Acidente c";"356,100";"BR-386/RS";"Norte";"Capotamento";0;0;0;0;0;0;0;0;0;0;1;1;0;0;0
"07/10/2023";"11:08:00";"92";"Acidente s";"77,000";"BR-290/RS";"Leste";"Saída de pista";0;0;0;0;0;0;0;0;0;0;3;0;0;0;0
"07/10/2023";"11:50:00";"96";"Acidente s";"78,000";"BR-101/RS";"Sul";"Saída de pista";0;0;0;0;0;0;0;0;0;0;2;0;0;0;0
"07/10/2023";"13:17:00";"118";"Acidente s";"6,400";"BR-448/RS";"Sul";"Outros";0;0;1;0;0;0;0;0;0;0;4;0;0;0;0
"07/10/2023";"15:11:00";"131";"Acidente s";"429,880";"BR-386/RS";"Norte";"Saída de pista";0;0;0;0;0;0;0;0;0;0;2;0;0;0;0
"07/10/2023";"18:46:00";"165";"Acidente s";"342,000";"BR-386/RS";"Norte";"Saída de pista";0;0;0;0;0;0;0;0;0;0;1;0;0;0;0
"07/10/2023";"19:47:00";"171";"Acidente s";"247,150";"BR-386/RS";"Norte";"Saída de pista";0;0;0;0;0;0;0;0;0;0;1;0;0;0;0
"07/10/2023";"21:05:00";"179";"Acidente s";"49,200";"BR-290/RS";"Leste";"Saída de pista";0;0;1;0;0;0;0;0;0;0;1;0;0;0;0
"07/10/2023";"21:55:00";"187";"Acidente s";"324,800";"BR-386/RS";"Sul";"Saída de pista";0;0;0;0;0;0;0;0;0;0;1;0;0;0;0
"08/10/2023";"01:15:00";"21";"Acidente s";"91,000";"BR-290/RS";"Leste";"Colisão - Lateral";0;0;0;0;0;0;0;0;0;0;6;0;0;0;0
"08/10/2023";"11:08:00";"74";"Acidente c";"248,000";"BR-386/RS";"Norte";"Colisão - Transversal";0;0;0;0;0;0;0;0;0;0;3;0;1;0;0
"08/10/2023";"14:43:00";"99";"Acidente c";"280,000";"BR-386/RS";"Norte";"Saída de pista";0;0;0;0;0;0;0;0;0;0;0;2;0;0;0
"08/10/2023";"18:41:00";"144";"Acidente s";"438,000";"BR-386/RS";"Ambos";"Colisão - Traseira";0;0;0;0;0;0;0;0;0;0;4;0;0;0;0
"08/10/2023";"19:16:00";"152";"Acidente c";"444,800";"BR-386/RS";"Norte";"Colisão - Frontal";0;0;0;0;0;0;0;0;0;0;2;1;0;0;0
"08/10/2023";"20:05:00";"164";"Acidente s";"344,000";"BR-386/RS";"Sul";"Saída de pista";0;0;0;0;0;0;0;0;0;0;1;0;0;0;0