data;horario;n_da_ocorrencia;tipo_de_ocorrencia;km;trecho;sentido;tipo_de_acidente;automovel;bicicleta;caminhao;moto;onibus;outros;tracao_animal;transporte_de_cargas_especiais;trator_maquinas;utilitarios;ilesos;levemente_feridos;moderadamente_feridos;gravemente_feridos;mortos
"08/10/2023";"20:49:00";"174";"Acidente c";"375,100";"BR-386/RS";"Norte";"Colisão - Lateral";0;0;0;1;0;0;0;0;0;0;4;1;0;0;0
"08/10/2023";"22:06:00";"188";"Acidente s";"44,100";"BR-290/RS";"Leste";"Choque Defensa";0;0;0;0;0;0;0;0;0;0;1;0;0;0;0
"09/10/2023";"05:35:00";"36";"Acidente c";"70,000";"BR-290/RS";"Oeste";"Colisão - Traseira";0;0;1;0;0;0;0;0;0;0;1;1;1;0;0
"09/10/2023";"05:46:00";"37";"Acidente c";"412,000";"BR-386/RS";"Norte";"Saída de pista";0;0;0;0;0;0;0;0;0;0;0;0;0;0;0
"09/10/2023";"07:11:00";"60";"Atropelame";"386,900";"BR-386/RS";"Norte";"Atropelamento - Morador/Trabalhador/Estudante";1;0;0;0;0;0;0;0;0;0;1;0;1;0;0
"09/10/2023";"07:59:00";"88";"Acidente c";"434,500";"BR-386/RS";"Sul";"Colisão - Lateral";0;0;0;1;0;0;0;0;0;0;2;1;0;0;0
"09/10/2023";"10:24:00";"153";"Acidente c";"418,450";"BR-386/RS";"Norte";"Colisão - Transversal";1;0;0;0;0;0;0;0;0;0;3;0;1;0;0
"09/10/2023";"11:35:00";"173";"Acidente s";"74,000";"BR-290/RS";"Leste";"Colisão - Lateral";0;0;0;0;0;0;0;0;0;0;3;0;0;0;0
"09/10/2023";"18:21:00";"259";"Acidente s";"435,400";"BR-386/RS";"Norte";"Saída de pista";0;0;2;0;0;0;0;0;0;0;2;0;0;0;0
"09/10/2023";"19:38:00";"268";"Acidente c";"84,635";"BR-290/RS";"Oeste";"Capotamento";0;0;0;0;0;0;0;0;0;0;0;1;1;0;0
"10/10/2023";"07:42:00";"84";"Acidente c";"82,000";"BR-290/RS";"Oeste";"Colisão - Lateral";0;0;0;1;0;0;0;0;0;0;1;1;0;0;0
"10/10/2023";"07:53:00";"93";"Acidente s";"83,000";"BR-290/RS";"Oeste";"Engavetamento";0;0;0;0;0;0;0;0;0;0;3;0;0;0;0
"10/10/2023";"14:07:00";"199";"Acidente s";"321,000";"BR-386/RS";"Norte";"Queda de ribanceira";0;0;0;0;0;0;0;0;0;0;1;0;0;0;0
"10/10/2023";"15:07:00";"213";"Acidente s";"18,000";"BR-448/RS";"Norte";"Outros";0;0;1;0;0;0;0;0;0;0;1;0;0;0;0
"10/10/2023";"16:32:00";"228";"Acidente s";"91,000";"BR-290/RS";"Leste";"Engavetamento";0;0;0;0;0;0;0;0;0;0;3;0;0;0;0
"10/10/2023";"18:29:00";"242";"Acidente c";"91,000";"BR-290/RS";"Oeste";"Colisão - Traseira";0;0;0;1;0;0;0;0;0;0;1;1;0;0;0
"10/10/2023";"19:06:00";"251";"Acidente c";"216,600";"BR-386/RS";"Norte";"Colisão - Transversal";0;0;0;0;0;0;0;0;0;0;0;2;0;0;0
"10/10/2023";"19:26:00";"254";"Acidente s";"77,000";"BR-290/RS";"Leste";"Engavetamento";0;0;1;0;0;0;0;0;0;0;43;0;0;0;0
"11/10/2023";"04:19:00";"25";"Acidente c";"55,302";"BR-290/RS";"Oeste";"Colisão - Traseira";0;0;2;0;0;0;0;0;0;0;1;0;1;0;0
"11/10/2023";"07:47:00";"71";"Acidente c";"341,300";"BR-386/RS";"Norte";"Colisão - Lateral";0;0;1;1;0;0;0;0;0;0;1;0;1;0;0
"11/10/2023";"11:33:00";"156";"Acidente s";"373,850";"BR-386/RS";"Sul";"Saída de pista";0;0;0;0;0;0;0;0;0;0;1;0;0;0;0
"11/10/2023";"13:54:00";"179";"Acidente s";"307,000";"BR-386/RS";"Norte";"Saída de pista";0;0;0;0;0;0;0;0;0;0;3;0;0;0;0
"11/10/2023";"14:13:00";"182";"Acidente s";"433,000";"BR-386/RS";"Sul";"Saída de pista";0;0;0;0;0;0;0;0;0;0;1;0;0;0;0
"11/10/2023";"15:34:00";"201";"Acidente c";"396,000";"BR-386/RS";"Sul";"Queda de ribanceira";0;0;0;0;0;0;0;0;0;0;0;1;0;0;0
"11/10/2023";"15:45:00";"208";"Acidente c";"335,000";"BR-386/RS";"Norte";"Queda de moto";0;0;0;0;0;0;0;0;0;0;0;1;0;0;0
"11/10/2023";"16:08:00";"219";"Acidente s";"410,100";"BR-386/RS";"Sul";"Saída de pista";0;0;0;0;0;0;0;0;0;0;2;0;0;0;0
"11/10/2023";"17:09:00";"229";"Acidente s";"306,200";"BR-386/RS";"Norte";"Tombamento";0;0;1;0;0;0;0;0;0;0;1;0;0;0;0
"11/10/2023";"17:21:00";"231";"Acidente s";"91,000";"BR-290/RS";"Leste";"Choque Defensa";0;0;0;0;0;0;0;0;0;0;1;0;0;0;0
"11/10/2023";"17:50:00";"240";"Acidente s";"396,000";"BR-386/RS";"Norte";"Queda de ribanceira";0;0;0;0;0;0;0;0;0;0;1;0;0;0;0
"11/10/2023";"19:17:00";"255";"Acidente s";"10,900";"BR-290/RS";"Leste";"Queda de ribanceira";0;0;0;0;0;0;0;0;0;0;2;0;0;0;0
"11/10/2023";"19:35:00";"259";"Acidente s";"367,000";"BR-386/RS";"Norte";"Queda de ribanceira";0;0;0;0;0;0;0;0;0;0;1;0;0;0;0
"11/10/2023";"21:34:00";"280";"Acidente s";"306,500";"BR-386/RS";"Sul";"Queda de ribanceira";0;0;0;0;0;0;0;0;0;0;1;0;0;0;0
"11/10/2023";"21:40:00";"283";"Acidente s";"306,500";"BR-386/RS";"Sul";"Queda de ribanceira";0;0;0;0;0;0;0;0;0;0;1;0;0;0;0
"11/10/2023";"22:26:00";"291";"Acidente s";"380,200";"BR-386/RS";"Sul";"Saída de pista";0;0;0;0;0;0;0;0;0;0;1;0;0;0;0
"12/10/2023";"03:21:00";"33";"Acidente s";"10,600";"BR-290/RS";"Leste";"Capotamento";0;0;0;0;0;0;0;0;0;0;1;0;0;0;0
"12/10/2023";"03:44:00";"36";"Acidente s";"6,300";"BR-290/RS";"Oeste";"Capotamento";0;0;0;0;0;0;0;0;0;0;5;0;0;0;0
"12/10/2023";"06:42:00";"48";"Acidente s";"22,000";"BR-448/RS";"Sul";"Colisão - Traseira";0;0;1;0;0;0;0;0;0;0;5;0;0;0;0
"12/10/2023";"07:35:00";"60";"Acidente s";"440,000";"BR-386/RS";"Norte";"Saída de pista";0;0;0;0;0;0;0;0;0;0;1;0;0;0;0
"12/10/2023";"09:40:00";"83";"Acidente s";"413,000";"BR-386/RS";"Norte";"Saída de pista";0;0;0;0;0;0;0;0;0;0;2;0;0;0;0
"12/10/2023";"09:47:00";"87";"Acidente s";"364,000";"BR-386/RS";"Norte";"Colisão - Traseira";0;0;0;0;0;0;0;0;0;0;4;0;0;0;0
"12/10/2023";"10:58:00";"106";"Acidente s";"19,000";"BR-290/RS";"Oeste";"Saída de pista";0;0;0;0;0;0;0;0;0;0;1;0;0;0;0
"12/10/2023";"16:11:00";"166";"Acidente s";"295,000";"BR-386/RS";"Sul";"Colisão - Traseira";0;0;0;0;0;0;0;0;0;0;7;0;0;0;0
"12/10/2023";"17:44:00";"217";"Acidente s";"308,000";"BR-386/RS";"Norte";"Queda de ribanceira";0;0;0;0;0;0;0;0;0;0;2;0;0;0;0
"12/10/2023";"22:00:00";"252";"Acidente s";"35,000";"BR-101/RS";"Sul";"Choque Praça - Cabine";1;0;0;0;0;0;0;0;0;0;1;0;0;0;0
"12/10/2023";"23:53:00";"262";"Acidente s";"279,400";"BR-386/RS";"Norte";"Queda de ribanceira";0;0;0;0;0;0;0;0;0;0;2;0;0;0;0
"13/10/2023";"02:19:00";"21";"Acidente c";"90,000";"BR-290/RS";"Leste";"Colisão - Lateral";0;0;0;1;0;0;0;0;0;0;2;0;1;0;0
"13/10/2023";"05:36:00";"31";"Acidente s";"14,443";"BR-290/RS";"Leste";"Tombamento";0;0;1;0;0;0;0;0;0;0;1;0;0;0;0
"13/10/2023";"10:03:00";"143";"Acidente s";"88,000";"BR-290/RS";"Leste";"Colisão - Traseira";0;0;1;0;0;0;0;0;0;0;3;0;0;0;0
"13/10/2023";"17:58:00";"237";"Acidente s";"91,000";"BR-290/RS";"Leste";"Colisão - Traseira";0;0;0;0;0;0;0;0;0;0;3;0;0;0;0
"14/10/2023";"07:44:00";"78";"Acidente s";"346,500";"BR-386/RS";"Sul";"Colisão - Traseira";0;0;0;0;0;0;0;0;0;0;2;0;0;0;0
"14/10/2023";"12:28:00";"134";"Acidente s";"435,800";"BR-386/RS";"Norte";"Colisão - Lateral";0;0;1;1;0;0;0;0;0;0;2;0;0;0;0
"14/10/2023";"15:43:00";"179";"Acidente c";"92,000";"BR-290/RS";"Oeste";"Queda de moto";0;0;0;1;0;0;0;0;0;0;0;1;1;0;0
"14/10/2023";"21:39:00";"240";"Acidente c";"278,750";"BR-386/RS";"Norte";"Colisão - Frontal";0;0;0;0;0;0;0;0;0;0;4;10;2;2;2
"15/10/2023";"01:19:00";"15";"Atropelame";"85";"BR-101/RS";"Sul";"Atropelamento de pedestre";0;0;1;0;0;0;0;0;0;0;1;0;0;0;1
"15/10/2023";"01:49:00";"9";"Acidente s";"41,000";"BR-290/RS";"Leste";"Atropelamento de Animal";0;0;0;0;0;0;0;0;0;0;4;0;0;0;0
"15/10/2023";"09:11:00";"67";"Acidente s";"347,000";"BR-386/RS";"Sul";"Colisão - Traseira";0;0;0;0;0;0;0;0;0;0;2;0;0;0;0
"15/10/2023";"14:31:00";"122";"Acidente s";"75,000";"BR-290/RS";"Leste";"Choque Barreira";0;0;0;0;0;0;0;0;0;0;1;0;0;0;0
"15/10/2023";"20:30:00";"222";"Acidente s";"82,710";"BR-101/RS";"Sul";"Colisão - Transversal";0;0;1;0;0;0;0;0;0;0;6;0;0;0;0
"15/10/2023";"22:56:00";"247";"Acidente s";"70,500";"BR-101/RS";"Norte";"Capotamento";0;0;0;0;0;0;0;0;0;0;1;0;0;0;0
"15/10/2023";"23:12:00";"249";"Acidente s";"92,000";"BR-290/RS";"Leste";"Saída de pista";0;0;0;0;0;0;0;0;0;0;2;0;0;0;0
"16/10/2023";"00:20:00";"2";"Acidente s";"216,450";"BR-386/RS";"Sul";"Colisão - Lateral";0;0;1;0;0;0;0;0;0;0;6;0;0;0;0
"16/10/2023";"07:16:00";"51";"Acidente s";"21,000";"BR-448/RS";"Sul";"Engavetamento";0;0;0;0;0;0;0;0;0;0;5;0;0;0;0
"16/10/2023";"10:52:00";"138";"Acidente c";"306,000";"BR-386/RS";"Norte";"Colisão - Frontal";0;0;0;0;0;0;0;0;0;0;2;0;3;1;0
"16/10/2023";"12:55:00";"161";"Acidente c";"10,000";"BR-290/RS";"Ambos";"Saída de pista";0;0;0;0;0;0;0;0;0;0;0;0;4;0;0
"16/10/2023";"12:55:00";"162";"Acidente s";"10,000";"BR-290/RS";"Leste";"Saída de pista";0;0;0;0;0;0;0;0;0;0;1;0;0;0;0
"16/10/2023";"13:22:00";"165";"Acidente s";"19,000";"BR-290/RS";"Oeste";"Capotamento";0;0;0;0;0;0;0;0;0;0;1;0;0;0;0
"16/10/2023";"14:55:00";"182";"Acidente s";"65,000";"BR-290/RS";"Oeste";"Saída de pista";0;0;0;0;0;0;0;0;0;0;1;0;0;0;0
"16/10/2023";"15:32:00";"184";"Acidente s";"360,500";"BR-386/RS";"Sul";"Saída de pista";0;0;0;0;0;0;0;0;0;0;1;0;0;0;0
"16/10/2023";"15:50:00";"188";"Acidente s";"411,000";"BR-386/RS";"Norte";"Saída de pista";0;0;0;0;0;0;0;0;0;0;1;0;0;0;0
"16/10/2023";"16:07:00";"190";"Acidente s";"401,000";"BR-386/RS";"Norte";"Saída de pista";0;0;0;0;0;0;0;0;0;0;2;0;0;0;0
"16/10/2023";"16:14:00";"191";"Acidente s";"19,000";"BR-290/RS";"Oeste";"Saída de pista";0;0;0;0;0;0;0;0;0;0;1;0;0;0;0
"16/10/2023";"16:55:00";"200";"Acidente s";"397,000";"BR-386/RS";"Norte";"Saída de pista";0;0;0;0;0;0;0;0;0;0;1;0;0;0;0
"16/10/2023";"18:03:00";"221";"Acidente s";"401,100";"BR-386/RS";"Norte";"Queda de ribanceira";0;0;0;0;0;0;0;0;0;0;3;0;0;0;0
"16/10/2023";"19:08:00";"232";"Acidente s";"253,000";"BR-386/RS";"Sul";"Outros";0;0;0;0;0;0;0;0;0;0;2;0;0;0;0
"16/10/2023";"23:18:00";"270";"Acidente s";"256,000";"BR-386/RS";"Norte";"Saída de pista";0;0;0;0;0;0;0;0;0;0;2;0;0;0;0
"17/10/2023";"06:30:00";"32";"Acidente s";"22,000";"BR-448/RS";"Sul";"Choque Barreira";0;0;0;0;0;0;0;0;0;0;1;0;0;0;0
"17/10/2023";"15:11:00";"188";"Acidente c";"342,700";"BR-386/RS";"Norte";"Engavetamento";0;0;0;1;0;0;0;0;0;0;2;1;0;0;0
"17/10/2023";"17:41:00";"235";"Acidente s";"80,000";"BR-290/RS";"Oeste";"Saída de pista";0;0;0;0;0;0;0;0;0;0;1;0;0;0;0
"18/10/2023";"03:41:00";"22";"Acidente c";"434,900";"BR-386/RS";"Norte";"Queda de moto";0;0;0;1;0;0;0;0;0;0;0;2;0;0;0
"18/10/2023";"05:04:00";"26";"Acidente s";"431,000";"BR-386/RS";"Norte";"Atropelamento de Animal";0;0;1;0;0;0;0;0;0;0;1;0;0;0;0
"18/10/2023";"08:45:00";"129";"Acidente s";"432,800";"BR-386/RS";"Norte";"Engavetamento";0;0;3;0;0;0;0;0;0;0;4;0;0;0;0
"18/10/2023";"17:49:00";"256";"Acidente s";"92,000";"BR-290/RS";"Leste";"Colisão - Traseira";0;0;0;1;0;0;0;0;0;0;2;0;0;0;0
"18/10/2023";"20:37:00";"284";"Acidente c";"295,500";"BR-386/RS";"Norte";"Tombamento";0;0;2;0;0;0;0;0;0;0;1;0;1;0;0
"19/10/2023";"07:26:00";"84";"Acidente s";"83,000";"BR-290/RS";"Oeste";"Engavetamento";0;0;0;0;0;0;0;0;0;0;6;0;0;0;0
"19/10/2023";"16:54:00";"250";"Acidente s";"35,000";"BR-101/RS";"Sul";"Choque Defensa";0;0;0;0;0;0;0;0;0;0;1;0;0;0;0
"19/10/2023";"19:18:00";"278";"Acidente s";"391,600";"BR-386/RS";"Sul";"Colisão - Traseira";0;0;1;0;0;0;0;0;0;0;4;0;0;0;0
"20/10/2023";"05:56:00";"31";"Acidente s";"75,000";"BR-290/RS";"Leste";"Queda de moto";0;0;0;1;0;0;0;0;0;0;2;0;0;0;0
"20/10/2023";"12:21:00";"197";"Acidente s";"71,000";"BR-101/RS";"Sul";"Choque Defensa";0;0;1;0;0;0;0;0;0;0;1;0;0;0;0
"20/10/2023";"12:47:00";"204";"Acidente c";"216,000";"BR-386/RS";"Norte";"Colisão - Traseira";0;0;1;0;0;0;0;0;0;0;1;1;0;0;0
"20/10/2023";"16:29:00";"260";"Acidente s";"435,000";"BR-386/RS";"Ambos";"Colisão - Lateral";0;0;1;0;0;0;0;0;0;0;10;0;0;0;0
"20/10/2023";"20:05:00";"302";"Acidente s";"68,000";"BR-101/RS";"Norte";"Colisão - Lateral";0;0;1;0;0;0;0;0;0;0;2;0;0;0;0
"20/10/2023";"20:11:00";"305";"Acidente s";"304,000";"BR-386/RS";"Sul";"Colisão - Transversal";0;0;1;0;0;0;0;0;0;0;2;0;0;0;0
"21/10/2023";"01:25:00";"20";"Acidente s";"308,000";"BR-386/RS";"Norte";"Queda de ribanceira";0;0;0;0;0;0;0;0;0;0;1;0;0;0;0
"21/10/2023";"01:53:00";"26";"Acidente s";"75,400";"BR-101/RS";"Norte";"Queda de ribanceira";0;0;1;0;0;0;0;0;0;0;1;0;0;0;0
"21/10/2023";"04:10:00";"35";"Acidente s";"235,200";"BR-386/RS";"Norte";"Capotamento";0;0;0;0;0;0;0;0;0;0;1;0;0;0;0
"21/10/2023";"07:29:00";"77";"Acidente s";"89,860";"BR-290/RS";"Oeste";"Queda de moto";0;0;0;1;0;0;0;0;0;0;1;0;0;0;0
"21/10/2023";"11:34:00";"150";"Acidente s";"80,000";"BR-290/RS";"Oeste";"Saída de pista";0;0;1;0;0;0;0;0;0;0;3;0;0;0;0
"21/10/2023";"13:50:00";"169";"Acidente c";"412,000";"BR-386/RS";"Norte";"Colisão - Lateral";0;0;0;2;0;0;0;0;0;0;0;1;0;1;0
"21/10/2023";"18:34:00";"232";"Acidente s";"60,000";"BR-290/RS";"Leste";"Choque Praça - Cabine";0;0;1;0;0;0;0;0;0;0;1;0;0;0;0
"21/10/2023";"20:11:00";"253";"Acidente c";"342,100";"BR-386/RS";"Norte";"Colisão - Lateral";0;0;1;0;0;0;0;0;0;0;2;0;1;0;0
"21/10/2023";"21:05:00";"258";"Acidente s";"366,000";"BR-386/RS";"Norte";"Choque Defensa";0;0;0;0;0;0;0;0;0;0;1;0;0;0;0
"21/10/2023";"23:17:00";"272";"Acidente s";"362,000";"BR-386/RS";"Norte";"Choque Defensa";0;0;0;0;0;0;0;0;0;0;1;0;0;0;0
"22/10/2023";"06:52:00";"35";"Acidente s";"48,000";"BR-290/RS";"Oeste";"Saída de pista";0;0;1;0;0;0;0;0;0;0;1;0;0;0;0
"22/10/2023";"10:25:00";"86";"Acidente c";"90,300";"BR-290/RS";"Leste";"Engavetamento";0;0;1;0;0;0;0;0;0;0;5;0;1;0;0
"22/10/2023";"16:07:00";"154";"Acidente s";"308,000";"BR-386/RS";"Norte";"Saída de pista";0;0;1;0;0;0;0;0;0;0;1;0;0;0;0
"22/10/2023";"20:47:00";"223";"Acidente c";"15,000";"BR-101/RS";"Sul";"Atropelamento de Animal";0;0;0;0;0;0;0;0;0;0;0;1;0;0;0
"22/10/2023";"23:33:00";"244";"Acidente c";"37,387";"BR-101/RS";"Sul";"Choque Defensa";0;0;0;0;0;0;0;0;0;0;0;0;1;0;0
"23/10/2023";"04:23:00";"20";"Atropelame";"346,45";"BR-386/RS";"Norte";"Atropelamento de pedestre";0;0;1;0;0;0;0;0;0;0;1;0;0;0;1
"23/10/2023";"12:35:00";"174";"Acidente s";"400,500";"BR-386/RS";"Norte";"Saída de pista";0;0;0;0;0;0;0;0;0;0;1;0;0;0;0
"23/10/2023";"13:28:00";"186";"Acidente s";"15,000";"BR-448/RS";"Sul";"Capotamento";0;0;0;0;0;0;0;0;0;0;1;0;0;0;0
"23/10/2023";"15:35:00";"206";"Acidente s";"414,100";"BR-386/RS";"Norte";"Colisão - Lateral";0;0;2;0;0;0;0;0;0;0;2;0;0;0;0
"23/10/2023";"19:07:00";"235";"Acidente s";"262,600";"BR-386/RS";"Norte";"Choque Praça - Cabine";0;0;1;0;0;0;0;0;0;0;1;0;0;0;0
"24/10/2023";"03:13:00";"14";"Acidente c";"268,500";"BR-386/RS";"Norte";"Saída de pista";0;0;1;0;0;0;0;0;0;0;0;1;0;0;0
"24/10/2023";"13:39:00";"180";"Acidente s";"426,000";"BR-386/RS";"Sul";"Colisão - Traseira";0;0;1;0;0;0;0;0;0;0;2;0;0;0;0
"24/10/2023";"14:39:00";"195";"Acidente s";"342,000";"BR-386/RS";"Sul";"Colisão - Lateral";0;0;0;0;0;0;0;0;0;0;2;0;0;0;0
"24/10/2023";"19:29:00";"242";"Acidente s";"90,000";"BR-290/RS";"Leste";"Queda de moto";0;0;0;1;0;0;0;0;0;0;1;0;0;0;0
"25/10/2023";"07:15:00";"62";"Acidente s";"80,000";"BR-290/RS";"Oeste";"Colisão - Traseira";0;0;0;0;0;0;0;0;0;0;2;0;0;0;0
"25/10/2023";"07:30:00";"72";"Acidente s";"419,000";"BR-386/RS";"Norte";"Atropelamento de Animal";0;0;0;0;0;0;0;0;0;0;1;0;0;0;0
"25/10/2023";"07:46:00";"86";"Acidente s";"420,000";"BR-386/RS";"Norte";"Choque Defensa";0;0;0;0;0;0;0;0;0;0;1;0;0;0;0
"25/10/2023";"07:55:00";"95";"Acidente s";"87,000";"BR-290/RS";"Oeste";"Colisão - Traseira";0;0;0;1;0;0;0;0;0;0;5;0;0;0;0
"25/10/2023";"08:15:00";"106";"Acidente c";"0,100";"BR-448/RS";"Sul";"Colisão - Lateral";0;0;0;1;0;0;0;0;0;0;1;1;0;0;0
"25/10/2023";"09:10:00";"137";"Acidente s";"349,000";"BR-386/RS";"Norte";"Colisão - Traseira";0;0;1;0;0;0;0;0;0;0;1;0;0;0;0
"25/10/2023";"11:17:00";"169";"Acidente s";"276,000";"BR-386/RS";"Norte";"Choque Defensa";0;0;0;0;0;0;0;0;0;0;1;0;0;0;0
"25/10/2023";"21:25:00";"273";"Acidente c";"41,902";"BR-290/RS";"Oeste";"Colisão - Traseira";0;0;1;0;0;0;0;0;0;0;1;0;0;1;0
"26/10/2023";"02:42:00";"13";"Acidente s";"392,000";"BR-386/RS";"Sul";"Saída de pista";0;0;1;0;0;0;0;0;0;0;1;0;0;0;0
"26/10/2023";"08:20:00";"114";"Acidente s";"96,000";"BR-290/RS";"Oeste";"Colisão - Traseira";0;0;0;0;0;0;0;0;0;0;2;0;0;0;0
"26/10/2023";"08:55:00";"127";"Acidente s";"19,000";"BR-290/RS";"Oeste";"Saída de pista";0;0;1;0;0;0;0;0;0;0;2;0;0;0;0
"26/10/2023";"09:19:00";"133";"Acidente c";"236,000";"BR-386/RS";"Sul";"Colisão - Traseira";1;0;1;0;0;0;0;0;0;0;1;0;0;0;1
"26/10/2023";"15:22:00";"209";"Acidente s";"84,200";"BR-290/RS";"Oeste";"Saída de pista";0;0;0;0;0;0;0;0;0;0;1;0;0;0;0
"26/10/2023";"16:41:00";"229";"Acidente s";"306,000";"BR-386/RS";"Sul";"Colisão - Traseira";1;0;1;0;0;0;0;0;0;0;31;0;0;0;0
"26/10/2023";"18:14:00";"251";"Acidente s";"354,000";"BR-386/RS";"Norte";"Capotamento";0;0;0;0;0;0;0;0;0;0;2;0;0;0;0
"26/10/2023";"19:10:00";"262";"Acidente s";"92,450";"BR-290/RS";"Leste";"Engavetamento";0;0;1;0;0;0;0;0;0;0;4;0;0;0;0
"27/10/2023";"00:32:00";"13";"Acidente s";"391,100";"BR-386/RS";"Sul";"Saída de pista";0;0;1;0;0;0;0;0;0;0;1;0;0;0;0
"27/10/2023";"02:56:00";"23";"Acidente s";"2,000";"BR-290/RS";"Oeste";"Saída de pista";0;0;0;0;0;0;0;0;0;0;2;0;0;0;0
"27/10/2023";"05:10:00";"30";"Acidente s";"73,000";"BR-290/RS";"Leste";"Saída de pista";0;0;0;0;0;0;0;0;0;0;1;0;0;0;0
"27/10/2023";"15:00:00";"232";"Acidente s";"349,000";"BR-386/RS";"Sul";"Colisão - Traseira";0;0;0;0;0;0;0;0;0;0;1;0;0;0;0
"27/10/2023";"17:30:00";"271";"Atropelame";"26,000";"BR-101/RS";"Norte";"Atropelamento - Andarilho";0;0;0;0;0;0;0;0;0;0;1;0;1;0;0
"27/10/2023";"19:31:00";"304";"Acidente c";"416,610";"BR-386/RS";"Ambos";"Colisão - Traseira";0;0;0;0;0;0;0;0;0;0;2;0;2;0;0
"27/10/2023";"20:04:00";"307";"Atropelame";"416,900";"BR-386/RS";"Sul";"Atropelamento - Esportista";0;0;0;0;0;0;0;0;0;0;1;0;1;0;0
"28/10/2023";"08:47:00";"96";"Acidente s";"307,200";"BR-386/RS";"Sul";"Saída de pista";0;0;1;0;0;0;0;0;0;0;1;0;0;0;0
"28/10/2023";"11:22:00";"133";"Acidente s";"307,000";"BR-386/RS";"Norte";"Saída de pista";0;0;0;0;0;0;0;0;0;0;1;0;0;0;0
"28/10/2023";"11:23:00";"134";"Acidente s";"306,000";"BR-386/RS";"Norte";"Saída de pista";0;0;0;0;0;0;0;0;0;0;2;0;0;0;0
"28/10/2023";"13:35:00";"156";"Acidente s";"427,000";"BR-386/RS";"Norte";"Colisão - Traseira";0;0;0;0;0;0;0;0;0;0;2;0;0;0;0
"28/10/2023";"20:07:00";"218";"Acidente c";"73,000";"BR-290/RS";"Leste";"Colisão - Traseira";0;0;0;1;0;0;0;0;0;0;2;1;0;0;0
"28/10/2023";"22:46:00";"240";"Atropelame";"2,000";"BR-101/RS";"Sul";"Atropelamento - Andarilho";0;0;0;0;0;0;0;0;0;0;2;0;1;0;0
"29/10/2023";"14:43:00";"131";"Acidente s";"435,000";"BR-386/RS";"Sul";"Colisão - Traseira";0;0;0;0;0;0;0;0;0;0;5;0;0;0;0
"29/10/2023";"14:48:00";"132";"Acidente s";"339,000";"BR-386/RS";"Norte";"Colisão - Lateral";0;0;0;0;0;0;0;0;0;0;1;0;0;0;0
"29/10/2023";"15:33:00";"139";"Acidente c";"196,300";"BR-386/RS";"Sul";"Colisão - Traseira";0;0;0;0;0;0;0;0;0;0;1;2;0;0;0
"29/10/2023";"20:01:00";"201";"Acidente s";"19,000";"BR-290/RS";"Oeste";"Colisão - Traseira";0;0;1;0;0;0;0;0;0;0;5;0;0;0;0
"29/10/2023";"21:14:00";"220";"Acidente c";"345,450";"BR-386/RS";"Sul";"Queda de moto";0;0;0;1;0;0;0;0;0;0;0;0;1;0;0
"29/10/2023";"21:14:00";"240";"Atropelame";"345,450";"BR-386/RS";"Sul";"Atropelamento - Usuário";0;0;0;2;0;0;0;0;0;0;1;0;1;0;0
"30/10/2023";"09:06:00";"138";"Acidente c";"88,000";"BR-290/RS";"Oeste";"Colisão - Traseira";0;0;0;0;0;0;0;0;0;0;1;1;0;0;0
"30/10/2023";"09:20:00";"141";"Acidente c";"238,000";"BR-386/RS";"Sul";"Saída de pista";0;0;0;0;0;0;0;0;0;0;0;1;0;0;0
"30/10/2023";"17:09:00";"227";"Acidente s";"19,000";"BR-290/RS";"Oeste";"Saída de pista";0;0;0;0;0;0;0;0;0;0;1;0;0;0;0
"30/10/2023";"17:16:00";"229";"Acidente c";"89,000";"BR-290/RS";"Leste";"Colisão - Traseira";0;0;0;1;0;0;0;0;0;0;1;1;0;0;0
"30/10/2023";"17:49:00";"233";"Acidente s";"94,000";"BR-290/RS";"Leste";"Queda de moto";0;0;0;1;0;0;0;0;0;0;1;0;0;0;0
"31/10/2023";"15:16:00";"184";"Acidente c";"232,000";"BR-386/RS";"Norte";"Saída de pista";0;0;0;0;0;0;0;0;0;0;1;3;0;0;0
"31/10/2023";"19:36:00";"219";"Acidente s";"392,000";"BR-386/RS";"Norte";"Colisão - Lateral";0;0;1;0;0;0;0;0;0;0;2;0;0;0;0
"31/10/2023";"20:09:00";"228";"Acidente s";"362,000";"BR-386/RS";"Sul";"Colisão - Transversal";0;0;0;0;0;0;0;0;0;0;3;0;0;0;0
"01/11/2023";"12:30:00";"167";"Acidente c";"81";"BR-290/RS";"Oeste";"Colisão - Traseira";1;0;0;1;0;0;0;0;0;0;1;0;1;0;0
"01/11/2023";"14:57:00";"194";"Acidente s";"434";"BR-386/RS";"Norte";"Colisão - Traseira";1;0;1;0;0;0;0;0;0;0;2;0;0;0;0
"01/11/2023";"16:00:00";"211";"Acidente c";"87";"BR-290/RS";"Oeste";"Engavetamento";1;0;1;1;0;0;0;0;0;0;2;1;0;0;0
"01/11/2023";"17:50:00";"228";"Acidente c";"96";"BR-290/RS";"Oeste";"Queda de moto";0;0;0;1;0;0;0;0;0;0;0;1;0;0;0
"01/11/2023";"20:11:00";"258";"Acidente s";"91";"BR-290/RS";"Leste";"Colisão - Lateral";1;0;1;0;0;0;0;0;0;0;3;0;0;0;0