data;horario;n_da_ocorrencia;tipo_de_ocorrencia;km;trecho;sentido;tipo_de_acidente;automovel;bicicleta;caminhao;moto;onibus;outros;tracao_animal;transporte_de_cargas_especiais;trator_maquinas;utilitarios;ilesos;levemente_feridos;moderadamente_feridos;gravemente_feridos;mortos
"01/11/2023";"23:41:00";"297";"Acidente s";"8";"BR-101/RS";"Norte";"Colisão - Lateral";0;0;2;0;0;0;0;0;0;0;2;0;0;0;0
"02/11/2023";"00:57:00";"11";"Acidente s";"401";"BR-386/RS";"Sul";"Saída de pista";1;0;0;0;0;0;0;0;0;0;1;0;0;0;0
"02/11/2023";"02:15:00";"17";"Acidente c";"364";"BR-386/RS";"Sul";"Tombamento";0;0;1;0;0;0;0;0;0;0;0;1;0;0;0
"02/11/2023";"04:27:00";"33";"Acidente s";"308";"BR-386/RS";"Norte";"Choque Talude";1;0;0;0;0;0;0;0;0;0;4;0;0;0;0
"02/11/2023";"04:46:00";"38";"Acidente s";"342";"BR-386/RS";"Sul";"Colisão - Frontal";2;0;0;0;0;0;0;0;0;0;1;0;0;0;0
"02/11/2023";"11:19:00";"108";"Acidente s";"3";"BR-290/RS";"Leste";"Saída de pista";1;0;0;0;0;0;0;0;0;0;3;0;0;0;0
"02/11/2023";"15:46:00";"148";"Acidente s";"401";"BR-386/RS";"Norte";"Saída de pista";1;0;0;0;0;0;0;0;0;0;1;0;0;0;0
"02/11/2023";"16:08:00";"152";"Acidente s";"93";"BR-290/RS";"Leste";"Choque Barreira";1;0;0;0;0;0;0;0;0;0;1;0;0;0;0
"02/11/2023";"16:44:00";"160";"Acidente s";"283";"BR-386/RS";"Sul";"Saída de pista";1;0;0;0;0;0;0;0;0;0;2;0;0;0;0
"02/11/2023";"19:07:00";"192";"Acidente s";"94";"BR-290/RS";"Leste";"Choque Defensa";1;0;0;0;0;0;0;0;0;0;2;0;0;0;0
"02/11/2023";"21:35:00";"207";"Acidente s";"219";"BR-386/RS";"Norte";"Choque Defensa";1;0;0;0;0;0;0;0;0;0;2;0;0;0;0
"03/11/2023";"08:08:00";"73";"Acidente c";"441";"BR-386/RS";"Sul";"Queda de moto";0;0;0;1;0;0;0;0;0;0;0;1;0;0;0
"03/11/2023";"09:33:00";"95";"Acidente s";"411";"BR-386/RS";"Norte";"Saída de pista";1;0;0;0;0;0;0;0;0;0;1;0;0;0;0
"03/11/2023";"11:36:00";"120";"Acidente c";"279";"BR-386/RS";"Sul";"Saída de pista";1;0;0;0;0;0;0;0;0;0;1;0;1;0;0
"03/11/2023";"11:55:00";"125";"Acidente s";"411";"BR-386/RS";"Norte";"Saída de pista";1;0;0;0;0;0;0;0;0;0;3;0;0;0;0
"03/11/2023";"12:16:00";"128";"Acidente s";"92";"BR-290/RS";"Leste";"Saída de pista";1;0;0;0;0;0;0;0;0;0;1;0;0;0;0
"03/11/2023";"12:43:00";"134";"Acidente s";"307";"BR-386/RS";"Norte";"Saída de pista";1;0;0;0;0;0;0;0;0;0;3;0;0;0;0
"03/11/2023";"13:17:00";"136";"Acidente c";"92";"BR-290/RS";"Leste";"Colisão - Lateral";1;0;0;1;0;0;0;0;0;0;1;1;0;0;0
"03/11/2023";"14:03:00";"142";"Acidente s";"22";"BR-448/RS";"Sul";"Capotamento";1;0;0;0;0;0;0;0;0;0;3;0;0;0;0
"03/11/2023";"15:28:00";"156";"Acidente s";"5";"BR-290/RS";"Leste";"Saída de pista";1;0;0;0;0;0;0;0;0;0;2;0;0;0;0
"03/11/2023";"18:18:00";"189";"Acidente c";"89";"BR-290/RS";"Leste";"Colisão - Lateral";1;0;0;1;0;0;0;0;0;0;2;0;1;0;0
"03/11/2023";"19:37:00";"199";"Acidente s";"38";"BR-290/RS";"Leste";"Capotamento";1;0;0;0;0;0;0;0;0;0;2;0;0;0;0
"03/11/2023";"19:56:00";"203";"Acidente s";"430";"BR-386/RS";"Sul";"Colisão - Lateral";1;0;1;0;0;0;0;0;0;0;2;0;0;0;0
"03/11/2023";"22:23:00";"224";"Acidente c";"89";"BR-290/RS";"Leste";"Choque Barreira";1;0;0;0;0;0;0;0;0;0;1;0;1;0;0
"03/11/2023";"23:00:00";"226";"Acidente c";"87";"BR-290/RS";"Leste";"Choque Barreira";1;0;0;0;0;0;0;0;0;0;0;2;0;0;0
"04/11/2023";"10:57:00";"139";"Acidente c";"343";"BR-386/RS";"Norte";"Colisão - Traseira";1;0;0;1;0;0;0;0;0;0;2;1;0;0;0
"04/11/2023";"14:43:00";"184";"Acidente s";"26";"BR-101/RS";"Sul";"Saída de pista";1;0;0;0;0;0;0;0;0;0;5;0;0;0;0
"04/11/2023";"15:07:00";"189";"Acidente s";"217";"BR-386/RS";"Sul";"Saída de pista";1;0;0;0;0;0;0;0;0;0;1;0;0;0;0
"04/11/2023";"16:54:00";"213";"Acidente s";"216";"BR-386/RS";"Sul";"Colisão - Lateral";1;0;1;0;0;0;0;0;0;0;2;0;0;0;0
"05/11/2023";"02:06:00";"16";"Acidente s";"298";"BR-386/RS";"Norte";"Queda de ribanceira";0;0;1;0;0;0;0;0;0;0;1;0;0;0;0
"05/11/2023";"06:22:00";"33";"Acidente s";"414";"BR-386/RS";"Sul";"Capotamento";1;0;0;0;0;0;0;0;0;0;1;0;0;0;0
"05/11/2023";"11:49:00";"93";"Acidente s";"401";"BR-386/RS";"Norte";"Colisão - Lateral";1;0;1;0;0;0;0;0;0;0;2;0;0;0;0
"05/11/2023";"16:14:00";"156";"Acidente s";"426";"BR-386/RS";"Norte";"Colisão - Traseira";2;0;0;0;0;0;0;0;0;0;1;0;0;0;0
"05/11/2023";"18:35:00";"195";"Acidente s";"75";"BR-290/RS";"Leste";"Colisão - Traseira";2;0;0;0;0;0;0;0;0;0;2;0;0;0;0
"05/11/2023";"20:15:00";"220";"Acidente s";"64";"BR-290/RS";"Oeste";"Colisão - Traseira";2;0;0;0;0;0;0;0;0;0;5;0;0;0;0
"05/11/2023";"21:19:00";"239";"Acidente s";"26";"BR-290/RS";"Oeste";"Saída de pista";1;0;0;0;0;0;0;0;0;0;2;0;0;0;0
"06/11/2023";"03:53:00";"20";"Acidente s";"82";"BR-101/RS";"Norte";"Saída de pista";1;0;0;0;0;0;0;0;0;0;3;0;0;0;0
"06/11/2023";"05:37:00";"29";"Acidente s";"70";"BR-101/RS";"Sul";"Saída de pista";1;0;0;0;0;0;0;0;0;0;5;0;0;0;0
"06/11/2023";"07:32:00";"93";"Acidente s";"3";"BR-448/RS";"Sul";"Colisão - Traseira";1;0;0;0;0;0;0;0;0;0;1;0;0;0;0
"06/11/2023";"07:53:00";"104";"Acidente s";"416";"BR-386/RS";"Sul";"Colisão - Traseira";1;0;0;0;0;0;0;0;0;0;1;0;0;0;0
"06/11/2023";"09:22:00";"154";"Acidente c";"33";"BR-290/RS";"Leste";"Saída de pista";1;0;0;0;0;0;0;0;0;0;1;1;0;0;0
"06/11/2023";"14:27:00";"236";"Acidente s";"191";"BR-386/RS";"Sul";"Colisão - Traseira";0;0;2;0;0;0;0;0;0;0;2;0;0;0;0
"06/11/2023";"17:40:00";"263";"Acidente c";"352";"BR-386/RS";"Sul";"Colisão - Traseira";0;0;1;1;0;0;0;0;0;0;1;0;1;0;0
"06/11/2023";"20:50:00";"299";"Acidente s";"218";"BR-386/RS";"Norte";"Colisão - Traseira";2;0;0;0;0;0;0;0;0;0;3;0;0;0;0
"07/11/2023";"08:11:00";"120";"Acidente c";"55";"BR-290/RS";"Oeste";"Capotamento";1;0;0;0;0;0;0;0;0;0;0;0;1;0;0
"07/11/2023";"09:21:00";"150";"Acidente c";"329";"BR-386/RS";"Norte";"Choque Defensa";1;0;0;0;0;0;0;0;0;0;0;1;0;0;0
"07/11/2023";"09:29:00";"154";"Acidente s";"392";"BR-386/RS";"Sul";"Colisão - Lateral";2;0;0;0;0;0;0;0;0;0;2;0;0;0;0
"07/11/2023";"12:35:00";"201";"Acidente s";"75";"BR-290/RS";"Oeste";"Choque Defensa";0;0;1;0;0;0;0;0;0;0;1;0;0;0;0
"07/11/2023";"15:32:00";"248";"Acidente s";"60";"BR-290/RS";"Leste";"Queda de moto";0;0;0;1;0;0;0;0;0;0;1;0;0;0;0
"07/11/2023";"18:16:00";"291";"Acidente s";"302";"BR-386/RS";"Norte";"Colisão - Lateral";1;0;1;0;0;0;0;0;0;0;2;0;0;0;0
"08/11/2023";"04:41:00";"45";"Acidente c";"7";"BR-290/RS";"Leste";"Choque com veículo na faixa de rolamento";0;0;2;0;0;0;0;0;0;0;2;1;0;0;1
"08/11/2023";"12:21:00";"226";"Acidente s";"338";"BR-386/RS";"Norte";"Colisão - Traseira";2;0;0;0;0;0;0;0;0;0;2;0;0;0;0
"08/11/2023";"13:19:00";"246";"Acidente c";"395";"BR-386/RS";"Sul";"Capotamento";1;0;0;0;0;0;0;0;0;0;0;1;0;0;0
"08/11/2023";"17:56:00";"315";"Acidente s";"94";"BR-290/RS";"Leste";"Colisão - Traseira";2;0;0;0;0;0;0;0;0;0;2;0;0;0;0
"08/11/2023";"19:14:00";"328";"Acidente s";"436";"BR-386/RS";"Sul";"Colisão - Lateral";1;0;1;0;0;0;0;0;0;0;3;0;0;0;0
"09/11/2023";"00:50:00";"13";"Acidente s";"83";"BR-290/RS";"Leste";"Capotamento";1;0;0;0;0;0;0;0;0;0;2;0;0;0;0
"09/11/2023";"05:29:00";"24";"Acidente s";"21";"BR-448/RS";"Sul";"Choque Defensa";1;0;0;0;0;0;0;0;0;0;1;0;0;0;0
"09/11/2023";"06:01:00";"26";"Acidente s";"407";"BR-386/RS";"Norte";"Colisão - Traseira";0;0;2;0;0;0;0;0;0;0;3;0;0;0;0
"09/11/2023";"12:28:00";"187";"Acidente s";"334";"BR-386/RS";"Norte";"Saída de pista";0;0;1;0;0;0;0;0;0;0;1;0;0;0;0
"09/11/2023";"20:01:00";"281";"Acidente s";"256";"BR-386/RS";"Sul";"Saída de pista";1;0;0;0;0;0;0;0;0;0;3;0;0;0;0
"09/11/2023";"23:07:00";"302";"Acidente s";"308";"BR-386/RS";"Norte";"Choque com objeto sobre a pista";0;0;1;0;0;0;0;0;0;0;1;0;0;0;0
"10/11/2023";"02:10:00";"18";"Acidente c";"347";"BR-386/RS";"Norte";"Choque Barreira";1;0;0;0;0;0;0;0;0;0;0;1;0;0;0
"10/11/2023";"05:34:00";"30";"Acidente s";"86";"BR-290/RS";"Leste";"Saída de pista";1;0;0;0;0;0;0;0;0;0;2;0;0;0;0
"10/11/2023";"07:59:00";"104";"Acidente s";"350";"BR-386/RS";"Norte";"Colisão - Traseira";1;0;0;1;0;0;0;0;0;0;2;0;0;0;0
"10/11/2023";"08:29:00";"134";"Acidente s";"343";"BR-386/RS";"Sul";"Colisão - Traseira";2;0;0;0;0;0;0;0;0;0;4;0;0;0;0
"10/11/2023";"10:20:00";"178";"Acidente s";"218";"BR-386/RS";"Sul";"Colisão - Traseira";1;0;1;0;0;0;0;0;0;0;5;0;0;0;0
"10/11/2023";"13:16:00";"208";"Acidente c";"88";"BR-290/RS";"Leste";"Tombamento";0;0;1;1;0;0;0;0;0;0;1;1;0;0;0
"10/11/2023";"18:56:00";"295";"Acidente s";"11";"BR-448/RS";"Norte";"Colisão - Traseira";2;0;0;0;0;0;0;0;0;0;1;0;0;0;0
"10/11/2023";"20:04:00";"308";"Acidente c";"237";"BR-386/RS";"Sul";"Colisão - Traseira";1;0;1;0;0;0;0;0;0;0;2;2;0;0;0
"10/11/2023";"22:24:00";"339";"Acidente s";"92";"BR-290/RS";"Leste";"Colisão - Lateral";2;0;0;0;0;0;0;0;0;0;4;0;0;0;0
"10/11/2023";"23:09:00";"344";"Acidente s";"91";"BR-290/RS";"Leste";"Colisão - Lateral";1;0;1;0;0;0;0;0;0;0;3;0;0;0;0
"10/11/2023";"23:37:00";"347";"Acidente s";"25";"BR-290/RS";"Leste";"Saída de pista";1;0;0;0;0;0;0;0;0;0;3;0;0;0;0
"11/11/2023";"01:04:00";"4";"Acidente s";"60";"BR-290/RS";"Oeste";"Colisão - Lateral";0;0;2;0;0;0;0;0;0;0;3;0;0;0;0
"11/11/2023";"01:54:00";"13";"Acidente c";"85";"BR-290/RS";"Leste";"Tombamento";0;0;1;0;0;0;0;0;0;0;1;2;0;0;0
"11/11/2023";"07:26:00";"80";"Acidente c";"92";"BR-290/RS";"Oeste";"Queda de moto";0;0;0;1;0;0;0;0;0;0;0;1;1;0;0
"11/11/2023";"08:16:00";"101";"Acidente c";"75";"BR-290/RS";"Oeste";"Choque Barreira";1;0;0;0;0;0;0;0;0;0;0;1;0;0;0
"11/11/2023";"11:13:00";"158";"Acidente s";"344";"BR-386/RS";"Sul";"Colisão - Traseira";2;0;0;0;0;0;0;0;0;0;2;0;0;0;0
"11/11/2023";"11:22:00";"163";"Acidente s";"348";"BR-386/RS";"Norte";"Colisão - Traseira";1;0;0;0;0;0;0;0;0;0;1;0;0;0;0
"11/11/2023";"11:42:00";"168";"Acidente s";"342";"BR-386/RS";"Sul";"Colisão - Traseira";2;0;0;0;0;0;0;0;0;0;2;0;0;0;0
"11/11/2023";"13:09:00";"188";"Acidente s";"22";"BR-448/RS";"Norte";"Colisão - Traseira";2;0;0;0;0;0;0;0;0;0;3;0;0;0;0
"11/11/2023";"14:17:00";"198";"Acidente s";"60";"BR-290/RS";"Oeste";"Engavetamento";3;0;0;0;0;0;0;0;0;0;9;0;0;0;0
"11/11/2023";"14:20:00";"199";"Acidente s";"435";"BR-386/RS";"Sul";"Choque - Meio Fio";1;0;0;0;0;0;0;0;0;0;2;0;0;0;0
"11/11/2023";"15:14:00";"201";"Acidente c";"93";"BR-290/RS";"Leste";"Choque Barreira";1;0;0;0;0;0;0;0;0;0;0;0;1;0;0
"11/11/2023";"15:28:00";"203";"Acidente s";"307";"BR-386/RS";"Sul";"Saída de pista";0;0;1;0;0;0;0;0;0;0;1;0;0;0;0
"11/11/2023";"16:31:00";"215";"Acidente c";"15";"BR-290/RS";"Oeste";"Choque Defensa";1;0;0;0;0;0;0;0;0;0;0;1;0;0;0
"11/11/2023";"18:29:00";"235";"Acidente s";"440";"BR-386/RS";"Norte";"Saída de pista";1;0;0;0;0;0;0;0;0;0;1;0;0;0;0
"11/11/2023";"19:06:00";"241";"Acidente s";"432";"BR-386/RS";"Norte";"Saída de pista";1;0;0;0;0;0;0;0;0;0;2;0;0;0;0
"11/11/2023";"20:49:00";"250";"Acidente s";"43";"BR-290/RS";"Leste";"Atropelamento de Animal";1;0;0;0;0;0;0;0;0;0;2;0;0;0;0
"12/11/2023";"03:32:00";"30";"Acidente c";"247";"BR-386/RS";"Sul";"Saída de pista";1;0;0;0;0;0;0;0;0;0;1;1;0;0;0
"12/11/2023";"06:39:00";"51";"Acidente s";"3";"BR-448/RS";"Sul";"Choque Barreira";1;0;0;0;0;0;0;0;0;0;1;0;0;0;0
"12/11/2023";"08:48:00";"71";"Acidente s";"11";"BR-290/RS";"Leste";"Saída de pista";1;0;0;0;0;0;0;0;0;0;2;0;0;0;0
"12/11/2023";"10:54:00";"103";"Acidente s";"419";"BR-386/RS";"Norte";"Saída de pista";1;0;0;0;0;0;0;0;0;0;1;0;0;0;0
"12/11/2023";"11:51:00";"112";"Acidente s";"80";"BR-101/RS";"Norte";"Colisão - Traseira";2;0;0;0;0;0;0;0;0;0;2;0;0;0;0
"12/11/2023";"12:20:00";"119";"Acidente s";"20";"BR-448/RS";"Sul";"Saída de pista";1;0;0;0;0;0;0;0;0;0;4;0;0;0;0
"12/11/2023";"15:34:00";"140";"Acidente s";"424";"BR-386/RS";"Norte";"Choque Defensa";1;0;0;0;0;0;0;0;0;0;1;0;0;0;0
"12/11/2023";"16:00:00";"146";"Acidente s";"286";"BR-386/RS";"Sul";"Saída de pista";1;0;0;0;0;0;0;0;0;0;2;0;0;0;0
"12/11/2023";"16:31:00";"150";"Acidente s";"11";"BR-290/RS";"Oeste";"Saída de pista";1;0;0;0;0;0;0;0;0;0;1;0;0;0;0
"12/11/2023";"17:12:00";"161";"Acidente s";"307";"BR-386/RS";"Sul";"Saída de pista";1;0;0;0;0;0;0;0;0;0;1;0;0;0;0
"12/11/2023";"17:37:00";"164";"Acidente s";"397";"BR-386/RS";"Norte";"Colisão - Lateral";1;0;1;0;0;0;0;0;0;0;4;0;0;0;0
"12/11/2023";"18:02:00";"170";"Acidente s";"10";"BR-290/RS";"Leste";"Capotamento";1;0;0;0;0;0;0;0;0;0;2;0;0;0;0
"12/11/2023";"18:11:00";"172";"Acidente s";"397";"BR-386/RS";"Sul";"Choque Defensa";1;0;0;0;0;0;0;0;0;0;2;0;0;0;0
"12/11/2023";"18:37:00";"176";"Acidente s";"307";"BR-386/RS";"Norte";"Saída de pista";1;0;0;0;0;0;0;0;0;0;2;0;0;0;0
"12/11/2023";"20:04:00";"202";"Acidente s";"50";"BR-290/RS";"Leste";"Capotamento";1;0;0;0;0;0;0;0;0;0;1;0;0;0;0
"12/11/2023";"20:22:00";"208";"Acidente c";"395";"BR-386/RS";"Norte";"Saída de pista";1;0;0;0;0;0;0;0;0;0;0;1;0;0;0
"12/11/2023";"20:52:00";"216";"Acidente c";"192";"BR-386/RS";"Sul";"Colisão - Transversal";2;0;0;0;0;0;0;0;0;0;2;4;0;0;0
"12/11/2023";"21:44:00";"228";"Acidente s";"389";"BR-386/RS";"Sul";"Saída de pista";1;0;0;0;0;0;0;0;0;0;1;0;0;0;0
"12/11/2023";"23:38:00";"249";"Acidente s";"10";"BR-448/RS";"Norte";"Saída de pista";1;0;0;0;0;0;0;0;0;0;1;0;0;0;0
"13/11/2023";"01:09:00";"6";"Acidente s";"59";"BR-101/RS";"Sul";"Choque Defensa";1;0;0;0;0;0;0;0;0;0;3;0;0;0;0
"13/11/2023";"06:27:00";"41";"Acidente c";"16";"BR-290/RS";"Leste";"Saída de pista";1;0;0;0;0;0;0;0;0;0;0;3;0;0;0
"13/11/2023";"07:02:00";"54";"Acidente c";"396";"BR-386/RS";"Sul";"Colisão - Traseira";1;0;1;0;0;0;0;0;0;0;3;1;0;0;0
"13/11/2023";"07:52:00";"69";"Acidente s";"401";"BR-386/RS";"Norte";"Saída de pista";1;0;0;0;0;0;0;0;0;0;3;0;0;0;0
"13/11/2023";"07:56:00";"73";"Acidente c";"395";"BR-386/RS";"Sul";"Saída de pista";0;0;1;0;0;0;0;0;0;0;0;1;0;0;0
"13/11/2023";"08:11:00";"85";"Acidente s";"401";"BR-386/RS";"Sul";"Saída de pista";1;0;0;0;0;0;0;0;0;0;3;0;0;0;0
"13/11/2023";"10:35:00";"131";"Acidente c";"34";"BR-101/RS";"Ambos";"Saída de pista";1;0;0;0;0;0;0;0;0;0;0;1;0;0;0
"13/11/2023";"12:58:00";"154";"Acidente s";"94";"BR-290/RS";"Leste";"Saída de pista";1;0;0;0;0;0;0;0;0;0;1;0;0;0;0
"13/11/2023";"13:37:00";"169";"Acidente s";"346";"BR-386/RS";"Sul";"Saída de pista";1;0;0;0;0;0;0;0;0;0;1;0;0;0;0
"13/11/2023";"16:11:00";"207";"Acidente s";"84";"BR-101/RS";"Sul";"Saída de pista";1;0;0;0;0;0;0;0;0;0;1;0;0;0;0
"13/11/2023";"18:27:00";"234";"Acidente s";"21";"BR-448/RS";"Norte";"Colisão - Lateral";1;0;1;0;0;0;0;0;0;0;3;0;0;0;0
"13/11/2023";"20:18:00";"258";"Acidente s";"83";"BR-290/RS";"Oeste";"Colisão - Lateral";1;0;1;0;0;0;0;0;0;0;4;0;0;0;0
"14/11/2023";"05:49:00";"33";"Acidente s";"342";"BR-386/RS";"Sul";"Colisão - Lateral";1;0;1;0;0;0;0;0;0;0;2;0;0;0;0
"14/11/2023";"07:43:00";"92";"Acidente c";"92";"BR-290/RS";"Oeste";"Queda de Ponte/Viaduto";0;0;1;0;0;0;0;0;0;0;0;0;0;2;0
"14/11/2023";"11:53:00";"187";"Acidente c";"422";"BR-386/RS";"Sul";"Queda de moto";1;0;0;1;0;0;0;0;0;0;2;1;0;0;0
"14/11/2023";"15:43:00";"245";"Atropelame";"74";"BR-290/RS";"Leste";"Atropelamento - Usuário";1;0;1;0;0;0;0;0;0;0;1;0;0;1;0
"14/11/2023";"17:55:00";"268";"Acidente c";"43";"BR-101/RS";"Norte";"Colisão - Lateral";1;0;1;0;0;0;0;0;0;0;4;1;0;0;0
"14/11/2023";"18:35:00";"277";"Acidente s";"91";"BR-290/RS";"Leste";"Colisão - Traseira";1;0;1;0;0;0;0;0;0;0;3;0;0;0;0
"15/11/2023";"03:49:00";"32";"Acidente s";"5";"BR-290/RS";"Leste";"Saída de pista";1;0;0;0;0;0;0;0;0;0;1;0;0;0;0
"15/11/2023";"05:23:00";"37";"Acidente c";"328";"BR-386/RS";"Norte";"Queda de moto";0;0;0;1;0;0;0;0;0;0;0;0;1;0;0
"15/11/2023";"13:00:00";"119";"Acidente s";"22";"BR-448/RS";"Sul";"Choque Barreira";1;0;0;0;0;0;0;0;0;0;1;0;0;0;0
"15/11/2023";"13:17:00";"121";"Acidente s";"417";"BR-386/RS";"Norte";"Choque - Meio Fio";1;0;0;0;0;0;0;0;0;0;3;0;0;0;0
"15/11/2023";"13:50:00";"126";"Acidente s";"4";"BR-290/RS";"Oeste";"Capotamento";1;0;0;0;0;0;0;0;0;0;1;0;0;0;0
"15/11/2023";"14:05:00";"129";"Acidente s";"1";"BR-290/RS";"Oeste";"Saída de pista";1;0;0;0;0;0;0;0;0;0;1;0;0;0;0
"15/11/2023";"14:30:00";"130";"Acidente s";"440";"BR-386/RS";"Norte";"Saída de pista";1;0;0;0;0;0;0;0;0;0;1;0;0;0;0
"15/11/2023";"15:13:00";"141";"Acidente s";"97";"BR-290/RS";"Oeste";"Colisão - Traseira";2;0;0;0;0;0;0;0;0;0;4;0;0;0;0
"15/11/2023";"15:24:00";"142";"Acidente s";"351";"BR-386/RS";"Norte";"Colisão - Lateral";1;0;1;0;0;0;0;0;0;0;6;0;0;0;0
"15/11/2023";"16:12:00";"150";"Acidente s";"356";"BR-386/RS";"Norte";"Saída de pista";1;0;0;0;0;0;0;0;0;0;1;0;0;0;0
"15/11/2023";"16:16:00";"151";"Acidente s";"14";"BR-290/RS";"Leste";"Saída de pista";1;0;0;0;0;0;0;0;0;0;1;0;0;0;0
"15/11/2023";"17:34:00";"167";"Acidente s";"56";"BR-290/RS";"Leste";"Saída de pista";1;0;0;0;0;0;0;0;0;0;2;0;0;0;0
"15/11/2023";"17:56:00";"172";"Acidente s";"4";"BR-290/RS";"Leste";"Saída de pista";1;0;0;0;0;0;0;0;0;0;2;0;0;0;0
"15/11/2023";"18:51:00";"185";"Acidente c";"22";"BR-448/RS";"Sul";"Choque Barreira";1;0;0;0;0;0;0;0;0;0;0;1;0;0;0
"15/11/2023";"19:36:00";"194";"Acidente s";"413";"BR-386/RS";"Sul";"Saída de pista";1;0;0;0;0;0;0;0;0;0;1;0;0;0;0
"16/11/2023";"07:42:00";"89";"Acidente s";"277";"BR-386/RS";"Norte";"Saída de pista";1;0;0;0;0;0;0;0;0;0;1;0;0;0;0
"16/11/2023";"07:53:00";"92";"Acidente s";"440";"BR-386/RS";"Norte";"Saída de pista";1;0;0;0;0;0;0;0;0;0;1;0;0;0;0
"16/11/2023";"08:31:00";"110";"Acidente s";"333";"BR-386/RS";"Norte";"Choque Defensa";1;0;0;0;0;0;0;0;0;0;1;0;0;0;0
"16/11/2023";"14:25:00";"212";"Acidente c";"41";"BR-290/RS";"Oeste";"Saída de pista";1;0;0;0;0;0;0;0;0;0;0;1;0;0;0
"16/11/2023";"16:13:00";"235";"Acidente s";"332";"BR-386/RS";"Sul";"Colisão - Lateral";1;0;1;0;0;0;0;0;0;0;2;0;0;0;0
"17/11/2023";"06:04:00";"49";"Acidente c";"440";"BR-386/RS";"Sul";"Capotamento";1;0;0;0;0;0;0;0;0;0;0;1;0;0;0
"17/11/2023";"09:50:00";"160";"Acidente c";"201";"BR-386/RS";"Sul";"Capotamento";1;0;0;0;0;0;0;0;0;0;0;0;1;0;0
"17/11/2023";"10:28:00";"170";"Acidente s";"11";"BR-101/RS";"Norte";"Saída de pista";1;0;0;0;0;0;0;0;0;0;1;0;0;0;0
"17/11/2023";"12:57:00";"217";"Acidente s";"307";"BR-386/RS";"Norte";"Saída de pista";1;0;0;0;0;0;0;0;0;0;2;0;0;0;0
"17/11/2023";"13:36:00";"231";"Acidente s";"89";"BR-290/RS";"Leste";"Saída de pista";1;0;0;0;0;0;0;0;0;0;2;0;0;0;0
"17/11/2023";"14:52:00";"250";"Acidente c";"240";"BR-386/RS";"Ambos";"Colisão - Frontal";2;0;0;0;0;0;0;0;0;0;1;0;0;1;0
"17/11/2023";"17:33:00";"293";"Acidente s";"64";"BR-290/RS";"Oeste";"Saída de pista";1;0;0;0;0;0;0;0;0;0;2;0;0;0;0
"17/11/2023";"17:35:00";"294";"Acidente s";"333";"BR-386/RS";"Norte";"Saída de pista";1;0;0;0;0;0;0;0;0;0;2;0;0;0;0
"17/11/2023";"17:52:00";"302";"Acidente s";"426";"BR-386/RS";"Sul";"Colisão - Traseira";0;0;2;0;0;0;0;0;0;0;2;0;0;0;0
"17/11/2023";"18:54:00";"321";"Acidente c";"354";"BR-386/RS";"Norte";"Colisão - Transversal";2;0;0;0;0;0;0;0;0;0;2;2;0;0;0
"17/11/2023";"18:57:00";"322";"Acidente s";"346";"BR-386/RS";"Norte";"Colisão - Traseira";1;0;1;0;0;0;0;0;0;0;2;0;0;0;0
"17/11/2023";"21:13:00";"344";"Acidente s";"295";"BR-386/RS";"Norte";"Saída de pista";1;0;0;0;0;0;0;0;0;0;1;0;0;0;0
"17/11/2023";"21:19:00";"346";"Acidente s";"5";"BR-290/RS";"Oeste";"Saída de pista";1;0;0;0;0;0;0;0;0;0;1;0;0;0;0
"17/11/2023";"22:41:00";"363";"Acidente s";"307";"BR-386/RS";"Norte";"Choque com objeto sobre a pista";1;0;0;0;0;0;0;0;0;0;1;0;0;0;0
"17/11/2023";"22:56:00";"366";"Acidente s";"44";"BR-101/RS";"Norte";"Colisão - Traseira";2;0;0;0;0;0;0;0;0;0;4;0;0;0;0
"18/11/2023";"00:31:00";"12";"Acidente s";"98";"BR-290/RS";"Leste";"Colisão - Lateral";2;0;0;0;0;0;0;0;0;0;3;0;0;0;0
"18/11/2023";"00:40:00";"14";"Acidente s";"352";"BR-386/RS";"Norte";"Saída de pista";1;0;0;0;0;0;0;0;0;0;1;0;0;0;0
"18/11/2023";"01:11:00";"16";"Acidente s";"95";"BR-290/RS";"Leste";"Colisão - Lateral";2;0;0;0;0;0;0;0;0;0;2;0;0;0;0
"18/11/2023";"02:24:00";"22";"Acidente c";"188";"BR-386/RS";"Norte";"Choque - Arvore";1;0;0;0;0;0;0;0;0;0;0;0;1;0;0
"18/11/2023";"05:17:00";"30";"Acidente s";"247";"BR-386/RS";"Sul";"Choque com veículo na faixa de rolamento";1;0;1;0;0;0;0;0;0;0;4;0;0;0;0
"18/11/2023";"05:51:00";"35";"Acidente s";"405";"BR-386/RS";"Sul";"Saída de pista";1;0;0;0;0;0;0;0;0;0;4;0;0;0;0
"18/11/2023";"08:09:00";"61";"Acidente s";"51";"BR-290/RS";"Leste";"Saída de pista";1;0;0;0;0;0;0;0;0;0;1;0;0;0;0
"18/11/2023";"08:27:00";"64";"Acidente s";"432";"BR-386/RS";"Norte";"Colisão - Frontal";2;0;0;0;0;0;0;0;0;0;3;0;0;0;0
"18/11/2023";"10:05:00";"89";"Acidente c";"309";"BR-386/RS";"Norte";"Colisão - Frontal";1;0;1;0;0;0;0;0;0;0;1;0;0;2;1
"18/11/2023";"11:02:00";"101";"Acidente s";"9";"BR-101/RS";"Norte";"Saída de pista";1;0;0;0;0;0;0;0;0;0;3;0;0;0;0