data;horario;n_da_ocorrencia;tipo_de_ocorrencia;km;trecho;sentido;tipo_de_acidente;automovel;bicicleta;caminhao;moto;onibus;outros;tracao_animal;transporte_de_cargas_especiais;trator_maquinas;utilitarios;ilesos;levemente_feridos;moderadamente_feridos;gravemente_feridos;mortos
"07/12/2023";"03:16:00";"22";"Acidente s";"87,472";"BR-290/RS";"Oeste";"Tombamento";1;0;0;0;0;0;0;0;0;0;1;0;0;0;0
"07/12/2023";"07:36:00";"85";"Acidente s";"11,1";"BR-448/RS";"Norte";"Choque Defensa";1;0;0;0;0;0;0;0;0;0;1;0;0;0;0
"07/12/2023";"08:43:00";"137";"Acidente c";"97";"BR-290/RS";"Oeste";"Colisão - Lateral";1;0;0;1;0;0;0;0;0;0;3;1;0;0;0
"07/12/2023";"11:00:00";"191";"Acidente s";"280,11";"BR-386/RS";"Sul";"Colisão - Lateral";1;0;0;0;0;0;0;0;0;1;1;0;0;0;0
"07/12/2023";"12:54:00";"219";"Acidente s";"70";"BR-101/RS";"Sul";"Colisão - Traseira";2;0;0;0;0;0;0;0;0;0;4;0;0;0;0
"07/12/2023";"15:22:00";"250";"Acidente s";"60,96";"BR-290/RS";"Leste";"Colisão - Traseira";2;0;0;0;0;0;0;0;0;0;3;0;0;0;0
"07/12/2023";"16:14:00";"262";"Acidente c";"333";"BR-386/RS";"Norte";"Colisão - Frontal";0;0;1;0;0;0;0;0;0;1;0;0;1;1;0
"07/12/2023";"19:23:00";"295";"Acidente s";"10";"BR-448/RS";"Norte";"Saída de pista";0;0;0;0;0;0;0;0;0;1;1;0;0;0;0
"07/12/2023";"19:58:00";"302";"Acidente s";"309";"BR-386/RS";"Norte";"Saída de pista";1;0;0;0;0;0;0;0;0;0;1;0;0;0;0
"07/12/2023";"20:38:00";"310";"Acidente s";"338";"BR-386/RS";"Norte";"Queda de ribanceira";1;0;0;0;0;0;0;0;0;0;1;0;0;0;0
"08/12/2023";"02:03:00";"14";"Acidente s";"306";"BR-386/RS";"Sul";"Saída de pista";1;0;0;0;0;0;0;0;0;0;4;0;0;0;0
"08/12/2023";"03:05:00";"16";"Acidente s";"25";"BR-290/RS";"Oeste";"Choque Defensa";1;0;0;0;0;0;0;0;0;0;1;0;0;0;0
"08/12/2023";"03:38:00";"20";"Acidente s";"259";"BR-386/RS";"Norte";"Colisão - Lateral";0;0;0;0;0;0;0;0;0;1;1;0;0;0;0
"08/12/2023";"06:21:00";"35";"Acidente s";"46";"BR-290/RS";"Leste";"Saída de pista";1;0;0;0;0;0;0;0;0;0;1;0;0;0;0
"08/12/2023";"06:54:00";"58";"Acidente c";"435";"BR-386/RS";"Sul";"Colisão - Lateral";1;0;0;1;0;0;0;0;0;0;1;0;1;0;0
"08/12/2023";"09:12:00";"146";"Acidente c";"94";"BR-290/RS";"Oeste";"Colisão - Traseira";1;0;0;1;0;0;0;0;0;0;1;1;0;0;0
"08/12/2023";"15:16:00";"208";"Acidente c";"61";"BR-290/RS";"Oeste";"Tombamento";0;0;0;0;0;0;0;1;0;0;0;0;1;0;0
"08/12/2023";"16:51:00";"224";"Acidente c";"35";"BR-101/RS";"Sul";"Colisão - Traseira";1;0;0;1;0;0;0;0;0;0;0;1;1;0;0
"08/12/2023";"18:02:00";"239";"Acidente c";"68,268";"BR-290/RS";"Oeste";"Colisão - Traseira";1;0;0;1;0;0;0;0;0;0;1;0;0;1;0
"08/12/2023";"20:24:00";"269";"Acidente s";"61,96";"BR-290/RS";"Oeste";"Colisão - Traseira";1;0;0;0;0;0;0;0;0;1;3;0;0;0;0
"09/12/2023";"04:05:00";"28";"Acidente s";"69";"BR-290/RS";"Leste";"Saída de pista";1;0;0;0;0;0;0;0;0;0;2;0;0;0;0
"09/12/2023";"05:40:00";"40";"Acidente s";"426,01";"BR-386/RS";"Sul";"Colisão - Lateral";1;0;0;0;0;0;0;0;0;1;2;0;0;0;0
"09/12/2023";"16:16:00";"190";"Acidente c";"16";"BR-101/RS";"Sul";"Queda de moto";0;0;0;1;0;0;0;0;0;0;0;0;1;0;0
"09/12/2023";"17:43:00";"210";"Acidente s";"361,2";"BR-386/RS";"Sul";"Saída de pista";1;0;0;0;0;0;0;0;0;0;1;0;0;0;0
"09/12/2023";"20:39:00";"233";"Acidente c";"342,2";"BR-386/RS";"Sul";"Colisão - Traseira";1;0;0;1;0;0;0;0;0;0;1;1;0;0;0
"10/12/2023";"05:26:00";"27";"Acidente s";"9";"BR-101/RS";"Sul";"Saída de pista";1;0;0;0;0;0;0;0;0;0;1;0;0;0;0
"10/12/2023";"06:23:00";"38";"Acidente s";"28";"BR-101/RS";"Norte";"Choque Defensa";1;0;0;0;0;0;0;0;0;0;2;0;0;0;0
"10/12/2023";"08:51:00";"71";"Acidente c";"181";"BR-386/RS";"Sul";"Colisão - Traseira";1;0;0;0;0;0;0;1;0;0;1;1;0;0;0
"10/12/2023";"11:55:00";"103";"Acidente s";"52";"BR-101/RS";"Norte";"Atropelamento de Animal";1;0;0;0;0;0;0;0;0;0;1;0;0;0;0
"10/12/2023";"13:24:00";"117";"Acidente s";"413,8";"BR-386/RS";"Norte";"Choque Defensa";1;0;0;0;0;0;0;0;0;0;1;0;0;0;0
"10/12/2023";"14:20:00";"130";"Acidente s";"19";"BR-290/RS";"Oeste";"Saída de pista";1;0;0;0;0;0;0;0;0;0;2;0;0;0;0
"10/12/2023";"14:22:00";"131";"Acidente s";"411,1";"BR-386/RS";"Norte";"Saída de pista";1;0;0;0;0;0;0;0;0;0;4;0;0;0;0
"10/12/2023";"14:26:00";"132";"Acidente s";"77";"BR-290/RS";"Leste";"Choque Barreira";1;0;0;0;0;0;0;0;0;0;1;0;0;0;0
"10/12/2023";"15:26:00";"138";"Acidente s";"19,8";"BR-448/RS";"Sul";"Saída de pista";1;0;0;0;0;0;0;0;0;0;1;0;0;0;0
"10/12/2023";"20:16:00";"191";"Acidente c";"1";"BR-101/RS";"Norte";"Saída de pista";1;0;0;0;0;0;0;0;0;0;0;1;0;0;0
"10/12/2023";"21:37:00";"200";"Acidente s";"75,64";"BR-101/RS";"Sul";"Saída de pista";1;0;0;0;0;0;0;0;0;0;4;0;0;0;0
"11/12/2023";"12:37:00";"197";"Acidente s";"59";"BR-290/RS";"Leste";"Saída de pista";0;0;0;0;0;0;0;0;0;1;1;0;0;0;0
"11/12/2023";"13:18:00";"210";"Acidente s";"13";"BR-290/RS";"Leste";"Choque Defensa";1;0;0;0;0;0;0;0;0;0;4;0;0;0;0
"11/12/2023";"17:34:00";"268";"Acidente s";"37";"BR-290/RS";"Oeste";"Colisão - Lateral";2;0;0;0;0;0;0;0;0;0;7;0;0;0;0
"11/12/2023";"17:34:00";"267";"Acidente s";"93";"BR-290/RS";"Leste";"Colisão - Traseira";2;0;0;0;0;0;0;0;0;0;3;0;0;0;0
"11/12/2023";"17:41:00";"271";"Acidente s";"440";"BR-386/RS";"Sul";"Engavetamento";4;0;0;0;0;0;0;0;0;0;6;0;0;0;0
"11/12/2023";"22:57:00";"336";"Acidente s";"419";"BR-386/RS";"Norte";"Colisão - Lateral";1;0;0;0;0;0;0;0;0;1;2;0;0;0;0
"12/12/2023";"04:32:00";"29";"Acidente c";"45";"BR-101/RS";"Sul";"Colisão - Traseira";1;0;0;0;0;0;0;0;0;1;1;1;0;0;0
"12/12/2023";"07:06:00";"68";"Acidente s";"333,1";"BR-386/RS";"Sul";"Tombamento";0;0;0;0;0;0;0;1;0;0;1;0;0;0;0
"12/12/2023";"08:33:00";"131";"Acidente s";"180,25";"BR-386/RS";"Norte";"Saída de pista";0;0;0;0;0;0;0;1;0;0;1;0;0;0;0
"12/12/2023";"09:24:00";"146";"Acidente s";"95";"BR-290/RS";"Oeste";"Colisão - Traseira";2;0;0;0;0;0;0;0;0;0;3;0;0;0;0
"12/12/2023";"12:37:00";"194";"Acidente s";"96";"BR-290/RS";"Leste";"Colisão - Traseira";1;0;0;0;0;0;0;0;0;0;1;0;0;0;0
"12/12/2023";"14:04:00";"222";"Acidente s";"406,171";"BR-386/RS";"Norte";"Colisão - Transversal";1;0;0;0;0;0;0;1;0;0;2;0;0;0;0
"12/12/2023";"14:58:00";"235";"Acidente s";"92";"BR-290/RS";"Oeste";"Capotamento";1;0;0;0;0;0;0;0;0;0;1;0;0;0;0
"12/12/2023";"15:56:00";"246";"Acidente c";"433";"BR-386/RS";"Norte";"Saída de pista";1;0;0;0;0;0;0;0;0;1;0;3;0;0;0
"12/12/2023";"16:19:00";"251";"Acidente c";"18";"BR-101/RS";"Norte";"Queda de moto";0;0;0;1;0;0;0;0;0;0;0;1;0;0;0
"12/12/2023";"17:42:00";"269";"Acidente s";"60";"BR-290/RS";"Oeste";"Colisão - Traseira";2;0;0;0;0;0;0;0;0;0;7;0;0;0;0
"12/12/2023";"18:12:00";"273";"Acidente c";"6";"BR-101/RS";"Ambos";"Saída de pista";1;0;0;0;0;0;0;0;0;0;0;0;1;0;0
"12/12/2023";"21:48:00";"292";"Acidente s";"226";"BR-386/RS";"Sul";"Saída de pista";1;0;0;0;0;0;0;0;0;0;1;0;0;0;0
"13/12/2023";"00:05:00";"3";"Acidente c";"247";"BR-386/RS";"Norte";"Colisão - Transversal";1;0;0;0;0;0;0;1;0;0;1;0;1;0;0
"13/12/2023";"01:50:00";"17";"Acidente s";"345";"BR-386/RS";"Norte";"Queda de ribanceira";1;0;0;0;0;0;0;0;0;0;2;0;0;0;0
"13/12/2023";"06:09:00";"28";"Acidente c";"94";"BR-290/RS";"Leste";"Outros";0;0;0;0;0;0;0;2;0;0;1;0;1;0;0
"13/12/2023";"07:51:00";"85";"Acidente s";"91";"BR-290/RS";"Oeste";"Colisão - Traseira";1;0;0;0;0;0;0;1;0;0;2;0;0;0;0
"13/12/2023";"09:28:00";"140";"Acidente s";"71";"BR-290/RS";"Leste";"Colisão - Traseira";2;0;0;0;0;0;0;0;0;0;2;0;0;0;0
"13/12/2023";"15:11:00";"248";"Acidente s";"40";"BR-290/RS";"Leste";"Saída de pista";1;0;0;0;0;0;0;0;0;0;1;0;0;0;0
"13/12/2023";"18:09:00";"301";"Acidente s";"71";"BR-290/RS";"Leste";"Colisão - Traseira";2;0;0;0;0;0;0;0;0;0;6;0;0;0;0
"13/12/2023";"19:28:00";"316";"Acidente s";"226,1";"BR-386/RS";"Sul";"Saída de pista";0;0;0;0;0;0;0;1;0;0;1;0;0;0;0
"13/12/2023";"19:33:00";"318";"Acidente c";"86";"BR-290/RS";"Oeste";"Queda de moto";0;0;0;1;0;0;0;0;0;0;0;0;1;0;0
"13/12/2023";"20:55:00";"331";"Acidente s";"435";"BR-386/RS";"Sul";"Colisão - Transversal";1;0;0;1;0;0;0;0;0;0;2;0;0;0;0
"14/12/2023";"03:44:00";"26";"Acidente s";"10";"BR-448/RS";"Sul";"Choque Defensa";1;0;0;0;0;0;0;0;0;0;1;0;0;0;0
"14/12/2023";"06:13:00";"37";"Acidente s";"260,9";"BR-386/RS";"Sul";"Saída de pista";0;0;0;0;0;0;0;1;0;0;1;0;0;0;0
"14/12/2023";"07:49:00";"95";"Acidente s";"270";"BR-386/RS";"Norte";"Saída de pista";0;0;0;0;0;0;0;0;0;1;1;0;0;0;0
"14/12/2023";"08:21:00";"117";"Acidente s";"361,5";"BR-386/RS";"Norte";"Choque Barreira";1;0;0;0;0;0;0;0;0;0;1;0;0;0;0
"14/12/2023";"08:56:00";"136";"Acidente c";"95";"BR-290/RS";"Oeste";"Colisão - Lateral";1;0;0;1;0;0;0;0;0;0;1;1;0;0;0
"14/12/2023";"09:31:00";"145";"Acidente s";"83,9";"BR-290/RS";"Oeste";"Queda de moto";0;0;0;1;0;0;0;0;0;0;2;0;0;0;0
"14/12/2023";"10:20:00";"158";"Acidente c";"0,6";"BR-448/RS";"Sul";"Choque Defensa";1;0;0;0;0;0;0;0;0;0;0;0;1;0;0
"14/12/2023";"17:34:00";"254";"Acidente c";"351";"BR-386/RS";"Norte";"Colisão - Traseira";2;0;0;0;0;0;0;0;0;0;4;3;0;0;0
"14/12/2023";"19:42:00";"280";"Acidente c";"343";"BR-386/RS";"Sul";"Colisão - Frontal";0;0;0;2;0;0;0;0;0;0;0;0;2;0;0
"14/12/2023";"20:15:00";"287";"Acidente c";"417";"BR-386/RS";"Ambos";"Saída de pista";2;0;0;0;0;0;0;0;0;0;5;3;0;0;0
"14/12/2023";"21:54:00";"300";"Acidente s";"28,369";"BR-101/RS";"Sul";"Saída de pista";1;0;0;0;0;0;0;0;0;0;1;0;0;0;0
"14/12/2023";"22:15:00";"305";"Acidente c";"445";"BR-386/RS";"Sul";"Colisão - Transversal";2;0;0;0;0;0;0;0;0;0;0;1;0;0;0
"15/12/2023";"02:13:00";"15";"Acidente c";"93";"BR-290/RS";"Leste";"Queda de moto";0;0;0;1;0;0;0;0;0;0;1;1;0;0;0
"15/12/2023";"04:47:00";"33";"Acidente s";"43,552";"BR-290/RS";"Oeste";"Tombamento";0;0;0;0;0;0;0;0;0;1;1;0;0;0;0
"15/12/2023";"07:13:00";"66";"Acidente s";"92";"BR-290/RS";"Oeste";"Colisão - Traseira";1;0;0;1;0;0;0;0;0;0;2;0;0;0;0
"15/12/2023";"09:09:00";"148";"Acidente c";"337";"BR-386/RS";"Sul";"Saída de pista";1;0;0;0;0;0;0;0;0;1;0;1;3;1;0
"15/12/2023";"10:21:00";"176";"Acidente s";"351";"BR-386/RS";"Norte";"Colisão - Traseira";1;0;1;0;0;0;0;0;0;0;1;0;0;0;0
"15/12/2023";"10:47:00";"186";"Acidente s";"354";"BR-386/RS";"Norte";"Choque com veículo na faixa de rolamento";1;0;1;0;0;0;0;0;0;0;2;0;0;0;0
"15/12/2023";"15:39:00";"268";"Acidente s";"349";"BR-386/RS";"Sul";"Saída de pista";1;0;0;0;0;0;0;0;0;0;1;0;0;0;0
"15/12/2023";"17:02:00";"292";"Acidente c";"75";"BR-290/RS";"Leste";"Queda de moto";0;0;0;1;0;0;0;0;0;0;1;1;0;0;0
"15/12/2023";"17:07:00";"295";"Acidente s";"26";"BR-290/RS";"Oeste";"Colisão - Traseira";2;0;0;0;0;0;0;0;0;0;3;0;0;0;0
"15/12/2023";"18:13:00";"313";"Acidente s";"92";"BR-290/RS";"Leste";"Colisão - Traseira";2;0;0;0;0;0;0;0;0;0;4;0;0;0;0
"15/12/2023";"18:40:00";"320";"Acidente s";"435";"BR-386/RS";"Sul";"Saída de pista";1;0;0;0;0;0;0;0;0;0;2;0;0;0;0
"15/12/2023";"18:58:00";"323";"Acidente s";"368";"BR-386/RS";"Sul";"Saída de pista";1;0;0;0;0;0;0;0;0;0;1;0;0;0;0
"15/12/2023";"22:37:00";"376";"Acidente s";"86";"BR-101/RS";"Norte";"Colisão - Lateral";0;0;0;0;0;0;0;2;0;0;2;0;0;0;0
"15/12/2023";"23:25:00";"380";"Acidente c";"58";"BR-101/RS";"Sul";"Saída de pista";1;0;0;0;0;0;0;0;0;0;0;0;1;0;0
"16/12/2023";"00:32:00";"12";"Acidente s";"92";"BR-290/RS";"Leste";"Saída de pista";1;0;0;0;0;0;0;0;0;0;2;0;0;0;0
"16/12/2023";"05:39:00";"40";"Acidente s";"79";"BR-290/RS";"Leste";"Colisão - Traseira";2;0;0;0;0;0;0;0;0;0;3;0;0;0;0
"16/12/2023";"12:25:00";"178";"Acidente c";"30";"BR-290/RS";"Leste";"Capotamento";1;0;0;0;0;0;0;0;0;0;3;0;1;0;0
"16/12/2023";"15:06:00";"209";"Acidente s";"278";"BR-386/RS";"Norte";"Saída de pista";1;0;0;0;0;0;0;0;0;0;1;0;0;0;0
"16/12/2023";"18:49:00";"275";"Acidente c";"83";"BR-290/RS";"Leste";"Queda de moto";0;0;0;1;0;0;0;0;0;0;0;1;1;0;0
"16/12/2023";"21:28:00";"316";"Acidente s";"59";"BR-101/RS";"Sul";"Colisão - Traseira";3;0;0;0;0;0;0;0;0;0;14;0;0;0;0
"16/12/2023";"22:25:00";"329";"Acidente s";"72";"BR-290/RS";"Oeste";"Choque Defensa";1;0;0;0;0;0;0;0;0;0;1;0;0;0;0
"16/12/2023";"22:28:00";"330";"Acidente s";"47";"BR-290/RS";"Oeste";"Choque Defensa";0;0;0;0;0;0;0;0;0;1;1;0;0;0;0
"16/12/2023";"22:53:00";"333";"Acidente c";"220";"BR-386/RS";"Sul";"Colisão - Frontal";2;0;0;0;0;0;0;0;0;0;0;1;2;1;1
"16/12/2023";"23:46:00";"339";"Acidente s";"61";"BR-290/RS";"Leste";"Capotamento";1;0;0;0;0;0;0;0;0;0;1;0;0;0;0
"17/12/2023";"01:16:00";"1";"Acidente c";"11";"BR-290/RS";"Oeste";"Colisão - Traseira";0;0;0;0;0;0;0;2;0;0;0;0;2;0;0
"17/12/2023";"01:36:00";"10";"Acidente s";"443";"BR-386/RS";"Sul";"Atropelamento de Animal";1;0;0;0;0;0;0;0;0;0;2;0;0;0;0
"17/12/2023";"05:20:00";"29";"Acidente s";"232";"BR-386/RS";"Sul";"Saída de pista";1;0;0;0;0;0;0;0;0;0;1;0;0;0;0
"17/12/2023";"14:36:00";"156";"Acidente s";"13";"BR-101/RS";"Sul";"Saída de pista";1;0;0;0;0;0;0;0;0;0;2;0;0;0;0
"17/12/2023";"17:40:00";"217";"Acidente c";"10";"BR-101/RS";"Sul";"Queda de moto";0;0;0;1;0;0;0;0;0;0;0;1;0;0;0
"17/12/2023";"21:05:00";"293";"Acidente s";"440";"BR-386/RS";"Sul";"Saída de pista";1;0;0;0;0;0;0;0;0;0;4;0;0;0;0
"18/12/2023";"01:37:00";"18";"Acidente s";"83";"BR-290/RS";"Oeste";"Choque Defensa";1;0;0;0;0;0;0;0;0;0;2;0;0;0;0
"18/12/2023";"07:46:00";"93";"Acidente c";"344";"BR-386/RS";"Sul";"Colisão - Lateral";1;0;0;1;0;0;0;0;0;0;1;0;1;0;0
"18/12/2023";"10:41:00";"176";"Acidente s";"345";"BR-386/RS";"Sul";"Saída de pista";1;0;0;0;0;0;0;0;0;0;1;0;0;0;0
"18/12/2023";"12:39:00";"210";"Acidente s";"331,5";"BR-386/RS";"Norte";"Choque Defensa";0;0;0;0;0;0;0;1;0;0;1;0;0;0;0
"18/12/2023";"13:22:00";"219";"Acidente c";"86";"BR-290/RS";"Oeste";"Colisão - Lateral";1;0;0;1;0;0;0;0;0;0;1;0;1;0;0
"18/12/2023";"13:32:00";"227";"Atropelame";"426";"BR-386/RS";"Sul";"Atropelamento - Funcionário";1;0;0;0;0;0;0;0;0;0;2;0;0;0;0
"18/12/2023";"14:01:00";"239";"Acidente s";"362";"BR-386/RS";"Norte";"Colisão - Lateral";2;0;0;0;0;0;0;0;0;0;3;0;0;0;0
"18/12/2023";"15:07:00";"264";"Acidente s";"435";"BR-386/RS";"Norte";"Colisão - Lateral";1;0;0;0;0;0;0;0;0;1;3;0;0;0;0
"18/12/2023";"18:10:00";"301";"Acidente s";"347";"BR-386/RS";"Norte";"Engavetamento";3;0;0;0;0;0;0;0;0;0;4;0;0;0;0
"18/12/2023";"19:26:00";"316";"Acidente s";"382";"BR-386/RS";"Sul";"Queda de ribanceira";1;0;0;0;0;0;0;0;0;0;1;0;0;0;0
"18/12/2023";"22:24:00";"347";"Acidente s";"92";"BR-290/RS";"Leste";"Saída de pista";1;0;0;0;0;0;0;0;0;0;2;0;0;0;0
"18/12/2023";"23:02:00";"352";"Acidente s";"22";"BR-448/RS";"Sul";"Choque Barreira";1;0;0;0;0;0;0;0;0;0;1;0;0;0;0
"18/12/2023";"23:33:00";"355";"Acidente s";"22";"BR-448/RS";"Sul";"Choque Barreira";1;0;0;0;0;0;0;0;0;0;1;0;0;0;0
"18/12/2023";"23:43:00";"357";"Acidente s";"87,482";"BR-290/RS";"Oeste";"Choque Defensa";1;0;0;0;0;0;0;0;0;0;1;0;0;0;0
"19/12/2023";"05:13:00";"25";"Acidente s";"44";"BR-290/RS";"Oeste";"Colisão - Traseira";1;0;0;0;0;0;0;0;0;1;5;0;0;0;0
"19/12/2023";"06:19:00";"34";"Acidente s";"83";"BR-290/RS";"Leste";"Queda de moto";0;0;0;1;0;0;0;0;0;0;1;0;0;0;0
"19/12/2023";"08:42:00";"118";"Acidente s";"75";"BR-290/RS";"Oeste";"Colisão - Lateral";1;0;0;0;0;0;0;0;0;1;3;0;0;0;0
"19/12/2023";"08:50:00";"121";"Acidente s";"342,3";"BR-386/RS";"Norte";"Colisão - Lateral";2;0;0;0;0;0;0;0;0;0;3;0;0;0;0
"19/12/2023";"11:38:00";"170";"Acidente s";"7";"BR-101/RS";"Norte";"Saída de pista";1;0;0;0;0;0;0;0;0;0;1;0;0;0;0
"19/12/2023";"12:26:00";"184";"Acidente s";"419,5";"BR-386/RS";"Sul";"Choque Defensa";1;0;0;0;0;0;0;0;0;0;1;0;0;0;0
"19/12/2023";"12:27:00";"185";"Acidente s";"24";"BR-290/RS";"Oeste";"Colisão - Lateral";2;0;0;0;0;0;0;0;0;0;2;0;0;0;0
"19/12/2023";"14:36:00";"220";"Acidente s";"38";"BR-101/RS";"Norte";"Colisão - Lateral";0;0;0;0;0;0;0;0;0;2;4;0;0;0;0
"19/12/2023";"14:58:00";"225";"Atropelame";"229";"BR-386/RS";"Sul";"Atropelamento - Funcionário";1;0;0;0;0;0;0;0;0;0;1;0;0;1;0
"19/12/2023";"15:28:00";"232";"Acidente c";"91";"BR-290/RS";"Oeste";"Queda de moto";0;0;0;1;0;0;0;0;0;0;0;1;0;0;0
"19/12/2023";"15:28:00";"233";"Acidente s";"7";"BR-290/RS";"Leste";"Choque Defensa";1;0;0;0;0;0;0;0;0;0;1;0;0;0;0
"19/12/2023";"15:56:00";"239";"Acidente c";"93";"BR-290/RS";"Leste";"Queda de moto";0;0;0;1;0;0;0;0;0;0;0;1;0;0;0
"19/12/2023";"15:58:00";"241";"Acidente s";"2";"BR-101/RS";"Norte";"Colisão - Lateral";1;0;1;0;0;0;0;0;0;0;5;0;0;0;0
"19/12/2023";"20:55:00";"309";"Acidente c";"13";"BR-101/RS";"Norte";"Colisão - Traseira";2;0;0;0;0;0;0;1;0;0;2;0;1;0;0
"19/12/2023";"21:59:00";"319";"Acidente c";"437";"BR-386/RS";"Norte";"Colisão - Lateral";1;0;0;1;0;0;0;0;0;0;1;1;0;0;0
"20/12/2023";"02:27:00";"13";"Acidente s";"10,852";"BR-290/RS";"Oeste";"Saída de pista";1;0;0;0;0;0;0;0;0;0;2;0;0;0;0
"20/12/2023";"07:08:00";"67";"Acidente s";"304";"BR-386/RS";"Norte";"Saída de pista";1;0;0;0;0;0;0;0;0;0;1;0;0;0;0
"20/12/2023";"10:30:00";"178";"Acidente s";"438";"BR-386/RS";"Sul";"Colisão - Traseira";1;0;0;0;0;0;0;1;0;0;2;0;0;0;0
"20/12/2023";"14:38:00";"239";"Acidente s";"35";"BR-101/RS";"Norte";"Colisão - Lateral";1;0;1;0;0;0;0;0;0;0;7;0;0;0;0
"21/12/2023";"12:04:00";"203";"Acidente s";"246,7";"BR-386/RS";"Sul";"Capotamento";1;0;0;0;0;0;0;0;0;0;1;0;0;0;0
"21/12/2023";"13:04:00";"220";"Acidente c";"77";"BR-290/RS";"Leste";"Capotamento";1;0;0;0;0;0;0;0;0;0;0;1;0;0;0
"21/12/2023";"15:38:00";"260";"Acidente s";"350";"BR-386/RS";"Norte";"Colisão - Traseira";1;0;0;0;0;0;0;1;0;0;2;0;0;0;0
"21/12/2023";"18:32:00";"299";"Acidente c";"347";"BR-386/RS";"Norte";"Queda de moto";0;0;0;1;0;0;0;0;0;0;0;1;0;0;0
"22/12/2023";"07:06:00";"59";"Acidente s";"248";"BR-386/RS";"Sul";"Saída de pista";1;0;0;0;0;0;0;0;0;0;1;0;0;0;0
"22/12/2023";"08:08:00";"93";"Acidente s";"92";"BR-290/RS";"Oeste";"Colisão - Traseira";1;0;0;0;0;0;0;0;0;1;7;0;0;0;0
"22/12/2023";"08:29:00";"104";"Acidente s";"426";"BR-386/RS";"Sul";"Colisão - Transversal";2;0;0;0;0;0;0;0;0;0;3;0;0;0;0
"22/12/2023";"08:44:00";"112";"Acidente s";"228,3";"BR-386/RS";"Norte";"Engavetamento";2;0;0;0;0;0;0;0;0;0;3;0;0;0;0
"22/12/2023";"11:04:00";"160";"Acidente c";"341,6";"BR-386/RS";"Norte";"Saída de pista";3;0;0;0;0;0;0;2;0;1;6;0;1;0;0
"22/12/2023";"11:36:00";"171";"Acidente s";"14";"BR-448/RS";"Norte";"Choque Defensa";1;0;0;0;0;0;0;0;0;0;3;0;0;0;0
"22/12/2023";"12:52:00";"191";"Acidente s";"219";"BR-386/RS";"Sul";"Saída de pista";1;0;0;0;0;0;0;0;0;0;1;0;0;0;0
"22/12/2023";"14:08:00";"212";"Acidente c";"244";"BR-386/RS";"Ambos";"Colisão - Frontal";2;0;0;0;0;0;0;0;0;0;1;2;0;0;0
"22/12/2023";"14:56:00";"224";"Acidente s";"271";"BR-386/RS";"Sul";"Saída de pista";1;0;0;0;0;0;0;0;0;1;3;0;0;0;0
"22/12/2023";"15:26:00";"236";"Acidente s";"91";"BR-290/RS";"Leste";"Colisão - Lateral";1;0;0;1;0;0;0;0;0;0;3;0;0;0;0
"22/12/2023";"16:58:00";"261";"Acidente s";"4";"BR-290/RS";"Leste";"Saída de pista";1;0;0;0;0;0;0;0;0;0;1;0;0;0;0
"22/12/2023";"18:03:00";"278";"Acidente s";"306";"BR-386/RS";"Norte";"Choque Defensa";1;0;0;0;0;0;0;0;0;0;2;0;0;0;0
"22/12/2023";"18:27:00";"291";"Acidente s";"47";"BR-290/RS";"Leste";"Saída de pista";1;0;0;0;0;0;0;0;0;0;2;0;0;0;0
"22/12/2023";"20:11:00";"317";"Acidente s";"373";"BR-386/RS";"Sul";"Colisão - Lateral";1;0;1;0;0;0;0;0;0;0;5;0;0;0;0
"22/12/2023";"21:45:00";"341";"Acidente c";"442";"BR-386/RS";"Norte";"Colisão - Lateral";1;0;0;1;0;0;0;0;0;0;1;0;1;0;0
"22/12/2023";"23:11:00";"363";"Acidente s";"19";"BR-290/RS";"Oeste";"Colisão - Traseira";2;0;0;0;0;0;0;0;0;0;4;0;0;0;0
"22/12/2023";"23:16:00";"365";"Acidente s";"220";"BR-386/RS";"Sul";"Capotamento";1;0;0;0;0;0;0;0;0;0;1;0;0;0;0
"22/12/2023";"23:52:00";"375";"Acidente s";"43";"BR-101/RS";"Sul";"Capotamento";1;0;0;0;1;0;0;0;0;0;3;0;0;0;0
"23/12/2023";"02:47:00";"16";"Acidente s";"7";"BR-101/RS";"Sul";"Saída de pista";1;0;0;0;0;0;0;0;0;0;1;0;0;0;0
"23/12/2023";"04:49:00";"29";"Acidente s";"340";"BR-386/RS";"Norte";"Choque Defensa";1;0;0;0;0;0;0;0;0;0;1;0;0;0;0
"23/12/2023";"05:55:00";"47";"Acidente s";"7,91";"BR-101/RS";"Norte";"Atropelamento de Animal";2;0;0;0;0;0;0;0;0;0;2;0;0;0;0
"23/12/2023";"08:28:00";"94";"Acidente c";"250,8";"BR-386/RS";"Norte";"Engavetamento";3;0;0;0;0;0;0;0;0;0;7;1;0;0;0
"23/12/2023";"08:32:00";"96";"Acidente s";"180,1";"BR-386/RS";"Norte";"Colisão - Traseira";2;0;0;0;0;0;0;0;0;0;6;0;0;0;0
"23/12/2023";"09:19:00";"108";"Acidente s";"92";"BR-290/RS";"Oeste";"Choque - Meio Fio";1;0;0;0;0;0;0;0;0;0;1;0;0;0;0
"23/12/2023";"10:59:00";"152";"Acidente s";"265";"BR-386/RS";"Sul";"Colisão - Traseira";2;0;0;0;0;0;0;0;0;0;5;0;0;0;0
"23/12/2023";"11:03:00";"156";"Acidente s";"346,45";"BR-386/RS";"Norte";"Engavetamento";3;0;0;0;0;0;0;0;0;0;4;0;0;0;0