data;horario;n_da_ocorrencia;tipo_de_ocorrencia;km;trecho;sentido;tipo_de_acidente;automovel;bicicleta;caminhao;moto;onibus;outros;tracao_animal;transporte_de_cargas_especiais;trator_maquinas;utilitarios;ilesos;levemente_feridos;moderadamente_feridos;gravemente_feridos;mortos
"04/01/2024";"12:24:06";"177";"Sem vítima";"6,000";"BR-448/RS";"Crescente";"Colisão traseira";2;0;0;0;0;0;0;0;0;0;0;0;0;0;0
"04/01/2024";"17:04:00";"261";"Com vítima";"71,000";"BR-101/RS";"Crescente";"Colisão frontal";2;0;0;0;0;0;0;0;0;0;2;0;1;0;0
"04/01/2024";"21:15:00";"296";"Sem vítima";"76,000";"BR-290/RS";"Crescente";"Acidentes de outra natureza";1;0;0;0;0;0;0;0;0;0;0;0;0;0;0
"04/01/2024";"23:24:44";"311";"Sem vítima";"80,000";"BR-290/RS";"Decrescente";"Acidentes de outra natureza";1;0;0;0;0;0;0;0;0;0;0;0;0;0;0
"05/01/2024";"07:18:00";"75";"Sem vítima";"7,000";"BR-101/RS";"Decrescente";"Choque";1;0;0;0;0;0;0;0;0;0;0;0;0;0;0
"05/01/2024";"07:23:02";"79";"Com vítima";"342,480";"BR-386/RS";"Crescente";"Colisão lateral no mesmo sentido";1;0;0;1;0;0;0;0;0;0;0;2;0;0;0
"05/01/2024";"08:02:20";"106";"Sem vítima";"355,530";"BR-386/RS";"Crescente";"Colisão lateral no mesmo sentido";2;0;0;0;0;0;0;0;0;0;0;0;0;0;0
"05/01/2024";"10:44:32";"155";"Com vítima";"21,000";"BR-448/RS";"Crescente";"Colisão traseira";2;0;0;0;0;0;0;0;0;0;0;0;0;0;0
"05/01/2024";"11:15:07";"163";"Sem vítima";"366,700";"BR-386/RS";"Crescente";"Acidentes de outra natureza";1;0;0;0;0;0;0;0;0;0;0;0;0;0;0
"05/01/2024";"15:31:49";"242";"Sem vítima";"32,000";"BR-290/RS";"Decrescente";"Acidentes de outra natureza";1;0;0;0;0;0;0;0;0;0;0;0;0;0;0
"05/01/2024";"16:03:16";"251";"Sem vítima";"32,000";"BR-290/RS";"Crescente";"Acidentes de outra natureza";1;0;0;0;0;0;0;0;0;0;0;0;0;0;0
"05/01/2024";"17:34:18";"271";"Sem vítima";"92,000";"BR-290/RS";"Decrescente";"Colisão lateral no mesmo sentido";2;0;0;0;0;0;0;0;0;0;2;0;0;0;0
"06/01/2024";"07:35:54";"55";"Com vítima";"5,000";"BR-290/RS";"Decrescente";"Queda de moto";0;0;0;1;0;0;0;0;0;0;0;0;0;0;0
"06/01/2024";"09:13:05";"90";"Sem vítima";"19,000";"BR-290/RS";"Crescente";"Colisão traseira";1;0;1;0;0;0;0;0;0;0;0;0;0;0;0
"06/01/2024";"15:18:00";"196";"Com vítima";"57,000";"BR-290/RS";"Crescente";"Colisão traseira";0;0;1;1;0;0;0;0;0;0;2;4;0;0;0
"06/01/2024";"17:03:55";"220";"Sem vítima";"54,000";"BR-290/RS";"Crescente";"Acidentes de outra natureza";1;0;0;0;0;0;0;0;0;0;0;0;0;0;0
"06/01/2024";"18:21:46";"236";"Com vítima";"26,000";"BR-290/RS";"Decrescente";"Queda de moto";0;0;0;1;0;0;0;0;0;0;0;0;0;0;0
"07/01/2024";"01:00:46";"6";"Sem vítima";"27,120";"BR-290/RS";"Crescente";"Acidentes de outra natureza";1;0;0;0;0;0;0;0;0;0;1;0;0;0;0
"07/01/2024";"05:11:53";"19";"Sem vítima";"362,000";"BR-386/RS";"Decrescente";"Choque";1;0;0;0;0;0;0;0;0;0;1;0;0;0;0
"07/01/2024";"05:28:00";"25";"Sem vítima";"71,000";"BR-101/RS";"Crescente";"Acidentes de outra natureza";1;0;0;0;0;0;0;0;0;0;0;0;0;0;0
"07/01/2024";"07:30:00";"49";"Sem vítima";"59,000";"BR-101/RS";"Crescente";"Choque";1;0;0;0;0;0;0;0;0;0;1;0;0;0;0
"07/01/2024";"08:05:33";"62";"Sem vítima";"33,000";"BR-101/RS";"Decrescente";"Colisão lateral no mesmo sentido";2;0;0;0;0;0;0;0;0;0;0;0;0;0;0
"07/01/2024";"09:48:48";"91";"Sem vítima";"91,000";"BR-290/RS";"Decrescente";"Colisão lateral no mesmo sentido";2;0;0;0;0;0;0;0;0;0;0;0;0;0;0
"07/01/2024";"10:32:41";"105";"Com vítima";"365,600";"BR-386/RS";"Crescente";"Acidentes de outra natureza";1;0;0;0;0;0;0;0;0;0;0;0;0;0;0
"07/01/2024";"13:50:22";"167";"Sem vítima";"229,000";"BR-386/RS";"Crescente";"Colisão traseira";2;0;0;0;0;0;0;0;0;0;0;0;0;0;0
"07/01/2024";"14:58:20";"183";"Sem vítima";"223,000";"BR-386/RS";"Decrescente";"Tombamento";0;0;0;0;0;0;0;1;0;0;0;0;0;0;0
"07/01/2024";"15:59:54";"203";"Sem vítima";"73,000";"BR-101/RS";"Crescente";"Colisão traseira";2;0;0;0;0;0;0;0;0;0;0;0;0;0;0
"07/01/2024";"16:54:39";"217";"Sem vítima";"54,000";"BR-290/RS";"Decrescente";"Colisão traseira";2;0;0;0;0;0;0;0;0;0;0;0;0;0;0
"07/01/2024";"17:27:00";"228";"Sem vítima";"28,000";"BR-101/RS";"Crescente";"Queda de moto";0;0;0;1;0;0;0;0;0;0;0;0;0;0;0
"07/01/2024";"17:40:42";"234";"Sem vítima";"94,000";"BR-290/RS";"Decrescente";"Choque";1;0;0;0;0;0;0;0;0;0;1;0;0;0;0
"07/01/2024";"19:54:32";"276";"Sem vítima";"435,000";"BR-386/RS";"Decrescente";"Colisão lateral no mesmo sentido";1;0;0;0;0;0;0;0;0;0;0;0;0;0;0
"07/01/2024";"22:42:00";"320";"Com vítima";"72,000";"BR-101/RS";"Crescente";"Atropelamento de pedestre";2;0;0;0;0;0;0;0;0;0;0;0;0;0;0
"07/01/2024";"22:49:12";"322";"Com vítima";"342,000";"BR-386/RS";"Crescente";"Queda de moto";0;0;0;1;0;0;0;0;0;0;0;1;0;0;0
"08/01/2024";"02:27:08";"33";"Sem vítima";"341,000";"BR-386/RS";"Crescente";"Acidentes de outra natureza";1;0;0;0;0;0;0;0;0;0;0;0;0;0;0
"08/01/2024";"07:24:35";"93";"Sem vítima";"89,000";"BR-290/RS";"Crescente";"Engavetamento";3;0;0;0;0;0;0;0;0;0;0;0;0;0;0
"08/01/2024";"13:39:39";"261";"Sem vítima";"60,000";"BR-290/RS";"Crescente";"Colisão traseira";1;0;0;0;0;0;0;0;0;0;1;0;0;0;0
"08/01/2024";"13:42:10";"262";"Sem vítima";"409,900";"BR-386/RS";"Decrescente";"Acidentes de outra natureza";1;0;0;0;0;0;0;0;0;0;0;0;0;0;0
"08/01/2024";"14:54:50";"285";"Sem vítima";"304,200";"BR-386/RS";"Crescente";"Colisão lateral no mesmo sentido";1;0;1;0;0;0;0;0;0;0;0;0;0;0;0
"08/01/2024";"17:28:40";"332";"Sem vítima";"306,250";"BR-386/RS";"Decrescente";"Colisão traseira";1;0;1;0;0;0;0;0;0;0;0;0;0;0;0
"09/01/2024";"05:47:00";"20";"Sem vítima";"233,000";"BR-386/RS";"Crescente";"Choque";1;0;0;0;0;0;0;0;0;0;0;0;0;0;0
"09/01/2024";"08:07:32";"114";"Com vítima";"21,900";"BR-448/RS";"Crescente";"Choque";1;0;0;1;0;0;0;0;0;0;1;1;0;0;0
"09/01/2024";"11:01:00";"193";"Sem vítima";"440,000";"BR-386/RS";"Decrescente";"Acidentes de outra natureza";1;0;0;0;0;0;0;0;0;0;0;0;0;0;0
"09/01/2024";"13:40:06";"231";"Com vítima";"2,000";"BR-101/RS";"Crescente";"Queda de moto";0;0;0;1;0;0;0;0;0;0;0;1;0;0;0
"09/01/2024";"14:14:34";"240";"Com vítima";"318,000";"BR-386/RS";"Crescente";"Colisão lateral no mesmo sentido";2;0;1;0;0;0;0;0;0;0;0;0;0;0;0
"09/01/2024";"16:35:04";"279";"Sem vítima";"11,000";"BR-101/RS";"Crescente";"Colisão lateral no mesmo sentido";1;0;1;0;0;0;0;0;0;0;4;0;0;0;0
"09/01/2024";"16:41:00";"281";"Sem vítima";"10,000";"BR-448/RS";"Decrescente";"Engavetamento";2;0;2;0;0;0;0;0;0;0;0;0;0;0;0
"09/01/2024";"17:42:00";"293";"Com vítima";"71,450";"BR-290/RS";"Crescente";"Queda de moto";0;0;0;1;0;0;0;0;0;0;0;2;0;0;0
"10/01/2024";"09:04:49";"139";"Sem vítima";"68,000";"BR-101/RS";"Decrescente";"Colisão lateral no mesmo sentido";1;0;1;0;0;0;0;0;0;0;0;0;0;0;0
"10/01/2024";"09:36:00";"150";"Com vítima";"296,020";"BR-386/RS";"Decrescente";"Acidentes de outra natureza";1;0;0;0;0;0;0;0;0;0;0;0;0;0;0
"10/01/2024";"09:40:30";"151";"Sem vítima";"426,020";"BR-386/RS";"Crescente";"Colisão traseira";2;0;0;0;0;0;0;0;0;0;0;0;0;0;0
"10/01/2024";"11:51:21";"184";"Sem vítima";"435,000";"BR-386/RS";"Decrescente";"Colisão lateral no mesmo sentido";2;0;0;0;0;0;0;0;0;0;0;0;0;0;0
"10/01/2024";"16:22:00";"255";"Com vítima";"251,600";"BR-386/RS";"Decrescente";"Colisão traseira";1;0;1;0;0;0;0;0;0;0;0;0;0;0;0
"10/01/2024";"17:18:00";"274";"Sem vítima";"418,500";"BR-386/RS";"Decrescente";"Acidentes de outra natureza";1;0;0;0;0;0;0;0;0;0;0;0;0;0;0
"11/01/2024";"06:17:46";"33";"Sem vítima";"89,000";"BR-290/RS";"Crescente";"Acidentes de outra natureza";0;0;1;0;0;0;0;0;0;0;0;0;0;0;0
"11/01/2024";"07:04:05";"65";"Sem vítima";"304,000";"BR-386/RS";"Crescente";"Choque";1;0;1;0;0;0;0;0;0;0;3;0;0;0;0
"11/01/2024";"08:29:00";"127";"Com vítima";"36,000";"BR-101/RS";"Crescente";"Capotamento";1;0;0;0;0;0;0;0;0;0;0;0;1;0;0
"11/01/2024";"09:37:00";"160";"Sem vítima";"356,000";"BR-386/RS";"Decrescente";"Choque";1;0;0;0;0;0;0;0;0;0;0;0;0;0;0
"11/01/2024";"10:55:07";"177";"Sem vítima";"9,000";"BR-448/RS";"Decrescente";"Acidentes de outra natureza";1;0;0;0;0;0;0;0;0;0;1;0;0;0;0
"11/01/2024";"10:57:27";"178";"Com vítima";"422,000";"BR-386/RS";"Crescente";"Choque";1;0;0;0;0;0;0;0;0;0;0;0;0;0;0
"11/01/2024";"12:39:50";"211";"Sem vítima";"10,900";"BR-290/RS";"Crescente";"Acidentes de outra natureza";1;0;0;0;0;0;0;0;0;0;0;0;0;0;0
"11/01/2024";"12:42:00";"213";"Com vítima";"50,500";"BR-290/RS";"Crescente";"Capotamento";1;0;0;0;0;0;0;0;0;0;0;0;0;0;0
"11/01/2024";"17:22:37";"294";"Sem vítima";"35,000";"BR-101/RS";"Decrescente";"Colisão traseira";1;0;1;0;0;0;0;0;0;0;2;0;0;0;0
"11/01/2024";"20:31:41";"333";"Sem vítima";"54,000";"BR-101/RS";"Decrescente";"Colisão traseira";1;0;0;0;0;0;0;0;0;0;0;0;0;0;0
"12/01/2024";"01:12:00";"7";"Sem vítima";"29,000";"BR-290/RS";"Decrescente";"Atropelamento de animal";1;0;0;0;0;0;0;0;0;0;6;0;0;0;0
"12/01/2024";"08:05:38";"131";"Com vítima";"36,700";"BR-290/RS";"Crescente";"Acidentes de outra natureza";1;0;0;0;0;0;0;0;0;0;0;0;0;0;0
"12/01/2024";"11:46:00";"214";"Sem vítima";"416,000";"BR-386/RS";"Decrescente";"Acidentes de outra natureza";1;0;0;0;0;0;0;0;0;0;2;0;0;0;0
"12/01/2024";"14:15:00";"249";"Sem vítima";"50,000";"BR-101/RS";"Crescente";"Atropelamento de animal";1;0;0;0;0;0;0;0;0;0;1;0;0;0;0
"12/01/2024";"15:28:23";"266";"Sem vítima";"294,000";"BR-386/RS";"Decrescente";"Colisão traseira";0;0;2;0;0;0;0;0;0;0;0;0;0;0;0
"12/01/2024";"16:15:44";"284";"Sem vítima";"435,100";"BR-386/RS";"Crescente";"Colisão transversal";2;0;0;0;0;0;0;0;0;0;0;0;0;0;0
"12/01/2024";"17:16:00";"297";"Com vítima";"401,800";"BR-386/RS";"Crescente";"Acidentes de outra natureza";0;0;1;0;0;0;0;0;0;0;1;0;1;0;0
"12/01/2024";"17:18:49";"299";"Sem vítima";"87,480";"BR-290/RS";"Crescente";"Colisão traseira";1;0;0;0;0;0;0;0;0;0;1;0;0;0;0
"12/01/2024";"20:41:02";"350";"Sem vítima";"19,000";"BR-290/RS";"Decrescente";"Colisão traseira";2;0;0;0;0;0;0;0;0;0;0;0;0;0;0
"12/01/2024";"21:01:44";"352";"Sem vítima";"60,000";"BR-290/RS";"Decrescente";"Colisão traseira";1;0;1;0;0;0;0;0;0;0;0;0;0;0;0
"12/01/2024";"22:37:43";"369";"Sem vítima";"31,000";"BR-290/RS";"Decrescente";"Colisão traseira";1;0;1;0;0;0;0;0;0;0;0;0;0;0;0
"13/01/2024";"05:14:00";"31";"Sem vítima";"80,000";"BR-290/RS";"Decrescente";"Colisão traseira";2;0;0;0;0;0;0;0;0;0;4;0;0;0;0
"13/01/2024";"07:13:50";"60";"Com vítima";"91,450";"BR-290/RS";"Decrescente";"Colisão lateral no mesmo sentido";1;0;0;1;0;0;0;0;0;0;0;0;2;0;0
"13/01/2024";"07:21:59";"68";"Com vítima";"339,000";"BR-386/RS";"Decrescente";"Colisão frontal";1;0;0;1;0;0;0;0;0;0;4;0;0;0;0
"13/01/2024";"09:54:00";"147";"Sem vítima";"4,000";"BR-290/RS";"Crescente";"Colisão lateral no mesmo sentido";3;0;0;0;0;0;0;0;0;0;0;0;0;0;0
"13/01/2024";"09:58:28";"148";"Sem vítima";"341,000";"BR-386/RS";"Decrescente";"Acidentes de outra natureza";1;0;0;0;0;0;0;0;0;0;0;0;0;0;0
"13/01/2024";"10:06:02";"151";"Sem vítima";"225,000";"BR-386/RS";"Crescente";"Colisão traseira";2;0;0;0;0;0;0;0;0;0;0;0;0;0;0
"13/01/2024";"11:41:24";"175";"Com vítima";"355,900";"BR-386/RS";"Decrescente";"Colisão lateral no mesmo sentido";2;0;0;0;0;0;0;0;0;0;2;0;0;0;0
"13/01/2024";"11:43:00";"176";"Sem vítima";"307,000";"BR-386/RS";"Decrescente";"Queda de moto";0;0;0;1;0;0;0;0;0;0;0;0;0;0;0
"13/01/2024";"12:11:53";"185";"Sem vítima";"345,800";"BR-386/RS";"Crescente";"Atropelamento de pedestre";0;0;0;1;0;0;0;0;0;0;0;0;1;1;0
"13/01/2024";"15:57:23";"236";"Com vítima";"345,000";"BR-386/RS";"Decrescente";"Colisão traseira";1;0;0;1;0;0;0;0;0;0;0;0;0;0;0
"13/01/2024";"16:29:00";"246";"Sem vítima";"64,100";"BR-290/RS";"Decrescente";"Colisão traseira";1;0;0;0;0;0;0;0;0;0;0;0;0;0;0
"14/01/2024";"01:29:16";"14";"Com vítima";"62,000";"BR-290/RS";"Crescente";"Tombamento";0;0;1;0;0;0;0;0;0;0;0;0;0;0;0
"14/01/2024";"04:40:48";"20";"Sem vítima";"69,000";"BR-290/RS";"Crescente";"Capotamento";1;0;0;0;0;0;0;0;0;0;1;0;0;0;0
"14/01/2024";"05:29:04";"23";"Sem vítima";"71,510";"BR-290/RS";"Decrescente";"Colisão traseira";2;0;0;0;0;0;0;0;0;0;2;0;0;0;0
"14/01/2024";"08:00:58";"51";"Sem vítima";"35,000";"BR-101/RS";"Decrescente";"Colisão traseira";2;0;1;0;0;0;0;0;0;0;0;0;0;0;0
"14/01/2024";"08:14:31";"57";"Sem vítima";"350,000";"BR-386/RS";"Decrescente";"Acidentes de outra natureza";1;0;0;0;0;0;0;0;0;0;0;0;0;0;0
"14/01/2024";"09:45:00";"78";"Sem vítima";"207,500";"BR-386/RS";"Decrescente";"Colisão transversal";2;0;0;0;0;0;0;0;0;0;0;0;0;0;0
"14/01/2024";"10:39:54";"92";"Sem vítima";"31,600";"BR-101/RS";"Decrescente";"Colisão traseira";2;0;0;0;0;0;0;0;0;0;0;0;0;0;0
"14/01/2024";"15:14:00";"157";"Sem vítima";"223,000";"BR-386/RS";"Crescente";"Engavetamento";3;0;0;0;0;0;0;0;0;0;0;0;0;0;0
"14/01/2024";"15:39:52";"162";"Sem vítima";"429,000";"BR-386/RS";"Decrescente";"Colisão lateral no mesmo sentido";2;0;0;0;0;0;0;0;0;0;0;0;0;0;0
"14/01/2024";"17:51:00";"211";"Sem vítima";"10,000";"BR-290/RS";"Crescente";"Colisão lateral no mesmo sentido";1;0;0;1;0;0;0;0;0;0;0;0;0;0;0
"14/01/2024";"18:14:11";"222";"Sem vítima";"10,000";"BR-448/RS";"Decrescente";"Acidentes de outra natureza";1;0;0;0;0;0;0;0;0;0;0;0;0;0;0
"14/01/2024";"18:40:46";"234";"Sem vítima";"307,000";"BR-386/RS";"Decrescente";"Acidentes de outra natureza";1;0;0;0;0;0;0;0;0;0;0;0;0;0;0
"14/01/2024";"19:08:08";"247";"Sem vítima";"357,000";"BR-386/RS";"Decrescente";"Acidentes de outra natureza";1;0;0;0;0;0;0;0;0;0;2;0;0;0;0
"14/01/2024";"20:12:25";"258";"Com vítima";"87,000";"BR-101/RS";"Crescente";"Colisão traseira";3;0;0;0;0;0;0;0;0;0;0;0;0;0;0
"14/01/2024";"20:28:00";"266";"Sem vítima";"265,000";"BR-386/RS";"Crescente";"Acidentes de outra natureza";1;0;0;0;0;0;0;0;0;0;0;0;0;0;0
"14/01/2024";"22:17:01";"302";"Sem vítima";"247,000";"BR-386/RS";"Decrescente";"Acidentes de outra natureza";1;0;0;0;0;0;0;0;0;0;0;0;0;0;0
"15/01/2024";"06:44:25";"64";"Sem vítima";"441,500";"BR-386/RS";"Crescente";"Colisão traseira";2;0;0;0;0;0;0;0;0;0;0;0;0;0;0
"15/01/2024";"08:17:00";"139";"Sem vítima";"313,600";"BR-386/RS";"Crescente";"Colisão lateral no mesmo sentido";2;0;0;0;0;0;0;0;0;0;2;0;0;0;0
"15/01/2024";"08:20:21";"141";"Sem vítima";"426,000";"BR-386/RS";"Decrescente";"Colisão traseira";2;0;0;0;0;0;0;0;0;0;0;0;0;0;0
"15/01/2024";"08:22:44";"144";"Sem vítima";"368,000";"BR-386/RS";"Decrescente";"Colisão traseira";2;0;0;0;0;0;0;0;0;0;0;0;0;0;0
"15/01/2024";"10:46:00";"201";"Sem vítima";"17,000";"BR-290/RS";"Crescente";"Engavetamento";3;0;0;0;0;0;0;0;0;0;3;0;0;0;0
"15/01/2024";"12:37:15";"238";"Sem vítima";"10,000";"BR-101/RS";"Crescente";"Acidentes de outra natureza";1;0;0;0;0;0;0;0;0;0;0;0;0;0;0
"15/01/2024";"14:23:10";"270";"Sem vítima";"410,000";"BR-386/RS";"Decrescente";"Acidentes de outra natureza";0;0;1;0;0;0;0;0;0;0;1;0;0;0;0
"15/01/2024";"15:31:37";"287";"Sem vítima";"27,000";"BR-290/RS";"Decrescente";"Colisão traseira";1;0;0;0;0;0;0;1;0;0;0;0;0;0;0
"15/01/2024";"15:54:15";"292";"Com vítima";"442,800";"BR-386/RS";"Decrescente";"Colisão traseira";2;0;0;0;0;0;0;0;0;0;0;0;0;0;0
"15/01/2024";"16:01:00";"295";"Sem vítima";"392,300";"BR-386/RS";"Crescente";"Colisão lateral no mesmo sentido";2;0;0;0;0;0;0;0;0;0;0;0;0;0;0
"15/01/2024";"21:28:27";"359";"Sem vítima";"11,000";"BR-448/RS";"Decrescente";"Choque";1;0;1;0;0;0;0;0;0;0;0;0;0;0;0
"15/01/2024";"22:25:38";"363";"Sem vítima";"3,000";"BR-101/RS";"Crescente";"Acidentes de outra natureza";1;0;0;0;0;0;0;0;0;0;1;0;0;0;0
"16/01/2024";"06:34:00";"44";"Sem vítima";"3,000";"BR-101/RS";"Crescente";"Colisão traseira";1;0;1;0;0;0;0;0;0;0;0;0;0;0;0
"16/01/2024";"08:04:36";"122";"Sem vítima";"96,000";"BR-290/RS";"Decrescente";"Engavetamento";4;0;0;0;0;0;0;0;0;0;0;0;0;0;0
"16/01/2024";"10:11:04";"193";"Sem vítima";"53,000";"BR-290/RS";"Decrescente";"Engavetamento";3;0;0;0;0;0;0;0;0;0;0;0;0;0;0
"16/01/2024";"10:41:17";"201";"Sem vítima";"426,000";"BR-386/RS";"Crescente";"Colisão traseira";1;0;1;0;0;0;0;0;0;0;0;0;0;0;0
"16/01/2024";"13:39:09";"239";"Com vítima";"354,600";"BR-386/RS";"Decrescente";"Choque";1;0;1;1;0;0;0;0;0;0;0;0;0;0;0
"16/01/2024";"14:02:11";"247";"Sem vítima";"21,000";"BR-290/RS";"Crescente";"Acidentes de outra natureza";1;0;0;0;0;0;0;0;0;0;2;0;0;0;0
"16/01/2024";"18:16:00";"313";"Sem vítima";"352,000";"BR-386/RS";"Decrescente";"Atropelamento de pedestre";0;0;0;1;0;0;0;0;0;0;0;1;0;0;0
"16/01/2024";"22:06:19";"355";"Sem vítima";"10,000";"BR-448/RS";"Crescente";"Acidentes de outra natureza";1;0;0;0;0;0;0;0;0;0;1;0;0;0;0
"16/01/2024";"22:47:41";"370";"Sem vítima";"351,000";"BR-386/RS";"Decrescente";"Choque";1;0;0;0;0;0;0;0;0;0;0;0;0;0;0
"17/01/2024";"00:01:45";"1";"Sem vítima";"49,000";"BR-290/RS";"Crescente";"Acidentes de outra natureza";1;0;0;0;0;0;0;0;0;0;1;0;0;0;0
"17/01/2024";"01:34:39";"25";"Sem vítima";"307,000";"BR-386/RS";"Decrescente";"Acidentes de outra natureza";0;0;1;0;0;0;0;0;0;0;0;0;0;0;0
"17/01/2024";"06:11:00";"47";"Sem vítima";"401,000";"BR-386/RS";"Decrescente";"Colisão traseira";2;0;0;0;0;0;0;0;0;0;0;0;0;0;0
"17/01/2024";"09:08:00";"148";"Com vítima";"307,000";"BR-386/RS";"Decrescente";"Colisão frontal";2;0;0;0;0;0;0;0;0;0;2;0;0;0;0
"18/01/2024";"09:38:03";"130";"Sem vítima";"86,400";"BR-101/RS";"Crescente";"Engavetamento";2;0;0;0;0;0;0;0;0;0;0;0;0;0;0
"18/01/2024";"10:00:17";"133";"Sem vítima";"198,900";"BR-386/RS";"Decrescente";"Colisão lateral no mesmo sentido";1;0;2;0;0;0;0;0;0;0;0;0;0;0;0
"18/01/2024";"18:23:33";"233";"Sem vítima";"22,000";"BR-448/RS";"Decrescente";"Queda de moto";0;0;0;1;0;0;0;0;0;0;0;0;0;0;0
"19/01/2024";"11:24:00";"208";"Com vítima";"366,800";"BR-386/RS";"Decrescente";"Choque";0;0;1;0;0;0;0;0;0;0;0;0;0;0;0
"19/01/2024";"15:15:00";"271";"Com vítima";"95,000";"BR-290/RS";"Crescente";"Colisão traseira";1;0;0;1;0;0;0;0;0;0;0;0;2;0;0
"19/01/2024";"16:13:00";"292";"Sem vítima";"73,000";"BR-101/RS";"Crescente";"Colisão lateral no mesmo sentido";1;0;1;0;0;0;0;0;0;0;0;0;0;0;0
"19/01/2024";"16:47:18";"300";"Sem vítima";"435,200";"BR-386/RS";"Decrescente";"Colisão lateral no mesmo sentido";1;0;1;0;0;0;0;0;0;0;0;0;0;0;0
"19/01/2024";"17:17:55";"304";"Sem vítima";"435,200";"BR-386/RS";"Decrescente";"Colisão traseira";1;0;1;0;0;0;0;0;0;0;0;0;0;0;0
"19/01/2024";"17:46:03";"315";"Sem vítima";"438,000";"BR-386/RS";"Decrescente";"Colisão traseira";2;0;0;0;0;0;0;0;0;0;0;0;0;0;0
"19/01/2024";"22:12:00";"371";"Sem vítima";"48,000";"BR-290/RS";"Decrescente";"Colisão traseira";3;0;0;0;0;0;0;0;0;0;6;0;0;0;0
"19/01/2024";"23:37:00";"387";"Sem vítima";"20,000";"BR-290/RS";"Crescente";"Queda de moto";0;0;0;1;0;0;0;0;0;0;0;0;0;0;0
"20/01/2024";"03:46:00";"29";"Com vítima";"412,000";"BR-386/RS";"Crescente";"Atropelamento de pedestre";1;0;1;0;0;0;0;0;0;0;0;0;0;0;0
"20/01/2024";"05:50:00";"38";"Sem vítima";"333,300";"BR-386/RS";"Decrescente";"Colisão lateral no mesmo sentido";1;0;1;0;0;0;0;0;0;0;0;0;0;0;0
"20/01/2024";"07:18:00";"74";"Sem vítima";"71,000";"BR-101/RS";"Crescente";"Acidentes de outra natureza";1;0;0;0;0;0;0;0;0;0;0;0;0;0;0
"20/01/2024";"08:58:00";"105";"Sem vítima";"306,300";"BR-386/RS";"Crescente";"Capotamento";1;0;0;0;0;0;0;0;0;0;0;0;0;0;0
"20/01/2024";"10:04:08";"123";"Sem vítima";"33,300";"BR-101/RS";"Decrescente";"Colisão traseira";1;0;0;0;0;0;0;0;0;0;2;0;0;0;0
"20/01/2024";"12:25:00";"152";"Sem vítima";"80,000";"BR-290/RS";"Decrescente";"Choque";1;0;0;0;0;0;0;0;0;0;0;0;0;0;0
"20/01/2024";"13:16:40";"159";"Sem vítima";"19,000";"BR-290/RS";"Crescente";"Colisão traseira";2;0;0;0;0;0;0;0;0;0;0;0;0;0;0
"20/01/2024";"15:45:00";"189";"Sem vítima";"352,000";"BR-386/RS";"Decrescente";"Choque";2;0;0;0;0;0;0;0;0;0;0;0;0;0;0
"20/01/2024";"16:22:13";"200";"Sem vítima";"307,400";"BR-386/RS";"Decrescente";"Capotamento";1;0;0;0;0;0;0;0;0;0;0;0;0;0;0
"20/01/2024";"17:41:00";"217";"Sem vítima";"223,100";"BR-386/RS";"Crescente";"Choque";1;0;0;0;0;0;0;0;0;0;0;0;0;0;0
"20/01/2024";"19:25:55";"233";"Sem vítima";"75,000";"BR-290/RS";"Decrescente";"Tombamento";0;0;1;0;0;0;0;0;0;0;0;0;0;0;0
"20/01/2024";"21:47:59";"262";"Com vítima";"3,000";"BR-101/RS";"Decrescente";"Atropelamento de pedestre";0;0;0;1;0;0;0;0;0;0;0;0;0;0;0
"20/01/2024";"22:52:24";"270";"Sem vítima";"3,000";"BR-101/RS";"Decrescente";"Colisão traseira";0;0;1;1;0;0;0;0;0;0;0;0;0;0;0
"20/01/2024";"23:39:21";"272";"Sem vítima";"401,000";"BR-386/RS";"Decrescente";"Acidentes de outra natureza";1;0;0;0;0;0;0;0;0;0;0;0;0;0;0
"21/01/2024";"03:41:01";"19";"Sem vítima";"85,000";"BR-290/RS";"Decrescente";"Colisão traseira";2;0;0;0;0;0;0;0;0;0;0;0;0;0;0
"21/01/2024";"05:17:45";"25";"Sem vítima";"61,000";"BR-290/RS";"Crescente";"Tombamento";0;0;1;0;0;0;0;0;0;0;0;0;0;0;0