data;horario;n_da_ocorrencia;tipo_de_ocorrencia;km;trecho;sentido;tipo_de_acidente;automovel;bicicleta;caminhao;moto;onibus;outros;tracao_animal;transporte_de_cargas_especiais;trator_maquinas;utilitarios;ilesos;levemente_feridos;moderadamente_feridos;gravemente_feridos;mortos
"07/02/2024";"08:24:03";"134";"Sem vítima";"362,400";"BR-386/RS";"Crescente";"Colisão lateral no mesmo sentido";2;0;0;0;0;0;0;0;0;0;2;0;0;0;0
"07/02/2024";"14:21:00";"231";"Com vítima";"436,200";"BR-386/RS";"Crescente";"Colisão lateral no mesmo sentido";1;0;0;0;0;0;0;1;0;0;0;0;0;0;0
"07/02/2024";"16:21:00";"282";"Sem vítima";"298,800";"BR-386/RS";"Crescente";"Colisão traseira";1;0;0;0;0;0;0;0;0;0;0;0;0;0;0
"07/02/2024";"16:28:00";"284";"Com vítima";"318,030";"BR-386/RS";"Decrescente";"Colisão frontal";2;0;1;0;0;0;0;0;0;0;0;0;0;3;0
"07/02/2024";"19:09:00";"319";"Com vítima";"271,000";"BR-386/RS";"Decrescente";"Colisão lateral no mesmo sentido";1;0;2;0;0;0;0;0;0;0;0;3;0;3;0
"08/02/2024";"07:19:00";"84";"Sem vítima";"9,000";"BR-448/RS";"Decrescente";"Acidentes de outra natureza";1;0;0;0;0;0;0;0;0;0;0;0;0;0;0
"08/02/2024";"07:45:06";"105";"Com vítima";"91,000";"BR-290/RS";"Crescente";"Colisão traseira";1;0;0;1;0;0;0;0;0;0;0;2;0;0;0
"08/02/2024";"08:00:00";"120";"Sem vítima";"68,000";"BR-290/RS";"Decrescente";"Queda de carga";0;0;0;1;0;0;0;0;0;0;2;0;0;0;0
"08/02/2024";"10:01:16";"176";"Sem vítima";"293,700";"BR-386/RS";"Crescente";"Colisão traseira";2;0;0;0;0;0;0;0;0;0;0;0;0;0;0
"08/02/2024";"13:37:01";"244";"Com vítima";"14,000";"BR-101/RS";"Crescente";"Colisão lateral no mesmo sentido";0;0;1;1;0;0;0;0;0;0;0;0;0;0;0
"08/02/2024";"14:32:46";"272";"Com vítima";"22,000";"BR-101/RS";"Crescente";"Colisão traseira";1;0;0;1;0;0;0;0;0;0;0;0;0;0;0
"08/02/2024";"16:23:30";"303";"Sem vítima";"44,000";"BR-290/RS";"Crescente";"Colisão lateral no mesmo sentido";1;0;0;0;0;0;0;0;0;0;0;0;0;0;0
"08/02/2024";"16:59:40";"323";"Sem vítima";"92,000";"BR-290/RS";"Decrescente";"Colisão traseira";2;0;0;0;0;0;0;0;0;0;2;0;0;0;0
"08/02/2024";"18:02:14";"336";"Sem vítima";"198,000";"BR-386/RS";"Decrescente";"Atropelamento de animal";1;0;0;0;0;0;0;0;0;0;4;0;0;0;0
"08/02/2024";"18:51:00";"345";"Com vítima";"362,000";"BR-386/RS";"Decrescente";"Colisão transversal";2;0;0;0;0;0;0;0;0;0;0;0;0;0;0
"08/02/2024";"20:56:08";"377";"Sem vítima";"375,000";"BR-386/RS";"Decrescente";"Colisão traseira";1;0;1;0;0;0;0;0;0;0;0;0;0;0;0
"08/02/2024";"21:25:15";"382";"Sem vítima";"21,000";"BR-448/RS";"Decrescente";"Colisão lateral no mesmo sentido";1;0;1;0;0;0;0;0;0;0;0;0;0;0;0
"08/02/2024";"22:01:00";"391";"Com vítima";"14,000";"BR-290/RS";"Decrescente";"Atropelamento de pedestre";1;0;0;0;0;0;0;0;0;0;1;0;0;0;0
"08/02/2024";"22:37:00";"397";"Sem vítima";"7,000";"BR-101/RS";"Crescente";"Colisão lateral no mesmo sentido";0;0;0;1;0;0;0;0;0;0;0;0;0;0;0
"08/02/2024";"23:07:53";"405";"Com vítima";"380,000";"BR-386/RS";"Decrescente";"Colisão traseira";0;0;2;0;0;0;0;0;0;0;0;0;0;0;0
"08/02/2024";"23:40:00";"408";"Sem vítima";"74,000";"BR-101/RS";"Crescente";"Acidentes de outra natureza";1;0;0;0;0;0;0;0;0;0;0;0;0;0;0
"09/02/2024";"07:39:21";"111";"Sem vítima";"428,000";"BR-386/RS";"Decrescente";"Colisão traseira";2;0;0;0;0;0;0;0;0;0;6;0;0;0;0
"09/02/2024";"09:32:15";"167";"Sem vítima";"95,000";"BR-290/RS";"Crescente";"Colisão traseira";1;0;0;0;0;0;0;0;0;0;1;0;0;0;0
"09/02/2024";"10:19:36";"195";"Sem vítima";"91,000";"BR-290/RS";"Decrescente";"Engavetamento";2;0;0;0;0;0;0;0;0;0;0;0;0;0;0
"09/02/2024";"11:02:00";"223";"Com vítima";"96,100";"BR-290/RS";"Crescente";"Queda de moto";0;0;0;1;0;0;0;0;0;0;0;0;2;0;0
"09/02/2024";"14:12:04";"300";"Sem vítima";"73,000";"BR-290/RS";"Decrescente";"Colisão traseira";2;0;0;0;0;0;0;0;0;0;0;0;0;0;0
"09/02/2024";"14:23:00";"306";"Sem vítima";"30,000";"BR-290/RS";"Decrescente";"Colisão traseira";1;0;0;0;0;0;0;0;0;0;0;0;0;0;0
"09/02/2024";"17:06:00";"412";"Sem vítima";"81,308";"BR-290/RS";"Decrescente";"Engavetamento";1;0;0;0;0;0;0;0;0;0;2;0;0;0;0
"09/02/2024";"17:15:00";"419";"Sem vítima";"426,000";"BR-386/RS";"Decrescente";"Colisão traseira";0;0;2;0;0;0;0;0;0;0;4;0;0;0;0
"09/02/2024";"19:36:00";"466";"Sem vítima";"356,000";"BR-386/RS";"Decrescente";"Colisão traseira";1;0;0;0;0;0;0;0;0;1;2;0;0;0;0
"09/02/2024";"20:08:00";"478";"Sem vítima";"43,000";"BR-290/RS";"Decrescente";"Queda de moto";0;0;0;1;0;0;0;0;0;0;0;0;0;0;0
"09/02/2024";"20:33:14";"486";"Sem vítima";"44,000";"BR-290/RS";"Decrescente";"Colisão traseira";2;0;0;0;0;0;0;0;0;0;0;0;0;0;0
"09/02/2024";"22:15:00";"519";"Sem vítima";"69,000";"BR-290/RS";"Crescente";"Colisão traseira";1;0;1;0;0;0;0;0;0;0;0;0;0;0;0
"09/02/2024";"23:27:00";"529";"Com vítima";"29,000";"BR-290/RS";"Decrescente";"Colisão lateral no mesmo sentido";0;0;0;1;0;0;0;0;0;0;1;1;0;0;0
"09/02/2024";"23:59:00";"534";"Sem vítima";"360,400";"BR-386/RS";"Crescente";"Acidentes de outra natureza";1;0;0;0;0;0;0;0;0;0;1;0;0;0;0
"10/02/2024";"05:56:52";"82";"Sem vítima";"95,000";"BR-290/RS";"Crescente";"Colisão transversal";1;0;0;0;1;0;0;0;0;0;2;0;0;0;0
"10/02/2024";"06:26:30";"90";"Sem vítima";"240,000";"BR-386/RS";"Decrescente";"Choque";1;0;0;0;0;0;0;0;0;0;2;0;0;0;0
"10/02/2024";"07:09:05";"109";"Sem vítima";"85,744";"BR-290/RS";"Decrescente";"Engavetamento";3;0;0;0;0;0;0;0;0;0;0;0;0;0;0
"10/02/2024";"07:28:15";"122";"Sem vítima";"85,740";"BR-290/RS";"Decrescente";"Colisão traseira";2;0;0;0;0;0;0;0;0;0;0;0;0;0;0
"10/02/2024";"09:17:56";"179";"Sem vítima";"35,000";"BR-290/RS";"Decrescente";"Colisão lateral no mesmo sentido";2;0;0;0;0;0;0;0;0;0;0;0;0;0;0
"10/02/2024";"09:45:25";"197";"Sem vítima";"75,000";"BR-290/RS";"Decrescente";"Colisão traseira";2;0;0;0;0;0;0;0;0;0;1;0;0;0;0
"10/02/2024";"10:10:55";"213";"Com vítima";"295,000";"BR-386/RS";"Crescente";"Colisão traseira";1;0;0;0;0;0;0;0;0;0;0;0;0;0;0
"10/02/2024";"11:46:59";"267";"Com vítima";"393,100";"BR-386/RS";"Decrescente";"Colisão traseira";2;0;1;0;0;0;0;0;0;0;3;0;0;0;0
"10/02/2024";"12:16:04";"278";"Sem vítima";"393,500";"BR-386/RS";"Decrescente";"Colisão lateral no mesmo sentido";1;0;0;0;0;0;0;0;0;0;0;0;0;0;0
"10/02/2024";"14:37:58";"326";"Sem vítima";"40,000";"BR-290/RS";"Decrescente";"Colisão traseira";2;0;0;0;0;0;0;0;0;0;4;0;0;0;0
"10/02/2024";"15:01:23";"339";"Sem vítima";"33,000";"BR-290/RS";"Decrescente";"Colisão traseira";2;0;0;0;0;0;0;0;0;0;4;0;0;0;0
"10/02/2024";"15:21:00";"345";"Sem vítima";"34,000";"BR-290/RS";"Decrescente";"Colisão traseira";2;0;0;0;0;0;0;0;0;0;4;0;0;0;0
"10/02/2024";"15:59:00";"360";"Com vítima";"31,000";"BR-101/RS";"Decrescente";"Acidentes de outra natureza";1;0;0;0;0;0;0;0;0;0;0;0;1;0;0
"10/02/2024";"16:34:16";"370";"Com vítima";"413,000";"BR-386/RS";"Crescente";"Capotamento";1;0;0;0;0;0;0;0;0;0;0;0;0;0;0
"10/02/2024";"16:49:09";"375";"Sem vítima";"39,169";"BR-290/RS";"Decrescente";"Colisão traseira";2;0;0;0;0;0;0;0;0;0;0;0;0;0;0
"10/02/2024";"17:12:08";"379";"Sem vítima";"43,000";"BR-290/RS";"Decrescente";"Colisão traseira";2;0;0;0;0;0;0;0;0;0;4;0;0;0;0
"10/02/2024";"17:56:25";"396";"Sem vítima";"31,000";"BR-290/RS";"Decrescente";"Colisão traseira";3;0;0;0;0;0;0;0;0;0;0;0;0;0;0
"11/02/2024";"03:15:00";"34";"Sem vítima";"242,000";"BR-386/RS";"Decrescente";"Acidentes de outra natureza";1;0;0;0;0;0;0;0;0;0;1;0;0;0;0
"11/02/2024";"13:50:06";"201";"Sem vítima";"72,000";"BR-101/RS";"Decrescente";"Choque";1;0;0;0;0;0;0;0;0;0;0;0;0;0;0
"11/02/2024";"14:27:24";"212";"Sem vítima";"11,000";"BR-290/RS";"Crescente";"Capotamento";1;0;0;0;0;0;0;0;0;0;0;0;0;0;0
"11/02/2024";"14:48:54";"216";"Sem vítima";"11,000";"BR-290/RS";"Crescente";"Colisão traseira";1;0;1;0;0;0;0;0;0;0;2;0;0;0;0
"11/02/2024";"17:59:00";"278";"Com vítima";"9,570";"BR-101/RS";"Decrescente";"Colisão lateral no mesmo sentido";2;0;0;0;0;0;0;0;0;0;0;0;0;0;0
"11/02/2024";"18:07:49";"282";"Sem vítima";"260,000";"BR-386/RS";"Decrescente";"Acidentes de outra natureza";1;0;0;0;0;0;0;0;0;0;0;0;0;0;0
"11/02/2024";"21:34:10";"371";"Com vítima";"23,970";"BR-290/RS";"Decrescente";"Queda de moto";0;0;0;1;0;0;0;0;0;0;0;0;0;0;0
"12/02/2024";"06:37:01";"56";"Sem vítima";"6,800";"BR-448/RS";"Decrescente";"Queda de moto";0;0;0;1;0;0;0;0;0;0;0;0;0;0;0
"12/02/2024";"09:01:15";"132";"Sem vítima";"262,000";"BR-386/RS";"Decrescente";"Colisão traseira";1;0;1;0;0;0;0;0;0;0;0;0;0;0;0
"12/02/2024";"09:57:10";"175";"Com vítima";"346,890";"BR-386/RS";"Decrescente";"Acidentes de outra natureza";0;0;1;0;0;0;0;0;0;0;0;0;0;0;0
"12/02/2024";"12:22:11";"231";"Sem vítima";"303,600";"BR-386/RS";"Decrescente";"Acidentes de outra natureza";1;0;0;0;0;0;0;0;0;0;0;0;0;0;0
"12/02/2024";"15:19:17";"301";"Com vítima";"92,000";"BR-290/RS";"Decrescente";"Colisão traseira";2;0;0;1;0;0;0;0;0;0;0;0;0;0;0
"12/02/2024";"22:10:01";"484";"Sem vítima";"23,000";"BR-290/RS";"Crescente";"Acidentes de outra natureza";1;0;0;0;0;0;0;0;0;0;0;0;0;0;0
"12/02/2024";"22:30:07";"488";"Sem vítima";"23,000";"BR-290/RS";"Crescente";"Colisão lateral no mesmo sentido";1;0;1;0;0;0;0;0;0;0;0;0;0;0;0
"13/02/2024";"04:22:44";"28";"Sem vítima";"339,000";"BR-386/RS";"Crescente";"Tombamento";0;0;1;0;0;0;0;0;0;0;0;0;0;0;0
"13/02/2024";"07:07:00";"57";"Sem vítima";"49,000";"BR-290/RS";"Decrescente";"Acidentes de outra natureza";1;0;0;0;0;0;0;0;0;0;1;0;0;0;0
"13/02/2024";"08:05:39";"76";"Sem vítima";"396,500";"BR-386/RS";"Decrescente";"Acidentes de outra natureza";1;0;0;0;0;0;0;0;0;0;0;0;0;0;0
"13/02/2024";"08:29:28";"83";"Sem vítima";"92,000";"BR-290/RS";"Decrescente";"Choque";1;0;0;0;0;0;0;0;0;0;0;0;0;0;0
"13/02/2024";"08:48:58";"88";"Sem vítima";"11,000";"BR-290/RS";"Crescente";"Colisão transversal";2;0;0;0;0;0;0;0;0;0;4;0;0;0;0
"13/02/2024";"09:57:14";"120";"Sem vítima";"85,000";"BR-290/RS";"Decrescente";"Acidentes de outra natureza";1;0;0;0;0;0;0;0;0;0;1;0;0;0;0
"13/02/2024";"10:20:00";"138";"Sem vítima";"294,800";"BR-386/RS";"Crescente";"Queda de moto";0;0;0;1;0;0;0;0;0;0;1;0;0;0;0
"13/02/2024";"11:01:33";"159";"Sem vítima";"341,000";"BR-386/RS";"Crescente";"Colisão traseira";2;0;0;0;0;0;0;0;0;0;0;0;0;0;0
"13/02/2024";"11:31:15";"173";"Sem vítima";"68,000";"BR-101/RS";"Crescente";"Colisão traseira";2;0;0;0;0;0;0;0;0;0;4;0;0;0;0
"13/02/2024";"11:33:00";"175";"Sem vítima";"374,000";"BR-386/RS";"Decrescente";"Acidentes de outra natureza";1;0;0;0;0;0;0;0;0;0;0;0;0;0;0
"13/02/2024";"11:44:06";"182";"Sem vítima";"22,000";"BR-448/RS";"Crescente";"Acidentes de outra natureza";1;0;0;0;0;0;0;0;0;0;0;0;0;0;0
"13/02/2024";"11:44:43";"183";"Sem vítima";"68,000";"BR-101/RS";"Crescente";"Colisão traseira";2;0;0;0;0;0;0;0;0;0;4;0;0;0;0
"13/02/2024";"12:03:10";"187";"Com vítima";"11,000";"BR-448/RS";"Crescente";"Choque";2;0;0;0;0;0;0;0;0;0;0;0;0;0;0
"13/02/2024";"12:34:44";"197";"Sem vítima";"307,300";"BR-386/RS";"Decrescente";"Choque";1;0;0;0;0;0;0;0;0;0;0;0;0;0;0
"13/02/2024";"12:49:40";"204";"Com vítima";"396,000";"BR-386/RS";"Decrescente";"Acidentes de outra natureza";1;0;0;0;0;0;0;0;0;0;2;0;2;0;0
"13/02/2024";"12:56:00";"207";"Sem vítima";"28,531";"BR-290/RS";"Decrescente";"Acidentes de outra natureza";1;0;0;0;0;0;0;0;0;0;0;0;0;0;0
"13/02/2024";"13:04:08";"210";"Sem vítima";"73,450";"BR-290/RS";"Crescente";"Queda de moto";0;0;0;1;0;0;0;0;0;0;1;0;0;0;0
"13/02/2024";"13:06:55";"212";"Sem vítima";"396,000";"BR-386/RS";"Decrescente";"Colisão traseira";4;0;0;0;0;0;0;0;0;0;5;0;0;0;0
"13/02/2024";"13:29:44";"221";"Sem vítima";"417,000";"BR-386/RS";"Crescente";"Acidentes de outra natureza";1;0;0;0;0;0;0;0;0;0;2;0;0;0;0
"13/02/2024";"13:49:19";"229";"Com vítima";"307,400";"BR-386/RS";"Decrescente";"Capotamento";1;0;0;0;0;0;0;0;0;0;0;1;1;0;0
"13/02/2024";"14:16:18";"237";"Sem vítima";"401,950";"BR-386/RS";"Decrescente";"Acidentes de outra natureza";1;0;0;0;0;0;0;0;0;0;2;0;0;0;0
"13/02/2024";"14:22:00";"240";"Sem vítima";"411,300";"BR-386/RS";"Crescente";"Choque";1;0;0;0;0;0;0;0;0;0;0;0;0;0;0
"13/02/2024";"16:38:27";"292";"Sem vítima";"60,960";"BR-290/RS";"Crescente";"Colisão traseira";2;0;0;0;0;0;0;0;0;0;4;0;0;0;0
"13/02/2024";"17:24:00";"310";"Com vítima";"400,120";"BR-386/RS";"Decrescente";"Colisão frontal";3;0;0;0;0;0;0;0;0;0;6;2;0;0;0
"13/02/2024";"17:50:27";"325";"Sem vítima";"53,000";"BR-101/RS";"Crescente";"Acidentes de outra natureza";1;0;0;0;0;0;0;0;0;0;0;0;0;0;0
"13/02/2024";"17:51:00";"326";"Sem vítima";"36,000";"BR-101/RS";"Crescente";"Colisão lateral no mesmo sentido";2;0;0;0;0;0;0;0;0;0;8;0;0;0;0
"13/02/2024";"18:05:54";"334";"Com vítima";"94,000";"BR-290/RS";"Crescente";"Queda de moto";0;0;0;1;0;0;0;0;0;0;0;0;1;0;0
"13/02/2024";"18:12:00";"342";"Sem vítima";"22,000";"BR-448/RS";"Decrescente";"Acidentes de outra natureza";1;0;0;0;0;0;0;0;0;0;0;0;0;0;0
"13/02/2024";"18:15:00";"344";"Com vítima";"43,000";"BR-290/RS";"Crescente";"Colisão lateral no mesmo sentido";1;0;0;1;0;0;0;0;0;0;1;0;1;0;0
"13/02/2024";"18:56:00";"360";"Sem vítima";"91,000";"BR-290/RS";"Crescente";"Choque";1;0;0;0;0;0;0;0;0;0;1;0;0;0;0
"13/02/2024";"23:15:00";"425";"Sem vítima";"16,000";"BR-290/RS";"Crescente";"Queda de moto";0;0;0;1;0;0;0;0;0;0;0;0;0;0;0
"14/02/2024";"00:45:00";"5";"Com vítima";"59,000";"BR-101/RS";"Crescente";"Capotamento";1;0;0;0;0;0;0;0;0;0;0;4;1;0;0
"14/02/2024";"05:58:48";"49";"Sem vítima";"262,000";"BR-386/RS";"Decrescente";"Colisão traseira";2;0;0;0;0;0;0;0;0;0;2;0;0;0;0
"14/02/2024";"07:05:59";"81";"Sem vítima";"34,600";"BR-101/RS";"Crescente";"Acidentes de outra natureza";1;0;0;0;0;0;0;0;0;0;2;0;0;0;0
"14/02/2024";"07:15:36";"88";"Sem vítima";"205,000";"BR-386/RS";"Decrescente";"Colisão transversal";1;0;1;0;0;0;0;0;0;0;2;0;0;0;0
"14/02/2024";"08:30:44";"150";"Sem vítima";"412,000";"BR-386/RS";"Decrescente";"Colisão lateral no mesmo sentido";1;0;1;0;0;0;0;0;0;0;4;0;0;0;0
"14/02/2024";"09:22:54";"185";"Sem vítima";"89,465";"BR-290/RS";"Crescente";"Queda de moto";0;0;0;1;0;0;0;0;0;0;1;0;0;0;0
"14/02/2024";"09:54:55";"219";"Sem vítima";"436,000";"BR-386/RS";"Crescente";"Acidentes de outra natureza";1;0;0;0;0;0;0;0;0;0;0;0;0;0;0
"14/02/2024";"11:55:20";"292";"Sem vítima";"426,000";"BR-386/RS";"Decrescente";"Colisão traseira";0;0;2;0;0;0;0;0;0;0;2;0;0;0;0
"14/02/2024";"12:25:18";"299";"Sem vítima";"63,200";"BR-101/RS";"Crescente";"Colisão traseira";2;0;0;0;0;0;0;0;0;0;4;0;0;0;0
"14/02/2024";"15:08:56";"356";"Com vítima";"16,396";"BR-101/RS";"Decrescente";"Capotamento";1;0;1;0;0;0;0;0;0;0;0;0;0;0;0
"14/02/2024";"16:19:29";"385";"Sem vítima";"20,312";"BR-290/RS";"Decrescente";"Choque";1;0;0;0;0;0;0;0;0;0;0;0;0;0;0
"14/02/2024";"16:27:00";"388";"Com vítima";"365,950";"BR-386/RS";"Crescente";"Queda de moto";0;0;0;1;0;0;0;0;0;0;0;0;1;0;0
"15/02/2024";"01:06:19";"23";"Com vítima";"336,800";"BR-386/RS";"Decrescente";"Atropelamento de pedestre";0;0;0;0;1;0;0;0;0;0;84;0;0;1;0
"15/02/2024";"06:58:15";"105";"Sem vítima";"82,000";"BR-290/RS";"Crescente";"Atropelamento de animal";1;0;0;0;0;0;0;0;0;0;2;0;0;0;0
"15/02/2024";"09:28:57";"218";"Sem vítima";"19,000";"BR-290/RS";"Crescente";"Colisão traseira";2;0;0;0;0;0;0;0;0;0;4;0;0;0;0
"15/02/2024";"09:31:27";"220";"Sem vítima";"402,000";"BR-386/RS";"Crescente";"Colisão traseira";0;0;1;0;0;0;0;0;0;0;0;0;0;0;0
"15/02/2024";"11:39:00";"254";"Com vítima";"245,000";"BR-386/RS";"Decrescente";"Colisão transversal";1;0;0;1;0;0;0;0;0;0;2;1;0;0;0
"15/02/2024";"12:09:27";"261";"Sem vítima";"42,884";"BR-290/RS";"Crescente";"Colisão lateral no mesmo sentido";1;0;1;0;0;0;0;0;0;0;2;0;0;0;0
"15/02/2024";"15:12:18";"312";"Sem vítima";"339,000";"BR-386/RS";"Decrescente";"Colisão transversal";1;0;0;0;0;0;0;0;0;0;5;0;0;0;0
"15/02/2024";"16:39:41";"340";"Sem vítima";"60,000";"BR-290/RS";"Crescente";"Colisão traseira";2;0;0;0;0;0;0;0;0;0;4;0;0;0;0
"15/02/2024";"17:29:01";"372";"Sem vítima";"426,000";"BR-386/RS";"Crescente";"Colisão traseira";2;0;0;0;0;0;0;0;0;0;3;0;0;0;0
"15/02/2024";"21:10:14";"415";"Sem vítima";"66,000";"BR-290/RS";"Crescente";"Capotamento";1;0;0;0;0;0;0;0;0;0;0;0;0;0;0
"15/02/2024";"23:50:00";"444";"Sem vítima";"242,000";"BR-386/RS";"Decrescente";"Acidentes de outra natureza";1;0;0;0;0;0;0;0;0;0;3;0;0;0;0
"16/02/2024";"06:30:00";"38";"Sem vítima";"306,100";"BR-386/RS";"Crescente";"Choque";1;0;0;0;0;0;0;0;0;0;1;0;0;0;0
"16/02/2024";"07:57:31";"101";"Sem vítima";"396,500";"BR-386/RS";"Crescente";"Choque";1;0;0;0;0;0;0;0;0;0;1;0;0;0;0
"16/02/2024";"08:27:00";"112";"Sem vítima";"306,100";"BR-386/RS";"Decrescente";"Colisão lateral no mesmo sentido";0;0;1;0;0;0;0;0;0;0;2;0;0;0;0
"16/02/2024";"09:32:45";"134";"Sem vítima";"368,200";"BR-386/RS";"Decrescente";"Acidentes de outra natureza";1;0;0;0;0;0;0;0;0;0;0;0;0;0;0
"16/02/2024";"09:57:06";"139";"Sem vítima";"407,300";"BR-386/RS";"Crescente";"Choque";1;0;0;0;0;0;0;0;0;0;2;0;0;0;0
"16/02/2024";"11:19:00";"157";"Sem vítima";"19,000";"BR-448/RS";"Crescente";"Choque";1;0;0;0;0;0;0;0;0;0;1;0;0;0;0
"16/02/2024";"11:23:45";"158";"Sem vítima";"379,500";"BR-386/RS";"Crescente";"Acidentes de outra natureza";1;0;0;0;0;0;0;0;0;0;0;0;0;0;0
"16/02/2024";"12:08:15";"168";"Sem vítima";"84,000";"BR-101/RS";"Decrescente";"Colisão lateral no mesmo sentido";1;0;1;0;0;0;0;0;0;0;2;0;0;0;0
"16/02/2024";"12:20:35";"173";"Sem vítima";"80,000";"BR-290/RS";"Crescente";"Queda de moto";0;0;0;1;0;0;0;0;0;0;0;0;0;0;0
"16/02/2024";"12:27:20";"174";"Sem vítima";"76,000";"BR-290/RS";"Decrescente";"Choque";1;0;0;0;0;0;0;0;0;0;1;0;0;0;0
"16/02/2024";"13:09:35";"179";"Sem vítima";"440,900";"BR-386/RS";"Decrescente";"Choque";1;0;0;0;0;0;0;0;0;0;1;0;0;0;0
"16/02/2024";"13:11:00";"180";"Sem vítima";"411,100";"BR-386/RS";"Decrescente";"Choque";1;0;0;0;0;0;0;0;0;0;1;0;0;0;0
"16/02/2024";"13:38:18";"188";"Sem vítima";"81,000";"BR-101/RS";"Crescente";"Colisão traseira";2;0;0;0;0;0;0;0;0;0;5;0;0;0;0
"16/02/2024";"13:57:00";"194";"Sem vítima";"440,900";"BR-386/RS";"Decrescente";"Choque";1;0;0;0;0;0;0;0;0;0;1;0;0;0;0
"16/02/2024";"15:10:31";"209";"Com vítima";"434,200";"BR-386/RS";"Decrescente";"Colisão traseira";1;0;1;0;0;0;0;0;0;0;2;0;2;0;0
"16/02/2024";"15:42:00";"217";"Sem vítima";"58,000";"BR-290/RS";"Crescente";"Colisão lateral no mesmo sentido";2;0;0;0;0;0;0;0;0;0;8;0;0;0;0
"16/02/2024";"17:00:14";"236";"Sem vítima";"45,000";"BR-101/RS";"Crescente";"Choque";1;0;0;0;0;0;0;0;0;0;2;0;0;0;0
"16/02/2024";"17:18:00";"240";"Sem vítima";"309,000";"BR-386/RS";"Decrescente";"Atropelamento de animal";1;0;0;0;0;0;0;0;0;0;4;0;0;0;0
"16/02/2024";"17:40:00";"246";"Sem vítima";"283,000";"BR-386/RS";"Decrescente";"Choque";0;0;1;0;0;0;0;0;0;0;1;0;0;0;0
"17/02/2024";"01:45:00";"13";"Com vítima";"32,978";"BR-290/RS";"Crescente";"Colisão traseira";2;0;0;0;0;0;0;0;0;0;4;0;1;0;0
"17/02/2024";"13:44:56";"167";"Sem vítima";"426,200";"BR-386/RS";"Crescente";"Colisão traseira";2;0;0;0;0;0;0;0;0;0;2;0;0;0;0
"17/02/2024";"14:05:11";"174";"Sem vítima";"349,200";"BR-386/RS";"Crescente";"Colisão traseira";3;0;0;0;0;0;0;0;0;0;4;0;0;0;0
"17/02/2024";"17:09:01";"214";"Com vítima";"15,000";"BR-448/RS";"Decrescente";"Colisão traseira";1;0;1;0;0;0;0;0;0;0;4;5;0;0;0
"17/02/2024";"17:13:00";"215";"Sem vítima";"322,000";"BR-386/RS";"Decrescente";"Choque";1;0;0;0;0;0;0;0;0;0;0;0;0;0;0
"17/02/2024";"21:09:41";"260";"Sem vítima";"344,000";"BR-386/RS";"Decrescente";"Colisão traseira";2;0;0;0;0;0;0;0;0;0;4;0;0;0;0
"17/02/2024";"23:32:18";"276";"Sem vítima";"426,000";"BR-386/RS";"Crescente";"Atropelamento de animal";1;0;0;0;0;0;0;0;0;0;0;0;0;0;0
"18/02/2024";"17:45:00";"199";"Sem vítima";"5,000";"BR-290/RS";"Decrescente";"Choque";1;0;0;0;0;0;0;0;0;0;0;0;0;0;0
"18/02/2024";"18:03:04";"208";"Com vítima";"32,000";"BR-101/RS";"Decrescente";"Queda de moto";0;0;0;1;0;0;0;0;0;0;0;0;0;0;0
"18/02/2024";"18:44:47";"216";"Sem vítima";"390,000";"BR-386/RS";"Crescente";"Colisão transversal";2;0;0;0;0;0;0;0;0;0;0;0;0;0;0
"19/02/2024";"09:07:00";"136";"Sem vítima";"89,000";"BR-290/RS";"Crescente";"Colisão lateral no mesmo sentido";1;0;1;0;0;0;0;0;0;0;2;0;0;0;0
"19/02/2024";"16:10:00";"270";"Sem vítima";"79,822";"BR-290/RS";"Crescente";"Queda de moto";0;0;0;1;0;0;0;0;0;0;1;0;0;0;0
"19/02/2024";"16:38:11";"276";"Sem vítima";"92,000";"BR-290/RS";"Decrescente";"Colisão lateral no mesmo sentido";1;0;0;1;0;0;0;0;0;0;4;0;0;0;0
"19/02/2024";"20:11:00";"303";"Sem vítima";"40,000";"BR-101/RS";"Decrescente";"Colisão lateral no mesmo sentido";1;0;1;0;0;0;0;0;0;0;3;0;0;0;0
"20/02/2024";"00:28:00";"8";"Com vítima";"360,500";"BR-386/RS";"Crescente";"Queda de moto";0;0;0;1;0;0;0;0;0;0;0;0;0;0;0