data;horario;n_da_ocorrencia;tipo_de_ocorrencia;km;trecho;sentido;tipo_de_acidente;automovel;bicicleta;caminhao;moto;onibus;outros;tracao_animal;transporte_de_cargas_especiais;trator_maquinas;utilitarios;ilesos;levemente_feridos;moderadamente_feridos;gravemente_feridos;mortos
"20/02/2024";"00:48:46";"9";"Sem vítima";"63,000";"BR-101/RS";"Crescente";"Acidentes de outra natureza";0;0;1;0;0;0;0;0;0;0;0;0;0;0;0
"20/02/2024";"09:59:10";"178";"Com vítima";"96,380";"BR-290/RS";"Crescente";"Colisão lateral no mesmo sentido";1;0;0;1;0;0;0;0;0;0;0;2;0;0;0
"20/02/2024";"20:19:24";"310";"Sem vítima";"255,000";"BR-386/RS";"Crescente";"Acidentes de outra natureza";1;0;0;0;0;0;0;0;0;0;0;0;0;0;0
"21/02/2024";"06:35:30";"33";"Sem vítima";"82,000";"BR-101/RS";"Crescente";"Choque";1;0;0;0;0;0;0;0;0;0;0;0;0;0;0
"21/02/2024";"07:43:46";"91";"Sem vítima";"9,800";"BR-448/RS";"Crescente";"Colisão lateral no mesmo sentido";2;0;0;0;0;0;0;0;0;0;0;0;0;0;0
"21/02/2024";"07:49:55";"92";"Sem vítima";"91,000";"BR-290/RS";"Crescente";"Engavetamento";2;0;0;0;0;0;0;0;0;0;0;0;0;0;0
"21/02/2024";"08:00:21";"105";"Sem vítima";"440,200";"BR-386/RS";"Crescente";"Colisão traseira";1;0;1;0;0;0;0;0;0;0;0;0;0;0;0
"21/02/2024";"08:10:03";"111";"Com vítima";"88,000";"BR-290/RS";"Crescente";"Colisão lateral no mesmo sentido";0;0;0;1;0;0;0;0;0;0;0;0;0;0;0
"21/02/2024";"09:15:00";"146";"Com vítima";"9,800";"BR-448/RS";"Decrescente";"Queda de moto";0;0;0;1;0;0;0;0;0;0;0;0;0;0;0
"21/02/2024";"11:10:00";"190";"Sem vítima";"19,000";"BR-290/RS";"Decrescente";"Colisão traseira";2;0;0;0;0;0;0;0;0;0;0;0;0;0;0
"21/02/2024";"12:10:22";"200";"Com vítima";"73,000";"BR-101/RS";"Crescente";"Colisão traseira";2;0;1;0;0;0;0;0;0;0;7;1;0;0;0
"21/02/2024";"14:15:00";"228";"Com vítima";"40,000";"BR-290/RS";"Crescente";"Colisão traseira";1;0;1;0;0;0;0;0;0;0;0;0;0;0;0
"21/02/2024";"15:00:40";"240";"Sem vítima";"373,000";"BR-386/RS";"Decrescente";"Choque";0;0;0;0;1;0;0;0;0;0;1;0;0;0;0
"21/02/2024";"20:04:00";"304";"Com vítima";"70,000";"BR-290/RS";"Crescente";"Queda de moto";2;0;0;1;0;0;0;0;0;0;0;0;0;0;0
"21/02/2024";"20:16:00";"307";"Com vítima";"44,000";"BR-101/RS";"Decrescente";"Choque";0;0;1;1;0;0;0;0;0;0;2;0;0;0;0
"22/02/2024";"07:46:16";"100";"Sem vítima";"9,800";"BR-448/RS";"Crescente";"Colisão traseira";2;0;0;0;0;0;0;0;0;0;4;0;0;0;0
"22/02/2024";"08:45:02";"141";"Sem vítima";"95,000";"BR-290/RS";"Crescente";"Colisão traseira";2;0;0;0;0;0;0;0;0;0;2;0;0;0;0
"22/02/2024";"15:45:00";"259";"Com vítima";"72,000";"BR-101/RS";"Crescente";"Tombamento";0;0;1;0;0;0;0;0;0;0;0;0;2;0;0
"22/02/2024";"16:02:00";"264";"Sem vítima";"83,800";"BR-290/RS";"Decrescente";"Colisão lateral no mesmo sentido";2;0;0;0;0;0;0;0;0;0;2;0;0;0;0
"22/02/2024";"16:11:21";"266";"Com vítima";"83,800";"BR-290/RS";"Decrescente";"Colisão traseira";1;0;0;1;0;0;0;0;0;0;1;0;1;0;0
"22/02/2024";"16:42:00";"274";"Sem vítima";"45,000";"BR-290/RS";"Decrescente";"Colisão traseira";1;0;0;0;0;0;0;0;0;0;2;0;0;0;0
"22/02/2024";"16:57:00";"278";"Sem vítima";"342,100";"BR-386/RS";"Decrescente";"Colisão traseira";1;0;0;0;0;0;0;0;0;0;2;0;0;0;0
"22/02/2024";"17:44:42";"291";"Sem vítima";"76,000";"BR-290/RS";"Crescente";"Choque";2;0;0;0;0;0;0;0;0;0;2;0;0;0;0
"22/02/2024";"18:55:48";"307";"Sem vítima";"75,000";"BR-290/RS";"Crescente";"Acidentes de outra natureza";1;0;0;0;0;0;0;0;0;0;1;0;0;0;0
"22/02/2024";"20:24:14";"330";"Sem vítima";"85,744";"BR-290/RS";"Crescente";"Acidentes de outra natureza";1;0;0;0;0;0;0;0;0;0;1;0;0;0;0
"22/02/2024";"22:30:00";"343";"Sem vítima";"360,400";"BR-386/RS";"Crescente";"Atropelamento de animal";1;0;0;0;0;0;0;0;0;0;2;0;0;0;0
"23/02/2024";"07:53:00";"134";"Sem vítima";"9,731";"BR-448/RS";"Crescente";"Colisão traseira";2;0;0;0;0;0;0;0;0;0;6;0;0;0;0
"23/02/2024";"07:55:21";"136";"Com vítima";"435,800";"BR-386/RS";"Decrescente";"Engavetamento";3;0;0;0;0;0;0;0;0;0;3;0;1;0;0
"23/02/2024";"10:22:22";"201";"Sem vítima";"18,700";"BR-290/RS";"Crescente";"Colisão lateral no mesmo sentido";1;0;1;0;0;0;0;0;0;0;2;0;0;0;0
"23/02/2024";"11:30:00";"219";"Sem vítima";"73,470";"BR-101/RS";"Decrescente";"Acidentes de outra natureza";1;0;0;0;0;0;0;0;0;0;0;0;0;0;0
"23/02/2024";"13:40:18";"257";"Sem vítima";"334,000";"BR-386/RS";"Decrescente";"Acidentes de outra natureza";0;0;0;0;0;0;0;0;0;0;5;0;0;0;0
"23/02/2024";"19:29:21";"376";"Sem vítima";"439,000";"BR-386/RS";"Decrescente";"Colisão traseira";1;0;1;0;0;0;0;0;0;0;3;0;0;0;0
"23/02/2024";"20:11:45";"390";"Sem vítima";"262,000";"BR-386/RS";"Crescente";"Colisão lateral no mesmo sentido";1;0;0;0;0;0;0;0;0;0;2;0;0;0;0
"24/02/2024";"07:34:55";"57";"Sem vítima";"41,000";"BR-101/RS";"Decrescente";"Colisão lateral no mesmo sentido";1;0;1;0;0;0;0;0;0;0;2;0;0;0;0
"24/02/2024";"07:57:25";"68";"Sem vítima";"95,266";"BR-290/RS";"Crescente";"Queda de moto";0;0;0;1;0;0;0;0;0;0;0;0;0;0;0
"24/02/2024";"08:43:04";"99";"Sem vítima";"4,000";"BR-101/RS";"Crescente";"Colisão lateral no mesmo sentido";1;0;1;0;0;0;0;0;0;0;2;0;0;0;0
"24/02/2024";"10:43:45";"146";"Com vítima";"96,000";"BR-290/RS";"Decrescente";"Colisão traseira";1;0;0;1;0;0;0;0;0;0;2;2;0;0;0
"25/02/2024";"12:33:18";"120";"Sem vítima";"35,000";"BR-101/RS";"Crescente";"Colisão traseira";0;0;2;0;0;0;0;0;0;0;2;0;0;0;0
"25/02/2024";"15:47:54";"166";"Com vítima";"8,150";"BR-101/RS";"Crescente";"Atropelamento de animal";5;0;0;0;0;0;0;0;0;0;11;2;0;0;0
"25/02/2024";"17:27:14";"194";"Sem vítima";"87,000";"BR-101/RS";"Crescente";"Engavetamento";3;0;0;0;0;0;0;0;0;0;9;0;0;0;0
"25/02/2024";"17:46:48";"202";"Com vítima";"245,000";"BR-386/RS";"Crescente";"Queda de moto";0;0;0;1;0;0;0;0;0;0;0;1;0;0;0
"25/02/2024";"17:49:01";"204";"Com vítima";"220,000";"BR-386/RS";"Decrescente";"Colisão traseira";2;0;0;0;0;0;0;0;0;0;5;0;4;0;0
"25/02/2024";"20:23:00";"250";"Com vítima";"407,000";"BR-386/RS";"Crescente";"Queda de moto";0;0;0;1;0;0;0;0;0;0;0;0;2;0;0
"26/02/2024";"07:32:16";"86";"Sem vítima";"37,000";"BR-101/RS";"Crescente";"Choque";1;0;0;0;0;0;0;0;0;0;2;0;0;0;0
"26/02/2024";"08:30:13";"117";"Sem vítima";"433,600";"BR-386/RS";"Crescente";"Colisão traseira";2;0;0;0;0;0;0;0;0;0;0;0;0;0;0
"26/02/2024";"11:27:00";"175";"Sem vítima";"218,000";"BR-386/RS";"Decrescente";"Colisão traseira";2;0;0;0;0;0;0;0;0;0;5;0;0;0;0
"26/02/2024";"15:23:32";"225";"Sem vítima";"333,400";"BR-386/RS";"Crescente";"Colisão traseira";2;0;0;0;0;0;0;0;0;0;2;0;0;0;0
"26/02/2024";"15:29:37";"228";"Sem vítima";"429,000";"BR-386/RS";"Decrescente";"Choque";0;0;1;0;0;0;0;0;0;0;0;0;0;0;0
"26/02/2024";"17:55:41";"252";"Sem vítima";"359,000";"BR-386/RS";"Crescente";"Atropelamento de animal";1;0;0;0;0;0;0;0;0;0;1;0;0;0;0
"26/02/2024";"19:38:11";"262";"Sem vítima";"45,000";"BR-290/RS";"Decrescente";"Acidentes de outra natureza";1;0;0;0;0;0;0;0;0;0;0;0;0;0;0
"27/02/2024";"00:31:36";"7";"Sem vítima";"94,000";"BR-290/RS";"Crescente";"Choque";1;0;0;0;0;0;0;0;0;0;1;0;0;0;0
"27/02/2024";"07:02:00";"54";"Com vítima";"87,600";"BR-290/RS";"Decrescente";"Queda de moto";0;0;0;1;0;0;0;0;0;0;0;1;0;0;0
"27/02/2024";"12:09:37";"171";"Sem vítima";"356,000";"BR-386/RS";"Decrescente";"Colisão lateral no mesmo sentido";1;0;1;0;0;0;0;0;0;0;2;0;0;0;0
"27/02/2024";"16:43:56";"232";"Sem vítima";"65,000";"BR-290/RS";"Decrescente";"Acidentes de outra natureza";1;0;0;0;0;0;0;0;0;0;1;0;0;0;0
"27/02/2024";"16:47:00";"233";"Sem vítima";"77,000";"BR-290/RS";"Decrescente";"Colisão lateral no mesmo sentido";2;0;0;0;0;0;0;0;0;0;2;0;0;0;0
"28/02/2024";"04:21:54";"16";"Sem vítima";"79,000";"BR-290/RS";"Crescente";"Colisão traseira";1;0;0;0;0;0;0;0;0;0;0;0;0;0;0
"28/02/2024";"05:52:17";"28";"Com vítima";"336,760";"BR-386/RS";"Crescente";"Capotamento";1;0;0;0;0;0;0;0;0;0;0;1;0;0;0
"28/02/2024";"11:47:57";"203";"Sem vítima";"86,000";"BR-290/RS";"Crescente";"Colisão traseira";2;0;0;0;0;0;0;0;0;0;4;0;0;0;0
"28/02/2024";"14:32:39";"261";"Sem vítima";"49,000";"BR-101/RS";"Decrescente";"Colisão traseira";0;0;1;0;0;0;0;0;0;0;1;0;0;0;0
"29/02/2024";"01:01:00";"24";"Sem vítima";"395,400";"BR-386/RS";"Crescente";"Acidentes de outra natureza";0;0;1;0;0;0;0;0;0;0;0;0;0;0;0
"29/02/2024";"07:12:50";"84";"Com vítima";"92,000";"BR-290/RS";"Crescente";"Queda de moto";0;0;0;1;0;0;0;0;0;0;0;0;0;1;0
"29/02/2024";"07:28:00";"100";"Sem vítima";"440,000";"BR-386/RS";"Crescente";"Engavetamento";2;0;1;0;0;0;0;0;0;0;5;0;0;0;0
"29/02/2024";"08:56:59";"181";"Sem vítima";"435,800";"BR-386/RS";"Crescente";"Colisão traseira";2;0;0;0;0;0;0;0;0;0;2;0;0;0;0
"29/02/2024";"09:14:14";"189";"Sem vítima";"338,000";"BR-386/RS";"Crescente";"Colisão traseira";2;0;0;0;0;0;0;0;0;0;3;0;0;0;0
"29/02/2024";"11:44:03";"238";"Sem vítima";"356,120";"BR-386/RS";"Decrescente";"Colisão traseira";2;0;0;0;0;0;0;0;0;0;3;0;0;0;0
"29/02/2024";"16:54:24";"334";"Sem vítima";"442,000";"BR-386/RS";"Decrescente";"Engavetamento";3;0;0;0;0;0;0;0;0;0;5;0;0;0;0
"29/02/2024";"20:23:01";"374";"Com vítima";"251,000";"BR-386/RS";"Decrescente";"Colisão transversal";1;0;0;0;0;0;0;0;0;0;2;1;0;0;0
"01/03/2024";"06:01:00";"37";"Com vítima";"55,000";"BR-290/RS";"Decrescente";"Queda de moto";0;0;0;1;0;0;0;0;0;0;0;1;0;0;0
"01/03/2024";"08:19:50";"125";"Sem vítima";"356,600";"BR-386/RS";"Crescente";"Colisão lateral no mesmo sentido";2;0;0;0;0;0;0;0;0;0;2;0;0;0;0
"01/03/2024";"08:23:00";"131";"Com vítima";"83,000";"BR-290/RS";"Crescente";"Queda de moto";0;0;0;1;0;0;0;0;0;0;1;0;1;0;0
"01/03/2024";"08:30:00";"135";"Sem vítima";"21,000";"BR-101/RS";"Crescente";"Atropelamento de animal";0;0;1;0;0;0;0;0;0;0;2;0;0;0;0
"01/03/2024";"08:30:23";"134";"Sem vítima";"83,000";"BR-290/RS";"Crescente";"Engavetamento";2;0;0;0;0;0;0;0;0;0;8;0;0;0;0
"01/03/2024";"11:54:00";"188";"Sem vítima";"52,000";"BR-290/RS";"Decrescente";"Capotamento";1;0;0;0;0;0;0;0;0;0;0;0;0;0;0
"01/03/2024";"14:04:00";"206";"Sem vítima";"36,000";"BR-290/RS";"Decrescente";"Capotamento";1;0;0;0;0;0;0;0;0;0;2;0;0;0;0
"01/03/2024";"18:25:38";"264";"Sem vítima";"342,000";"BR-386/RS";"Decrescente";"Acidentes de outra natureza";1;0;0;0;0;0;0;0;0;0;2;0;0;0;0
"01/03/2024";"19:03:00";"268";"Com vítima";"74,000";"BR-290/RS";"Decrescente";"Queda de moto";1;0;0;1;0;0;0;0;0;0;2;0;1;0;0
"01/03/2024";"20:40:18";"289";"Sem vítima";"19,515";"BR-290/RS";"Decrescente";"Engavetamento";3;0;0;0;0;0;0;0;0;0;9;0;0;0;0
"01/03/2024";"23:08:44";"327";"Sem vítima";"208,800";"BR-386/RS";"Decrescente";"Atropelamento de animal";1;0;0;0;0;0;0;0;0;0;8;0;0;0;0
"02/03/2024";"11:15:20";"166";"Sem vítima";"426,000";"BR-386/RS";"Decrescente";"Colisão lateral no mesmo sentido";1;0;0;0;0;0;0;0;0;0;0;0;0;0;0
"02/03/2024";"18:41:58";"247";"Com vítima";"85,300";"BR-290/RS";"Crescente";"Atropelamento de pedestre";1;0;0;0;0;0;0;0;0;0;1;0;0;0;1
"03/03/2024";"11:44:11";"118";"Com vítima";"31,000";"BR-290/RS";"Decrescente";"Acidentes de outra natureza";1;0;0;0;0;0;0;0;0;0;0;0;0;0;0
"03/03/2024";"17:51:00";"187";"Sem vítima";"366,000";"BR-386/RS";"Decrescente";"Choque";1;0;0;0;0;0;0;0;0;0;0;0;0;0;0
"03/03/2024";"19:12:00";"213";"Sem vítima";"8,000";"BR-290/RS";"Crescente";"Colisão traseira";2;0;0;0;0;0;0;0;0;0;0;0;0;0;0
"03/03/2024";"19:34:33";"217";"Com vítima";"435,000";"BR-386/RS";"Decrescente";"Colisão transversal";2;0;0;0;0;0;0;0;0;0;0;0;0;0;0
"03/03/2024";"20:09:00";"233";"Sem vítima";"271,000";"BR-386/RS";"Crescente";"Atropelamento de animal";1;0;0;0;0;0;0;0;0;0;0;0;0;0;0
"03/03/2024";"20:46:13";"247";"Sem vítima";"436,000";"BR-386/RS";"Crescente";"Colisão traseira";1;0;0;1;0;0;0;0;0;0;0;0;0;0;0
"04/03/2024";"00:58:26";"20";"Sem vítima";"16,000";"BR-290/RS";"Crescente";"Acidentes de outra natureza";1;0;0;0;0;0;0;0;0;0;2;0;0;0;0
"04/03/2024";"06:11:39";"59";"Sem vítima";"334,000";"BR-386/RS";"Decrescente";"Tombamento";0;0;1;0;0;0;0;0;0;0;1;0;0;0;0
"04/03/2024";"06:18:25";"60";"Sem vítima";"307,000";"BR-386/RS";"Decrescente";"Acidentes de outra natureza";0;0;1;0;0;0;0;0;0;0;0;0;0;0;0
"04/03/2024";"09:09:48";"151";"Sem vítima";"353,000";"BR-386/RS";"Crescente";"Colisão traseira";1;0;1;0;0;0;0;0;0;0;0;0;0;0;0
"04/03/2024";"10:14:07";"178";"Sem vítima";"35,000";"BR-101/RS";"Decrescente";"Colisão traseira";2;0;0;0;0;0;0;0;0;0;4;0;0;0;0
"04/03/2024";"12:52:00";"220";"Com vítima";"284,000";"BR-386/RS";"Crescente";"Colisão frontal";1;0;0;0;0;0;0;0;0;0;0;0;0;0;0
"04/03/2024";"13:58:48";"231";"Com vítima";"377,000";"BR-386/RS";"Decrescente";"Colisão lateral no mesmo sentido";1;0;0;1;0;0;0;0;0;0;0;0;0;0;0
"04/03/2024";"14:10:19";"234";"Sem vítima";"187,000";"BR-386/RS";"Decrescente";"Colisão transversal";2;0;0;0;0;0;0;0;0;0;0;0;0;0;0
"04/03/2024";"14:27:00";"237";"Com vítima";"10,000";"BR-448/RS";"Crescente";"Acidentes de outra natureza";1;0;0;0;0;0;0;0;0;0;0;0;0;0;0
"04/03/2024";"15:53:56";"250";"Sem vítima";"19,000";"BR-290/RS";"Crescente";"Acidentes de outra natureza";1;0;0;0;0;0;0;0;0;0;1;0;0;0;0
"04/03/2024";"16:01:43";"251";"Sem vítima";"338,000";"BR-386/RS";"Decrescente";"Colisão lateral no mesmo sentido";0;0;2;0;0;0;0;0;0;0;0;0;0;0;0
"04/03/2024";"19:57:19";"287";"Sem vítima";"373,000";"BR-386/RS";"Crescente";"Colisão traseira";2;0;0;0;0;0;0;0;0;0;2;0;0;0;0
"05/03/2024";"08:47:03";"126";"Com vítima";"295,045";"BR-386/RS";"Crescente";"Tombamento";0;0;1;0;0;0;0;0;0;0;0;0;1;0;0
"05/03/2024";"14:49:00";"205";"Com vítima";"358,120";"BR-386/RS";"Crescente";"Colisão traseira";0;0;0;1;0;0;0;0;0;0;0;0;0;1;0
"05/03/2024";"15:02:00";"206";"Com vítima";"53,764";"BR-290/RS";"Decrescente";"Queda de moto";0;0;0;1;0;0;0;0;0;0;1;1;0;0;0
"05/03/2024";"15:27:24";"208";"Com vítima";"354,320";"BR-386/RS";"Decrescente";"Queda de moto";0;0;0;1;0;0;0;0;0;0;0;1;0;0;0
"05/03/2024";"23:24:00";"294";"Com vítima";"9,300";"BR-448/RS";"Decrescente";"Queda de moto";0;0;0;1;0;0;0;0;0;0;0;1;0;0;0
"06/03/2024";"06:58:48";"50";"Com vítima";"370,100";"BR-386/RS";"Crescente";"Colisão traseira";0;0;1;1;0;0;0;0;0;0;1;0;1;0;0
"06/03/2024";"08:24:06";"119";"Sem vítima";"92,000";"BR-290/RS";"Decrescente";"Choque";1;0;0;0;0;0;0;0;0;0;4;0;0;0;0
"06/03/2024";"09:32:56";"145";"Sem vítima";"63,000";"BR-101/RS";"Decrescente";"Colisão traseira";2;0;0;0;0;0;0;0;0;0;6;0;0;0;0
"06/03/2024";"09:45:12";"152";"Sem vítima";"438,900";"BR-386/RS";"Crescente";"Engavetamento";3;0;0;0;0;0;0;0;0;0;4;0;0;0;0
"06/03/2024";"11:17:52";"177";"Com vítima";"365,000";"BR-386/RS";"Decrescente";"Acidentes de outra natureza";0;0;1;0;0;0;0;0;0;0;0;1;0;0;0
"06/03/2024";"16:35:00";"237";"Sem vítima";"14,000";"BR-290/RS";"Decrescente";"Acidentes de outra natureza";1;0;0;0;0;0;0;0;0;0;1;0;0;0;0
"06/03/2024";"17:26:33";"247";"Com vítima";"3,000";"BR-101/RS";"Decrescente";"Colisão traseira";1;0;0;1;0;0;0;0;0;0;1;0;1;0;0
"06/03/2024";"17:55:37";"255";"Com vítima";"344,000";"BR-386/RS";"Decrescente";"Queda de moto";0;0;0;1;0;0;0;0;0;0;0;0;1;0;0
"06/03/2024";"21:08:00";"282";"Sem vítima";"200,000";"BR-386/RS";"Decrescente";"Acidentes de outra natureza";1;0;0;0;0;0;0;0;0;0;2;0;0;0;0
"07/03/2024";"07:15:00";"68";"Com vítima";"360,000";"BR-386/RS";"Decrescente";"Engavetamento";3;0;0;0;0;0;0;0;0;0;3;2;0;0;0
"07/03/2024";"07:16:51";"70";"Com vítima";"248,000";"BR-386/RS";"Crescente";"Colisão lateral no mesmo sentido";2;0;0;0;0;0;0;0;0;0;4;3;0;0;0
"07/03/2024";"08:52:04";"128";"Sem vítima";"90,000";"BR-290/RS";"Crescente";"Colisão lateral no mesmo sentido";1;0;1;1;0;0;0;0;0;0;3;0;0;0;0
"07/03/2024";"14:26:28";"206";"Sem vítima";"270,600";"BR-386/RS";"Decrescente";"Colisão traseira";2;0;0;0;0;0;0;0;0;0;2;0;0;0;0
"07/03/2024";"17:41:58";"247";"Com vítima";"348,000";"BR-386/RS";"Decrescente";"Colisão lateral no mesmo sentido";0;0;0;2;0;0;0;0;0;0;0;2;0;0;0
"07/03/2024";"23:33:00";"318";"Com vítima";"48,000";"BR-290/RS";"Crescente";"Colisão traseira";2;0;0;0;0;0;0;0;0;0;0;2;0;0;0
"08/03/2024";"05:40:43";"33";"Sem vítima";"95,000";"BR-290/RS";"Decrescente";"Capotamento";1;0;0;0;0;0;0;0;0;0;0;0;0;0;0
"08/03/2024";"07:26:00";"73";"Sem vítima";"94,000";"BR-290/RS";"Crescente";"Acidentes de outra natureza";1;0;0;0;0;0;0;0;0;0;1;0;0;0;0
"08/03/2024";"08:25:25";"104";"Sem vítima";"91,452";"BR-290/RS";"Decrescente";"Acidentes de outra natureza";1;0;0;0;0;0;0;0;0;0;2;0;0;0;0
"08/03/2024";"09:35:00";"136";"Sem vítima";"396,000";"BR-386/RS";"Decrescente";"Acidentes de outra natureza";1;0;0;0;0;0;0;0;0;0;4;0;0;0;0
"08/03/2024";"10:02:02";"143";"Sem vítima";"15,000";"BR-448/RS";"Crescente";"Acidentes de outra natureza";1;0;0;0;0;0;0;0;0;0;1;0;0;0;0
"08/03/2024";"12:09:00";"180";"Sem vítima";"10,900";"BR-290/RS";"Decrescente";"Acidentes de outra natureza";1;0;0;0;0;0;0;0;0;0;1;0;0;0;0
"08/03/2024";"12:40:59";"188";"Sem vítima";"91,000";"BR-290/RS";"Decrescente";"Acidentes de outra natureza";1;0;0;0;0;0;0;0;0;0;1;0;0;0;0
"08/03/2024";"12:44:43";"190";"Com vítima";"11,000";"BR-290/RS";"Crescente";"Acidentes de outra natureza";1;0;0;0;0;0;0;0;0;0;0;1;0;0;0
"08/03/2024";"13:18:58";"193";"Sem vítima";"306,000";"BR-386/RS";"Decrescente";"Acidentes de outra natureza";1;0;0;0;0;0;0;0;0;0;2;0;0;0;0
"08/03/2024";"13:33:00";"196";"Sem vítima";"59,000";"BR-101/RS";"Decrescente";"Acidentes de outra natureza";1;0;0;0;0;0;0;0;0;0;1;0;0;0;0
"08/03/2024";"13:35:00";"197";"Sem vítima";"21,000";"BR-290/RS";"Crescente";"Acidentes de outra natureza";1;0;0;0;0;0;0;0;0;0;1;0;0;0;0
"08/03/2024";"14:00:56";"202";"Sem vítima";"83,000";"BR-290/RS";"Crescente";"Acidentes de outra natureza";1;0;0;0;0;0;0;0;0;0;1;0;0;0;0
"08/03/2024";"14:02:00";"204";"Sem vítima";"9,000";"BR-448/RS";"Crescente";"Acidentes de outra natureza";0;0;1;0;0;0;0;0;0;0;1;0;0;0;0
"08/03/2024";"14:32:00";"211";"Com vítima";"21,000";"BR-290/RS";"Decrescente";"Colisão lateral no mesmo sentido";1;0;0;1;0;0;0;0;0;0;1;2;0;0;0
"08/03/2024";"14:36:00";"212";"Sem vítima";"417,450";"BR-386/RS";"Crescente";"Acidentes de outra natureza";1;0;0;0;0;0;0;0;0;0;3;0;0;0;0
"08/03/2024";"14:37:02";"213";"Sem vítima";"307,000";"BR-386/RS";"Crescente";"Acidentes de outra natureza";1;0;0;0;0;0;0;0;0;0;3;0;0;0;0
"08/03/2024";"14:58:42";"216";"Com vítima";"77,000";"BR-101/RS";"Decrescente";"Capotamento";2;0;0;0;0;0;0;0;0;0;1;2;0;0;0
"08/03/2024";"15:05:00";"217";"Sem vítima";"396,000";"BR-386/RS";"Decrescente";"Acidentes de outra natureza";1;0;0;0;0;0;0;0;0;0;3;0;0;0;0
"08/03/2024";"15:24:00";"218";"Sem vítima";"22,000";"BR-448/RS";"Decrescente";"Choque";1;0;0;0;0;0;0;0;0;0;1;0;0;0;0
"08/03/2024";"16:39:27";"229";"Com vítima";"22,000";"BR-448/RS";"Decrescente";"Acidentes de outra natureza";1;0;0;0;0;0;0;0;0;0;0;2;0;0;0
"08/03/2024";"17:02:00";"235";"Sem vítima";"10,000";"BR-290/RS";"Decrescente";"Acidentes de outra natureza";1;0;0;0;0;0;0;0;0;0;1;0;0;0;0
"08/03/2024";"17:36:43";"244";"Sem vítima";"307,000";"BR-386/RS";"Decrescente";"Acidentes de outra natureza";1;0;0;0;0;0;0;0;0;0;2;0;0;0;0
"08/03/2024";"18:15:06";"256";"Sem vítima";"94,480";"BR-290/RS";"Decrescente";"Choque";1;0;0;0;0;0;0;0;0;0;1;0;0;0;0
"08/03/2024";"20:14:00";"290";"Sem vítima";"440,900";"BR-386/RS";"Decrescente";"Acidentes de outra natureza";1;0;0;0;0;0;0;0;0;0;1;0;0;0;0
"08/03/2024";"20:16:26";"291";"Sem vítima";"434,900";"BR-386/RS";"Decrescente";"Colisão traseira";1;0;1;0;0;0;0;0;0;0;2;0;0;0;0
"08/03/2024";"20:41:00";"297";"Sem vítima";"400,000";"BR-386/RS";"Decrescente";"Atropelamento de animal";1;0;0;0;0;0;0;0;0;0;1;0;0;0;0
"08/03/2024";"22:46:00";"313";"Com vítima";"5,000";"BR-290/RS";"Crescente";"Capotamento";1;0;0;0;0;0;0;0;0;0;0;0;0;1;0
"09/03/2024";"01:43:00";"7";"Sem vítima";"68,500";"BR-290/RS";"Crescente";"Acidentes de outra natureza";1;0;0;0;0;0;0;0;0;0;2;0;0;0;0
"09/03/2024";"12:26:00";"137";"Sem vítima";"368,000";"BR-386/RS";"Decrescente";"Colisão lateral no mesmo sentido";2;0;0;0;0;0;0;0;0;0;4;0;0;0;0
"09/03/2024";"13:08:50";"147";"Sem vítima";"419,000";"BR-386/RS";"Crescente";"Colisão lateral no mesmo sentido";1;0;1;0;0;0;0;0;0;0;5;0;0;0;0
"09/03/2024";"13:45:41";"153";"Sem vítima";"24,000";"BR-290/RS";"Decrescente";"Acidentes de outra natureza";1;0;0;0;0;0;0;0;0;0;1;0;0;0;0
"09/03/2024";"15:18:20";"165";"Sem vítima";"379,000";"BR-386/RS";"Crescente";"Colisão lateral no mesmo sentido";2;0;0;0;0;0;0;0;0;0;9;0;0;0;0
"09/03/2024";"23:30:43";"245";"Com vítima";"2,500";"BR-448/RS";"Crescente";"Queda de moto";0;0;0;1;0;0;0;0;0;0;0;0;2;0;0
"10/03/2024";"00:43:00";"10";"Com vítima";"96,000";"BR-290/RS";"Crescente";"Queda de moto";0;0;0;1;0;0;0;0;0;0;0;0;0;2;0