data;horario;n_da_ocorrencia;tipo_de_ocorrencia;km;trecho;sentido;tipo_de_acidente;automovel;bicicleta;caminhao;moto;onibus;outros;tracao_animal;transporte_de_cargas_especiais;trator_maquinas;utilitarios;ilesos;levemente_feridos;moderadamente_feridos;gravemente_feridos;mortos
"10/03/2024";"02:19:46";"19";"Sem vítima";"356,000";"BR-386/RS";"Decrescente";"Acidentes de outra natureza";1;0;0;0;0;0;0;0;0;0;1;0;0;0;0
"10/03/2024";"05:22:28";"33";"Sem vítima";"345,000";"BR-386/RS";"Crescente";"Acidentes de outra natureza";1;0;0;0;0;0;0;0;0;0;1;0;0;0;0
"10/03/2024";"05:37:00";"38";"Com vítima";"236,790";"BR-386/RS";"Crescente";"Colisão frontal";3;0;0;0;0;0;0;0;0;0;3;1;0;0;1
"10/03/2024";"07:14:00";"56";"Sem vítima";"46,000";"BR-290/RS";"Decrescente";"Acidentes de outra natureza";1;0;0;0;0;0;0;0;0;0;1;0;0;0;0
"10/03/2024";"15:24:54";"155";"Sem vítima";"34,000";"BR-101/RS";"Crescente";"Colisão lateral no mesmo sentido";1;0;1;0;0;0;0;0;0;0;2;0;0;0;0
"10/03/2024";"15:55:00";"159";"Sem vítima";"91,000";"BR-290/RS";"Decrescente";"Colisão transversal";2;0;0;0;0;0;0;0;0;0;4;0;0;0;0
"10/03/2024";"18:00:00";"188";"Com vítima";"432,800";"BR-386/RS";"Decrescente";"Colisão transversal";2;0;0;1;0;0;0;0;0;0;3;4;1;0;0
"10/03/2024";"18:02:00";"189";"Com vítima";"82,700";"BR-101/RS";"Crescente";"Engavetamento";3;0;0;0;0;0;0;0;0;0;3;0;1;0;0
"11/03/2024";"07:49:00";"104";"Com vítima";"86,000";"BR-290/RS";"Crescente";"Colisão traseira";1;0;0;1;0;0;0;0;0;0;1;0;1;0;0
"11/03/2024";"13:37:36";"232";"Com vítima";"13,500";"BR-448/RS";"Crescente";"Atropelamento de pedestre";1;0;0;0;0;0;0;0;0;0;2;0;0;0;0
"11/03/2024";"14:49:00";"246";"Com vítima";"398,000";"BR-386/RS";"Decrescente";"Acidentes de outra natureza";1;0;0;0;0;0;0;0;0;0;1;1;0;0;0
"11/03/2024";"16:18:06";"267";"Sem vítima";"441,000";"BR-386/RS";"Decrescente";"Engavetamento";2;0;1;0;0;0;0;0;0;0;5;0;0;0;0
"11/03/2024";"17:47:19";"282";"Sem vítima";"391,850";"BR-386/RS";"Crescente";"Colisão traseira";0;0;2;0;0;0;0;0;0;0;3;0;0;0;0
"11/03/2024";"19:44:00";"307";"Com vítima";"440,000";"BR-386/RS";"Crescente";"Queda de moto";0;0;0;1;0;0;0;0;0;0;0;1;0;0;0
"12/03/2024";"03:25:24";"24";"Sem vítima";"357,000";"BR-386/RS";"Decrescente";"Acidentes de outra natureza";1;0;0;0;0;0;0;0;0;0;1;0;0;0;0
"12/03/2024";"05:57:08";"36";"Sem vítima";"388,000";"BR-386/RS";"Crescente";"Choque";1;0;0;0;0;0;0;0;0;0;1;0;0;0;0
"12/03/2024";"07:52:02";"108";"Sem vítima";"234,000";"BR-386/RS";"Decrescente";"Colisão traseira";1;0;0;0;0;0;0;0;0;0;2;0;0;0;0
"12/03/2024";"08:31:17";"130";"Sem vítima";"19,500";"BR-448/RS";"Crescente";"Colisão traseira";1;0;0;0;0;0;0;0;0;0;1;0;0;0;0
"12/03/2024";"12:49:42";"213";"Sem vítima";"435,000";"BR-386/RS";"Crescente";"Colisão lateral no mesmo sentido";2;0;0;0;0;0;0;0;0;0;2;0;0;0;0
"12/03/2024";"17:11:35";"286";"Com vítima";"244,000";"BR-386/RS";"Decrescente";"Colisão traseira";1;0;0;1;0;0;0;0;0;0;1;1;0;0;0
"12/03/2024";"18:15:58";"293";"Sem vítima";"9,000";"BR-448/RS";"Decrescente";"Choque";1;0;0;0;0;0;0;0;0;0;1;0;0;0;0
"12/03/2024";"18:41:50";"301";"Sem vítima";"375,000";"BR-386/RS";"Crescente";"Colisão traseira";1;0;1;0;0;0;0;0;0;0;5;0;0;0;0
"12/03/2024";"18:55:57";"305";"Com vítima";"28,000";"BR-101/RS";"Crescente";"Queda de moto";0;0;0;1;0;0;0;0;0;0;0;2;0;0;0
"12/03/2024";"19:51:08";"311";"Sem vítima";"365,000";"BR-386/RS";"Crescente";"Colisão transversal";1;0;0;0;0;0;0;0;0;0;1;0;0;0;0
"12/03/2024";"23:53:48";"340";"Sem vítima";"33,496";"BR-101/RS";"Crescente";"Acidentes de outra natureza";1;0;0;0;0;0;0;0;0;0;2;0;0;0;0
"13/03/2024";"02:44:00";"17";"Sem vítima";"21,000";"BR-448/RS";"Decrescente";"Choque";1;0;0;0;0;0;0;0;0;0;1;0;0;0;0
"13/03/2024";"06:29:45";"40";"Sem vítima";"265,000";"BR-386/RS";"Crescente";"Colisão lateral no mesmo sentido";0;0;1;0;0;0;0;0;0;0;1;0;0;0;0
"13/03/2024";"07:22:32";"84";"Sem vítima";"426,000";"BR-386/RS";"Decrescente";"Colisão traseira";2;0;0;0;0;0;0;0;0;0;2;0;0;0;0
"13/03/2024";"11:03:58";"180";"Sem vítima";"60,000";"BR-290/RS";"Crescente";"Colisão lateral no mesmo sentido";2;0;0;0;0;0;0;0;0;0;2;0;0;0;0
"13/03/2024";"11:19:48";"183";"Sem vítima";"82,000";"BR-290/RS";"Crescente";"Colisão lateral no mesmo sentido";1;0;1;0;0;0;0;0;0;0;3;0;0;0;0
"13/03/2024";"12:19:19";"195";"Sem vítima";"92,000";"BR-290/RS";"Decrescente";"Colisão lateral no mesmo sentido";1;0;1;0;0;0;0;0;0;0;2;0;0;0;0
"13/03/2024";"14:00:47";"216";"Sem vítima";"426,000";"BR-386/RS";"Crescente";"Choque";0;0;1;0;0;0;0;0;0;0;1;0;0;0;0
"13/03/2024";"19:49:58";"300";"Sem vítima";"22,000";"BR-448/RS";"Crescente";"Colisão lateral no mesmo sentido";1;0;1;0;0;0;0;0;0;0;2;0;0;0;0
"14/03/2024";"04:23:10";"33";"Sem vítima";"54,000";"BR-101/RS";"Crescente";"Saída de pista";0;0;1;0;0;0;0;0;0;0;1;0;0;0;0
"14/03/2024";"06:58:10";"72";"Com vítima";"21,000";"BR-448/RS";"Crescente";"Colisão traseira";2;0;0;0;0;0;0;0;0;0;0;2;0;0;0
"14/03/2024";"07:38:32";"97";"Sem vítima";"87,800";"BR-290/RS";"Crescente";"Engavetamento";3;0;0;0;0;0;0;0;0;0;3;0;0;0;0
"14/03/2024";"08:17:27";"128";"Sem vítima";"9,800";"BR-448/RS";"Decrescente";"Capotamento";1;0;0;0;0;0;0;0;0;0;2;0;0;0;0
"14/03/2024";"15:53:31";"251";"Sem vítima";"224,000";"BR-386/RS";"Decrescente";"Colisão traseira";0;0;2;0;0;0;0;0;0;0;2;0;0;0;0
"14/03/2024";"17:43:00";"283";"Sem vítima";"398,000";"BR-386/RS";"Crescente";"Colisão lateral no mesmo sentido";2;0;0;0;0;0;0;0;0;0;2;0;0;0;0
"14/03/2024";"18:58:29";"298";"Sem vítima";"197,000";"BR-386/RS";"Decrescente";"Colisão lateral no mesmo sentido";2;0;0;0;0;0;0;0;0;0;2;0;0;0;0
"14/03/2024";"19:01:00";"300";"Sem vítima";"368,000";"BR-386/RS";"Decrescente";"Tombamento";1;0;0;0;0;0;0;0;0;0;2;0;0;0;0
"15/03/2024";"00:20:24";"2";"Sem vítima";"342,250";"BR-386/RS";"Crescente";"Saída de pista";1;0;0;0;0;0;0;0;0;0;2;0;0;0;0
"15/03/2024";"00:40:36";"4";"Sem vítima";"62,500";"BR-290/RS";"Crescente";"Saída de pista";0;0;1;0;0;0;0;0;0;0;1;0;0;0;0
"15/03/2024";"06:11:00";"35";"Sem vítima";"26,000";"BR-290/RS";"Crescente";"Colisão lateral no mesmo sentido";0;0;2;0;0;0;0;0;0;0;2;0;0;0;0
"15/03/2024";"08:33:30";"94";"Sem vítima";"74,440";"BR-290/RS";"Crescente";"Queda de moto";0;0;0;1;0;0;0;0;0;0;2;0;0;0;0
"15/03/2024";"10:27:57";"137";"Sem vítima";"19,000";"BR-290/RS";"Crescente";"Colisão traseira";0;0;2;0;0;0;0;0;0;0;2;0;0;0;0
"15/03/2024";"13:48:00";"164";"Sem vítima";"241,800";"BR-386/RS";"Decrescente";"Colisão traseira";2;0;0;0;0;0;0;0;0;0;4;0;0;0;0
"15/03/2024";"13:56:41";"166";"Sem vítima";"80,000";"BR-290/RS";"Crescente";"Saída de pista";1;0;0;0;0;0;0;0;0;0;3;0;0;0;0
"15/03/2024";"15:01:47";"177";"Sem vítima";"1,000";"BR-290/RS";"Decrescente";"Choque";1;0;0;0;0;0;0;0;0;0;2;0;0;0;0
"15/03/2024";"17:01:00";"204";"Sem vítima";"274,000";"BR-386/RS";"Decrescente";"Saída de pista";1;0;0;0;0;0;0;0;0;0;1;0;0;0;0
"15/03/2024";"20:15:21";"235";"Sem vítima";"401,000";"BR-386/RS";"Crescente";"Choque";1;0;0;0;0;0;0;0;0;0;1;0;0;0;0
"16/03/2024";"10:56:21";"31";"Sem vítima";"19,000";"BR-290/RS";"Decrescente";"Colisão lateral no mesmo sentido";1;0;1;0;0;0;0;0;0;0;4;0;0;0;0
"16/03/2024";"14:02:13";"103";"Com vítima";"396,000";"BR-386/RS";"Decrescente";"Saída de pista";1;0;0;0;0;0;0;0;0;0;1;1;0;0;0
"16/03/2024";"14:56:00";"109";"Sem vítima";"410,000";"BR-386/RS";"Decrescente";"Saída de pista";1;0;0;0;0;0;0;0;0;0;3;0;0;0;0
"16/03/2024";"15:11:00";"113";"Sem vítima";"22,000";"BR-448/RS";"Decrescente";"Choque";1;0;0;0;0;0;0;0;0;0;2;0;0;0;0
"16/03/2024";"15:47:07";"119";"Sem vítima";"303,000";"BR-386/RS";"Crescente";"Colisão traseira";2;0;0;0;0;0;0;0;0;0;2;0;0;0;0
"16/03/2024";"16:32:00";"124";"Com vítima";"93,000";"BR-290/RS";"Decrescente";"Capotamento";1;0;0;0;0;0;0;0;0;0;0;0;1;0;0
"16/03/2024";"17:26:03";"133";"Sem vítima";"440,000";"BR-386/RS";"Crescente";"Saída de pista";1;0;0;0;0;0;0;0;0;0;1;0;0;0;0
"16/03/2024";"17:31:22";"135";"Sem vítima";"22,000";"BR-448/RS";"Decrescente";"Choque";1;0;0;0;0;0;0;0;0;0;2;0;0;0;0
"16/03/2024";"17:58:13";"141";"Sem vítima";"440,000";"BR-386/RS";"Decrescente";"Saída de pista";1;0;0;0;0;0;0;0;0;0;1;0;0;0;0
"16/03/2024";"17:59:37";"143";"Sem vítima";"360,000";"BR-386/RS";"Crescente";"Choque";1;0;0;0;0;0;0;0;0;0;3;0;0;0;0
"16/03/2024";"18:26:00";"147";"Sem vítima";"95,000";"BR-290/RS";"Crescente";"Choque";1;0;0;0;0;0;0;0;0;0;1;0;0;0;0
"16/03/2024";"19:12:00";"153";"Sem vítima";"94,000";"BR-290/RS";"Decrescente";"Choque";1;0;0;0;0;0;0;0;0;0;1;0;0;0;0
"16/03/2024";"19:30:59";"155";"Sem vítima";"22,000";"BR-448/RS";"Crescente";"Choque";2;0;0;0;0;0;0;0;0;0;3;0;0;0;0
"16/03/2024";"19:33:00";"156";"Com vítima";"5,000";"BR-290/RS";"Crescente";"Queda de moto";0;0;0;1;0;0;0;0;0;0;0;2;0;0;0
"16/03/2024";"20:01:09";"160";"Sem vítima";"22,000";"BR-448/RS";"Crescente";"Colisão traseira";1;0;0;0;0;0;0;0;0;0;1;0;0;0;0
"17/03/2024";"12:01:00";"102";"Sem vítima";"59,000";"BR-290/RS";"Crescente";"Choque";1;0;0;0;0;0;0;0;0;0;2;0;0;0;0
"17/03/2024";"12:13:33";"104";"Sem vítima";"73,000";"BR-290/RS";"Crescente";"Choque";1;0;0;0;0;0;0;0;0;0;1;0;0;0;0
"17/03/2024";"12:13:38";"105";"Sem vítima";"331,000";"BR-386/RS";"Decrescente";"Colisão traseira";2;0;0;0;0;0;0;0;0;0;4;0;0;0;0
"17/03/2024";"17:41:00";"161";"Sem vítima";"15,000";"BR-290/RS";"Crescente";"Colisão lateral no mesmo sentido";1;0;0;0;0;0;0;0;0;0;5;0;0;0;0
"17/03/2024";"22:27:22";"197";"Sem vítima";"298,000";"BR-386/RS";"Crescente";"Choque";1;0;0;0;0;0;0;0;0;0;1;0;0;0;0
"18/03/2024";"01:59:00";"10";"Com vítima";"77,000";"BR-290/RS";"Decrescente";"Colisão lateral no mesmo sentido";0;0;0;2;0;0;0;0;0;0;0;2;1;0;0
"18/03/2024";"07:31:34";"84";"Sem vítima";"94,000";"BR-290/RS";"Crescente";"Colisão traseira";2;0;0;0;0;0;0;0;0;0;2;0;0;0;0
"18/03/2024";"10:59:15";"173";"Sem vítima";"246,000";"BR-386/RS";"Crescente";"Colisão transversal";1;0;0;0;0;0;0;0;0;0;2;0;0;0;0
"18/03/2024";"11:22:25";"177";"Com vítima";"42,000";"BR-290/RS";"Crescente";"Colisão lateral no mesmo sentido";2;0;0;0;0;0;0;0;0;0;4;1;0;0;0
"18/03/2024";"12:00:00";"190";"Sem vítima";"439,000";"BR-386/RS";"Decrescente";"Saída de pista";1;0;0;0;0;0;0;0;0;0;1;0;0;0;0
"18/03/2024";"13:19:00";"206";"Com vítima";"306,100";"BR-386/RS";"Crescente";"Colisão transversal";0;0;2;0;0;0;0;0;0;0;1;0;1;0;0
"18/03/2024";"19:48:00";"274";"Sem vítima";"269,900";"BR-386/RS";"Decrescente";"Colisão transversal";2;0;0;0;0;0;0;0;0;0;2;0;0;0;0
"18/03/2024";"19:51:08";"275";"Com vítima";"388,200";"BR-386/RS";"Decrescente";"Colisão transversal";1;0;1;0;0;0;0;0;0;0;2;0;1;0;0
"19/03/2024";"07:42:59";"78";"Sem vítima";"96,380";"BR-290/RS";"Crescente";"Colisão traseira";2;0;0;0;0;0;0;0;0;0;2;0;0;0;0
"19/03/2024";"09:02:00";"131";"Sem vítima";"388,000";"BR-386/RS";"Crescente";"Saída de pista";1;0;0;0;0;0;0;0;0;0;2;0;0;0;0
"19/03/2024";"11:41:00";"174";"Com vítima";"415,400";"BR-386/RS";"Decrescente";"Saída de pista";0;0;1;0;0;0;0;0;0;0;0;1;0;0;0
"20/03/2024";"05:23:58";"23";"Sem vítima";"331,300";"BR-386/RS";"Crescente";"Saída de pista";1;0;0;0;0;0;0;0;0;0;1;0;0;0;0
"20/03/2024";"06:00:00";"29";"Sem vítima";"309,950";"BR-386/RS";"Decrescente";"Saída de pista";0;0;1;0;0;0;0;0;0;0;1;0;0;0;0
"20/03/2024";"10:57:59";"164";"Com vítima";"78,000";"BR-101/RS";"Crescente";"Saída de pista";1;0;0;0;0;0;0;0;0;0;0;0;2;0;0
"20/03/2024";"11:22:07";"168";"Sem vítima";"268,000";"BR-386/RS";"Decrescente";"Saída de pista";1;0;0;0;0;0;0;0;0;0;1;0;0;0;0
"20/03/2024";"13:34:00";"193";"Sem vítima";"81,000";"BR-290/RS";"Crescente";"Saída de pista";2;0;0;0;0;0;0;0;0;0;4;0;0;0;0
"20/03/2024";"14:07:04";"196";"Sem vítima";"10,000";"BR-101/RS";"Decrescente";"Choque";1;0;0;0;0;0;0;0;0;0;1;0;0;0;0
"20/03/2024";"15:04:00";"216";"Sem vítima";"311,000";"BR-386/RS";"Decrescente";"Colisão traseira";1;0;1;0;0;0;0;0;0;0;3;0;0;0;0
"20/03/2024";"15:06:00";"218";"Sem vítima";"191,000";"BR-386/RS";"Decrescente";"Colisão lateral no mesmo sentido";1;0;2;0;0;0;0;0;0;0;5;0;0;0;0
"20/03/2024";"18:09:00";"250";"Com vítima";"290,000";"BR-386/RS";"Crescente";"Colisão lateral no mesmo sentido";1;0;2;0;0;0;0;1;0;0;5;0;1;0;0
"21/03/2024";"07:02:29";"96";"Sem vítima";"362,000";"BR-386/RS";"Decrescente";"Saída de pista";1;0;0;0;0;0;0;0;0;0;1;0;0;0;0
"21/03/2024";"09:31:00";"113";"Sem vítima";"80,000";"BR-290/RS";"Crescente";"Saída de pista";1;0;0;0;0;0;0;0;0;0;1;0;0;0;0
"21/03/2024";"11:13:17";"132";"Sem vítima";"307,000";"BR-386/RS";"Crescente";"Saída de pista";1;0;0;0;0;0;0;0;0;0;3;0;0;0;0
"21/03/2024";"21:04:00";"257";"Com vítima";"22,000";"BR-101/RS";"Decrescente";"Choque";1;0;0;0;0;0;0;0;0;0;1;1;1;0;0
"21/03/2024";"21:06:00";"258";"Com vítima";"391,800";"BR-386/RS";"Decrescente";"Colisão transversal";2;0;0;0;0;0;0;0;0;0;5;1;0;0;0
"21/03/2024";"22:10:00";"268";"Sem vítima";"73,000";"BR-290/RS";"Crescente";"Saída de pista";1;0;0;0;0;0;0;0;0;0;1;0;0;0;0
"22/03/2024";"07:57:00";"112";"Sem vítima";"75,000";"BR-290/RS";"Decrescente";"Queda de moto";0;0;0;1;0;0;0;0;0;0;2;0;0;0;0
"22/03/2024";"10:47:00";"196";"Sem vítima";"64,000";"BR-290/RS";"Crescente";"Saída de pista";1;0;0;0;0;0;0;0;0;0;1;0;0;0;0
"22/03/2024";"20:25:00";"321";"Com vítima";"94,674";"BR-290/RS";"Decrescente";"Queda de moto";0;0;0;1;0;0;0;0;0;0;0;0;2;0;0
"22/03/2024";"22:17:00";"344";"Sem vítima";"337,000";"BR-386/RS";"Decrescente";"Saída de pista";1;0;0;0;0;0;0;0;0;0;1;0;0;0;0
"22/03/2024";"22:33:58";"345";"Sem vítima";"337,000";"BR-386/RS";"Decrescente";"Saída de pista";0;0;1;0;0;0;0;0;0;0;1;0;0;0;0
"23/03/2024";"03:32:00";"32";"Com vítima";"40,904";"BR-290/RS";"Crescente";"Colisão traseira";0;0;1;0;0;0;0;0;0;0;0;0;0;0;1
"23/03/2024";"05:26:00";"38";"Sem vítima";"362,000";"BR-386/RS";"Crescente";"Saída de pista";1;0;0;0;0;0;0;0;0;0;1;0;0;0;0
"23/03/2024";"05:27:00";"39";"Sem vítima";"192,000";"BR-386/RS";"Crescente";"Colisão traseira";2;0;0;0;0;0;0;0;0;0;6;0;0;0;0
"23/03/2024";"05:50:07";"43";"Com vítima";"40,000";"BR-101/RS";"Decrescente";"Colisão traseira";1;0;1;0;0;0;0;0;0;0;5;0;1;0;0
"23/03/2024";"07:30:00";"81";"Sem vítima";"384,000";"BR-386/RS";"Crescente";"Colisão transversal";2;0;0;0;0;0;0;0;0;0;4;0;0;0;0
"23/03/2024";"09:10:38";"110";"Com vítima";"35,000";"BR-101/RS";"Crescente";"Queda de moto";0;0;0;1;0;0;0;0;0;0;0;0;1;0;0
"23/03/2024";"14:51:28";"202";"Sem vítima";"92,000";"BR-290/RS";"Decrescente";"Colisão traseira";2;0;0;0;0;0;0;0;0;0;2;0;0;0;0
"23/03/2024";"18:49:00";"236";"Sem vítima";"20,000";"BR-448/RS";"Crescente";"Choque";1;0;0;0;0;0;0;0;0;0;2;0;0;0;0
"24/03/2024";"04:23:18";"25";"Sem vítima";"343,850";"BR-386/RS";"Decrescente";"Choque";1;0;0;0;0;0;0;0;0;0;1;0;0;0;0
"24/03/2024";"04:54:03";"26";"Sem vítima";"29,000";"BR-101/RS";"Decrescente";"Atropelamento de animal";1;0;0;0;0;0;0;0;0;0;5;0;0;0;0
"24/03/2024";"05:17:24";"30";"Sem vítima";"10,397";"BR-290/RS";"Decrescente";"Capotamento";1;0;0;0;0;0;0;0;0;0;1;0;0;0;0
"24/03/2024";"10:29:00";"112";"Sem vítima";"257,000";"BR-386/RS";"Crescente";"Acidentes de outra natureza";0;0;1;0;0;0;0;0;0;0;1;0;0;0;0
"24/03/2024";"11:25:00";"123";"Sem vítima";"7,000";"BR-101/RS";"Crescente";"Capotamento";1;0;0;0;0;0;0;0;0;0;1;0;0;0;0
"24/03/2024";"12:27:00";"133";"Sem vítima";"242,400";"BR-386/RS";"Decrescente";"Tombamento";0;0;1;0;0;0;0;0;0;0;1;0;0;0;0
"24/03/2024";"16:34:41";"177";"Sem vítima";"305,000";"BR-386/RS";"Decrescente";"Colisão traseira";1;0;1;0;0;0;0;0;0;0;2;0;0;0;0
"24/03/2024";"22:36:00";"250";"Sem vítima";"402,000";"BR-386/RS";"Decrescente";"Atropelamento de animal";1;0;0;0;0;0;0;0;0;0;4;0;0;0;0
"25/03/2024";"01:06:01";"12";"Com vítima";"8,150";"BR-101/RS";"Crescente";"Colisão lateral no mesmo sentido";2;0;0;0;0;0;0;0;0;0;3;1;0;0;0
"25/03/2024";"04:56:00";"27";"Sem vítima";"37,316";"BR-290/RS";"Crescente";"Saída de pista";0;0;1;0;0;0;0;0;0;0;1;0;0;0;0
"25/03/2024";"05:35:56";"30";"Sem vítima";"344,000";"BR-386/RS";"Crescente";"Saída de pista";1;0;0;0;0;0;0;0;0;0;1;0;0;0;0
"25/03/2024";"08:13:54";"111";"Sem vítima";"80,300";"BR-290/RS";"Crescente";"Colisão traseira";1;0;1;0;0;0;0;0;0;0;4;0;0;0;0
"25/03/2024";"09:22:15";"143";"Sem vítima";"426,000";"BR-386/RS";"Decrescente";"Colisão frontal";1;0;1;0;0;0;0;0;0;0;5;0;0;0;0
"25/03/2024";"10:08:00";"158";"Sem vítima";"303,000";"BR-386/RS";"Crescente";"Colisão lateral no mesmo sentido";1;0;1;0;0;0;0;0;0;0;5;0;0;0;0
"25/03/2024";"10:11:27";"159";"Sem vítima";"399,000";"BR-386/RS";"Decrescente";"Choque";1;0;0;0;0;0;0;0;0;0;1;0;0;0;0
"25/03/2024";"15:41:00";"213";"Com vítima";"356,000";"BR-386/RS";"Decrescente";"Colisão traseira";1;0;1;0;0;0;0;0;0;0;2;1;0;0;0
"25/03/2024";"17:12:52";"232";"Com vítima";"398,000";"BR-386/RS";"Decrescente";"Saída de pista";1;0;0;0;0;0;0;0;0;0;1;0;1;0;0
"25/03/2024";"17:20:51";"233";"Sem vítima";"385,000";"BR-386/RS";"Decrescente";"Colisão traseira";2;0;0;0;0;0;0;0;0;0;2;0;0;0;0
"25/03/2024";"22:18:00";"291";"Com vítima";"297,800";"BR-386/RS";"Decrescente";"Capotamento";1;0;0;0;0;0;0;0;0;0;0;1;0;0;0
"26/03/2024";"07:15:00";"58";"Com vítima";"245,000";"BR-386/RS";"Crescente";"Colisão frontal";1;0;1;0;0;0;0;0;0;0;1;2;0;0;0
"26/03/2024";"07:38:40";"78";"Sem vítima";"92,150";"BR-290/RS";"Crescente";"Engavetamento";4;0;0;0;0;0;0;0;0;0;5;0;0;0;0
"26/03/2024";"16:06:03";"218";"Sem vítima";"87,000";"BR-290/RS";"Crescente";"Colisão lateral no mesmo sentido";1;0;1;0;0;0;0;0;0;0;2;0;0;0;0
"26/03/2024";"17:52:42";"235";"Sem vítima";"84,000";"BR-290/RS";"Crescente";"Colisão lateral no mesmo sentido";1;0;1;0;0;0;0;0;0;0;3;0;0;0;0
"26/03/2024";"21:16:00";"268";"Com vítima";"56,685";"BR-290/RS";"Decrescente";"Colisão lateral no mesmo sentido";0;0;2;0;0;0;0;0;0;0;1;1;0;0;0
"26/03/2024";"23:34:00";"280";"Sem vítima";"92,000";"BR-290/RS";"Decrescente";"Saída de pista";1;0;0;0;0;0;0;0;0;0;2;0;0;0;0
"27/03/2024";"03:09:00";"24";"Sem vítima";"70,000";"BR-290/RS";"Crescente";"Saída de pista";0;0;1;0;0;0;0;0;0;0;1;0;0;0;0
"27/03/2024";"05:42:54";"37";"Sem vítima";"204,000";"BR-386/RS";"Decrescente";"Choque";0;0;1;0;0;0;0;0;0;0;1;0;0;0;0
"27/03/2024";"10:26:14";"183";"Com vítima";"246,000";"BR-386/RS";"Crescente";"Colisão frontal";2;0;0;0;0;0;0;0;0;0;3;2;0;0;0
"27/03/2024";"15:11:00";"263";"Sem vítima";"84,000";"BR-290/RS";"Crescente";"Colisão lateral no mesmo sentido";1;0;0;1;0;0;0;0;0;0;2;0;0;0;0
"27/03/2024";"15:57:00";"272";"Com vítima";"10,000";"BR-448/RS";"Decrescente";"Acidentes de outra natureza";1;0;0;0;0;0;0;0;0;0;1;1;0;0;0
"27/03/2024";"16:59:00";"291";"Sem vítima";"84,000";"BR-290/RS";"Crescente";"Colisão traseira";1;0;0;0;0;0;0;0;0;0;2;0;0;0;0
"27/03/2024";"18:26:22";"315";"Com vítima";"94,634";"BR-290/RS";"Decrescente";"Colisão traseira";1;0;0;1;0;0;0;0;0;0;1;0;1;0;0
"27/03/2024";"19:05:17";"321";"Sem vítima";"375,000";"BR-386/RS";"Decrescente";"Colisão lateral no mesmo sentido";1;0;0;1;0;0;0;0;0;0;5;0;0;0;0
"27/03/2024";"20:44:47";"350";"Com vítima";"94,674";"BR-290/RS";"Crescente";"Choque";1;0;0;1;0;0;0;0;0;0;1;0;1;0;0
"28/03/2024";"08:48:55";"162";"Sem vítima";"226,000";"BR-386/RS";"Crescente";"Saída de pista";1;0;0;0;0;0;0;0;0;0;1;0;0;0;0
"28/03/2024";"10:11:53";"199";"Sem vítima";"426,000";"BR-386/RS";"Decrescente";"Acidentes de outra natureza";1;0;0;0;0;0;0;0;0;0;2;0;0;0;0
"28/03/2024";"12:12:50";"234";"Sem vítima";"350,000";"BR-386/RS";"Crescente";"Colisão lateral no mesmo sentido";1;0;1;0;0;0;0;0;0;0;3;0;0;0;0
"28/03/2024";"16:03:26";"285";"Sem vítima";"24,370";"BR-290/RS";"Decrescente";"Colisão lateral no mesmo sentido";2;0;0;0;0;0;0;0;0;0;2;0;0;0;0
"28/03/2024";"19:33:51";"419";"Sem vítima";"408,000";"BR-386/RS";"Decrescente";"Choque";1;0;0;0;0;0;0;0;0;0;1;0;0;0;0
"28/03/2024";"20:23:43";"369";"Sem vítima";"21,663";"BR-101/RS";"Decrescente";"Colisão traseira";1;0;0;0;0;0;0;0;0;0;2;0;0;0;0
"28/03/2024";"21:03:21";"377";"Sem vítima";"308,000";"BR-386/RS";"Decrescente";"Colisão traseira";2;0;0;0;0;0;0;0;0;0;3;0;0;0;0
"29/03/2024";"01:38:00";"11";"Com vítima";"48,521";"BR-290/RS";"Crescente";"Queda de moto";0;0;0;1;0;0;0;0;0;0;0;1;0;0;0
"29/03/2024";"05:01:19";"48";"Sem vítima";"439,700";"BR-386/RS";"Crescente";"Colisão traseira";1;0;1;0;0;0;0;0;0;0;4;0;0;0;0
"29/03/2024";"07:27:00";"69";"Sem vítima";"385,000";"BR-386/RS";"Decrescente";"Colisão lateral no mesmo sentido";1;0;1;0;0;0;0;0;0;0;6;0;0;0;0
"29/03/2024";"08:54:18";"102";"Sem vítima";"35,000";"BR-290/RS";"Decrescente";"Colisão traseira";1;0;1;0;0;0;0;0;0;0;2;0;0;0;0
"29/03/2024";"16:02:48";"216";"Sem vítima";"392,000";"BR-386/RS";"Crescente";"Saída de pista";1;0;0;0;0;0;0;0;0;0;2;0;0;0;0