data;horario;n_da_ocorrencia;tipo_de_ocorrencia;km;trecho;sentido;tipo_de_acidente;automovel;bicicleta;caminhao;moto;onibus;outros;tracao_animal;transporte_de_cargas_especiais;trator_maquinas;utilitarios;ilesos;levemente_feridos;moderadamente_feridos;gravemente_feridos;mortos
"08/05/2024";"16:10:30";"176";"Com vítima";"366,000";"BR-386/RS";"Decrescente";"Capotamento";1;0;0;0;0;0;0;0;0;0;1;1;0;0;0
"08/05/2024";"18:55:30";"199";"Com vítima";"3,000";"BR-448/RS";"Crescente";"Colisão frontal";1;0;0;0;0;0;0;0;0;0;0;0;0;1;1
"09/05/2024";"14:16:00";"151";"Com vítima";"190,000";"BR-386/RS";"Decrescente";"Queda de moto";0;0;0;1;0;0;0;0;0;0;0;1;0;0;0
"09/05/2024";"18:46:19";"184";"Sem vítima";"96,000";"BR-290/RS";"Decrescente";"Queda de moto";0;0;0;1;0;0;0;0;0;0;2;0;0;0;0
"09/05/2024";"18:58:41";"188";"Sem vítima";"21,000";"BR-290/RS";"Crescente";"Colisão lateral no mesmo sentido";2;0;0;0;0;0;0;0;0;0;2;0;0;0;0
"09/05/2024";"20:55:22";"208";"Com vítima";"19,000";"BR-290/RS";"Crescente";"Queda de moto";0;0;0;1;0;0;0;0;0;0;0;2;0;0;0
"09/05/2024";"21:24:22";"213";"Sem vítima";"440,000";"BR-386/RS";"Decrescente";"Acidentes de outra natureza";1;0;0;0;0;0;0;0;0;0;2;0;0;0;0
"10/05/2024";"00:27:38";"8";"Sem vítima";"86,000";"BR-290/RS";"Decrescente";"Atropelamento de animal";1;0;0;0;0;0;0;0;0;0;4;0;0;0;0
"10/05/2024";"05:59:52";"45";"Sem vítima";"71,000";"BR-101/RS";"Crescente";"Queda de moto";0;0;0;1;0;0;0;0;0;0;1;0;0;0;0
"10/05/2024";"12:21:00";"107";"Sem vítima";"36,000";"BR-290/RS";"Decrescente";"Saída de pista";1;0;0;0;0;0;0;0;0;0;3;0;0;0;0
"10/05/2024";"17:22:26";"140";"Sem vítima";"19,000";"BR-290/RS";"Crescente";"Colisão traseira";2;0;0;0;0;0;0;0;0;0;2;0;0;0;0
"10/05/2024";"19:25:14";"157";"Sem vítima";"382,000";"BR-386/RS";"Crescente";"Saída de pista";1;0;0;0;0;0;0;0;0;0;1;0;0;0;0
"11/05/2024";"10:29:00";"60";"Com vítima";"52,000";"BR-101/RS";"Decrescente";"Saída de pista";0;0;1;0;0;0;0;0;0;0;0;0;2;0;0
"11/05/2024";"12:00:17";"74";"Sem vítima";"349,200";"BR-386/RS";"Decrescente";"Colisão traseira";2;0;0;0;0;0;0;0;0;0;3;0;0;0;0
"11/05/2024";"14:34:00";"91";"Com vítima";"389,000";"BR-386/RS";"Decrescente";"Colisão lateral no mesmo sentido";2;0;0;0;0;0;0;0;0;0;1;1;0;0;0
"11/05/2024";"15:26:31";"99";"Sem vítima";"37,000";"BR-101/RS";"Crescente";"Choque";1;0;0;0;0;0;0;0;0;0;1;0;0;0;0
"11/05/2024";"15:51:00";"102";"Sem vítima";"11,000";"BR-290/RS";"Crescente";"Saída de pista";1;0;0;0;0;0;0;0;0;0;2;0;0;0;0
"11/05/2024";"16:35:18";"107";"Sem vítima";"437,000";"BR-386/RS";"Crescente";"Choque";1;0;0;0;0;0;0;0;0;0;2;0;0;0;0
"11/05/2024";"17:53:00";"120";"Sem vítima";"47,100";"BR-290/RS";"Crescente";"Saída de pista";1;0;0;0;0;0;0;0;0;0;2;0;0;0;0
"11/05/2024";"19:28:59";"133";"Sem vítima";"372,000";"BR-386/RS";"Crescente";"Choque";1;0;0;0;0;0;0;0;0;0;1;0;0;0;0
"11/05/2024";"21:45:00";"154";"Sem vítima";"36,000";"BR-290/RS";"Crescente";"Saída de pista";1;0;0;0;0;0;0;0;0;0;1;0;0;0;0
"12/05/2024";"03:54:30";"14";"Sem vítima";"209,000";"BR-386/RS";"Crescente";"Atropelamento de animal";1;0;0;0;0;0;0;0;0;0;1;0;0;0;0
"12/05/2024";"06:00:51";"16";"Sem vítima";"77,000";"BR-290/RS";"Crescente";"Choque";1;0;0;0;0;0;0;0;0;0;1;0;0;0;0
"12/05/2024";"09:53:00";"22";"Com vítima";"383,000";"BR-386/RS";"Crescente";"Saída de pista";1;0;0;0;0;0;0;0;0;0;0;1;0;0;0
"12/05/2024";"11:13:40";"24";"Sem vítima";"236,000";"BR-386/RS";"Crescente";"Saída de pista";1;0;0;0;0;0;0;0;0;0;1;0;0;0;0
"12/05/2024";"12:31:00";"32";"Sem vítima";"10,000";"BR-290/RS";"Crescente";"Saída de pista";1;0;0;0;0;0;0;0;0;0;2;0;0;0;0
"12/05/2024";"13:26:00";"35";"Sem vítima";"63,000";"BR-290/RS";"Decrescente";"Saída de pista";1;0;0;0;0;0;0;0;0;0;2;0;0;0;0
"12/05/2024";"15:12:57";"43";"Sem vítima";"10,000";"BR-290/RS";"Decrescente";"Saída de pista";1;0;0;0;0;0;0;0;0;0;2;0;0;0;0
"12/05/2024";"15:41:00";"44";"Sem vítima";"4,000";"BR-290/RS";"Crescente";"Saída de pista";1;0;0;0;0;0;0;0;0;0;1;0;0;0;0
"12/05/2024";"16:50:00";"54";"Com vítima";"76,000";"BR-101/RS";"Decrescente";"Acidentes de outra natureza";0;0;1;0;0;0;0;0;0;0;1;0;0;0;0
"12/05/2024";"18:26:03";"63";"Sem vítima";"10,000";"BR-290/RS";"Decrescente";"Saída de pista";1;0;0;0;0;0;0;0;0;0;1;0;0;0;0
"12/05/2024";"19:34:00";"87";"Com vítima";"93,000";"BR-290/RS";"Decrescente";"Queda de moto";0;0;0;1;0;0;0;0;0;0;0;0;1;0;0
"12/05/2024";"20:17:00";"97";"Sem vítima";"264,000";"BR-386/RS";"Decrescente";"Acidentes de outra natureza";1;0;0;0;0;0;0;0;0;0;1;0;0;0;0
"12/05/2024";"22:55:00";"118";"Sem vítima";"4,900";"BR-290/RS";"Decrescente";"Choque";1;0;0;0;0;0;0;0;0;0;1;0;0;0;0
"13/05/2024";"18:43:52";"154";"Sem vítima";"351,000";"BR-386/RS";"Decrescente";"Colisão lateral no mesmo sentido";1;0;1;0;0;0;0;0;0;0;3;0;0;0;0
"13/05/2024";"18:50:27";"156";"Sem vítima";"23,000";"BR-101/RS";"Crescente";"Saída de pista";1;0;0;0;0;0;0;0;0;0;1;0;0;0;0
"13/05/2024";"20:41:19";"174";"Com vítima";"77,000";"BR-290/RS";"Decrescente";"Colisão lateral no mesmo sentido";2;0;0;0;0;0;0;0;0;0;1;1;0;0;0
"14/05/2024";"00:14:17";"5";"Com vítima";"44,000";"BR-101/RS";"Decrescente";"Colisão traseira";0;0;1;1;0;0;0;0;0;0;2;1;0;0;0
"14/05/2024";"07:14:54";"66";"Com vítima";"342,000";"BR-386/RS";"Decrescente";"Colisão lateral no mesmo sentido";0;0;0;2;0;0;0;0;0;0;1;0;2;0;0
"14/05/2024";"14:52:00";"178";"Com vítima";"74,437";"BR-290/RS";"Decrescente";"Acidentes de outra natureza";2;0;0;0;0;0;0;0;0;0;6;0;0;0;2
"14/05/2024";"15:16:00";"181";"Sem vítima";"19,000";"BR-290/RS";"Decrescente";"Colisão traseira";2;0;0;0;0;0;0;0;0;0;4;0;0;0;0
"14/05/2024";"19:30:32";"214";"Com vítima";"74,000";"BR-101/RS";"Decrescente";"Colisão traseira";1;0;1;0;0;0;0;0;0;0;2;1;1;0;0
"14/05/2024";"22:28:00";"239";"Sem vítima";"27,000";"BR-290/RS";"Decrescente";"Colisão traseira";1;0;1;0;0;0;0;0;0;0;2;0;0;0;0
"15/05/2024";"09:17:00";"86";"Sem vítima";"347,000";"BR-386/RS";"Decrescente";"Saída de pista";1;0;0;0;0;0;0;0;0;0;1;0;0;0;0
"15/05/2024";"09:48:37";"92";"Sem vítima";"339,000";"BR-386/RS";"Crescente";"Colisão traseira";2;0;0;0;0;0;0;0;0;0;4;0;0;0;0
"15/05/2024";"10:58:09";"109";"Sem vítima";"79,800";"BR-290/RS";"Crescente";"Colisão lateral no mesmo sentido";1;0;1;0;0;0;0;0;0;0;4;0;0;0;0
"15/05/2024";"14:43:51";"149";"Sem vítima";"351,000";"BR-386/RS";"Crescente";"Colisão lateral no mesmo sentido";2;0;0;0;0;0;0;0;0;0;2;0;0;0;0
"15/05/2024";"16:44:00";"165";"Sem vítima";"352,000";"BR-386/RS";"Decrescente";"Colisão traseira";2;0;0;0;0;0;0;0;0;0;2;0;0;0;0
"15/05/2024";"16:57:17";"168";"Sem vítima";"284,000";"BR-386/RS";"Decrescente";"Choque";1;0;0;0;0;0;0;0;0;0;1;0;0;0;0
"16/05/2024";"12:35:19";"92";"Sem vítima";"19,000";"BR-290/RS";"Decrescente";"Choque";1;0;0;0;0;0;0;0;0;0;1;0;0;0;0
"17/05/2024";"00:25:32";"1";"Com vítima";"58,000";"BR-290/RS";"Crescente";"Choque";1;0;0;0;0;0;0;0;0;0;0;0;0;1;1
"17/05/2024";"02:42:35";"4";"Sem vítima";"18,671";"BR-290/RS";"Crescente";"Choque";0;0;1;0;0;0;0;0;0;0;1;0;0;0;0
"17/05/2024";"10:13:00";"112";"Sem vítima";"70,100";"BR-290/RS";"Crescente";"Tombamento";0;0;1;0;0;0;0;0;0;0;1;0;0;0;0
"17/05/2024";"14:41:23";"147";"Sem vítima";"61,000";"BR-290/RS";"Crescente";"Tombamento";0;0;1;0;0;0;0;0;0;0;1;0;0;0;0
"18/05/2024";"15:33:06";"128";"Sem vítima";"350,000";"BR-386/RS";"Crescente";"Colisão lateral no mesmo sentido";1;0;1;0;0;0;0;0;0;0;2;0;0;0;0
"18/05/2024";"17:41:28";"144";"Sem vítima";"1,100";"BR-290/RS";"Decrescente";"Colisão transversal";1;0;1;0;0;0;0;0;0;0;2;0;0;0;0
"18/05/2024";"20:10:09";"166";"Sem vítima";"373,000";"BR-386/RS";"Crescente";"Choque";1;0;0;0;0;0;0;0;0;0;2;0;0;0;0
"19/05/2024";"03:22:00";"9";"Sem vítima";"345,000";"BR-386/RS";"Decrescente";"Acidentes de outra natureza";1;0;0;0;0;0;0;0;0;0;1;0;0;0;0
"19/05/2024";"08:54:26";"59";"Sem vítima";"279,000";"BR-386/RS";"Decrescente";"Saída de pista";1;0;0;0;0;0;0;0;0;0;2;0;0;0;0
"19/05/2024";"11:49:15";"74";"Sem vítima";"346,000";"BR-386/RS";"Crescente";"Colisão transversal";2;0;0;0;0;0;0;0;0;0;3;0;0;0;0
"19/05/2024";"12:35:05";"79";"Com vítima";"349,000";"BR-386/RS";"Crescente";"Colisão traseira";1;0;0;1;0;0;0;0;0;0;1;1;0;0;0
"19/05/2024";"16:03:40";"104";"Sem vítima";"351,000";"BR-386/RS";"Decrescente";"Colisão lateral no mesmo sentido";2;0;0;0;0;0;0;0;0;0;4;0;0;0;0
"19/05/2024";"22:07:52";"144";"Com vítima";"349,000";"BR-386/RS";"Decrescente";"Saída de pista";1;0;0;0;0;0;0;0;0;0;0;1;0;0;0
"20/05/2024";"06:06:00";"173";"Sem vítima";"18,500";"BR-290/RS";"Decrescente";"Saída de pista";1;0;0;0;0;0;0;0;0;0;1;0;0;0;0
"20/05/2024";"07:19:00";"205";"Sem vítima";"217,350";"BR-386/RS";"Decrescente";"Saída de pista";0;0;1;0;0;0;0;0;0;0;1;0;0;0;0
"20/05/2024";"09:37:15";"248";"Com vítima";"19,000";"BR-448/RS";"Decrescente";"Colisão traseira";1;0;1;0;0;0;0;0;0;0;1;3;0;0;0
"20/05/2024";"09:48:55";"251";"Sem vítima";"60,000";"BR-290/RS";"Crescente";"Colisão traseira";2;0;1;0;0;0;0;0;0;0;3;0;0;0;0
"20/05/2024";"11:46:10";"273";"Sem vítima";"349,000";"BR-386/RS";"Decrescente";"Colisão lateral no mesmo sentido";1;0;1;0;0;0;0;0;0;0;3;0;0;0;0
"21/05/2024";"08:37:40";"79";"Sem vítima";"53,000";"BR-290/RS";"Crescente";"Tombamento";0;0;1;0;0;0;0;0;0;0;1;0;0;0;0
"21/05/2024";"13:56:45";"146";"Sem vítima";"92,000";"BR-290/RS";"Decrescente";"Colisão lateral no mesmo sentido";1;0;1;0;0;0;0;0;0;0;2;0;0;0;0
"21/05/2024";"18:14:56";"183";"Sem vítima";"346,000";"BR-386/RS";"Crescente";"Colisão traseira";1;0;1;0;0;0;0;0;0;0;3;0;0;0;0
"21/05/2024";"18:37:00";"187";"Com vítima";"435,000";"BR-386/RS";"Decrescente";"Colisão transversal";2;0;0;0;0;0;0;0;0;0;5;4;0;0;0
"21/05/2024";"19:43:00";"204";"Com vítima";"389,000";"BR-386/RS";"Crescente";"Colisão transversal";1;0;0;1;0;0;0;0;0;0;2;0;2;0;0
"21/05/2024";"19:54:15";"208";"Com vítima";"89,000";"BR-290/RS";"Crescente";"Choque";0;0;0;1;0;0;0;0;0;0;0;0;1;0;0
"22/05/2024";"09:54:54";"145";"Sem vítima";"349,000";"BR-386/RS";"Decrescente";"Colisão lateral no mesmo sentido";1;0;1;0;0;0;0;0;0;0;3;0;0;0;0
"22/05/2024";"10:59:44";"163";"Sem vítima";"349,000";"BR-386/RS";"Decrescente";"Colisão lateral no mesmo sentido";1;0;1;0;0;0;0;0;0;0;2;0;0;0;0
"22/05/2024";"11:56:34";"174";"Sem vítima";"53,000";"BR-101/RS";"Crescente";"Saída de pista";1;0;0;0;0;0;0;0;0;0;1;0;0;0;0
"22/05/2024";"16:04:32";"227";"Sem vítima";"252,900";"BR-386/RS";"Decrescente";"Colisão traseira";1;0;1;0;0;0;0;0;0;0;4;0;0;0;0
"22/05/2024";"18:43:01";"257";"Sem vítima";"444,000";"BR-386/RS";"Decrescente";"Colisão frontal";3;0;0;0;0;0;0;0;0;0;4;0;0;0;0
"22/05/2024";"21:32:19";"280";"Sem vítima";"329,000";"BR-386/RS";"Crescente";"Colisão lateral no mesmo sentido";0;0;2;0;0;0;0;0;0;0;2;0;0;0;0
"23/05/2024";"05:13:00";"16";"Sem vítima";"11,000";"BR-290/RS";"Decrescente";"Saída de pista";1;0;0;0;0;0;0;0;0;0;1;0;0;0;0
"23/05/2024";"06:05:58";"29";"Sem vítima";"88,000";"BR-290/RS";"Decrescente";"Colisão traseira";1;0;1;0;0;0;0;0;0;0;3;0;0;0;0
"23/05/2024";"09:58:00";"106";"Sem vítima";"68,000";"BR-290/RS";"Crescente";"Choque";1;0;0;0;0;0;0;0;0;0;1;0;0;0;0
"23/05/2024";"10:10:00";"109";"Sem vítima";"413,000";"BR-386/RS";"Decrescente";"Saída de pista";1;0;0;0;0;0;0;0;0;0;1;0;0;0;0
"23/05/2024";"11:20:00";"123";"Sem vítima";"10,981";"BR-290/RS";"Decrescente";"Saída de pista";2;0;0;0;0;0;0;0;0;0;3;0;0;0;0
"23/05/2024";"11:30:00";"125";"Sem vítima";"219,000";"BR-386/RS";"Crescente";"Choque";1;0;0;0;0;0;0;0;0;0;2;0;0;0;0
"23/05/2024";"12:01:00";"129";"Sem vítima";"372,000";"BR-386/RS";"Crescente";"Saída de pista";1;0;1;0;0;0;0;0;0;0;2;0;0;0;0
"23/05/2024";"12:42:00";"134";"Sem vítima";"57,000";"BR-290/RS";"Decrescente";"Saída de pista";1;0;0;0;0;0;0;0;0;0;1;0;0;0;0
"23/05/2024";"13:26:30";"143";"Sem vítima";"95,000";"BR-290/RS";"Crescente";"Colisão lateral no mesmo sentido";1;0;1;0;0;0;0;0;0;0;3;0;0;0;0
"23/05/2024";"14:23:00";"154";"Sem vítima";"33,000";"BR-290/RS";"Decrescente";"Saída de pista";1;0;0;0;0;0;0;0;0;0;2;0;0;0;0
"23/05/2024";"15:56:32";"179";"Sem vítima";"63,000";"BR-290/RS";"Crescente";"Saída de pista";1;0;0;0;0;0;0;0;0;0;1;0;0;0;0
"23/05/2024";"16:34:13";"187";"Sem vítima";"78,000";"BR-290/RS";"Decrescente";"Saída de pista";1;0;0;0;0;0;0;0;0;0;1;0;0;0;0
"23/05/2024";"19:39:00";"229";"Sem vítima";"68,000";"BR-290/RS";"Decrescente";"Colisão lateral no mesmo sentido";1;0;0;0;0;0;0;0;0;0;2;0;0;0;0
"23/05/2024";"19:43:00";"230";"Com vítima";"350,000";"BR-386/RS";"Decrescente";"Colisão lateral no mesmo sentido";0;0;1;1;0;0;0;0;0;0;1;1;0;0;0
"24/05/2024";"00:26:46";"3";"Sem vítima";"429,000";"BR-386/RS";"Decrescente";"Colisão transversal";1;0;1;0;0;0;0;0;0;0;3;0;0;0;0
"24/05/2024";"07:19:00";"52";"Sem vítima";"49,000";"BR-101/RS";"Crescente";"Colisão lateral no mesmo sentido";1;0;1;0;0;0;0;0;0;0;2;0;0;0;0
"24/05/2024";"07:41:00";"58";"Sem vítima";"434,000";"BR-386/RS";"Crescente";"Choque";1;0;0;0;0;0;0;0;0;0;1;0;0;0;0
"24/05/2024";"10:37:00";"107";"Sem vítima";"232,000";"BR-386/RS";"Decrescente";"Choque";0;0;3;0;0;0;0;0;0;0;3;0;0;0;0
"24/05/2024";"11:31:00";"116";"Sem vítima";"350,050";"BR-386/RS";"Decrescente";"Colisão traseira";1;0;1;0;0;0;0;0;0;0;2;0;0;0;0
"24/05/2024";"12:41:00";"127";"Sem vítima";"10,900";"BR-290/RS";"Crescente";"Saída de pista";1;0;0;0;0;0;0;0;0;0;1;0;0;0;0
"24/05/2024";"14:51:32";"146";"Sem vítima";"2,100";"BR-290/RS";"Crescente";"Saída de pista";1;0;0;0;0;0;0;0;0;0;5;0;0;0;0
"24/05/2024";"19:46:00";"195";"Sem vítima";"417,000";"BR-386/RS";"Crescente";"Saída de pista";1;0;0;0;0;0;0;0;0;0;1;0;0;0;0
"24/05/2024";"19:47:00";"196";"Sem vítima";"21,000";"BR-290/RS";"Decrescente";"Saída de pista";1;0;0;0;0;0;0;0;0;0;2;0;0;0;0
"24/05/2024";"20:08:30";"202";"Sem vítima";"405,000";"BR-386/RS";"Decrescente";"Colisão traseira";2;0;0;0;0;0;0;0;0;0;2;0;0;0;0
"24/05/2024";"20:30:45";"209";"Com vítima";"421,000";"BR-386/RS";"Crescente";"Colisão traseira";2;0;0;0;0;0;0;0;0;0;3;1;0;0;0
"25/05/2024";"05:00:37";"30";"Sem vítima";"20,000";"BR-290/RS";"Decrescente";"Choque";1;0;0;0;0;0;0;0;0;0;1;0;0;0;0
"25/05/2024";"16:09:00";"142";"Sem vítima";"93,000";"BR-290/RS";"Decrescente";"Colisão lateral no mesmo sentido";1;0;0;0;0;0;0;0;0;0;4;0;0;0;0
"25/05/2024";"23:49:43";"196";"Sem vítima";"26,000";"BR-290/RS";"Decrescente";"Choque";1;0;0;0;0;0;0;0;0;0;1;0;0;0;0
"26/05/2024";"00:36:00";"10";"Sem vítima";"321,000";"BR-386/RS";"Decrescente";"Saída de pista";1;0;0;0;0;0;0;0;0;0;1;0;0;0;0
"26/05/2024";"07:38:33";"56";"Sem vítima";"348,000";"BR-386/RS";"Decrescente";"Saída de pista";1;0;0;0;0;0;0;0;0;0;4;0;0;0;0
"26/05/2024";"22:13:52";"172";"Sem vítima";"378,000";"BR-386/RS";"Decrescente";"Saída de pista";1;0;0;0;0;0;0;0;0;0;5;0;0;0;0
"26/05/2024";"22:40:00";"174";"Com vítima";"52,875";"BR-290/RS";"Crescente";"Colisão traseira";2;0;0;0;0;0;0;0;0;0;3;2;1;0;0
"26/05/2024";"23:03:00";"176";"Sem vítima";"41,000";"BR-290/RS";"Decrescente";"Colisão traseira";2;0;0;0;0;0;0;0;0;0;3;0;0;0;0
"27/05/2024";"00:28:19";"1";"Sem vítima";"29,254";"BR-101/RS";"Crescente";"Saída de pista";0;0;1;0;0;0;0;0;0;0;2;0;0;0;0
"27/05/2024";"07:54:33";"71";"Sem vítima";"13,000";"BR-448/RS";"Crescente";"Colisão lateral no mesmo sentido";1;0;1;0;0;0;0;0;0;0;2;0;0;0;0
"27/05/2024";"09:03:53";"103";"Com vítima";"406,950";"BR-386/RS";"Decrescente";"Colisão frontal";1;0;1;0;0;0;0;0;0;0;1;0;0;0;1
"27/05/2024";"10:52:59";"122";"Sem vítima";"77,132";"BR-290/RS";"Decrescente";"Choque";1;0;0;0;0;0;0;0;0;0;2;0;0;0;0
"27/05/2024";"13:29:16";"146";"Sem vítima";"433,000";"BR-386/RS";"Decrescente";"Choque";1;0;0;0;0;0;0;0;0;0;3;0;0;0;0
"27/05/2024";"13:44:02";"148";"Sem vítima";"57,000";"BR-101/RS";"Decrescente";"Saída de pista";1;0;0;0;0;0;0;0;0;0;1;0;0;0;0
"27/05/2024";"15:22:35";"162";"Sem vítima";"410,000";"BR-386/RS";"Crescente";"Saída de pista";1;0;0;0;0;0;0;0;0;0;1;0;0;0;0
"27/05/2024";"17:08:27";"190";"Sem vítima";"57,769";"BR-290/RS";"Crescente";"Colisão lateral no mesmo sentido";2;0;0;0;0;0;0;0;0;0;2;0;0;0;0
"27/05/2024";"17:37:09";"194";"Sem vítima";"443,000";"BR-386/RS";"Decrescente";"Colisão traseira";2;0;0;0;0;0;0;0;0;0;3;0;0;0;0
"27/05/2024";"18:55:16";"205";"Sem vítima";"427,000";"BR-386/RS";"Decrescente";"Choque";0;0;1;0;0;0;0;0;0;0;1;0;0;0;0
"27/05/2024";"23:35:24";"248";"Sem vítima";"330,000";"BR-386/RS";"Crescente";"Atropelamento de animal";1;0;0;0;0;0;0;0;0;0;3;0;0;0;0
"28/05/2024";"03:07:37";"29";"Sem vítima";"42,000";"BR-290/RS";"Crescente";"Queda de moto";0;0;0;1;0;0;0;0;0;0;2;0;0;0;0
"28/05/2024";"08:04:56";"111";"Sem vítima";"262,000";"BR-386/RS";"Decrescente";"Choque";1;0;0;0;0;0;0;0;0;0;2;0;0;0;0
"28/05/2024";"18:41:00";"299";"Sem vítima";"346,000";"BR-386/RS";"Decrescente";"Colisão lateral no mesmo sentido";3;0;1;0;0;0;0;0;0;0;6;0;0;0;0
"28/05/2024";"20:18:52";"318";"Sem vítima";"13,000";"BR-448/RS";"Decrescente";"Choque";1;0;0;0;0;0;0;0;0;0;1;0;0;0;0
"28/05/2024";"20:56:32";"325";"Sem vítima";"270,000";"BR-386/RS";"Crescente";"Acidentes de outra natureza";1;0;0;0;0;0;0;0;0;0;1;0;0;0;0
"29/05/2024";"00:17:52";"3";"Sem vítima";"59,000";"BR-290/RS";"Crescente";"Choque";1;0;0;0;0;0;0;0;0;0;1;0;0;0;0
"29/05/2024";"04:24:49";"34";"Sem vítima";"249,000";"BR-386/RS";"Decrescente";"Saída de pista";1;0;0;0;0;0;0;0;0;0;1;0;0;0;0
"29/05/2024";"07:44:36";"90";"Com vítima";"435,000";"BR-386/RS";"Crescente";"Colisão traseira";1;0;0;1;0;0;0;0;0;0;1;1;0;0;0
"29/05/2024";"08:41:09";"113";"Sem vítima";"348,000";"BR-386/RS";"Crescente";"Colisão lateral no mesmo sentido";1;0;1;0;0;0;0;0;0;0;2;0;0;0;0
"29/05/2024";"09:12:00";"129";"Sem vítima";"294,000";"BR-386/RS";"Crescente";"Colisão traseira";1;0;1;0;0;0;0;0;0;0;4;0;0;0;0
"29/05/2024";"09:41:35";"139";"Com vítima";"348,000";"BR-386/RS";"Crescente";"Colisão lateral no mesmo sentido";1;0;1;0;0;0;0;0;0;0;2;1;0;0;0
"29/05/2024";"12:11:13";"168";"Sem vítima";"30,000";"BR-101/RS";"Crescente";"Choque";1;0;0;0;0;0;0;0;0;0;2;0;0;0;0
"29/05/2024";"12:24:00";"169";"Sem vítima";"247,000";"BR-386/RS";"Crescente";"Colisão traseira";2;0;0;0;0;0;0;0;0;0;2;0;0;0;0
"29/05/2024";"13:01:49";"180";"Com vítima";"88,000";"BR-290/RS";"Crescente";"Queda de moto";0;0;0;1;0;0;0;0;0;0;0;2;0;0;0
"29/05/2024";"18:12:01";"244";"Sem vítima";"89,000";"BR-290/RS";"Decrescente";"Colisão lateral no mesmo sentido";1;0;1;0;0;0;0;0;0;0;2;0;0;0;0
"29/05/2024";"18:28:00";"250";"Com vítima";"435,000";"BR-386/RS";"Decrescente";"Colisão transversal";2;0;0;0;0;0;0;0;0;0;3;2;0;0;0
"29/05/2024";"18:45:13";"254";"Com vítima";"93,000";"BR-290/RS";"Crescente";"Colisão traseira";1;0;0;1;0;0;0;0;0;0;1;1;0;0;0
"29/05/2024";"19:53:11";"264";"Sem vítima";"371,000";"BR-386/RS";"Crescente";"Colisão traseira";2;0;0;0;0;0;0;0;0;0;2;0;0;0;0
"29/05/2024";"20:00:00";"265";"Sem vítima";"361,000";"BR-386/RS";"Decrescente";"Saída de pista";1;0;0;0;0;0;0;0;0;0;1;0;0;0;0
"29/05/2024";"21:06:53";"275";"Sem vítima";"220,000";"BR-386/RS";"Decrescente";"Colisão traseira";2;0;0;0;0;0;0;0;0;0;4;0;0;0;0
"30/05/2024";"06:31:07";"46";"Sem vítima";"204,000";"BR-386/RS";"Crescente";"Saída de pista";3;0;0;0;0;0;0;0;0;0;2;0;0;0;0
"30/05/2024";"06:43:15";"49";"Sem vítima";"435,000";"BR-386/RS";"Crescente";"Colisão lateral no mesmo sentido";2;0;0;0;0;0;0;0;0;0;7;0;0;0;0
"30/05/2024";"09:06:55";"100";"Sem vítima";"60,000";"BR-290/RS";"Crescente";"Choque";0;0;0;0;1;0;0;0;0;0;2;0;0;0;0
"30/05/2024";"09:32:00";"109";"Sem vítima";"392,700";"BR-386/RS";"Crescente";"Saída de pista";1;0;0;0;0;0;0;0;0;0;1;0;0;0;0
"30/05/2024";"10:53:04";"133";"Com vítima";"375,000";"BR-386/RS";"Crescente";"Choque";0;0;1;0;0;0;0;0;0;0;1;1;0;0;0
"30/05/2024";"12:23:59";"158";"Sem vítima";"221,000";"BR-386/RS";"Crescente";"Colisão traseira";2;0;0;0;0;0;0;0;0;0;5;0;0;0;0
"30/05/2024";"14:12:00";"183";"Sem vítima";"294,000";"BR-386/RS";"Crescente";"Colisão traseira";2;0;0;0;0;0;0;0;0;0;3;0;0;0;0
"30/05/2024";"17:11:08";"219";"Sem vítima";"400,000";"BR-386/RS";"Decrescente";"Choque";1;0;0;0;0;0;0;0;0;0;1;0;0;0;0
"30/05/2024";"18:35:34";"233";"Sem vítima";"427,000";"BR-386/RS";"Crescente";"Colisão traseira";2;0;0;0;0;0;0;0;0;0;3;0;0;0;0
"30/05/2024";"19:37:29";"240";"Sem vítima";"379,000";"BR-386/RS";"Crescente";"Colisão transversal";2;0;0;0;0;0;0;0;0;0;3;0;0;0;0
"31/05/2024";"06:23:41";"32";"Sem vítima";"80,000";"BR-290/RS";"Crescente";"Saída de pista";1;0;0;0;0;0;0;0;0;0;2;0;0;0;0
"31/05/2024";"06:24:42";"34";"Sem vítima";"297,000";"BR-386/RS";"Crescente";"Colisão traseira";0;0;2;0;0;0;0;0;0;0;3;0;0;0;0