data;horario;n_da_ocorrencia;tipo_de_ocorrencia;km;trecho;sentido;tipo_de_acidente;automovel;bicicleta;caminhao;moto;onibus;outros;tracao_animal;transporte_de_cargas_especiais;trator_maquinas;utilitarios;ilesos;levemente_feridos;moderadamente_feridos;gravemente_feridos;mortos
"31/05/2024";"06:42:17";"36";"Sem vítima";"446,000";"BR-386/RS";"Crescente";"Atropelamento de animal";1;0;0;0;0;0;0;0;0;0;2;0;0;0;0
"31/05/2024";"06:42:50";"37";"Sem vítima";"446,000";"BR-386/RS";"Crescente";"Atropelamento de animal";1;0;0;0;0;0;0;0;0;0;1;0;0;0;0
"31/05/2024";"08:05:00";"76";"Sem vítima";"327,000";"BR-386/RS";"Crescente";"Colisão traseira";1;0;1;0;0;0;0;0;0;0;5;0;0;0;0
"31/05/2024";"15:43:04";"195";"Com vítima";"429,000";"BR-386/RS";"Decrescente";"Colisão traseira";1;0;0;1;0;0;0;0;0;0;1;0;1;0;0
"31/05/2024";"16:08:01";"199";"Sem vítima";"308,000";"BR-386/RS";"Decrescente";"Colisão traseira";0;0;2;0;0;0;0;0;0;0;2;0;0;0;0
"31/05/2024";"16:34:12";"206";"Sem vítima";"64,726";"BR-290/RS";"Decrescente";"Queda de moto";0;0;0;1;0;0;0;0;0;0;2;0;0;0;0
"31/05/2024";"16:49:22";"208";"Com vítima";"350,000";"BR-386/RS";"Decrescente";"Colisão traseira";1;0;0;1;0;0;0;0;0;0;1;1;0;0;0
"31/05/2024";"20:31:23";"250";"Sem vítima";"430,000";"BR-386/RS";"Crescente";"Saída de pista";1;0;0;0;0;0;0;0;0;0;1;0;0;0;0
"31/05/2024";"21:00:56";"259";"Sem vítima";"431,000";"BR-386/RS";"Decrescente";"Colisão lateral no mesmo sentido";1;0;0;0;0;0;0;0;0;0;1;0;0;0;0
"01/06/2024";"01:21:00";"4";"Sem vítima";"12,000";"BR-290/RS";"Crescente";"Atropelamento de animal";1;0;0;0;0;0;0;0;0;0;2;0;0;0;0
"01/06/2024";"02:28:00";"19";"Sem vítima";"69,000";"BR-101/RS";"Crescente";"Choque";1;0;0;0;0;0;0;0;0;0;4;0;0;0;0
"01/06/2024";"04:05:00";"24";"Sem vítima";"79,000";"BR-101/RS";"Decrescente";"Choque";1;0;0;0;0;0;0;0;0;0;1;0;0;0;0
"01/06/2024";"09:50:00";"112";"Sem vítima";"309,000";"BR-386/RS";"Crescente";"Colisão traseira";1;0;0;0;0;0;0;0;0;0;4;0;0;0;0
"01/06/2024";"10:31:13";"117";"Sem vítima";"446,000";"BR-386/RS";"Crescente";"Engavetamento";2;0;0;0;0;0;0;0;0;0;6;0;0;0;0
"01/06/2024";"16:24:00";"169";"Sem vítima";"87,000";"BR-101/RS";"Crescente";"Choque";1;0;0;0;0;0;0;0;0;0;1;0;0;0;0
"01/06/2024";"17:56:00";"183";"Sem vítima";"234,000";"BR-386/RS";"Decrescente";"Saída de pista";1;0;0;0;0;0;0;0;0;0;1;0;0;0;0
"01/06/2024";"21:19:53";"225";"Sem vítima";"25,000";"BR-101/RS";"Decrescente";"Atropelamento de animal";2;0;0;0;0;0;0;0;0;0;7;0;0;0;0
"01/06/2024";"22:04:58";"231";"Sem vítima";"344,000";"BR-386/RS";"Crescente";"Choque";1;0;0;0;0;0;0;0;0;0;2;0;0;0;0
"02/06/2024";"02:08:00";"25";"Sem vítima";"246,000";"BR-386/RS";"Decrescente";"Atropelamento de animal";1;0;0;0;0;0;0;0;0;0;3;0;0;0;0
"02/06/2024";"03:42:10";"31";"Sem vítima";"4,000";"BR-101/RS";"Crescente";"Tombamento";0;0;1;0;0;0;0;0;0;0;1;0;0;0;0
"02/06/2024";"06:13:01";"41";"Sem vítima";"80,000";"BR-101/RS";"Decrescente";"Saída de pista";1;0;0;0;0;0;0;0;0;0;1;0;0;0;0
"02/06/2024";"08:45:01";"71";"Com vítima";"94,000";"BR-290/RS";"Decrescente";"Colisão traseira";0;0;0;2;0;0;0;0;0;0;1;2;0;0;0
"02/06/2024";"13:37:16";"136";"Sem vítima";"334,000";"BR-386/RS";"Crescente";"Colisão lateral no mesmo sentido";1;0;1;0;0;0;0;0;0;0;2;0;0;0;0
"02/06/2024";"15:49:00";"162";"Sem vítima";"435,000";"BR-386/RS";"Crescente";"Colisão transversal";0;0;1;1;0;0;0;0;0;0;5;0;0;0;0
"02/06/2024";"16:05:00";"164";"Sem vítima";"239,000";"BR-386/RS";"Crescente";"Colisão traseira";2;0;0;0;0;0;0;0;0;0;7;0;0;0;0
"02/06/2024";"16:57:46";"176";"Sem vítima";"351,000";"BR-386/RS";"Decrescente";"Colisão lateral no mesmo sentido";1;0;1;0;0;0;0;0;0;0;3;0;0;0;0
"02/06/2024";"17:00:01";"179";"Com vítima";"436,000";"BR-386/RS";"Decrescente";"Colisão traseira";2;0;0;0;0;0;0;0;0;0;2;2;0;0;0
"02/06/2024";"18:15:00";"201";"Com vítima";"245,200";"BR-386/RS";"Crescente";"Colisão lateral no mesmo sentido";2;0;0;0;0;0;0;0;0;0;5;1;0;0;0
"02/06/2024";"18:21:37";"203";"Com vítima";"12,000";"BR-448/RS";"Decrescente";"Colisão traseira";4;0;0;0;0;0;0;0;0;0;2;2;0;0;0
"02/06/2024";"18:45:16";"208";"Sem vítima";"19,000";"BR-290/RS";"Decrescente";"Colisão lateral no mesmo sentido";1;0;1;0;0;0;0;0;0;0;2;0;0;0;0
"02/06/2024";"21:26:38";"233";"Sem vítima";"91,000";"BR-290/RS";"Decrescente";"Colisão traseira";2;0;0;0;0;0;0;0;0;0;3;0;0;0;0
"03/06/2024";"03:23:29";"24";"Sem vítima";"17,000";"BR-290/RS";"Crescente";"Saída de pista";1;0;0;0;0;0;0;0;0;0;3;0;0;0;0
"03/06/2024";"08:31:00";"76";"Sem vítima";"242,000";"BR-386/RS";"Decrescente";"Colisão lateral no mesmo sentido";1;0;1;0;0;0;0;0;0;0;2;0;0;0;0
"03/06/2024";"09:26:22";"89";"Sem vítima";"80,000";"BR-290/RS";"Crescente";"Choque";1;0;0;0;0;0;0;0;0;0;1;0;0;0;0
"03/06/2024";"09:56:00";"100";"Sem vítima";"10,000";"BR-290/RS";"Decrescente";"Capotamento";1;0;0;0;0;0;0;0;0;0;1;0;0;0;0
"03/06/2024";"13:51:35";"140";"Sem vítima";"14,000";"BR-101/RS";"Crescente";"Colisão traseira";2;0;0;0;0;0;0;0;0;0;2;0;0;0;0
"04/06/2024";"05:57:39";"28";"Com vítima";"343,000";"BR-386/RS";"Decrescente";"Colisão traseira";2;0;0;0;0;0;0;0;0;0;0;5;0;0;0
"04/06/2024";"06:07:58";"30";"Com vítima";"351,000";"BR-386/RS";"Decrescente";"Colisão frontal";1;0;0;0;0;0;0;0;0;0;2;1;0;0;0
"04/06/2024";"08:18:31";"98";"Sem vítima";"46,000";"BR-290/RS";"Crescente";"Choque";1;0;0;0;0;0;0;0;0;0;1;0;0;0;0
"04/06/2024";"08:21:47";"104";"Sem vítima";"433,000";"BR-386/RS";"Crescente";"Colisão traseira";2;0;0;0;0;0;0;0;0;0;6;0;0;0;0
"04/06/2024";"08:48:42";"116";"Sem vítima";"20,000";"BR-448/RS";"Decrescente";"Colisão lateral no mesmo sentido";1;0;0;1;0;0;0;0;0;0;2;0;0;0;0
"04/06/2024";"10:18:32";"146";"Sem vítima";"262,000";"BR-386/RS";"Decrescente";"Colisão traseira";1;0;1;0;0;0;0;0;0;0;3;0;0;0;0
"04/06/2024";"13:03:00";"183";"Com vítima";"228,000";"BR-386/RS";"Crescente";"Colisão lateral no mesmo sentido";2;0;0;0;0;0;0;0;0;0;2;1;0;0;0
"04/06/2024";"14:20:27";"204";"Sem vítima";"335,000";"BR-386/RS";"Crescente";"Colisão lateral no mesmo sentido";1;0;1;0;0;0;0;0;0;0;3;0;0;0;0
"04/06/2024";"15:03:00";"215";"Sem vítima";"44,000";"BR-101/RS";"Crescente";"Engavetamento";1;0;0;0;1;0;0;1;0;0;33;0;0;0;0
"04/06/2024";"15:16:00";"217";"Sem vítima";"294,000";"BR-386/RS";"Crescente";"Colisão lateral no mesmo sentido";1;0;1;0;0;0;0;0;0;0;2;0;0;0;0
"04/06/2024";"16:10:00";"223";"Com vítima";"71,000";"BR-290/RS";"Decrescente";"Colisão traseira";2;0;0;0;0;0;0;0;0;0;1;0;2;0;1
"05/06/2024";"01:28:56";"20";"Sem vítima";"13,785";"BR-101/RS";"Decrescente";"Saída de pista";0;0;1;0;0;0;0;0;0;0;1;0;0;0;0
"05/06/2024";"04:28:00";"34";"Sem vítima";"46,858";"BR-290/RS";"Crescente";"Saída de pista";0;0;1;0;0;0;0;0;0;0;1;0;0;0;0
"05/06/2024";"06:32:12";"45";"Sem vítima";"249,000";"BR-386/RS";"Decrescente";"Saída de pista";1;0;0;0;0;0;0;0;0;0;2;0;0;0;0
"05/06/2024";"09:30:43";"153";"Sem vítima";"356,600";"BR-386/RS";"Decrescente";"Choque";1;0;0;0;0;0;0;0;0;0;1;0;0;0;0
"05/06/2024";"16:41:40";"244";"Sem vítima";"19,000";"BR-290/RS";"Decrescente";"Saída de pista";1;0;0;0;0;0;0;0;0;0;1;0;0;0;0
"05/06/2024";"16:56:30";"249";"Sem vítima";"350,150";"BR-386/RS";"Decrescente";"Colisão traseira";1;0;1;0;0;0;0;0;0;0;3;0;0;0;0
"05/06/2024";"17:06:30";"251";"Sem vítima";"350,200";"BR-386/RS";"Decrescente";"Colisão traseira";1;0;1;0;0;0;0;0;0;0;2;0;0;0;0
"05/06/2024";"17:07:16";"252";"Sem vítima";"19,000";"BR-290/RS";"Decrescente";"Choque";0;0;1;0;0;0;0;0;0;0;1;0;0;0;0
"05/06/2024";"17:41:25";"258";"Sem vítima";"351,100";"BR-386/RS";"Decrescente";"Colisão traseira";1;0;1;0;0;0;0;0;0;0;2;0;0;0;0
"05/06/2024";"19:22:42";"276";"Sem vítima";"349,000";"BR-386/RS";"Crescente";"Colisão lateral no mesmo sentido";1;0;1;0;0;0;0;0;0;0;3;0;0;0;0
"06/06/2024";"09:11:32";"164";"Com vítima";"389,100";"BR-386/RS";"Decrescente";"Colisão traseira";0;0;2;0;0;0;0;0;0;0;2;1;0;0;0
"06/06/2024";"10:59:14";"199";"Sem vítima";"13,000";"BR-101/RS";"Crescente";"Colisão transversal";2;0;0;0;0;0;0;0;0;0;2;0;0;0;0
"06/06/2024";"17:40:02";"291";"Sem vítima";"219,000";"BR-386/RS";"Crescente";"Engavetamento";4;0;0;0;0;0;0;0;0;0;7;0;0;0;0
"06/06/2024";"19:13:09";"308";"Com vítima";"436,000";"BR-386/RS";"Decrescente";"Colisão traseira";0;0;0;1;0;0;0;0;0;0;1;1;0;0;0
"06/06/2024";"19:21:00";"310";"Sem vítima";"360,400";"BR-386/RS";"Crescente";"Saída de pista";1;0;0;0;0;0;0;0;0;0;3;0;0;0;0
"06/06/2024";"22:12:00";"343";"Sem vítima";"400,000";"BR-386/RS";"Crescente";"Saída de pista";0;0;1;0;0;0;0;0;0;0;1;0;0;0;0
"07/06/2024";"05:56:00";"35";"Sem vítima";"80,000";"BR-290/RS";"Crescente";"Colisão traseira";0;0;0;0;0;0;0;0;0;1;1;0;0;0;0
"07/06/2024";"10:14:00";"137";"Sem vítima";"348,000";"BR-386/RS";"Decrescente";"Colisão lateral no mesmo sentido";1;0;0;0;0;0;0;0;0;0;1;0;0;0;0
"07/06/2024";"11:06:43";"150";"Sem vítima";"349,000";"BR-386/RS";"Crescente";"Colisão lateral no mesmo sentido";1;0;1;0;0;0;0;0;0;0;2;0;0;0;0
"07/06/2024";"15:56:00";"200";"Sem vítima";"312,000";"BR-386/RS";"Crescente";"Colisão traseira";0;0;2;0;0;0;0;0;0;0;2;0;0;0;0
"07/06/2024";"17:26:57";"227";"Com vítima";"16,000";"BR-101/RS";"Crescente";"Choque";1;0;0;0;0;0;0;0;0;0;0;0;0;2;0
"07/06/2024";"19:17:00";"253";"Sem vítima";"92,000";"BR-290/RS";"Decrescente";"Colisão lateral no mesmo sentido";1;0;1;0;0;0;0;0;0;0;2;0;0;0;0
"07/06/2024";"23:13:00";"306";"Sem vítima";"6,000";"BR-101/RS";"Decrescente";"Colisão traseira";1;0;0;0;0;0;0;0;0;0;3;0;0;0;0
"08/06/2024";"04:08:00";"33";"Sem vítima";"55,186";"BR-101/RS";"Crescente";"Atropelamento de animal";1;0;0;0;0;0;0;0;0;0;2;0;0;0;0
"08/06/2024";"06:18:58";"43";"Sem vítima";"60,300";"BR-290/RS";"Decrescente";"Choque";1;0;0;0;0;0;0;0;0;0;1;0;0;0;0
"08/06/2024";"07:45:00";"62";"Sem vítima";"440,000";"BR-386/RS";"Crescente";"Saída de pista";1;0;0;0;0;0;0;0;0;0;1;0;0;0;0
"08/06/2024";"09:34:05";"89";"Sem vítima";"337,000";"BR-386/RS";"Decrescente";"Saída de pista";0;0;1;0;0;0;0;0;0;0;2;0;0;0;0
"08/06/2024";"10:57:05";"107";"Sem vítima";"350,000";"BR-386/RS";"Decrescente";"Colisão traseira";1;0;1;0;0;0;0;0;0;0;4;0;0;0;0
"08/06/2024";"14:03:50";"148";"Sem vítima";"351,000";"BR-386/RS";"Decrescente";"Colisão traseira";1;0;0;0;0;0;0;0;0;0;2;0;0;0;0
"08/06/2024";"17:59:57";"203";"Com vítima";"435,000";"BR-386/RS";"Decrescente";"Colisão transversal";1;0;0;1;0;0;0;0;0;0;3;1;0;0;0
"08/06/2024";"19:45:00";"213";"Sem vítima";"72,500";"BR-290/RS";"Crescente";"Colisão traseira";1;0;0;0;0;0;0;0;0;0;1;0;0;0;0
"08/06/2024";"19:52:00";"215";"Sem vítima";"351,000";"BR-386/RS";"Crescente";"Saída de pista";1;0;0;0;0;0;0;0;0;0;1;0;0;0;0
"09/06/2024";"04:10:00";"32";"Sem vítima";"52,652";"BR-101/RS";"Crescente";"Saída de pista";1;0;0;0;0;0;0;0;0;0;1;0;0;0;0
"09/06/2024";"04:34:23";"33";"Sem vítima";"13,693";"BR-101/RS";"Crescente";"Saída de pista";1;0;0;0;0;0;0;0;0;0;1;0;0;0;0
"09/06/2024";"07:10:14";"56";"Com vítima";"14,000";"BR-101/RS";"Crescente";"Capotamento";1;0;0;0;0;0;0;0;0;0;2;1;1;0;0
"09/06/2024";"08:06:15";"64";"Com vítima";"357,000";"BR-386/RS";"Decrescente";"Saída de pista";1;0;0;0;0;0;0;0;0;0;0;1;0;0;0
"09/06/2024";"15:17:40";"135";"Sem vítima";"60,000";"BR-290/RS";"Crescente";"Colisão lateral no mesmo sentido";1;0;1;0;0;0;0;0;0;0;2;0;0;0;0
"09/06/2024";"15:50:33";"147";"Sem vítima";"349,000";"BR-386/RS";"Crescente";"Colisão lateral no mesmo sentido";1;0;0;1;0;0;0;0;0;0;2;0;0;0;0
"09/06/2024";"17:42:00";"183";"Sem vítima";"29,326";"BR-290/RS";"Crescente";"Saída de pista";1;0;0;0;0;0;0;0;0;0;5;0;0;0;0
"09/06/2024";"18:06:48";"193";"Sem vítima";"420,000";"BR-386/RS";"Decrescente";"Atropelamento de animal";1;0;0;0;0;0;0;0;0;0;2;0;0;0;0
"09/06/2024";"19:13:00";"214";"Com vítima";"83,000";"BR-290/RS";"Crescente";"Queda de moto";0;0;0;1;0;0;0;0;0;0;0;0;2;0;0
"09/06/2024";"21:46:24";"237";"Sem vítima";"52,880";"BR-290/RS";"Decrescente";"Acidentes de outra natureza";2;0;0;0;0;0;0;0;0;0;2;0;0;0;0
"09/06/2024";"22:46:00";"247";"Com vítima";"333,000";"BR-386/RS";"Crescente";"Colisão lateral no mesmo sentido";1;0;0;0;0;0;0;0;0;0;1;1;0;0;0
"10/06/2024";"06:42:44";"50";"Sem vítima";"308,000";"BR-386/RS";"Decrescente";"Colisão traseira";2;0;0;0;0;0;0;0;0;0;6;0;0;0;0
"10/06/2024";"10:30:33";"199";"Sem vítima";"43,000";"BR-290/RS";"Crescente";"Saída de pista";1;0;0;0;0;0;0;0;0;0;1;0;0;0;0
"10/06/2024";"12:46:09";"233";"Sem vítima";"1,000";"BR-290/RS";"Crescente";"Saída de pista";1;0;0;0;0;0;0;0;0;0;4;0;0;0;0
"10/06/2024";"13:58:48";"248";"Sem vítima";"93,000";"BR-290/RS";"Crescente";"Colisão traseira";2;0;0;0;0;0;0;0;0;0;2;0;0;0;0
"10/06/2024";"17:48:44";"306";"Com vítima";"22,000";"BR-448/RS";"Decrescente";"Colisão lateral no mesmo sentido";2;0;0;1;0;0;0;0;0;0;8;1;0;0;0
"11/06/2024";"05:19:54";"37";"Com vítima";"345,000";"BR-386/RS";"Crescente";"Tombamento";0;0;1;0;0;0;0;0;0;0;1;2;0;0;0
"11/06/2024";"06:33:06";"51";"Sem vítima";"303,999";"BR-386/RS";"Decrescente";"Saída de pista";0;0;1;0;0;0;0;0;0;0;1;0;0;0;0
"11/06/2024";"07:56:00";"124";"Sem vítima";"82,000";"BR-290/RS";"Crescente";"Queda de moto";0;0;0;1;0;0;0;0;0;0;2;0;0;0;0
"11/06/2024";"08:25:00";"139";"Sem vítima";"41,000";"BR-290/RS";"Decrescente";"Saída de pista";0;0;1;0;0;0;0;0;0;0;1;0;0;0;0
"11/06/2024";"12:15:57";"207";"Sem vítima";"352,000";"BR-386/RS";"Crescente";"Colisão lateral no mesmo sentido";0;0;1;0;0;0;0;0;0;0;1;0;0;0;0
"11/06/2024";"12:49:17";"213";"Sem vítima";"22,000";"BR-101/RS";"Decrescente";"Colisão traseira";1;0;1;0;0;0;0;0;0;0;2;0;0;0;0
"11/06/2024";"18:06:25";"273";"Sem vítima";"348,800";"BR-386/RS";"Crescente";"Colisão lateral no mesmo sentido";0;0;2;0;0;0;0;0;0;0;2;0;0;0;0
"11/06/2024";"18:11:43";"274";"Com vítima";"438,000";"BR-386/RS";"Decrescente";"Colisão transversal";1;0;0;1;0;0;0;0;0;0;1;0;0;1;0
"11/06/2024";"18:38:21";"279";"Sem vítima";"342,000";"BR-386/RS";"Decrescente";"Colisão transversal";2;0;0;0;0;0;0;0;0;0;2;0;0;0;0
"11/06/2024";"18:49:00";"281";"Sem vítima";"80,000";"BR-290/RS";"Crescente";"Choque";1;0;1;0;0;0;0;0;0;0;2;0;0;0;0
"11/06/2024";"22:18:27";"305";"Sem vítima";"73,000";"BR-290/RS";"Decrescente";"Capotamento";1;0;0;0;0;0;0;0;0;0;1;0;0;0;0
"11/06/2024";"22:20:06";"306";"Com vítima";"8,000";"BR-101/RS";"Decrescente";"Queda de moto";0;0;1;1;0;0;0;0;0;0;1;1;0;0;1
"12/06/2024";"08:05:34";"93";"Sem vítima";"14,150";"BR-290/RS";"Decrescente";"Choque";1;0;0;0;0;0;0;0;0;0;1;0;0;0;0
"12/06/2024";"09:46:19";"139";"Sem vítima";"39,000";"BR-290/RS";"Crescente";"Queda de carga";0;0;1;0;0;0;0;0;0;0;1;0;0;0;0
"12/06/2024";"10:38:02";"150";"Sem vítima";"354,000";"BR-386/RS";"Crescente";"Colisão lateral no mesmo sentido";3;0;0;0;0;0;0;0;0;0;3;0;0;0;0
"12/06/2024";"14:02:19";"196";"Sem vítima";"350,000";"BR-386/RS";"Crescente";"Colisão traseira";2;0;0;0;0;0;0;0;0;0;3;0;0;0;0
"12/06/2024";"14:12:24";"198";"Sem vítima";"306,300";"BR-386/RS";"Decrescente";"Queda de moto";1;0;0;0;0;0;0;0;0;0;2;0;0;0;0
"12/06/2024";"14:55:24";"212";"Sem vítima";"350,000";"BR-386/RS";"Crescente";"Colisão lateral no mesmo sentido";1;0;1;0;0;0;0;0;0;0;2;0;0;0;0
"12/06/2024";"15:26:00";"226";"Sem vítima";"89,000";"BR-290/RS";"Decrescente";"Colisão lateral no mesmo sentido";2;0;0;0;0;0;0;0;0;0;2;0;0;0;0
"12/06/2024";"15:26:31";"225";"Sem vítima";"346,000";"BR-386/RS";"Decrescente";"Colisão traseira";1;0;1;0;0;0;0;0;0;0;2;0;0;0;0
"12/06/2024";"17:15:49";"243";"Com vítima";"338,000";"BR-386/RS";"Crescente";"Colisão lateral no mesmo sentido";1;0;0;1;0;0;0;0;0;0;0;0;4;0;0
"12/06/2024";"17:20:42";"245";"Sem vítima";"389,000";"BR-386/RS";"Crescente";"Colisão traseira";1;0;1;0;0;0;0;0;0;0;2;0;0;0;0
"12/06/2024";"17:26:22";"247";"Sem vítima";"349,000";"BR-386/RS";"Crescente";"Saída de pista";0;0;1;0;0;0;0;0;0;0;1;0;0;0;0
"12/06/2024";"17:27:37";"248";"Com vítima";"392,000";"BR-386/RS";"Decrescente";"Colisão frontal";2;0;0;0;0;0;0;0;0;0;7;0;1;0;0
"12/06/2024";"18:41:00";"256";"Sem vítima";"358,000";"BR-386/RS";"Crescente";"Tombamento";1;0;0;0;0;0;0;0;0;0;1;0;0;0;0
"13/06/2024";"08:58:41";"118";"Sem vítima";"432,000";"BR-386/RS";"Decrescente";"Saída de pista";1;0;0;0;0;0;0;0;0;0;1;0;0;0;0
"13/06/2024";"10:13:00";"153";"Sem vítima";"23,000";"BR-101/RS";"Crescente";"Acidentes de outra natureza";1;0;0;0;0;0;0;0;0;0;3;0;1;0;0
"13/06/2024";"10:30:13";"154";"Sem vítima";"357,000";"BR-386/RS";"Decrescente";"Choque";0;0;1;0;0;0;0;0;0;0;1;0;0;0;0
"13/06/2024";"11:42:13";"171";"Sem vítima";"238,000";"BR-386/RS";"Crescente";"Colisão traseira";1;0;1;0;0;0;0;0;0;0;2;0;0;0;0
"13/06/2024";"13:07:28";"187";"Sem vítima";"74,220";"BR-101/RS";"Crescente";"Saída de pista";1;0;0;0;0;0;0;0;0;0;1;0;0;0;0
"13/06/2024";"13:52:43";"199";"Sem vítima";"426,000";"BR-386/RS";"Decrescente";"Colisão traseira";2;0;0;0;0;0;0;0;0;0;2;0;0;0;0
"13/06/2024";"19:16:12";"273";"Sem vítima";"423,000";"BR-386/RS";"Crescente";"Choque";1;0;0;0;0;0;0;0;0;0;1;0;0;0;0
"13/06/2024";"19:38:00";"277";"Sem vítima";"424,000";"BR-386/RS";"Crescente";"Saída de pista";1;0;0;0;0;0;0;0;0;0;2;0;0;0;0
"13/06/2024";"20:22:47";"287";"Sem vítima";"350,000";"BR-386/RS";"Decrescente";"Colisão lateral no mesmo sentido";1;0;1;0;0;0;0;0;0;0;2;0;0;0;0
"13/06/2024";"20:36:00";"290";"Sem vítima";"424,000";"BR-386/RS";"Decrescente";"Saída de pista";1;0;0;0;0;0;0;0;0;0;5;0;0;0;0
"14/06/2024";"00:31:39";"12";"Com vítima";"324,000";"BR-386/RS";"Decrescente";"Colisão frontal";2;0;1;0;0;0;0;0;0;0;2;0;0;1;4
"14/06/2024";"03:49:15";"26";"Sem vítima";"346,000";"BR-386/RS";"Crescente";"Saída de pista";0;0;1;0;0;0;0;0;0;0;1;0;0;0;0
"14/06/2024";"05:05:27";"32";"Sem vítima";"308,000";"BR-386/RS";"Crescente";"Colisão lateral no mesmo sentido";1;0;1;0;0;0;0;0;0;0;2;0;0;0;0
"14/06/2024";"06:18:00";"39";"Com vítima";"25,900";"BR-290/RS";"Crescente";"Colisão lateral no mesmo sentido";0;0;2;0;0;0;0;0;0;0;1;2;0;0;0
"14/06/2024";"06:21:27";"240";"Com vítima";"25,900";"BR-290/RS";"Crescente";"Choque";1;0;1;0;0;0;0;0;0;0;1;0;3;0;0
"14/06/2024";"07:54:29";"95";"Sem vítima";"368,000";"BR-386/RS";"Decrescente";"Colisão traseira";1;0;0;0;0;0;0;0;0;0;1;0;0;0;0
"14/06/2024";"07:59:29";"98";"Com vítima";"359,000";"BR-386/RS";"Crescente";"Queda de moto";0;0;0;1;0;0;0;0;0;0;0;0;0;1;0
"14/06/2024";"15:49:46";"228";"Sem vítima";"426,000";"BR-386/RS";"Decrescente";"Colisão traseira";2;0;0;0;0;0;0;0;0;0;3;0;0;0;0
"14/06/2024";"16:38:51";"242";"Sem vítima";"350,000";"BR-386/RS";"Crescente";"Colisão lateral no mesmo sentido";1;0;1;0;0;0;0;0;0;0;2;0;0;0;0
"14/06/2024";"17:09:31";"247";"Sem vítima";"434,000";"BR-386/RS";"Decrescente";"Colisão lateral no mesmo sentido";1;0;1;0;0;0;0;0;0;0;5;0;0;0;0
"14/06/2024";"17:18:51";"248";"Sem vítima";"357,000";"BR-386/RS";"Decrescente";"Colisão lateral no mesmo sentido";1;0;1;0;0;0;0;0;0;0;2;0;0;0;0
"14/06/2024";"20:17:43";"300";"Sem vítima";"346,000";"BR-386/RS";"Crescente";"Colisão lateral no mesmo sentido";1;0;1;0;0;0;0;0;0;0;3;0;0;0;0
"14/06/2024";"20:48:00";"308";"Sem vítima";"65,000";"BR-290/RS";"Decrescente";"Colisão lateral no mesmo sentido";2;0;0;0;0;0;0;0;0;0;2;0;0;0;0
"14/06/2024";"22:38:13";"338";"Sem vítima";"436,000";"BR-386/RS";"Decrescente";"Choque";1;0;0;0;0;0;0;0;0;0;1;0;0;0;0
"15/06/2024";"01:17:00";"13";"Com vítima";"94,000";"BR-290/RS";"Decrescente";"Colisão traseira";0;0;0;1;0;0;0;0;0;0;0;0;1;0;0
"15/06/2024";"02:22:29";"26";"Sem vítima";"432,000";"BR-386/RS";"Crescente";"Atropelamento de animal";0;0;0;0;1;0;0;0;0;0;11;0;0;0;0
"15/06/2024";"02:40:53";"27";"Sem vítima";"60,000";"BR-290/RS";"Crescente";"Colisão traseira";0;0;2;0;0;0;0;0;0;0;3;0;0;0;0
"15/06/2024";"05:22:02";"50";"Sem vítima";"438,000";"BR-386/RS";"Crescente";"Colisão lateral no mesmo sentido";2;0;0;0;0;0;0;0;0;0;3;0;0;0;0
"15/06/2024";"10:59:32";"154";"Com vítima";"86,000";"BR-101/RS";"Decrescente";"Tombamento";0;0;1;0;0;0;0;0;0;0;0;2;0;0;0
"15/06/2024";"17:11:00";"215";"Sem vítima";"236,000";"BR-386/RS";"Decrescente";"Saída de pista";1;0;0;0;0;0;0;0;0;0;1;0;0;0;0
"15/06/2024";"18:40:04";"229";"Com vítima";"3,100";"BR-290/RS";"Crescente";"Capotamento";1;0;0;0;0;0;0;0;0;0;0;1;0;0;0
"15/06/2024";"20:52:58";"250";"Sem vítima";"63,000";"BR-290/RS";"Crescente";"Capotamento";1;0;0;0;0;0;0;0;0;0;2;0;0;0;0
"15/06/2024";"20:57:00";"251";"Sem vítima";"11,000";"BR-290/RS";"Decrescente";"Capotamento";1;0;0;0;0;0;0;0;0;0;1;0;0;0;0
"15/06/2024";"22:12:00";"262";"Sem vítima";"60,000";"BR-290/RS";"Crescente";"Atropelamento de animal";1;0;0;0;0;0;0;0;0;0;1;0;0;0;0
"16/06/2024";"00:30:40";"6";"Sem vítima";"247,000";"BR-386/RS";"Decrescente";"Acidentes de outra natureza";1;0;0;0;0;0;0;0;0;0;1;0;0;0;0