data;horario;n_da_ocorrencia;tipo_de_ocorrencia;km;trecho;sentido;tipo_de_acidente;automovel;bicicleta;caminhao;moto;onibus;outros;tracao_animal;transporte_de_cargas_especiais;trator_maquinas;utilitarios;ilesos;levemente_feridos;moderadamente_feridos;gravemente_feridos;mortos
"19/07/2024";"19:16:59";"284";"Sem vítima";"421,000";"BR-386/RS";"Crescente";"Choque";2;0;0;0;0;0;0;0;0;0;3;0;0;0;0
"19/07/2024";"20:11:39";"297";"Sem vítima";"389,000";"BR-386/RS";"Crescente";"Colisão lateral no mesmo sentido";1;0;1;0;0;0;0;0;0;0;2;0;0;0;0
"20/07/2024";"02:17:34";"14";"Sem vítima";"39,654";"BR-101/RS";"Crescente";"Saída de pista";0;0;1;0;0;0;0;0;0;0;1;0;0;0;0
"20/07/2024";"04:12:16";"26";"Com vítima";"223,100";"BR-386/RS";"Decrescente";"Colisão frontal";1;0;1;0;0;0;0;0;0;0;1;0;0;0;4
"20/07/2024";"07:33:57";"61";"Com vítima";"90,000";"BR-290/RS";"Crescente";"Choque";1;0;0;0;0;0;0;0;0;0;0;3;0;0;0
"20/07/2024";"07:37:14";"63";"Sem vítima";"395,000";"BR-386/RS";"Decrescente";"Colisão lateral no mesmo sentido";1;0;0;0;0;0;0;0;0;0;1;0;0;0;0
"20/07/2024";"09:44:19";"101";"Sem vítima";"217,000";"BR-386/RS";"Crescente";"Engavetamento";2;0;1;0;0;0;0;0;0;0;5;0;0;0;0
"20/07/2024";"12:40:51";"134";"Sem vítima";"415,000";"BR-386/RS";"Crescente";"Colisão lateral no mesmo sentido";1;0;1;0;0;0;0;0;0;0;4;0;0;0;0
"20/07/2024";"15:05:21";"152";"Sem vítima";"243,380";"BR-386/RS";"Decrescente";"Acidentes de outra natureza";1;0;0;0;0;0;0;0;0;0;2;0;0;0;0
"20/07/2024";"17:57:34";"181";"Sem vítima";"324,000";"BR-386/RS";"Decrescente";"Colisão lateral no mesmo sentido";2;0;0;0;0;0;0;0;0;0;9;0;0;0;0
"20/07/2024";"22:23:00";"218";"Sem vítima";"80,000";"BR-290/RS";"Decrescente";"Saída de pista";1;0;0;0;0;0;0;0;0;0;2;0;0;0;0
"20/07/2024";"22:52:22";"223";"Com vítima";"32,000";"BR-101/RS";"Decrescente";"Capotamento";1;0;0;0;0;0;0;0;0;0;0;0;0;1;0
"21/07/2024";"01:29:36";"11";"Sem vítima";"250,000";"BR-386/RS";"Crescente";"Atropelamento de animal";0;0;1;0;0;0;0;0;0;0;1;0;0;0;0
"21/07/2024";"03:17:16";"14";"Sem vítima";"92,000";"BR-290/RS";"Decrescente";"Queda de moto";0;0;0;1;0;0;0;0;0;0;2;0;0;0;0
"21/07/2024";"04:25:25";"18";"Sem vítima";"444,000";"BR-386/RS";"Decrescente";"Choque";1;0;0;0;0;0;0;0;0;0;3;0;0;0;0
"21/07/2024";"05:29:21";"22";"Sem vítima";"82,000";"BR-290/RS";"Decrescente";"Choque";1;0;0;0;0;0;0;0;0;0;2;0;0;0;0
"21/07/2024";"06:18:00";"26";"Sem vítima";"308,000";"BR-386/RS";"Crescente";"Saída de pista";1;0;0;0;0;0;0;0;0;0;2;0;0;0;0
"21/07/2024";"07:51:00";"45";"Com vítima";"96,000";"BR-290/RS";"Crescente";"Choque";1;0;0;0;0;0;0;0;0;0;1;1;0;0;0
"21/07/2024";"14:48:36";"108";"Com vítima";"22,000";"BR-101/RS";"Crescente";"Queda de moto";0;0;1;1;0;0;0;0;0;0;3;0;0;0;1
"21/07/2024";"15:09:51";"115";"Sem vítima";"82,000";"BR-101/RS";"Crescente";"Colisão traseira";2;0;0;0;0;0;0;0;0;0;2;0;0;0;0
"21/07/2024";"15:18:02";"117";"Com vítima";"347,000";"BR-386/RS";"Decrescente";"Colisão traseira";0;0;0;2;0;0;0;0;0;0;1;2;0;0;0
"21/07/2024";"15:38:39";"121";"Com vítima";"435,000";"BR-386/RS";"Crescente";"Colisão transversal";2;0;0;0;0;0;0;0;0;0;0;3;0;0;0
"21/07/2024";"15:55:32";"127";"Com vítima";"257,000";"BR-386/RS";"Decrescente";"Colisão lateral no mesmo sentido";2;0;0;0;0;0;0;0;0;0;3;0;1;1;0
"21/07/2024";"16:39:21";"136";"Sem vítima";"22,000";"BR-101/RS";"Crescente";"Colisão traseira";1;0;1;0;0;0;0;0;0;0;4;0;0;0;0
"21/07/2024";"17:58:00";"162";"Sem vítima";"19,000";"BR-290/RS";"Crescente";"Colisão lateral no mesmo sentido";1;0;0;0;0;0;0;0;0;0;1;0;0;0;0
"21/07/2024";"18:24:20";"169";"Sem vítima";"400,000";"BR-386/RS";"Decrescente";"Capotamento";1;0;0;0;0;0;0;0;0;0;1;0;0;0;0
"21/07/2024";"19:45:10";"192";"Sem vítima";"205,000";"BR-386/RS";"Crescente";"Acidentes de outra natureza";1;0;0;0;0;0;0;0;0;0;2;0;0;0;0
"22/07/2024";"02:44:03";"7";"Sem vítima";"7,548";"BR-290/RS";"Decrescente";"Saída de pista";1;0;0;0;0;0;0;0;0;0;1;0;0;0;0
"22/07/2024";"07:54:29";"71";"Sem vítima";"66,000";"BR-290/RS";"Crescente";"Colisão traseira";0;0;1;0;0;0;0;0;0;0;1;0;0;0;0
"22/07/2024";"13:21:35";"175";"Com vítima";"9,119";"BR-448/RS";"Crescente";"Queda de moto";1;0;0;0;0;0;0;0;0;0;0;1;0;0;0
"22/07/2024";"16:29:12";"222";"Com vítima";"419,000";"BR-386/RS";"Crescente";"Colisão lateral no mesmo sentido";1;0;1;0;0;0;0;0;0;0;1;2;2;0;1
"22/07/2024";"17:26:52";"236";"Sem vítima";"83,000";"BR-290/RS";"Crescente";"Queda de moto";0;0;0;1;0;0;0;0;0;0;1;0;0;0;0
"22/07/2024";"18:09:59";"247";"Sem vítima";"223,000";"BR-386/RS";"Decrescente";"Colisão lateral no mesmo sentido";1;0;0;0;0;0;0;0;0;0;1;0;0;0;0
"22/07/2024";"18:15:49";"249";"Sem vítima";"214,000";"BR-386/RS";"Decrescente";"Colisão traseira";1;0;0;0;0;0;0;0;0;0;1;0;0;0;0
"22/07/2024";"19:04:59";"262";"Sem vítima";"401,100";"BR-386/RS";"Crescente";"Saída de pista";1;0;0;0;0;0;0;0;0;0;1;0;0;0;0
"22/07/2024";"19:10:37";"263";"Sem vítima";"437,000";"BR-386/RS";"Decrescente";"Acidentes de outra natureza";1;0;0;0;0;0;0;0;0;0;1;0;0;0;0
"22/07/2024";"22:37:42";"295";"Sem vítima";"213,000";"BR-386/RS";"Crescente";"Saída de pista";0;0;1;0;0;0;0;0;0;0;1;0;0;0;0
"23/07/2024";"02:17:00";"14";"Sem vítima";"37,000";"BR-290/RS";"Crescente";"Tombamento";0;0;1;0;0;0;0;0;0;0;1;0;0;0;0
"23/07/2024";"03:57:07";"17";"Sem vítima";"83,100";"BR-101/RS";"Crescente";"Colisão lateral no mesmo sentido";0;0;1;0;0;0;0;0;0;0;1;0;0;0;0
"23/07/2024";"07:00:55";"32";"Com vítima";"30,000";"BR-290/RS";"Decrescente";"Capotamento";0;0;1;0;0;0;0;0;0;0;0;0;0;0;1
"23/07/2024";"07:09:21";"41";"Sem vítima";"439,000";"BR-386/RS";"Decrescente";"Saída de pista";0;0;1;0;0;0;0;0;0;0;1;0;0;0;0
"23/07/2024";"07:51:35";"71";"Sem vítima";"92,000";"BR-290/RS";"Crescente";"Saída de pista";1;0;0;0;0;0;0;0;0;0;1;0;0;0;0
"23/07/2024";"08:27:00";"98";"Sem vítima";"73,000";"BR-101/RS";"Decrescente";"Saída de pista";0;0;1;0;0;0;0;0;0;0;1;0;0;0;0
"23/07/2024";"08:39:26";"107";"Com vítima";"12,000";"BR-448/RS";"Decrescente";"Colisão traseira";1;0;0;0;0;0;0;0;0;0;0;0;1;0;0
"23/07/2024";"08:45:14";"110";"Sem vítima";"373,000";"BR-386/RS";"Crescente";"Saída de pista";1;0;0;0;0;0;0;0;0;0;1;0;0;0;0
"23/07/2024";"10:34:41";"148";"Sem vítima";"226,000";"BR-386/RS";"Decrescente";"Colisão traseira";0;0;2;0;0;0;0;0;0;0;2;0;0;0;0
"23/07/2024";"15:19:29";"212";"Sem vítima";"261,000";"BR-386/RS";"Decrescente";"Saída de pista";1;0;0;0;0;0;0;0;0;0;1;0;0;0;0
"23/07/2024";"21:25:00";"286";"Sem vítima";"91,000";"BR-290/RS";"Crescente";"Colisão traseira";1;0;0;0;0;0;0;0;0;0;1;0;0;0;0
"24/07/2024";"07:09:16";"46";"Sem vítima";"1,000";"BR-101/RS";"Crescente";"Colisão traseira";1;0;0;0;0;0;0;0;0;0;1;0;0;0;0
"24/07/2024";"08:17:35";"93";"Sem vítima";"303,750";"BR-386/RS";"Decrescente";"Choque";0;0;1;0;0;0;0;0;0;0;1;0;0;0;0
"24/07/2024";"10:19:07";"131";"Sem vítima";"426,000";"BR-386/RS";"Decrescente";"Colisão lateral no mesmo sentido";0;0;1;0;0;0;0;0;0;0;1;0;0;0;0
"24/07/2024";"11:07:59";"147";"Sem vítima";"228,000";"BR-386/RS";"Decrescente";"Colisão traseira";0;0;1;0;0;0;0;0;0;0;1;0;0;0;0
"24/07/2024";"13:07:00";"166";"Sem vítima";"15,000";"BR-290/RS";"Crescente";"Saída de pista";0;0;1;0;0;0;0;0;0;0;1;0;0;0;0
"24/07/2024";"14:25:51";"179";"Sem vítima";"91,000";"BR-290/RS";"Decrescente";"Choque";1;0;0;0;0;0;0;0;0;0;1;0;0;0;0
"24/07/2024";"17:26:00";"211";"Sem vítima";"95,000";"BR-290/RS";"Decrescente";"Colisão traseira";1;0;0;0;0;0;0;0;0;0;1;0;0;0;0
"24/07/2024";"21:37:11";"261";"Com vítima";"25,900";"BR-290/RS";"Crescente";"Colisão traseira";0;0;2;0;0;0;0;0;0;0;1;0;1;0;0
"24/07/2024";"22:52:32";"268";"Sem vítima";"341,000";"BR-386/RS";"Crescente";"Colisão traseira";0;0;1;0;0;0;0;0;0;0;1;0;0;0;0
"25/07/2024";"02:09:08";"11";"Sem vítima";"202,000";"BR-386/RS";"Decrescente";"Choque";0;0;1;0;0;0;0;0;0;0;1;0;0;0;0
"25/07/2024";"05:56:00";"26";"Com vítima";"50,150";"BR-290/RS";"Crescente";"Colisão traseira";0;0;1;0;0;0;0;0;0;0;0;0;1;0;0
"25/07/2024";"08:30:19";"105";"Sem vítima";"70,000";"BR-101/RS";"Crescente";"Saída de pista";1;0;0;0;0;0;0;0;0;0;1;0;0;0;0
"25/07/2024";"12:47:21";"178";"Sem vítima";"70,000";"BR-101/RS";"Crescente";"Colisão lateral no mesmo sentido";1;0;0;0;0;0;0;0;0;0;1;0;0;0;0
"25/07/2024";"16:29:26";"227";"Sem vítima";"350,000";"BR-386/RS";"Decrescente";"Colisão traseira";1;0;0;0;0;0;0;0;0;0;1;0;0;0;0
"25/07/2024";"16:58:00";"232";"Sem vítima";"256,000";"BR-386/RS";"Decrescente";"Capotamento";1;0;0;0;0;0;0;0;0;0;1;0;0;0;0
"25/07/2024";"17:06:00";"234";"Sem vítima";"440,000";"BR-386/RS";"Decrescente";"Colisão lateral no mesmo sentido";1;0;0;0;0;0;0;0;0;0;1;0;0;0;0
"25/07/2024";"19:19:56";"272";"Com vítima";"379,350";"BR-386/RS";"Crescente";"Colisão lateral no mesmo sentido";2;0;0;0;0;0;0;0;0;0;5;1;1;0;0
"25/07/2024";"19:59:56";"279";"Sem vítima";"94,000";"BR-290/RS";"Crescente";"Colisão lateral no mesmo sentido";0;0;1;0;0;0;0;0;0;0;1;0;0;0;0
"25/07/2024";"20:50:00";"283";"Sem vítima";"47,200";"BR-290/RS";"Crescente";"Tombamento";0;0;1;0;0;0;0;0;0;0;1;0;0;0;0
"25/07/2024";"21:23:24";"287";"Sem vítima";"88,000";"BR-290/RS";"Decrescente";"Queda de moto";1;0;0;0;0;0;0;0;0;0;1;0;0;0;0
"26/07/2024";"03:25:16";"14";"Com vítima";"354,000";"BR-386/RS";"Crescente";"Acidentes de outra natureza";1;0;0;0;0;0;0;0;0;0;0;0;1;0;0
"26/07/2024";"06:03:29";"23";"Sem vítima";"82,000";"BR-101/RS";"Crescente";"Colisão lateral no mesmo sentido";0;0;1;0;0;0;0;0;0;0;1;0;0;0;0
"26/07/2024";"10:10:00";"137";"Sem vítima";"75,000";"BR-290/RS";"Decrescente";"Colisão lateral no mesmo sentido";0;0;0;1;0;0;0;0;0;0;1;0;0;0;0
"26/07/2024";"12:47:00";"170";"Sem vítima";"385,000";"BR-386/RS";"Crescente";"Saída de pista";1;0;0;0;0;0;0;0;0;0;1;0;0;0;0
"26/07/2024";"13:57:23";"188";"Com vítima";"220,000";"BR-386/RS";"Crescente";"Colisão lateral no mesmo sentido";1;0;0;0;0;0;0;0;0;0;0;0;1;0;0
"26/07/2024";"14:51:59";"202";"Sem vítima";"354,000";"BR-386/RS";"Decrescente";"Colisão lateral no mesmo sentido";1;0;0;0;0;0;0;0;0;0;1;0;0;0;0
"26/07/2024";"15:04:00";"204";"Sem vítima";"431,000";"BR-386/RS";"Crescente";"Colisão traseira";0;0;1;0;0;0;0;0;0;0;1;0;0;0;0
"26/07/2024";"16:14:34";"220";"Com vítima";"92,000";"BR-290/RS";"Decrescente";"Colisão traseira";2;0;0;0;0;0;0;0;0;0;3;0;1;0;0
"26/07/2024";"16:50:23";"231";"Sem vítima";"392,000";"BR-386/RS";"Crescente";"Colisão traseira";1;0;0;0;0;0;0;0;0;0;1;0;0;0;0
"26/07/2024";"17:21:44";"241";"Sem vítima";"424,000";"BR-386/RS";"Decrescente";"Colisão traseira";1;0;0;0;0;0;0;0;0;0;1;0;0;0;0
"26/07/2024";"23:11:18";"308";"Sem vítima";"8,300";"BR-101/RS";"Decrescente";"Acidentes de outra natureza";1;0;0;0;0;0;0;0;0;0;1;0;0;0;0
"27/07/2024";"04:43:00";"20";"Com vítima";"92,800";"BR-290/RS";"Crescente";"Capotamento";2;0;0;0;0;0;0;0;0;0;2;1;0;0;0
"27/07/2024";"06:36:00";"29";"Sem vítima";"74,000";"BR-290/RS";"Crescente";"Atropelamento de animal";1;0;0;0;0;0;0;0;0;0;1;0;0;0;0
"27/07/2024";"07:04:00";"32";"Sem vítima";"29,000";"BR-101/RS";"Decrescente";"Saída de pista";0;0;1;0;0;0;0;0;0;0;1;0;0;0;0
"27/07/2024";"12:31:30";"140";"Sem vítima";"354,000";"BR-386/RS";"Crescente";"Colisão lateral no mesmo sentido";0;0;1;0;0;0;0;0;0;0;1;0;0;0;0
"27/07/2024";"14:23:07";"178";"Sem vítima";"68,000";"BR-101/RS";"Decrescente";"Colisão traseira";0;0;0;1;0;0;0;0;0;0;1;0;0;0;0
"27/07/2024";"14:57:00";"190";"Sem vítima";"430,000";"BR-386/RS";"Crescente";"Saída de pista";1;0;0;0;0;0;0;0;0;0;1;0;0;0;0
"27/07/2024";"15:53:11";"209";"Sem vítima";"34,000";"BR-290/RS";"Decrescente";"Colisão traseira";0;0;1;0;0;0;0;0;0;0;1;0;0;0;0
"27/07/2024";"15:58:39";"214";"Sem vítima";"36,400";"BR-290/RS";"Crescente";"Atropelamento de animal";1;0;0;0;0;0;0;0;0;0;1;0;0;0;0
"27/07/2024";"18:26:00";"247";"Com vítima";"354,000";"BR-386/RS";"Decrescente";"Queda de moto";0;0;0;1;0;0;0;0;0;0;0;1;0;0;0
"27/07/2024";"18:43:57";"256";"Sem vítima";"92,150";"BR-290/RS";"Decrescente";"Colisão lateral no mesmo sentido";1;0;0;0;0;0;0;0;0;0;1;0;0;0;0
"27/07/2024";"21:28:01";"284";"Sem vítima";"223,000";"BR-386/RS";"Decrescente";"Colisão lateral no mesmo sentido";1;0;0;0;0;0;0;0;0;0;1;0;0;0;0
"27/07/2024";"21:42:00";"287";"Sem vítima";"80,250";"BR-290/RS";"Decrescente";"Saída de pista";1;0;0;0;0;0;0;0;0;0;1;0;0;0;0
"27/07/2024";"21:43:10";"288";"Sem vítima";"362,000";"BR-386/RS";"Decrescente";"Colisão lateral no mesmo sentido";1;0;0;0;0;0;0;0;0;0;1;0;0;0;0
"28/07/2024";"00:41:19";"5";"Sem vítima";"342,200";"BR-386/RS";"Crescente";"Saída de pista";1;0;0;0;0;0;0;0;0;0;1;0;0;0;0
"28/07/2024";"02:52:15";"13";"Sem vítima";"75,125";"BR-290/RS";"Decrescente";"Saída de pista";1;0;0;0;0;0;0;0;0;0;1;0;0;0;0
"28/07/2024";"05:53:33";"27";"Sem vítima";"10,000";"BR-448/RS";"Decrescente";"Saída de pista";1;0;0;0;0;0;0;0;0;0;1;0;0;0;0
"28/07/2024";"07:18:00";"32";"Com vítima";"43,000";"BR-101/RS";"Decrescente";"Tombamento";1;0;0;0;0;0;0;0;0;0;1;1;0;0;0
"28/07/2024";"09:03:09";"55";"Sem vítima";"9,000";"BR-448/RS";"Decrescente";"Saída de pista";1;0;0;0;0;0;0;0;0;0;1;0;0;0;0
"28/07/2024";"10:24:51";"65";"Sem vítima";"19,000";"BR-290/RS";"Crescente";"Colisão traseira";1;0;0;0;0;0;0;0;0;0;1;0;0;0;0
"28/07/2024";"10:42:54";"69";"Sem vítima";"440,000";"BR-386/RS";"Decrescente";"Saída de pista";1;0;0;0;0;0;0;0;0;0;1;0;0;0;0
"28/07/2024";"12:04:22";"81";"Sem vítima";"298,000";"BR-386/RS";"Decrescente";"Colisão traseira";1;0;0;0;0;0;0;0;0;0;1;0;0;0;0
"28/07/2024";"15:21:00";"113";"Sem vítima";"35,000";"BR-101/RS";"Crescente";"Saída de pista";1;0;0;0;0;0;0;0;0;0;1;0;0;0;0
"28/07/2024";"15:40:34";"118";"Sem vítima";"302,000";"BR-386/RS";"Decrescente";"Engavetamento";1;0;0;0;0;0;0;0;0;0;1;0;0;0;0
"28/07/2024";"16:15:00";"128";"Sem vítima";"214,000";"BR-386/RS";"Decrescente";"Saída de pista";1;0;0;0;0;0;0;0;0;0;1;0;0;0;0
"28/07/2024";"18:15:00";"152";"Sem vítima";"310,000";"BR-386/RS";"Decrescente";"Colisão traseira";1;0;0;0;0;0;0;0;0;0;1;0;0;0;0
"28/07/2024";"18:39:25";"162";"Com vítima";"238,000";"BR-386/RS";"Crescente";"Colisão traseira";2;0;0;0;0;0;0;0;0;0;4;1;0;0;0
"28/07/2024";"21:37:05";"198";"Sem vítima";"350,000";"BR-386/RS";"Decrescente";"Atropelamento de animal";1;0;0;0;0;0;0;0;0;0;1;0;0;0;0
"28/07/2024";"22:02:26";"205";"Sem vítima";"440,000";"BR-386/RS";"Crescente";"Saída de pista";1;0;0;0;0;0;0;0;0;0;1;0;0;0;0
"29/07/2024";"01:00:49";"8";"Sem vítima";"5,400";"BR-290/RS";"Crescente";"Capotamento";1;0;0;0;0;0;0;0;0;0;1;0;0;0;0
"29/07/2024";"07:05:00";"33";"Sem vítima";"81,000";"BR-290/RS";"Crescente";"Colisão traseira";1;0;0;0;0;0;0;0;0;0;1;0;0;0;0
"29/07/2024";"07:56:00";"52";"Sem vítima";"227,000";"BR-386/RS";"Crescente";"Colisão traseira";1;0;0;0;0;0;0;0;0;0;1;0;0;0;0
"29/07/2024";"08:15:17";"60";"Sem vítima";"12,000";"BR-448/RS";"Crescente";"Colisão transversal";1;0;0;0;0;0;0;0;0;0;1;0;0;0;0
"29/07/2024";"08:29:00";"66";"Com vítima";"96,000";"BR-290/RS";"Crescente";"Engavetamento";3;0;0;0;0;0;0;0;0;0;3;1;0;0;0
"29/07/2024";"09:15:19";"79";"Com vítima";"85,000";"BR-101/RS";"Decrescente";"Choque";1;0;0;0;0;0;0;0;0;0;0;0;1;0;0
"29/07/2024";"10:14:11";"95";"Sem vítima";"22,000";"BR-448/RS";"Crescente";"Capotamento";1;0;0;0;0;0;0;0;0;0;1;0;0;0;0
"29/07/2024";"11:36:02";"120";"Sem vítima";"75,000";"BR-290/RS";"Crescente";"Choque";1;0;0;0;0;0;0;0;0;0;1;0;0;0;0
"29/07/2024";"11:59:12";"130";"Sem vítima";"302,000";"BR-386/RS";"Decrescente";"Colisão traseira";1;0;0;0;0;0;0;0;0;0;1;0;0;0;0
"29/07/2024";"14:40:21";"167";"Sem vítima";"33,000";"BR-101/RS";"Crescente";"Choque";1;0;0;0;0;0;0;0;0;0;1;0;0;0;0
"29/07/2024";"15:58:56";"178";"Sem vítima";"286,000";"BR-386/RS";"Decrescente";"Colisão traseira";1;0;0;0;0;0;0;0;0;0;2;0;0;0;0
"29/07/2024";"17:24:03";"187";"Sem vítima";"68,000";"BR-290/RS";"Decrescente";"Acidentes de outra natureza";1;0;0;0;0;0;0;0;0;0;1;0;0;0;0
"30/07/2024";"06:30:00";"24";"Sem vítima";"245,000";"BR-386/RS";"Crescente";"Acidentes de outra natureza";1;0;0;0;0;0;0;0;0;0;1;0;0;0;0
"30/07/2024";"07:58:27";"69";"Sem vítima";"19,000";"BR-448/RS";"Crescente";"Colisão traseira";1;0;0;0;0;0;0;0;0;0;1;0;0;0;0
"30/07/2024";"10:27:00";"139";"Sem vítima";"282,000";"BR-386/RS";"Decrescente";"Colisão traseira";0;0;1;0;0;0;0;0;0;0;1;0;0;0;0
"30/07/2024";"13:45:00";"180";"Com vítima";"197,500";"BR-386/RS";"Decrescente";"Saída de pista";0;0;0;1;0;0;0;0;0;0;0;1;0;0;0
"30/07/2024";"14:15:40";"191";"Sem vítima";"309,000";"BR-386/RS";"Decrescente";"Colisão traseira";1;0;0;0;0;0;0;0;0;0;1;0;0;0;0
"30/07/2024";"14:59:32";"201";"Sem vítima";"418,000";"BR-386/RS";"Decrescente";"Colisão traseira";0;0;0;1;0;0;0;0;0;0;1;0;0;0;0
"30/07/2024";"17:23:21";"230";"Sem vítima";"88,000";"BR-290/RS";"Decrescente";"Choque";0;0;1;0;0;0;0;0;0;0;1;0;0;0;0
"30/07/2024";"17:31:36";"235";"Com vítima";"347,000";"BR-386/RS";"Decrescente";"Colisão lateral no mesmo sentido";0;0;0;1;0;0;0;0;0;0;0;1;0;0;0
"30/07/2024";"19:16:00";"264";"Sem vítima";"399,000";"BR-386/RS";"Crescente";"Saída de pista";1;0;0;0;0;0;0;0;0;0;1;0;0;0;0
"30/07/2024";"20:00:09";"274";"Sem vítima";"75,000";"BR-290/RS";"Crescente";"Choque";1;0;0;0;0;0;0;0;0;0;1;0;0;0;0
"31/07/2024";"08:18:47";"106";"Sem vítima";"16,000";"BR-448/RS";"Decrescente";"Colisão traseira";1;0;0;0;0;0;0;0;0;0;1;0;0;0;0
"31/07/2024";"10:51:00";"157";"Sem vítima";"422,000";"BR-386/RS";"Decrescente";"Colisão traseira";1;0;0;0;0;0;0;0;0;0;1;0;0;0;0
"31/07/2024";"11:42:00";"172";"Sem vítima";"280,000";"BR-386/RS";"Decrescente";"Colisão lateral no mesmo sentido";1;0;0;0;0;0;0;0;0;0;1;0;0;0;0
"31/07/2024";"14:48:20";"206";"Sem vítima";"15,000";"BR-101/RS";"Crescente";"Saída de pista";0;0;1;0;0;0;0;0;0;0;1;0;0;0;0
"31/07/2024";"15:14:02";"211";"Sem vítima";"94,000";"BR-290/RS";"Decrescente";"Colisão lateral no mesmo sentido";1;0;0;0;0;0;0;0;0;0;1;0;0;0;0
"31/07/2024";"15:16:07";"212";"Sem vítima";"14,000";"BR-448/RS";"Decrescente";"Choque";1;0;0;0;0;0;0;0;0;0;1;0;0;0;0
"31/07/2024";"19:56:00";"279";"Sem vítima";"445,000";"BR-386/RS";"Decrescente";"Saída de pista";1;0;0;0;0;0;0;0;0;0;1;0;0;0;0
"31/07/2024";"22:35:00";"300";"Com vítima";"79,250";"BR-290/RS";"Decrescente";"Colisão lateral no mesmo sentido";1;0;0;0;0;0;0;0;0;0;0;0;1;0;0
"01/08/2024";"02:37:00";"13";"Sem vítima";"80,000";"BR-290/RS";"Decrescente";"Acidentes de outra natureza";1;0;0;0;0;0;0;0;0;0;1;0;0;0;0
"01/08/2024";"02:41:00";"14";"Sem vítima";"38,000";"BR-290/RS";"Crescente";"Acidentes de outra natureza";0;0;1;0;0;0;0;0;0;0;1;0;0;0;0
"01/08/2024";"08:17:34";"100";"Sem vítima";"69,000";"BR-290/RS";"Decrescente";"Saída de pista";1;0;0;0;0;0;0;0;0;0;1;0;0;0;0
"01/08/2024";"16:31:00";"246";"Com vítima";"435,000";"BR-386/RS";"Crescente";"Colisão traseira";0;0;2;0;0;0;0;0;0;0;1;1;0;0;0
"01/08/2024";"20:02:57";"289";"Com vítima";"2,200";"BR-101/RS";"Crescente";"Saída de pista";1;0;0;0;0;0;0;0;0;0;0;0;1;0;0
"01/08/2024";"21:07:00";"307";"Sem vítima";"91,000";"BR-290/RS";"Decrescente";"Colisão traseira";1;0;0;0;0;0;0;0;0;0;1;0;0;0;0
"01/08/2024";"22:40:23";"323";"Sem vítima";"69,150";"BR-290/RS";"Crescente";"Saída de pista";1;0;0;0;0;0;0;0;0;0;1;0;0;0;0
"02/08/2024";"01:18:27";"10";"Sem vítima";"36,000";"BR-290/RS";"Decrescente";"Choque";0;0;1;0;0;0;0;0;0;0;1;0;0;0;0
"02/08/2024";"06:43:31";"41";"Sem vítima";"73,000";"BR-290/RS";"Decrescente";"Colisão traseira";0;0;0;1;0;0;0;0;0;0;1;0;0;0;0
"02/08/2024";"08:38:44";"119";"Com vítima";"96,000";"BR-290/RS";"Crescente";"Colisão traseira";1;0;0;0;0;0;0;0;0;0;0;1;0;0;0
"02/08/2024";"09:31:01";"138";"Sem vítima";"13,200";"BR-290/RS";"Crescente";"Saída de pista";1;0;0;0;0;0;0;0;0;0;1;0;0;0;0
"02/08/2024";"09:54:17";"151";"Sem vítima";"217,000";"BR-386/RS";"Decrescente";"Colisão traseira";1;0;0;0;0;0;0;0;0;0;1;0;0;0;0
"02/08/2024";"14:11:54";"205";"Sem vítima";"90,000";"BR-290/RS";"Decrescente";"Colisão lateral no mesmo sentido";1;0;0;0;0;0;0;0;0;0;1;0;0;0;0
"02/08/2024";"14:52:57";"218";"Com vítima";"344,000";"BR-386/RS";"Decrescente";"Colisão traseira";1;0;0;0;0;0;0;0;0;0;0;1;0;0;0
"02/08/2024";"14:57:43";"220";"Com vítima";"98,000";"BR-290/RS";"Decrescente";"Colisão traseira";1;0;0;0;0;0;0;0;0;0;0;1;0;0;0
"02/08/2024";"16:03:52";"232";"Sem vítima";"303,000";"BR-386/RS";"Decrescente";"Saída de pista";0;0;1;0;0;0;0;0;0;0;1;0;0;0;0
"02/08/2024";"17:43:45";"253";"Sem vítima";"60,000";"BR-290/RS";"Crescente";"Colisão lateral no mesmo sentido";0;0;1;0;0;0;0;0;0;0;1;0;0;0;0
"02/08/2024";"19:45:20";"276";"Sem vítima";"346,000";"BR-386/RS";"Decrescente";"Colisão traseira";1;0;0;0;0;0;0;0;0;0;1;0;0;0;0