data;horario;n_da_ocorrencia;tipo_de_ocorrencia;km;trecho;sentido;tipo_de_acidente;automovel;bicicleta;caminhao;moto;onibus;outros;tracao_animal;transporte_de_cargas_especiais;trator_maquinas;utilitarios;ilesos;levemente_feridos;moderadamente_feridos;gravemente_feridos;mortos
"08/10/2024";"07:27:10";"74";"Com vítima";"362,000";"BR-386/RS";"Crescente";"Capotamento";1;0;0;0;0;0;0;0;0;0;0;0;0;0;1
"08/10/2024";"08:23:37";"88";"Sem vítima";"215,000";"BR-386/RS";"Decrescente";"Choque";0;0;1;0;0;0;0;0;0;0;1;0;0;0;0
"08/10/2024";"09:33:37";"102";"Sem vítima";"10,800";"BR-290/RS";"Decrescente";"Capotamento";1;0;0;0;0;0;0;0;0;0;1;0;0;0;0
"08/10/2024";"11:17:26";"121";"Sem vítima";"210,000";"BR-386/RS";"Crescente";"Choque";1;0;0;0;0;0;0;0;0;0;1;0;0;0;0
"08/10/2024";"12:28:40";"135";"Sem vítima";"22,000";"BR-448/RS";"Decrescente";"Choque";1;0;0;0;0;0;0;0;0;0;1;0;0;0;0
"08/10/2024";"13:26:10";"145";"Sem vítima";"247,000";"BR-386/RS";"Decrescente";"Saída de pista";0;0;1;0;0;0;0;0;0;0;1;0;0;0;0
"08/10/2024";"17:08:48";"178";"Sem vítima";"19,000";"BR-290/RS";"Crescente";"Saída de pista";1;0;0;0;0;0;0;0;0;0;1;0;0;0;0
"08/10/2024";"17:38:00";"185";"Sem vítima";"60,000";"BR-290/RS";"Decrescente";"Choque";0;0;1;0;0;0;0;0;0;0;1;0;0;0;0
"08/10/2024";"18:14:38";"190";"Sem vítima";"435,000";"BR-386/RS";"Decrescente";"Colisão traseira";0;0;1;0;0;0;0;0;0;0;1;0;0;0;0
"08/10/2024";"21:24:31";"212";"Sem vítima";"303,750";"BR-386/RS";"Decrescente";"Saída de pista";0;0;1;0;0;0;0;0;0;0;1;0;0;0;0
"09/10/2024";"01:48:08";"15";"Com vítima";"345,000";"BR-386/RS";"Crescente";"Saída de pista";1;0;0;0;0;0;0;0;0;0;0;1;0;0;0
"09/10/2024";"06:14:38";"24";"Sem vítima";"349,000";"BR-386/RS";"Decrescente";"Colisão transversal";1;0;0;0;0;0;0;0;0;0;1;0;0;0;0
"09/10/2024";"07:38:37";"101";"Sem vítima";"4,000";"BR-448/RS";"Crescente";"Colisão traseira";1;0;0;0;0;0;0;0;0;0;1;0;0;0;0
"09/10/2024";"07:40:52";"103";"Sem vítima";"60,000";"BR-290/RS";"Crescente";"Choque";0;0;1;0;0;0;0;0;0;0;1;0;0;0;0
"09/10/2024";"08:49:36";"137";"Com vítima";"96,000";"BR-290/RS";"Crescente";"Colisão lateral no mesmo sentido";0;0;0;1;0;0;0;0;0;0;0;1;0;0;0
"09/10/2024";"10:51:23";"172";"Sem vítima";"272,000";"BR-386/RS";"Decrescente";"Tombamento";0;0;1;0;0;0;0;0;0;0;1;0;0;0;0
"09/10/2024";"16:11:07";"236";"Sem vítima";"228,000";"BR-386/RS";"Decrescente";"Colisão traseira";1;0;0;0;0;0;0;0;0;0;1;0;0;0;0
"09/10/2024";"17:23:12";"247";"Sem vítima";"71,450";"BR-290/RS";"Decrescente";"Colisão lateral no mesmo sentido";1;0;0;0;0;0;0;0;0;0;1;0;0;0;0
"09/10/2024";"17:52:18";"252";"Com vítima";"86,000";"BR-290/RS";"Decrescente";"Colisão traseira";1;0;0;1;0;0;0;0;0;0;1;0;1;0;0
"09/10/2024";"18:00:38";"254";"Sem vítima";"228,000";"BR-386/RS";"Decrescente";"Choque";1;0;0;0;0;0;0;0;0;0;1;0;0;0;0
"09/10/2024";"20:20:08";"293";"Sem vítima";"354,000";"BR-386/RS";"Crescente";"Acidentes de outra natureza";1;0;0;0;0;0;0;0;0;0;1;0;0;0;0
"10/10/2024";"07:07:08";"51";"Sem vítima";"180,000";"BR-386/RS";"Decrescente";"Tombamento";0;0;1;0;0;0;0;0;0;0;1;0;0;0;0
"10/10/2024";"08:01:14";"104";"Sem vítima";"94,000";"BR-290/RS";"Decrescente";"Choque";1;0;0;0;0;0;0;0;0;0;1;0;0;0;0
"10/10/2024";"08:01:34";"103";"Sem vítima";"262,000";"BR-386/RS";"Decrescente";"Colisão lateral no mesmo sentido";1;0;0;0;0;0;0;0;0;0;1;0;0;0;0
"10/10/2024";"08:34:32";"123";"Com vítima";"243,400";"BR-386/RS";"Decrescente";"Colisão traseira";1;0;2;0;0;0;0;0;0;0;2;0;0;1;0
"10/10/2024";"08:51:41";"134";"Sem vítima";"375,800";"BR-386/RS";"Decrescente";"Colisão traseira";1;0;0;0;0;0;0;0;0;0;1;0;0;0;0
"10/10/2024";"09:49:01";"162";"Sem vítima";"40,000";"BR-290/RS";"Crescente";"Colisão traseira";1;0;0;0;0;0;0;0;0;0;1;0;0;0;0
"10/10/2024";"11:23:55";"192";"Sem vítima";"96,000";"BR-290/RS";"Crescente";"Choque";0;0;1;0;0;0;0;0;0;0;1;0;0;0;0
"10/10/2024";"13:20:04";"213";"Com vítima";"22,500";"BR-101/RS";"Crescente";"Colisão traseira";1;0;0;0;0;0;0;0;0;0;0;1;0;0;0
"10/10/2024";"18:00:42";"287";"Sem vítima";"27,000";"BR-101/RS";"Decrescente";"Choque";1;0;0;0;0;0;0;0;0;0;1;0;0;0;0
"10/10/2024";"19:14:49";"298";"Com vítima";"46,000";"BR-101/RS";"Decrescente";"Acidentes de outra natureza";1;0;0;0;0;0;0;0;0;0;1;1;0;0;0
"10/10/2024";"19:43:51";"304";"Sem vítima";"2,000";"BR-101/RS";"Decrescente";"Choque";1;0;0;0;0;0;0;0;0;0;1;0;0;0;0
"11/10/2024";"01:06:51";"10";"Com vítima";"338,000";"BR-386/RS";"Crescente";"Choque";0;0;1;0;0;0;0;0;0;0;0;0;1;0;0
"11/10/2024";"11:08:56";"161";"Sem vítima";"228,000";"BR-386/RS";"Decrescente";"Colisão lateral no mesmo sentido";1;0;0;0;0;0;0;0;0;0;1;0;0;0;0
"11/10/2024";"11:35:16";"166";"Sem vítima";"389,000";"BR-386/RS";"Crescente";"Colisão lateral no mesmo sentido";1;0;0;0;0;0;0;0;0;0;1;0;0;0;0
"11/10/2024";"13:05:04";"187";"Sem vítima";"21,000";"BR-448/RS";"Crescente";"Colisão traseira";1;0;0;0;0;0;0;0;0;0;1;0;0;0;0
"11/10/2024";"13:10:06";"189";"Sem vítima";"319,500";"BR-386/RS";"Decrescente";"Colisão traseira";1;0;0;0;0;0;0;0;0;0;1;0;0;0;0
"11/10/2024";"13:59:10";"201";"Sem vítima";"35,000";"BR-101/RS";"Decrescente";"Colisão lateral no mesmo sentido";1;0;0;0;0;0;0;0;0;0;1;0;0;0;0
"11/10/2024";"15:27:03";"220";"Sem vítima";"44,900";"BR-290/RS";"Crescente";"Saída de pista";1;0;0;0;0;0;0;0;0;0;1;0;0;0;0
"11/10/2024";"15:46:23";"222";"Sem vítima";"78,000";"BR-101/RS";"Crescente";"Colisão lateral no mesmo sentido";1;0;0;0;0;0;0;0;0;0;1;0;0;0;0
"11/10/2024";"16:11:25";"227";"Com vítima";"372,250";"BR-386/RS";"Decrescente";"Colisão lateral no mesmo sentido";0;0;0;1;0;0;0;0;0;0;0;0;1;0;0
"11/10/2024";"17:18:55";"239";"Sem vítima";"413,000";"BR-386/RS";"Decrescente";"Saída de pista";1;0;0;0;0;0;0;0;0;0;1;0;0;0;0
"11/10/2024";"19:08:26";"265";"Com vítima";"56,000";"BR-290/RS";"Crescente";"Colisão transversal";1;0;0;0;0;0;0;0;0;0;0;1;0;0;0
"11/10/2024";"19:21:46";"270";"Com vítima";"242,400";"BR-386/RS";"Decrescente";"Atropelamento de animal";2;0;0;0;0;0;0;0;0;0;1;0;0;1;0
"11/10/2024";"19:47:17";"274";"Sem vítima";"9,000";"BR-290/RS";"Decrescente";"Colisão traseira";1;0;0;0;0;0;0;0;0;0;1;0;0;0;0
"11/10/2024";"21:40:20";"292";"Sem vítima";"85,000";"BR-101/RS";"Decrescente";"Choque";1;0;0;0;0;0;0;0;0;0;1;0;0;0;0
"11/10/2024";"21:40:24";"291";"Sem vítima";"420,300";"BR-386/RS";"Decrescente";"Saída de pista";1;0;0;0;0;0;0;0;0;0;1;0;0;0;0
"11/10/2024";"23:20:06";"310";"Sem vítima";"257,200";"BR-386/RS";"Crescente";"Saída de pista";0;0;1;0;0;0;0;0;0;0;1;0;0;0;0
"12/10/2024";"01:06:26";"11";"Sem vítima";"423,800";"BR-386/RS";"Decrescente";"Choque";0;0;1;0;0;0;0;0;0;0;1;0;0;0;0
"12/10/2024";"04:52:18";"28";"Sem vítima";"19,000";"BR-290/RS";"Crescente";"Colisão traseira";1;0;0;0;0;0;0;0;0;0;1;0;0;0;0
"12/10/2024";"05:56:15";"30";"Sem vítima";"79,000";"BR-101/RS";"Crescente";"Saída de pista";1;0;0;0;0;0;0;0;0;0;1;0;0;0;0
"12/10/2024";"08:38:53";"102";"Sem vítima";"3,000";"BR-290/RS";"Decrescente";"Colisão lateral no mesmo sentido";0;0;1;0;0;0;0;0;0;0;1;0;0;0;0
"12/10/2024";"18:09:51";"203";"Sem vítima";"19,000";"BR-290/RS";"Decrescente";"Colisão traseira";1;0;0;0;0;0;0;0;0;0;1;0;0;0;0
"12/10/2024";"21:20:33";"237";"Sem vítima";"52,000";"BR-101/RS";"Crescente";"Tombamento";0;0;1;0;0;0;0;0;0;0;1;0;0;0;0
"13/10/2024";"06:23:44";"21";"Sem vítima";"420,000";"BR-386/RS";"Crescente";"Choque";1;0;0;0;0;0;0;0;0;0;1;0;0;0;0
"13/10/2024";"09:23:25";"49";"Com vítima";"227,000";"BR-386/RS";"Decrescente";"Colisão traseira";1;0;0;0;0;0;0;0;0;0;0;0;1;0;0
"13/10/2024";"16:22:30";"112";"Sem vítima";"346,000";"BR-386/RS";"Crescente";"Colisão traseira";1;0;0;0;0;0;0;0;0;0;1;0;0;0;0
"13/10/2024";"16:43:42";"123";"Sem vítima";"60,000";"BR-290/RS";"Crescente";"Colisão traseira";1;0;0;0;0;0;0;0;0;0;1;0;0;0;0
"13/10/2024";"17:01:23";"126";"Com vítima";"350,000";"BR-386/RS";"Decrescente";"Colisão traseira";0;0;0;1;0;0;0;0;0;0;0;1;0;0;0
"13/10/2024";"17:02:17";"127";"Sem vítima";"74,000";"BR-101/RS";"Decrescente";"Saída de pista";1;0;0;0;0;0;0;0;0;0;1;0;0;0;0
"13/10/2024";"20:40:36";"176";"Sem vítima";"2,000";"BR-290/RS";"Crescente";"Saída de pista";1;0;0;0;0;0;0;0;0;0;1;0;0;0;0
"14/10/2024";"07:22:31";"94";"Com vítima";"92,000";"BR-290/RS";"Crescente";"Colisão traseira";1;0;0;1;0;0;0;0;0;0;1;1;0;0;0
"14/10/2024";"10:06:57";"174";"Sem vítima";"299,000";"BR-386/RS";"Decrescente";"Colisão traseira";1;0;0;0;0;0;0;0;0;0;1;0;0;0;0
"14/10/2024";"10:43:19";"182";"Com vítima";"45,000";"BR-290/RS";"Decrescente";"Choque";0;0;0;1;0;0;0;0;0;0;0;0;0;1;0
"14/10/2024";"11:07:20";"191";"Sem vítima";"275,000";"BR-386/RS";"Decrescente";"Engavetamento";1;0;0;0;0;0;0;0;0;0;1;0;0;0;0
"14/10/2024";"12:33:35";"201";"Sem vítima";"349,000";"BR-386/RS";"Crescente";"Colisão lateral no mesmo sentido";1;0;0;0;0;0;0;0;0;0;1;0;0;0;0
"14/10/2024";"13:03:15";"208";"Sem vítima";"350,000";"BR-386/RS";"Crescente";"Colisão lateral no mesmo sentido";1;0;0;0;0;0;0;0;0;0;1;0;0;0;0
"14/10/2024";"16:13:54";"266";"Sem vítima";"351,000";"BR-386/RS";"Decrescente";"Colisão lateral no mesmo sentido";1;0;0;0;0;0;0;0;0;0;1;0;0;0;0
"14/10/2024";"18:46:08";"297";"Com vítima";"39,000";"BR-101/RS";"Crescente";"Acidentes de outra natureza";0;0;1;0;0;0;0;0;0;0;1;0;1;0;0
"14/10/2024";"20:56:00";"317";"Com vítima";"95,000";"BR-290/RS";"Crescente";"Choque";1;0;0;0;0;0;0;0;0;0;0;1;0;0;0
"14/10/2024";"22:33:55";"326";"Sem vítima";"66,000";"BR-290/RS";"Crescente";"Saída de pista";0;0;1;0;0;0;0;0;0;0;1;0;0;0;0
"15/10/2024";"01:22:09";"10";"Sem vítima";"307,000";"BR-386/RS";"Decrescente";"Tombamento";0;0;1;0;0;0;0;0;0;0;1;0;0;0;0
"15/10/2024";"06:49:11";"37";"Sem vítima";"309,000";"BR-386/RS";"Decrescente";"Colisão frontal";1;0;0;0;1;0;0;0;0;0;29;0;0;0;0
"15/10/2024";"11:31:27";"176";"Sem vítima";"369,000";"BR-386/RS";"Crescente";"Saída de pista";1;0;0;0;0;0;0;0;0;0;1;0;0;0;0
"15/10/2024";"11:37:03";"178";"Sem vítima";"350,000";"BR-386/RS";"Decrescente";"Colisão traseira";1;0;0;0;0;0;0;0;0;0;1;0;0;0;0
"15/10/2024";"13:18:54";"195";"Sem vítima";"350,000";"BR-386/RS";"Decrescente";"Engavetamento";0;0;1;0;0;0;0;0;0;0;1;0;0;0;0
"15/10/2024";"14:31:54";"205";"Com vítima";"184,000";"BR-386/RS";"Crescente";"Capotamento";1;0;0;0;0;0;0;0;0;0;1;1;0;0;0
"15/10/2024";"16:46:04";"229";"Sem vítima";"317,000";"BR-386/RS";"Crescente";"Choque";1;0;0;0;0;0;0;0;0;0;1;0;0;0;0
"15/10/2024";"20:30:16";"268";"Sem vítima";"346,000";"BR-386/RS";"Crescente";"Atropelamento de animal";1;0;0;0;0;0;0;0;0;0;1;0;0;0;0
"15/10/2024";"21:16:38";"273";"Sem vítima";"432,000";"BR-386/RS";"Decrescente";"Atropelamento de animal";1;0;0;0;0;0;0;0;0;0;1;0;0;0;0
"15/10/2024";"22:47:00";"282";"Sem vítima";"238,000";"BR-386/RS";"Crescente";"Choque";1;0;0;0;0;0;0;0;0;0;1;0;0;0;0
"16/10/2024";"08:34:55";"130";"Sem vítima";"350,000";"BR-386/RS";"Decrescente";"Colisão traseira";1;0;0;0;0;0;0;0;0;0;1;0;0;0;0
"16/10/2024";"12:50:42";"190";"Com vítima";"85,000";"BR-101/RS";"Decrescente";"Colisão traseira";1;0;0;1;0;0;0;0;0;0;1;1;0;0;0
"16/10/2024";"16:09:28";"231";"Com vítima";"245,000";"BR-386/RS";"Decrescente";"Colisão lateral no mesmo sentido";1;0;1;0;0;0;0;0;0;0;2;2;0;0;0
"16/10/2024";"19:08:28";"266";"Sem vítima";"60,000";"BR-290/RS";"Decrescente";"Colisão traseira";1;0;0;0;0;0;0;0;0;0;1;0;0;0;0
"16/10/2024";"20:31:47";"277";"Sem vítima";"294,500";"BR-386/RS";"Crescente";"Colisão traseira";0;0;1;0;0;0;0;0;0;0;1;0;0;0;0
"17/10/2024";"04:53:02";"17";"Sem vítima";"57,000";"BR-101/RS";"Decrescente";"Saída de pista";0;0;1;0;0;0;0;0;0;0;1;0;0;0;0
"17/10/2024";"06:49:50";"47";"Sem vítima";"308,000";"BR-386/RS";"Decrescente";"Colisão traseira";0;0;1;0;0;0;0;0;0;0;1;0;0;0;0
"17/10/2024";"10:17:04";"137";"Com vítima";"375,000";"BR-386/RS";"Decrescente";"Colisão lateral no mesmo sentido";0;0;0;1;0;0;0;0;0;0;0;1;0;0;0
"17/10/2024";"15:16:50";"187";"Sem vítima";"439,000";"BR-386/RS";"Crescente";"Colisão traseira";1;0;0;0;0;0;0;0;0;0;1;0;0;0;0
"17/10/2024";"15:22:16";"190";"Com vítima";"444,000";"BR-386/RS";"Crescente";"Colisão traseira";1;0;0;1;0;0;0;0;0;0;1;0;1;0;0
"17/10/2024";"20:54:59";"247";"Sem vítima";"27,000";"BR-101/RS";"Decrescente";"Colisão lateral no mesmo sentido";1;0;0;0;0;0;0;0;0;0;1;0;0;0;0
"17/10/2024";"21:33:37";"256";"Com vítima";"70,000";"BR-290/RS";"Decrescente";"Atropelamento de animal";1;0;0;0;0;0;0;0;0;0;0;1;0;0;0
"18/10/2024";"05:29:04";"21";"Sem vítima";"197,500";"BR-386/RS";"Decrescente";"Colisão traseira";0;0;1;0;0;0;0;0;0;0;1;0;0;0;0
"18/10/2024";"06:00:13";"24";"Sem vítima";"20,400";"BR-290/RS";"Decrescente";"Saída de pista";1;0;0;0;0;0;0;0;0;0;1;0;0;0;0
"18/10/2024";"09:22:56";"146";"Sem vítima";"440,000";"BR-386/RS";"Crescente";"Choque";1;0;0;0;0;0;0;0;0;0;1;0;0;0;0
"18/10/2024";"13:09:47";"194";"Sem vítima";"350,000";"BR-386/RS";"Decrescente";"Colisão traseira";1;0;0;0;0;0;0;0;0;0;1;0;0;0;0
"18/10/2024";"14:35:10";"206";"Sem vítima";"78,400";"BR-101/RS";"Decrescente";"Atropelamento de animal";0;0;1;0;0;0;0;0;0;0;1;0;0;0;0
"18/10/2024";"15:20:12";"217";"Sem vítima";"245,000";"BR-386/RS";"Decrescente";"Colisão lateral no mesmo sentido";0;0;1;0;0;0;0;0;0;0;1;0;0;0;0
"18/10/2024";"16:54:51";"229";"Com vítima";"66,000";"BR-290/RS";"Decrescente";"Saída de pista";1;0;0;0;0;0;0;0;0;0;3;2;0;0;0
"18/10/2024";"17:56:33";"241";"Com vítima";"303,000";"BR-386/RS";"Decrescente";"Colisão frontal";1;0;0;0;0;0;0;0;0;0;0;0;1;0;0
"18/10/2024";"19:46:01";"253";"Sem vítima";"84,000";"BR-290/RS";"Decrescente";"Colisão lateral no mesmo sentido";1;0;0;0;0;0;0;0;0;0;1;0;0;0;0
"18/10/2024";"20:45:29";"270";"Sem vítima";"80,000";"BR-101/RS";"Decrescente";"Colisão traseira";1;0;0;0;0;0;0;0;0;0;1;0;0;0;0
"18/10/2024";"20:53:08";"271";"Com vítima";"347,000";"BR-386/RS";"Decrescente";"Saída de pista";1;0;0;0;0;0;0;0;0;0;0;0;1;0;0
"18/10/2024";"22:22:00";"290";"Sem vítima";"84,000";"BR-290/RS";"Crescente";"Capotamento";1;0;0;0;0;0;0;0;0;0;1;0;0;0;0
"19/10/2024";"06:09:18";"49";"Sem vítima";"345,000";"BR-386/RS";"Crescente";"Saída de pista";1;0;0;0;0;0;0;0;0;0;1;0;0;0;0
"19/10/2024";"07:57:20";"101";"Sem vítima";"308,000";"BR-386/RS";"Crescente";"Colisão traseira";1;0;0;0;0;0;0;0;0;0;1;0;0;0;0
"19/10/2024";"09:13:26";"132";"Sem vítima";"215,000";"BR-386/RS";"Crescente";"Colisão lateral no mesmo sentido";1;0;0;0;0;0;0;0;0;0;1;0;0;0;0
"19/10/2024";"11:12:13";"158";"Sem vítima";"302,000";"BR-386/RS";"Crescente";"Colisão lateral no mesmo sentido";1;0;0;0;0;0;0;0;0;0;1;0;0;0;0
"19/10/2024";"14:37:56";"206";"Sem vítima";"82,400";"BR-290/RS";"Decrescente";"Queda de moto";0;0;0;1;0;0;0;0;0;0;1;0;0;0;0
"19/10/2024";"15:10:14";"215";"Com vítima";"224,000";"BR-386/RS";"Decrescente";"Choque";0;0;0;1;0;0;0;0;0;0;0;0;2;0;0
"19/10/2024";"20:40:25";"271";"Com vítima";"86,000";"BR-290/RS";"Decrescente";"Atropelamento de pedestre";1;0;0;0;0;0;0;0;0;0;1;0;1;0;0
"20/10/2024";"11:22:08";"103";"Com vítima";"350,000";"BR-386/RS";"Decrescente";"Queda de moto";0;0;0;1;0;0;0;0;0;0;0;1;0;0;0
"20/10/2024";"11:54:53";"109";"Com vítima";"29,000";"BR-290/RS";"Crescente";"Choque";1;0;0;0;0;0;0;0;0;0;1;1;0;0;0
"20/10/2024";"17:43:07";"169";"Com vítima";"11,000";"BR-448/RS";"Decrescente";"Choque";1;0;0;1;0;0;0;0;0;0;2;0;1;0;0
"20/10/2024";"19:50:12";"202";"Sem vítima";"21,000";"BR-448/RS";"Decrescente";"Colisão lateral no mesmo sentido";1;0;0;0;0;0;0;0;0;0;1;0;0;0;0
"20/10/2024";"20:46:27";"218";"Sem vítima";"60,000";"BR-290/RS";"Crescente";"Engavetamento";1;0;0;0;0;0;0;0;0;0;1;0;0;0;0
"21/10/2024";"00:01:00";"1";"Sem vítima";"37,000";"BR-290/RS";"Crescente";"Capotamento";1;0;0;0;0;0;0;0;0;0;1;0;0;0;0
"21/10/2024";"02:32:24";"14";"Sem vítima";"345,000";"BR-386/RS";"Crescente";"Saída de pista";1;0;0;0;0;0;0;0;0;0;1;0;0;0;0
"21/10/2024";"06:12:06";"28";"Com vítima";"349,000";"BR-386/RS";"Crescente";"Engavetamento";1;0;0;0;0;0;0;0;0;0;0;1;0;0;0
"21/10/2024";"07:34:14";"86";"Sem vítima";"87,000";"BR-290/RS";"Crescente";"Engavetamento";1;0;0;0;0;0;0;0;0;0;1;0;0;0;0
"21/10/2024";"08:02:01";"101";"Sem vítima";"74,600";"BR-290/RS";"Crescente";"Colisão lateral no mesmo sentido";0;0;1;0;0;0;0;0;0;0;1;0;0;0;0
"21/10/2024";"08:45:00";"123";"Sem vítima";"340,000";"BR-386/RS";"Crescente";"Colisão lateral no mesmo sentido";1;0;0;0;0;0;0;0;0;0;1;0;0;0;0
"21/10/2024";"09:00:18";"140";"Sem vítima";"91,200";"BR-290/RS";"Crescente";"Colisão traseira";1;0;0;0;0;0;0;0;0;0;1;0;0;0;0
"21/10/2024";"10:29:02";"169";"Sem vítima";"389,000";"BR-386/RS";"Crescente";"Engavetamento";1;0;0;0;0;0;0;0;0;0;1;0;0;0;0
"21/10/2024";"13:13:43";"201";"Sem vítima";"90,000";"BR-290/RS";"Decrescente";"Colisão lateral no mesmo sentido";1;0;0;0;0;0;0;0;0;0;1;0;0;0;0
"21/10/2024";"14:31:45";"215";"Com vítima";"93,000";"BR-290/RS";"Decrescente";"Colisão lateral no mesmo sentido";1;0;0;0;0;0;0;0;0;0;0;1;0;0;0
"21/10/2024";"18:31:12";"254";"Sem vítima";"349,700";"BR-386/RS";"Crescente";"Colisão lateral no mesmo sentido";0;0;1;0;0;0;0;0;0;0;1;0;0;0;0
"21/10/2024";"20:38:06";"288";"Sem vítima";"349,800";"BR-386/RS";"Decrescente";"Colisão lateral no mesmo sentido";0;0;1;0;0;0;0;0;0;0;1;0;0;0;0
"21/10/2024";"22:24:01";"311";"Com vítima";"442,200";"BR-386/RS";"Decrescente";"Colisão traseira";1;0;0;1;0;0;0;0;0;0;2;0;1;0;0
"22/10/2024";"00:06:46";"1";"Sem vítima";"60,000";"BR-290/RS";"Decrescente";"Choque";0;0;1;0;0;0;0;0;0;0;1;0;0;0;0
"22/10/2024";"01:30:25";"14";"Com vítima";"2,700";"BR-101/RS";"Decrescente";"Atropelamento de pedestre";0;0;0;1;0;0;0;0;0;0;0;0;0;0;2
"22/10/2024";"02:30:24";"22";"Sem vítima";"67,000";"BR-101/RS";"Crescente";"Choque";0;0;1;0;0;0;0;0;0;0;1;0;0;0;0
"22/10/2024";"03:46:46";"27";"Sem vítima";"92,000";"BR-290/RS";"Decrescente";"Choque";1;0;0;0;0;0;0;0;0;0;1;0;0;0;0
"22/10/2024";"05:45:34";"32";"Com vítima";"40,000";"BR-290/RS";"Crescente";"Tombamento";0;0;1;0;0;0;0;0;0;0;0;1;0;0;0
"22/10/2024";"06:24:49";"46";"Sem vítima";"233,000";"BR-386/RS";"Decrescente";"Colisão traseira";1;0;0;0;0;0;0;0;0;0;1;0;0;0;0
"22/10/2024";"08:03:46";"127";"Sem vítima";"14,700";"BR-448/RS";"Crescente";"Colisão traseira";1;0;0;0;0;0;0;0;0;0;1;0;0;0;0
"22/10/2024";"09:38:30";"164";"Sem vítima";"76,000";"BR-290/RS";"Crescente";"Saída de pista";1;0;0;0;0;0;0;0;0;0;1;0;0;0;0
"22/10/2024";"09:50:10";"166";"Sem vítima";"434,000";"BR-386/RS";"Crescente";"Colisão lateral no mesmo sentido";1;0;0;0;0;0;0;0;0;0;1;0;0;0;0
"22/10/2024";"12:13:22";"195";"Sem vítima";"58,000";"BR-290/RS";"Decrescente";"Colisão lateral no mesmo sentido";0;0;1;0;0;0;0;0;0;0;1;0;0;0;0
"22/10/2024";"17:11:25";"255";"Sem vítima";"60,000";"BR-290/RS";"Crescente";"Colisão traseira";1;0;0;0;0;0;0;0;0;0;1;0;0;0;0
"22/10/2024";"19:20:37";"275";"Sem vítima";"414,200";"BR-386/RS";"Decrescente";"Colisão traseira";1;0;0;0;0;0;0;0;0;0;1;0;0;0;0
"22/10/2024";"21:17:59";"292";"Sem vítima";"18,000";"BR-448/RS";"Decrescente";"Colisão frontal";1;0;0;0;0;0;0;0;0;0;1;0;0;0;0
"22/10/2024";"22:23:05";"299";"Sem vítima";"365,000";"BR-386/RS";"Crescente";"Choque";1;0;0;0;0;0;0;0;0;0;1;0;0;0;0
"23/10/2024";"01:54:18";"11";"Sem vítima";"18,000";"BR-290/RS";"Decrescente";"Saída de pista";1;0;0;0;0;0;0;0;0;0;1;0;0;0;0
"23/10/2024";"06:45:40";"44";"Sem vítima";"244,000";"BR-386/RS";"Decrescente";"Saída de pista";1;0;0;0;0;0;0;0;0;0;1;0;0;0;0
"23/10/2024";"06:53:54";"46";"Sem vítima";"414,000";"BR-386/RS";"Decrescente";"Saída de pista";0;0;1;0;0;0;0;0;0;0;1;0;0;0;0
"23/10/2024";"07:37:27";"74";"Sem vítima";"46,000";"BR-290/RS";"Crescente";"Saída de pista";1;0;0;0;0;0;0;0;0;0;1;0;0;0;0
"23/10/2024";"15:19:29";"266";"Com vítima";"437,000";"BR-386/RS";"Crescente";"Colisão traseira";0;0;1;1;0;0;0;0;0;0;1;0;2;0;0
"23/10/2024";"16:17:02";"276";"Com vítima";"260,000";"BR-386/RS";"Decrescente";"Colisão frontal";1;0;1;0;0;0;0;0;0;0;1;0;1;0;0
"23/10/2024";"17:26:02";"289";"Sem vítima";"349,000";"BR-386/RS";"Decrescente";"Engavetamento";1;0;0;0;0;0;0;0;0;0;1;0;0;0;0
"23/10/2024";"18:03:39";"297";"Sem vítima";"75,000";"BR-290/RS";"Decrescente";"Colisão traseira";1;0;0;0;0;0;0;0;0;0;1;0;0;0;0
"23/10/2024";"18:16:42";"301";"Com vítima";"75,000";"BR-290/RS";"Decrescente";"Queda de moto";0;0;0;1;0;0;0;0;0;0;0;2;0;0;0
"24/10/2024";"01:08:57";"6";"Sem vítima";"75,000";"BR-290/RS";"Crescente";"Saída de pista";1;0;0;0;0;0;0;0;0;0;1;0;0;0;0
"24/10/2024";"07:51:10";"83";"Sem vítima";"92,000";"BR-290/RS";"Decrescente";"Colisão traseira";1;0;0;0;0;0;0;0;0;0;1;0;0;0;0
"24/10/2024";"12:34:34";"191";"Sem vítima";"22,100";"BR-290/RS";"Crescente";"Saída de pista";0;0;1;0;0;0;0;0;0;0;1;0;0;0;0