data;horario;n_da_ocorrencia;tipo_de_ocorrencia;km;trecho;sentido;tipo_de_acidente;automovel;bicicleta;caminhao;moto;onibus;outros;tracao_animal;transporte_de_cargas_especiais;trator_maquinas;utilitarios;ilesos;levemente_feridos;moderadamente_feridos;gravemente_feridos;mortos
"24/10/2024";"15:05:40";"233";"Sem vítima";"424,600";"BR-386/RS";"Crescente";"Colisão traseira";1;0;0;0;0;0;0;0;0;0;1;0;0;0;0
"24/10/2024";"17:25:47";"264";"Com vítima";"80,000";"BR-290/RS";"Decrescente";"Queda de moto";0;0;0;1;0;0;0;0;0;0;0;0;1;0;0
"24/10/2024";"18:42:49";"284";"Sem vítima";"349,000";"BR-386/RS";"Crescente";"Colisão lateral no mesmo sentido";1;0;0;0;0;0;0;0;0;0;1;0;0;0;0
"24/10/2024";"20:53:35";"304";"Sem vítima";"423,000";"BR-386/RS";"Crescente";"Colisão traseira";0;0;1;0;0;0;0;0;0;0;1;0;0;0;0
"24/10/2024";"21:30:08";"309";"Sem vítima";"445,000";"BR-386/RS";"Crescente";"Colisão lateral no mesmo sentido";1;0;0;0;0;0;0;0;0;0;1;0;0;0;0
"25/10/2024";"10:58:18";"184";"Sem vítima";"302,000";"BR-386/RS";"Decrescente";"Colisão lateral no mesmo sentido";1;0;0;0;0;0;0;0;0;0;1;0;0;0;0
"25/10/2024";"12:38:45";"207";"Com vítima";"299,000";"BR-386/RS";"Decrescente";"Colisão frontal";2;0;0;0;0;0;0;0;0;0;3;2;0;0;0
"25/10/2024";"14:13:39";"237";"Sem vítima";"344,000";"BR-386/RS";"Crescente";"Colisão lateral no mesmo sentido";1;0;0;0;0;0;0;0;0;0;1;0;0;0;0
"25/10/2024";"14:24:42";"242";"Sem vítima";"204,000";"BR-386/RS";"Decrescente";"Acidentes de outra natureza";1;0;0;0;0;0;0;0;0;0;1;0;0;0;0
"25/10/2024";"15:06:32";"251";"Com vítima";"22,000";"BR-448/RS";"Decrescente";"Colisão lateral no mesmo sentido";0;0;0;1;0;0;0;0;0;0;0;1;0;0;0
"25/10/2024";"16:02:36";"266";"Sem vítima";"10,000";"BR-448/RS";"Decrescente";"Colisão traseira";0;0;1;0;0;0;0;0;0;0;1;0;0;0;0
"25/10/2024";"18:39:47";"293";"Com vítima";"27,400";"BR-290/RS";"Decrescente";"Queda de moto";1;0;0;0;0;0;0;0;0;0;0;1;0;0;0
"25/10/2024";"18:58:15";"297";"Com vítima";"275,000";"BR-386/RS";"Decrescente";"Colisão traseira";2;0;0;0;0;0;0;0;0;0;2;0;1;0;0
"25/10/2024";"19:18:28";"303";"Sem vítima";"437,000";"BR-386/RS";"Crescente";"Colisão traseira";1;0;0;0;0;0;0;0;0;0;1;0;0;0;0
"25/10/2024";"19:18:33";"302";"Sem vítima";"8,500";"BR-101/RS";"Decrescente";"Colisão traseira";1;0;0;0;0;0;0;0;0;0;1;0;0;0;0
"25/10/2024";"19:45:17";"308";"Sem vítima";"304,000";"BR-386/RS";"Crescente";"Saída de pista";1;0;0;0;0;0;0;0;0;0;1;0;0;0;0
"25/10/2024";"20:01:38";"310";"Sem vítima";"42,200";"BR-290/RS";"Crescente";"Colisão lateral no mesmo sentido";1;0;0;0;0;0;0;0;0;0;1;0;0;0;0
"25/10/2024";"20:55:50";"320";"Sem vítima";"21,800";"BR-290/RS";"Crescente";"Colisão traseira";1;0;0;0;0;0;0;0;0;0;1;0;0;0;0
"25/10/2024";"23:01:57";"335";"Com vítima";"350,000";"BR-386/RS";"Decrescente";"Engavetamento";4;0;0;0;0;0;0;0;0;0;3;2;0;0;0
"25/10/2024";"23:59:33";"345";"Sem vítima";"347,000";"BR-386/RS";"Crescente";"Colisão traseira";1;0;0;0;0;0;0;0;0;0;1;0;0;0;0
"26/10/2024";"03:35:30";"22";"Sem vítima";"59,200";"BR-290/RS";"Crescente";"Colisão traseira";1;0;0;0;0;0;0;0;0;0;1;0;0;0;0
"26/10/2024";"03:51:20";"24";"Sem vítima";"84,000";"BR-101/RS";"Decrescente";"Colisão traseira";1;0;0;0;0;0;0;0;0;0;1;0;0;0;0
"26/10/2024";"07:09:59";"80";"Sem vítima";"93,000";"BR-290/RS";"Crescente";"Colisão traseira";1;0;0;0;0;0;0;0;0;0;1;0;0;0;0
"26/10/2024";"07:36:25";"92";"Com vítima";"342,000";"BR-386/RS";"Decrescente";"Colisão lateral no mesmo sentido";2;0;0;0;0;0;0;0;0;0;2;1;0;0;0
"26/10/2024";"08:59:01";"114";"Com vítima";"222,800";"BR-386/RS";"Decrescente";"Colisão lateral no mesmo sentido";2;0;1;0;0;0;0;0;0;0;3;2;0;0;0
"26/10/2024";"08:59:03";"117";"Sem vítima";"32,000";"BR-290/RS";"Decrescente";"Saída de pista";1;0;0;0;0;0;0;0;0;0;1;0;0;0;0
"26/10/2024";"10:10:30";"131";"Com vítima";"427,000";"BR-386/RS";"Crescente";"Colisão traseira";1;0;1;0;0;0;0;0;0;0;3;1;0;0;0
"26/10/2024";"19:54:56";"220";"Sem vítima";"76,000";"BR-290/RS";"Decrescente";"Capotamento";1;0;0;0;0;0;0;0;0;0;1;0;0;0;0
"26/10/2024";"23:18:52";"252";"Com vítima";"55,000";"BR-290/RS";"Crescente";"Acidentes de outra natureza";0;0;0;1;0;0;0;0;0;0;0;0;1;0;0
"27/10/2024";"09:06:44";"48";"Sem vítima";"302,000";"BR-386/RS";"Decrescente";"Colisão traseira";1;0;0;0;0;0;0;0;0;0;1;0;0;0;0
"27/10/2024";"17:27:28";"110";"Com vítima";"414,000";"BR-386/RS";"Decrescente";"Capotamento";1;0;0;0;0;0;0;0;0;0;1;1;0;0;0
"27/10/2024";"19:19:20";"131";"Sem vítima";"389,000";"BR-386/RS";"Crescente";"Colisão transversal";1;0;0;0;0;0;0;0;0;0;1;0;0;0;0
"27/10/2024";"22:02:36";"156";"Com vítima";"345,700";"BR-386/RS";"Decrescente";"Acidentes de outra natureza";0;0;0;0;0;0;0;0;0;0;0;0;0;0;1
"28/10/2024";"06:52:53";"52";"Sem vítima";"86,000";"BR-101/RS";"Decrescente";"Choque";1;0;0;0;0;0;0;0;0;0;1;0;0;0;0
"28/10/2024";"09:32:19";"165";"Com vítima";"95,000";"BR-290/RS";"Crescente";"Engavetamento";2;0;1;0;0;0;0;0;0;0;2;1;0;0;0
"28/10/2024";"12:11:12";"198";"Com vítima";"246,000";"BR-386/RS";"Crescente";"Colisão lateral no mesmo sentido";1;0;0;0;0;0;0;0;0;0;0;1;0;0;0
"28/10/2024";"13:29:12";"222";"Com vítima";"350,000";"BR-386/RS";"Decrescente";"Queda de moto";0;0;0;1;0;0;0;0;0;0;0;0;1;0;0
"28/10/2024";"16:11:35";"277";"Sem vítima";"346,000";"BR-386/RS";"Decrescente";"Colisão traseira";0;0;1;0;0;0;0;0;0;0;1;0;0;0;0
"28/10/2024";"18:00:25";"301";"Com vítima";"346,000";"BR-386/RS";"Decrescente";"Colisão lateral no mesmo sentido";0;0;0;1;0;0;0;0;0;0;0;0;1;0;0
"28/10/2024";"18:12:51";"303";"Sem vítima";"60,000";"BR-290/RS";"Crescente";"Colisão lateral no mesmo sentido";1;0;0;0;0;0;0;0;0;0;1;0;0;0;0
"29/10/2024";"08:48:13";"170";"Sem vítima";"444,000";"BR-386/RS";"Crescente";"Choque";1;0;0;0;0;0;0;0;0;0;1;0;0;0;0
"29/10/2024";"12:13:01";"268";"Sem vítima";"219,000";"BR-386/RS";"Crescente";"Colisão lateral no mesmo sentido";1;0;0;0;0;0;0;0;0;0;1;0;0;0;0
"29/10/2024";"15:32:09";"327";"Sem vítima";"436,000";"BR-386/RS";"Crescente";"Colisão traseira";1;0;0;0;0;0;0;0;0;0;1;0;0;0;0
"29/10/2024";"18:00:33";"358";"Com vítima";"338,000";"BR-386/RS";"Decrescente";"Colisão lateral no mesmo sentido";0;0;0;1;0;0;0;0;0;0;0;0;1;0;0
"29/10/2024";"20:40:22";"378";"Com vítima";"349,200";"BR-386/RS";"Crescente";"Queda de moto";0;0;0;1;0;0;0;0;0;0;0;1;0;0;0
"30/10/2024";"03:16:35";"13";"Com vítima";"65,000";"BR-290/RS";"Decrescente";"Saída de pista";0;0;1;0;0;0;0;0;0;0;0;1;0;0;0
"30/10/2024";"07:18:23";"90";"Sem vítima";"92,000";"BR-290/RS";"Decrescente";"Capotamento";1;0;0;0;0;0;0;0;0;0;1;0;0;0;0
"30/10/2024";"07:32:57";"101";"Com vítima";"4,000";"BR-448/RS";"Crescente";"Colisão traseira";2;0;1;0;0;0;0;0;0;0;5;1;0;0;0
"30/10/2024";"09:47:01";"156";"Sem vítima";"94,000";"BR-290/RS";"Decrescente";"Colisão lateral no mesmo sentido";1;0;0;0;0;0;0;0;0;0;1;0;0;0;0
"30/10/2024";"13:14:23";"219";"Sem vítima";"41,000";"BR-101/RS";"Decrescente";"Saída de pista";1;0;0;0;0;0;0;0;0;0;1;0;0;0;0
"30/10/2024";"13:55:23";"232";"Sem vítima";"335,000";"BR-386/RS";"Decrescente";"Engavetamento";1;0;0;0;0;0;0;0;0;0;1;0;0;0;0
"30/10/2024";"14:26:24";"237";"Sem vítima";"435,000";"BR-386/RS";"Crescente";"Colisão lateral no mesmo sentido";1;0;0;0;0;0;0;0;0;0;1;0;0;0;0
"30/10/2024";"19:58:55";"315";"Com vítima";"31,000";"BR-290/RS";"Crescente";"Tombamento";1;0;0;0;0;0;0;0;0;0;0;1;0;0;0
"30/10/2024";"21:22:16";"332";"Com vítima";"13,000";"BR-101/RS";"Crescente";"Queda de moto";0;0;0;1;0;0;0;0;0;0;0;1;0;0;0
"31/10/2024";"04:42:33";"21";"Sem vítima";"60,000";"BR-290/RS";"Crescente";"Choque";0;0;1;0;0;0;0;0;0;0;1;0;0;0;0
"31/10/2024";"06:55:10";"59";"Com vítima";"86,000";"BR-290/RS";"Crescente";"Colisão lateral no mesmo sentido";1;0;0;1;0;0;0;0;0;0;2;0;1;0;0
"31/10/2024";"07:42:44";"91";"Sem vítima";"89,800";"BR-290/RS";"Crescente";"Colisão traseira";1;0;0;0;0;0;0;0;0;0;1;0;0;0;0
"31/10/2024";"10:51:21";"192";"Sem vítima";"77,000";"BR-290/RS";"Decrescente";"Choque";1;0;0;0;0;0;0;0;0;0;1;0;0;0;0
"31/10/2024";"10:59:22";"196";"Sem vítima";"80,000";"BR-101/RS";"Crescente";"Tombamento";0;0;1;0;0;0;0;0;0;0;1;0;0;0;0
"31/10/2024";"12:29:30";"215";"Com vítima";"92,000";"BR-290/RS";"Crescente";"Colisão traseira";0;0;0;1;0;0;0;0;0;0;0;0;1;0;0
"31/10/2024";"12:48:08";"219";"Sem vítima";"344,000";"BR-386/RS";"Decrescente";"Acidentes de outra natureza";0;0;1;0;0;0;0;0;0;0;1;0;0;1;0
"31/10/2024";"14:19:12";"246";"Sem vítima";"10,000";"BR-290/RS";"Decrescente";"Saída de pista";1;0;0;0;0;0;0;0;0;0;1;0;0;0;0
"31/10/2024";"15:38:46";"266";"Sem vítima";"343,000";"BR-386/RS";"Decrescente";"Colisão lateral no mesmo sentido";1;0;0;0;0;0;0;0;0;0;1;0;0;0;0
"31/10/2024";"15:53:10";"272";"Sem vítima";"28,000";"BR-290/RS";"Crescente";"Colisão traseira";1;0;0;0;0;0;0;0;0;0;1;0;0;0;0
"31/10/2024";"17:36:38";"296";"Com vítima";"75,950";"BR-290/RS";"Crescente";"Engavetamento";3;0;0;0;0;0;0;0;0;0;4;1;0;0;0
"31/10/2024";"18:12:27";"308";"Sem vítima";"410,800";"BR-386/RS";"Crescente";"Colisão traseira";1;0;0;0;0;0;0;0;0;0;1;0;0;0;0
"31/10/2024";"23:13:26";"364";"Sem vítima";"377,800";"BR-386/RS";"Crescente";"Atropelamento de animal";1;0;0;0;0;0;0;0;0;0;1;0;0;0;0
"31/10/2024";"23:39:49";"366";"Sem vítima";"386,800";"BR-386/RS";"Crescente";"Colisão traseira";0;0;1;0;0;0;0;0;0;0;1;0;0;0;0
"01/11/2024";"06:13:59";"25";"Sem vítima";"317,000";"BR-386/RS";"Crescente";"Colisão lateral no mesmo sentido";0;0;1;0;0;0;0;0;0;0;1;0;0;0;0
"01/11/2024";"08:02:54";"103";"Com vítima";"440,000";"BR-386/RS";"Crescente";"Saída de pista";1;0;0;0;0;0;0;0;0;0;0;0;1;0;0
"01/11/2024";"08:45:26";"132";"Com vítima";"435,000";"BR-386/RS";"Crescente";"Colisão lateral no mesmo sentido";1;0;0;1;0;0;0;0;0;0;4;1;0;0;0
"01/11/2024";"09:52:40";"161";"Sem vítima";"254,000";"BR-386/RS";"Crescente";"Colisão traseira";1;0;0;0;0;0;0;0;0;0;1;0;0;0;0
"01/11/2024";"12:41:50";"210";"Sem vítima";"43,750";"BR-101/RS";"Decrescente";"Choque";1;0;0;0;0;0;0;0;0;0;1;0;0;0;0
"01/11/2024";"14:04:20";"238";"Sem vítima";"255,000";"BR-386/RS";"Crescente";"Saída de pista";0;0;1;0;0;0;0;0;0;0;1;0;0;0;0
"01/11/2024";"14:14:05";"240";"Sem vítima";"255,000";"BR-386/RS";"Crescente";"Colisão lateral no mesmo sentido";1;0;0;0;0;0;0;0;0;0;1;0;0;0;0
"01/11/2024";"17:08:51";"281";"Sem vítima";"412,000";"BR-386/RS";"Decrescente";"Colisão transversal";1;0;0;0;0;0;0;0;0;0;1;0;0;0;0
"01/11/2024";"18:27:02";"298";"Com vítima";"311,000";"BR-386/RS";"Decrescente";"Queda de moto";0;0;0;1;0;0;0;0;0;0;0;1;0;0;0
"01/11/2024";"18:49:07";"303";"Com vítima";"83,000";"BR-290/RS";"Decrescente";"Queda de moto";0;0;0;1;0;0;0;0;0;0;0;0;2;0;0
"01/11/2024";"23:34:27";"354";"Com vítima";"397,000";"BR-386/RS";"Decrescente";"Saída de pista";0;0;1;0;0;0;0;0;0;0;0;0;1;0;0
"02/11/2024";"00:00:12";"1";"Sem vítima";"440,000";"BR-386/RS";"Decrescente";"Choque";1;0;0;0;0;0;0;0;0;0;1;0;0;0;0
"02/11/2024";"02:16:14";"6";"Sem vítima";"31,000";"BR-290/RS";"Crescente";"Choque";1;0;0;0;0;0;0;0;0;0;1;0;0;0;0
"02/11/2024";"05:48:39";"17";"Sem vítima";"217,000";"BR-386/RS";"Decrescente";"Saída de pista";1;0;0;0;0;0;0;0;0;0;1;0;0;0;0
"02/11/2024";"06:46:37";"30";"Com vítima";"92,000";"BR-290/RS";"Decrescente";"Choque";0;0;0;1;0;0;0;0;0;0;0;0;1;0;0
"02/11/2024";"08:35:28";"92";"Sem vítima";"296,000";"BR-386/RS";"Decrescente";"Choque";1;0;0;0;0;0;0;0;0;0;1;0;0;0;0
"02/11/2024";"10:22:55";"120";"Sem vítima";"91,400";"BR-290/RS";"Decrescente";"Choque";0;0;1;0;0;0;0;0;0;0;1;0;0;0;0
"02/11/2024";"11:24:27";"134";"Com vítima";"92,000";"BR-290/RS";"Decrescente";"Colisão lateral no mesmo sentido";0;0;0;1;0;0;0;0;0;0;0;0;1;0;0
"02/11/2024";"13:30:55";"160";"Sem vítima";"24,000";"BR-290/RS";"Crescente";"Choque";1;0;0;0;0;0;0;0;0;0;1;0;0;0;0
"02/11/2024";"19:33:15";"219";"Sem vítima";"388,000";"BR-386/RS";"Crescente";"Choque";1;0;0;0;0;0;0;0;0;0;1;0;0;0;0
"03/11/2024";"00:14:51";"2";"Sem vítima";"30,000";"BR-101/RS";"Crescente";"Saída de pista";0;0;1;0;0;0;0;0;0;0;1;0;0;0;0
"03/11/2024";"01:00:02";"4";"Sem vítima";"51,000";"BR-101/RS";"Decrescente";"Saída de pista";1;0;0;0;0;0;0;0;0;0;1;0;0;0;0
"03/11/2024";"03:48:24";"7";"Com vítima";"249,000";"BR-386/RS";"Crescente";"Choque";1;0;0;0;0;0;0;0;0;0;3;0;1;0;0
"03/11/2024";"04:41:56";"8";"Sem vítima";"17,000";"BR-101/RS";"Decrescente";"Choque";1;0;0;0;0;0;0;0;0;0;1;0;0;0;0
"03/11/2024";"06:44:56";"18";"Sem vítima";"440,000";"BR-386/RS";"Decrescente";"Saída de pista";1;0;0;0;0;0;0;0;0;0;1;0;0;0;0
"03/11/2024";"08:36:41";"33";"Sem vítima";"350,000";"BR-386/RS";"Decrescente";"Colisão traseira";1;0;0;0;0;0;0;0;0;0;1;0;0;0;0
"03/11/2024";"08:52:38";"36";"Com vítima";"307,000";"BR-386/RS";"Crescente";"Queda de moto";0;0;1;1;0;0;0;0;0;0;1;0;0;2;0
"03/11/2024";"15:02:24";"93";"Sem vítima";"334,000";"BR-386/RS";"Decrescente";"Colisão traseira";1;0;0;0;0;0;0;0;0;0;1;0;0;0;0
"03/11/2024";"16:59:39";"127";"Sem vítima";"5,100";"BR-290/RS";"Crescente";"Colisão traseira";1;0;0;0;0;0;0;0;0;0;1;0;0;0;0
"03/11/2024";"17:15:05";"136";"Com vítima";"21,000";"BR-101/RS";"Crescente";"Colisão traseira";1;0;0;1;0;0;0;0;0;0;1;1;1;0;0
"03/11/2024";"19:06:44";"167";"Com vítima";"345,000";"BR-386/RS";"Crescente";"Colisão lateral no mesmo sentido";0;0;0;1;0;0;0;0;0;0;0;0;1;0;0
"03/11/2024";"20:03:27";"183";"Com vítima";"361,000";"BR-386/RS";"Decrescente";"Choque";1;0;0;0;0;0;0;0;0;0;1;0;1;0;0
"03/11/2024";"21:36:19";"205";"Sem vítima";"345,000";"BR-386/RS";"Crescente";"Colisão lateral no mesmo sentido";1;0;0;0;0;0;0;0;0;0;1;0;0;0;0
"04/11/2024";"06:39:10";"31";"Sem vítima";"19,000";"BR-290/RS";"Decrescente";"Saída de pista";1;0;0;0;0;0;0;0;0;0;1;0;0;0;0
"04/11/2024";"13:28:18";"215";"Sem vítima";"390,000";"BR-386/RS";"Crescente";"Colisão lateral no mesmo sentido";1;0;0;0;0;0;0;0;0;0;1;0;0;0;0
"04/11/2024";"15:31:16";"244";"Sem vítima";"435,000";"BR-386/RS";"Crescente";"Engavetamento";1;0;0;0;0;0;0;0;0;0;1;0;0;0;0
"04/11/2024";"16:32:39";"253";"Sem vítima";"21,000";"BR-448/RS";"Decrescente";"Choque";1;0;0;0;0;0;0;0;0;0;1;0;0;0;0
"04/11/2024";"19:42:13";"293";"Sem vítima";"342,000";"BR-386/RS";"Crescente";"Saída de pista";1;0;0;0;0;0;0;0;0;0;1;0;0;0;0
"04/11/2024";"23:23:56";"318";"Sem vítima";"215,000";"BR-386/RS";"Decrescente";"Tombamento";0;0;1;0;0;0;0;0;0;0;1;0;0;0;0
"05/11/2024";"13:09:26";"201";"Com vítima";"18,000";"BR-448/RS";"Crescente";"Colisão traseira";2;0;0;0;0;0;0;0;0;0;2;2;0;0;0
"05/11/2024";"14:50:57";"223";"Sem vítima";"91,200";"BR-290/RS";"Crescente";"Colisão traseira";1;0;0;0;0;0;0;0;0;0;1;0;0;0;0
"05/11/2024";"18:49:52";"266";"Sem vítima";"250,200";"BR-386/RS";"Crescente";"Colisão traseira";0;0;1;0;0;0;0;0;0;0;1;0;0;0;0
"05/11/2024";"23:04:42";"298";"Sem vítima";"74,200";"BR-290/RS";"Decrescente";"Capotamento";1;0;0;0;0;0;0;0;0;0;1;0;0;0;0
"06/11/2024";"08:48:24";"141";"Com vítima";"83,000";"BR-290/RS";"Crescente";"Choque";2;0;0;0;0;0;0;0;0;0;2;0;1;0;0
"06/11/2024";"12:22:47";"189";"Com vítima";"3,000";"BR-290/RS";"Decrescente";"Saída de pista";1;0;0;0;0;0;0;0;0;0;0;0;0;1;0
"06/11/2024";"14:08:31";"217";"Sem vítima";"350,000";"BR-386/RS";"Decrescente";"Colisão lateral no mesmo sentido";0;0;1;0;0;0;0;0;0;0;1;0;0;0;0
"06/11/2024";"14:59:04";"229";"Sem vítima";"346,000";"BR-386/RS";"Crescente";"Choque";1;0;0;0;0;0;0;0;0;0;1;0;0;0;0
"06/11/2024";"17:38:17";"259";"Sem vítima";"347,000";"BR-386/RS";"Decrescente";"Colisão transversal";0;0;1;0;0;0;0;0;0;0;1;0;0;0;0
"06/11/2024";"18:14:42";"264";"Com vítima";"24,000";"BR-290/RS";"Crescente";"Saída de pista";1;0;0;0;0;0;0;0;0;0;0;1;0;0;0
"06/11/2024";"19:15:06";"277";"Com vítima";"434,100";"BR-386/RS";"Crescente";"Acidentes de outra natureza";1;0;0;0;0;0;0;0;0;0;1;0;0;0;1
"06/11/2024";"23:09:31";"301";"Com vítima";"364,000";"BR-386/RS";"Decrescente";"Choque";0;0;1;0;0;0;0;0;0;0;2;2;0;0;0
"06/11/2024";"23:28:14";"302";"Sem vítima";"43,000";"BR-290/RS";"Crescente";"Choque";1;0;0;0;0;0;0;0;0;0;1;0;0;0;0
"07/11/2024";"02:38:24";"7";"Sem vítima";"312,000";"BR-386/RS";"Decrescente";"Saída de pista";1;0;0;0;0;0;0;0;0;0;1;0;0;0;0
"07/11/2024";"08:50:47";"149";"Com vítima";"92,000";"BR-290/RS";"Decrescente";"Colisão lateral no mesmo sentido";1;0;0;1;0;0;0;0;0;0;1;0;0;1;0
"07/11/2024";"09:26:34";"162";"Sem vítima";"350,000";"BR-386/RS";"Decrescente";"Colisão traseira";0;0;1;0;0;0;0;0;0;0;1;0;0;0;0
"07/11/2024";"09:35:56";"168";"Sem vítima";"349,000";"BR-386/RS";"Decrescente";"Colisão traseira";1;0;0;0;0;0;0;0;0;0;1;0;0;0;0
"07/11/2024";"11:03:10";"194";"Com vítima";"78,000";"BR-101/RS";"Crescente";"Capotamento";1;0;0;0;0;0;0;0;0;0;0;0;1;0;0
"07/11/2024";"11:59:37";"204";"Sem vítima";"34,000";"BR-290/RS";"Decrescente";"Queda de moto";0;0;0;1;0;0;0;0;0;0;1;0;0;0;0
"07/11/2024";"12:44:07";"208";"Com vítima";"442,000";"BR-386/RS";"Decrescente";"Colisão frontal";1;0;0;0;0;0;0;0;0;0;0;0;0;0;1
"07/11/2024";"13:42:37";"218";"Sem vítima";"347,000";"BR-386/RS";"Decrescente";"Colisão traseira";1;0;0;0;0;0;0;0;0;0;1;0;0;0;0
"07/11/2024";"23:08:01";"296";"Sem vítima";"27,000";"BR-290/RS";"Crescente";"Saída de pista";1;0;0;0;0;0;0;0;0;0;1;0;0;0;0
"07/11/2024";"23:17:57";"298";"Sem vítima";"440,000";"BR-386/RS";"Decrescente";"Choque";1;0;0;0;0;0;0;0;0;0;1;0;0;0;0
"08/11/2024";"00:12:12";"4";"Com vítima";"79,000";"BR-101/RS";"Decrescente";"Saída de pista";1;0;0;0;0;0;0;0;0;0;0;0;1;0;0
"08/11/2024";"05:08:30";"26";"Sem vítima";"349,000";"BR-386/RS";"Decrescente";"Colisão traseira";1;0;0;0;0;0;0;0;0;0;1;0;0;0;0
"08/11/2024";"07:56:40";"105";"Com vítima";"21,000";"BR-448/RS";"Decrescente";"Choque";0;0;0;1;0;0;0;0;0;0;0;1;0;0;0
"08/11/2024";"08:01:08";"106";"Sem vítima";"435,000";"BR-386/RS";"Crescente";"Colisão lateral no mesmo sentido";1;0;0;0;0;0;0;0;0;0;1;0;0;0;0
"08/11/2024";"12:59:32";"201";"Sem vítima";"426,000";"BR-386/RS";"Crescente";"Colisão traseira";1;0;0;0;0;0;0;0;0;0;1;0;0;0;0
"08/11/2024";"13:41:40";"207";"Sem vítima";"38,000";"BR-101/RS";"Crescente";"Tombamento";0;0;1;0;0;0;0;0;0;0;1;0;0;0;0
"08/11/2024";"17:27:50";"251";"Com vítima";"54,000";"BR-290/RS";"Crescente";"Colisão lateral no mesmo sentido";1;0;0;1;0;0;0;0;0;0;1;1;0;0;0
"08/11/2024";"17:40:39";"253";"Com vítima";"86,000";"BR-290/RS";"Decrescente";"Engavetamento";4;0;0;1;0;0;0;0;0;0;4;0;1;0;0
"08/11/2024";"17:40:57";"254";"Sem vítima";"272,000";"BR-386/RS";"Crescente";"Colisão traseira";1;0;0;0;0;0;0;0;0;0;1;0;0;0;0
"08/11/2024";"20:56:23";"292";"Sem vítima";"435,000";"BR-386/RS";"Crescente";"Choque";1;0;0;0;0;0;0;0;0;0;1;0;0;0;0
"08/11/2024";"21:22:37";"297";"Sem vítima";"350,000";"BR-386/RS";"Decrescente";"Colisão lateral no mesmo sentido";1;0;0;0;0;0;0;0;0;0;1;0;0;0;0
"08/11/2024";"22:34:40";"308";"Com vítima";"85,000";"BR-290/RS";"Decrescente";"Choque";0;0;1;0;0;0;0;0;0;0;0;1;0;0;0
"09/11/2024";"04:57:15";"16";"Sem vítima";"362,000";"BR-386/RS";"Crescente";"Queda de moto";0;0;0;1;0;0;0;0;0;0;1;0;0;0;0
"09/11/2024";"06:06:33";"23";"Sem vítima";"98,000";"BR-290/RS";"Crescente";"Saída de pista";1;0;0;0;0;0;0;0;0;0;1;0;0;0;0
"09/11/2024";"08:48:07";"99";"Sem vítima";"35,000";"BR-101/RS";"Decrescente";"Colisão lateral no mesmo sentido";0;0;1;0;0;0;0;0;0;0;1;0;0;0;0
"09/11/2024";"13:07:48";"144";"Com vítima";"418,000";"BR-386/RS";"Crescente";"Colisão traseira";0;0;0;1;0;0;0;0;0;0;0;0;1;0;0
"09/11/2024";"18:28:47";"200";"Sem vítima";"60,000";"BR-290/RS";"Decrescente";"Colisão lateral no mesmo sentido";1;0;0;0;0;0;0;0;0;0;1;0;0;0;0
"09/11/2024";"20:01:04";"212";"Com vítima";"76,000";"BR-101/RS";"Crescente";"Choque";0;0;0;1;0;0;0;0;0;0;0;1;0;0;0
"09/11/2024";"20:34:55";"216";"Sem vítima";"26,000";"BR-290/RS";"Decrescente";"Choque";0;0;1;0;0;0;0;0;0;0;1;0;0;0;0
"09/11/2024";"21:11:46";"220";"Sem vítima";"64,000";"BR-101/RS";"Decrescente";"Colisão traseira";1;0;0;0;0;0;0;0;0;0;1;0;0;0;0
"09/11/2024";"21:48:31";"223";"Sem vítima";"39,000";"BR-101/RS";"Decrescente";"Saída de pista";1;0;0;0;0;0;0;0;0;0;1;0;0;0;0
"09/11/2024";"22:41:31";"224";"Com vítima";"94,000";"BR-290/RS";"Crescente";"Colisão lateral no mesmo sentido";1;0;0;1;0;0;0;0;0;0;1;0;1;0;0
"09/11/2024";"23:02:20";"227";"Sem vítima";"284,400";"BR-386/RS";"Crescente";"Colisão traseira";1;0;0;0;0;0;0;0;0;0;1;0;0;0;0
"10/11/2024";"01:54:04";"9";"Com vítima";"60,000";"BR-290/RS";"Crescente";"Colisão traseira";0;0;0;1;0;0;0;0;0;0;0;1;0;0;0
"10/11/2024";"04:24:14";"15";"Com vítima";"27,000";"BR-101/RS";"Decrescente";"Choque";1;0;0;0;0;0;0;0;0;0;0;1;0;0;0
"10/11/2024";"06:59:24";"23";"Com vítima";"92,000";"BR-290/RS";"Crescente";"Colisão traseira";1;0;0;0;0;0;0;0;0;0;0;1;0;0;0