data;horario;n_da_ocorrencia;tipo_de_ocorrencia;km;trecho;sentido;tipo_de_acidente;automovel;bicicleta;caminhao;moto;onibus;outros;tracao_animal;transporte_de_cargas_especiais;trator_maquinas;utilitarios;ilesos;levemente_feridos;moderadamente_feridos;gravemente_feridos;mortos
"25/12/2024";"15:07:12";"90";"Sem vítima";"57,000";"BR-290/RS";"Decrescente";"Saída de pista";1;0;0;0;0;0;0;0;0;0;1;0;0;0;0
"25/12/2024";"15:35:47";"92";"Com vítima";"75,000";"BR-290/RS";"Decrescente";"Colisão lateral no mesmo sentido";0;0;0;1;0;0;0;0;0;0;0;0;1;0;0
"25/12/2024";"18:22:54";"133";"Sem vítima";"19,900";"BR-290/RS";"Decrescente";"Engavetamento";1;0;0;0;0;0;0;0;0;0;1;0;0;0;0
"26/12/2024";"07:57:14";"94";"Sem vítima";"374,000";"BR-386/RS";"Crescente";"Colisão traseira";0;0;0;1;0;0;0;0;0;0;1;0;0;0;0
"26/12/2024";"08:43:33";"109";"Sem vítima";"204,000";"BR-386/RS";"Crescente";"Colisão lateral no mesmo sentido";1;0;0;0;0;0;0;0;0;0;1;0;0;0;0
"26/12/2024";"10:36:56";"143";"Sem vítima";"13,000";"BR-101/RS";"Decrescente";"Colisão traseira";1;0;0;0;0;0;0;0;0;0;1;0;0;0;0
"26/12/2024";"11:14:31";"153";"Sem vítima";"61,000";"BR-290/RS";"Decrescente";"Colisão traseira";1;0;0;0;0;0;0;0;0;0;1;0;0;0;0
"26/12/2024";"11:50:36";"164";"Com vítima";"305,000";"BR-386/RS";"Decrescente";"Queda de moto";0;0;0;1;0;0;0;0;0;0;0;0;1;0;0
"26/12/2024";"11:53:05";"166";"Sem vítima";"65,000";"BR-290/RS";"Decrescente";"Engavetamento";1;0;0;0;0;0;0;0;0;0;1;0;0;0;0
"26/12/2024";"13:11:39";"187";"Sem vítima";"26,000";"BR-290/RS";"Decrescente";"Colisão lateral no mesmo sentido";1;0;0;0;0;0;0;0;0;0;1;0;0;0;0
"26/12/2024";"13:50:50";"198";"Sem vítima";"333,980";"BR-386/RS";"Decrescente";"Colisão frontal";1;0;0;0;0;0;0;0;0;0;1;0;0;0;0
"26/12/2024";"15:41:18";"222";"Sem vítima";"426,000";"BR-386/RS";"Decrescente";"Colisão traseira";1;0;0;0;0;0;0;0;0;0;1;0;0;0;0
"26/12/2024";"16:39:30";"238";"Com vítima";"92,000";"BR-290/RS";"Decrescente";"Colisão lateral no mesmo sentido";2;0;0;0;0;0;0;0;0;0;3;2;0;0;0
"26/12/2024";"18:02:25";"266";"Com vítima";"53,200";"BR-290/RS";"Crescente";"Colisão transversal";2;0;0;0;0;0;0;0;0;0;1;1;0;0;0
"26/12/2024";"18:19:11";"270";"Sem vítima";"24,000";"BR-290/RS";"Decrescente";"Colisão traseira";1;0;0;0;0;0;0;0;0;0;1;0;0;0;0
"26/12/2024";"19:30:36";"291";"Sem vítima";"216,400";"BR-386/RS";"Decrescente";"Choque";1;0;0;0;0;0;0;0;0;0;1;0;0;0;0
"27/12/2024";"01:43:05";"7";"Sem vítima";"75,000";"BR-290/RS";"Decrescente";"Choque";1;0;0;0;0;0;0;0;0;0;1;0;0;0;0
"27/12/2024";"02:21:50";"9";"Sem vítima";"370,000";"BR-386/RS";"Decrescente";"Choque";1;0;0;0;0;0;0;0;0;0;1;0;0;0;0
"27/12/2024";"04:57:42";"19";"Sem vítima";"45,000";"BR-290/RS";"Crescente";"Saída de pista";1;0;0;0;0;0;0;0;0;0;1;0;0;0;0
"27/12/2024";"11:39:49";"182";"Sem vítima";"92,000";"BR-290/RS";"Crescente";"Colisão lateral no mesmo sentido";1;0;0;0;0;0;0;0;0;0;1;0;0;0;0
"27/12/2024";"11:40:59";"183";"Sem vítima";"22,000";"BR-290/RS";"Decrescente";"Colisão traseira";1;0;0;0;0;0;0;0;0;0;1;0;0;0;0
"27/12/2024";"13:52:48";"219";"Com vítima";"19,000";"BR-290/RS";"Decrescente";"Engavetamento";4;0;0;0;0;0;0;0;0;0;7;1;0;0;0
"27/12/2024";"14:31:04";"226";"Sem vítima";"262,000";"BR-386/RS";"Crescente";"Colisão lateral no mesmo sentido";1;0;0;0;0;0;0;0;0;0;1;0;0;0;0
"27/12/2024";"15:24:07";"235";"Sem vítima";"19,000";"BR-101/RS";"Decrescente";"Capotamento";1;0;0;0;0;0;0;0;0;0;1;0;0;0;0
"27/12/2024";"17:10:40";"269";"Com vítima";"26,000";"BR-290/RS";"Decrescente";"Colisão traseira";2;0;0;0;0;0;0;0;0;0;6;0;4;0;0
"27/12/2024";"21:07:05";"338";"Sem vítima";"386,000";"BR-386/RS";"Decrescente";"Colisão traseira";1;0;0;0;0;0;0;0;0;0;1;0;0;0;0
"28/12/2024";"07:31:27";"84";"Sem vítima";"28,000";"BR-290/RS";"Decrescente";"Colisão traseira";1;0;0;0;0;0;0;0;0;0;1;0;0;0;0
"28/12/2024";"07:34:49";"86";"Sem vítima";"18,000";"BR-290/RS";"Crescente";"Tombamento";1;0;0;0;0;0;0;0;0;0;1;0;0;0;0
"28/12/2024";"08:02:47";"93";"Sem vítima";"426,000";"BR-386/RS";"Crescente";"Colisão traseira";1;0;0;0;0;0;0;0;0;0;1;0;0;0;0
"28/12/2024";"08:36:25";"98";"Com vítima";"264,500";"BR-386/RS";"Crescente";"Colisão traseira";1;0;0;1;0;0;0;0;0;0;3;0;0;1;0
"28/12/2024";"09:23:28";"117";"Sem vítima";"17,000";"BR-101/RS";"Crescente";"Saída de pista";1;0;0;0;0;0;0;0;0;0;1;0;0;0;0
"28/12/2024";"10:18:45";"133";"Sem vítima";"50,000";"BR-101/RS";"Decrescente";"Colisão traseira";1;0;0;0;0;0;0;0;0;0;1;0;0;0;0
"28/12/2024";"10:38:38";"139";"Sem vítima";"2,000";"BR-101/RS";"Decrescente";"Choque";1;0;0;0;0;0;0;0;0;0;1;0;0;0;0
"28/12/2024";"10:47:06";"143";"Sem vítima";"45,600";"BR-290/RS";"Decrescente";"Queda de moto";0;0;0;1;0;0;0;0;0;0;1;0;0;0;0
"28/12/2024";"12:37:52";"166";"Com vítima";"92,000";"BR-290/RS";"Crescente";"Colisão traseira";1;0;0;1;0;0;0;0;0;0;1;1;0;0;0
"28/12/2024";"13:44:29";"179";"Com vítima";"7,500";"BR-101/RS";"Decrescente";"Capotamento";1;0;0;0;0;0;0;0;0;0;0;1;0;0;0
"28/12/2024";"13:51:23";"182";"Sem vítima";"53,000";"BR-290/RS";"Decrescente";"Engavetamento";1;0;0;0;0;0;0;0;0;0;1;0;0;0;0
"28/12/2024";"15:36:50";"203";"Sem vítima";"381,000";"BR-386/RS";"Decrescente";"Saída de pista";1;0;0;0;0;0;0;0;0;0;1;0;0;0;0
"28/12/2024";"16:03:53";"207";"Com vítima";"81,000";"BR-101/RS";"Crescente";"Colisão transversal";1;0;0;0;0;0;0;0;0;0;0;1;0;0;0
"28/12/2024";"16:32:42";"215";"Sem vítima";"91,000";"BR-290/RS";"Decrescente";"Colisão traseira";1;0;0;0;0;0;0;0;0;0;1;0;0;0;0
"28/12/2024";"22:14:36";"289";"Com vítima";"23,000";"BR-290/RS";"Crescente";"Colisão traseira";1;0;0;0;0;0;0;0;0;0;0;0;1;0;0
"29/12/2024";"00:23:23";"6";"Sem vítima";"415,000";"BR-386/RS";"Crescente";"Atropelamento de animal";1;0;0;0;0;0;0;0;0;0;1;0;0;0;0
"29/12/2024";"05:33:14";"29";"Com vítima";"58,000";"BR-290/RS";"Crescente";"Saída de pista";1;0;0;0;0;0;0;0;0;0;0;1;0;0;0
"29/12/2024";"09:01:35";"73";"Sem vítima";"22,000";"BR-290/RS";"Decrescente";"Colisão traseira";1;0;0;0;0;0;0;0;0;0;1;0;0;0;0
"29/12/2024";"09:24:24";"81";"Sem vítima";"24,000";"BR-290/RS";"Decrescente";"Colisão lateral no mesmo sentido";1;0;0;0;0;0;0;0;0;0;1;0;0;0;0
"29/12/2024";"10:57:58";"100";"Sem vítima";"19,000";"BR-290/RS";"Decrescente";"Engavetamento";1;0;0;0;0;0;0;0;0;0;1;0;0;0;0
"29/12/2024";"16:37:47";"170";"Sem vítima";"281,000";"BR-386/RS";"Crescente";"Colisão traseira";1;0;0;0;0;0;0;0;0;0;1;0;0;0;0
"29/12/2024";"17:38:20";"182";"Sem vítima";"19,000";"BR-290/RS";"Crescente";"Colisão traseira";1;0;0;0;0;0;0;0;0;0;1;0;0;0;0
"29/12/2024";"18:10:26";"189";"Sem vítima";"246,000";"BR-386/RS";"Crescente";"Saída de pista";1;0;0;0;0;0;0;0;0;0;1;0;0;0;0
"30/12/2024";"03:08:59";"12";"Com vítima";"332,200";"BR-386/RS";"Decrescente";"Colisão frontal";1;0;0;0;0;0;0;0;0;0;0;0;1;0;0
"30/12/2024";"08:14:22";"77";"Sem vítima";"434,000";"BR-386/RS";"Decrescente";"Colisão lateral no mesmo sentido";0;0;1;0;0;0;0;0;0;0;1;0;0;0;0
"30/12/2024";"09:08:50";"102";"Sem vítima";"225,000";"BR-386/RS";"Crescente";"Choque";1;0;0;0;0;0;0;0;0;0;1;0;0;0;0
"30/12/2024";"10:42:23";"129";"Sem vítima";"231,000";"BR-386/RS";"Crescente";"Choque";1;0;0;0;0;0;0;0;0;0;1;0;0;0;0
"30/12/2024";"16:41:01";"214";"Sem vítima";"16,000";"BR-101/RS";"Crescente";"Colisão lateral no mesmo sentido";1;0;0;0;0;0;0;0;0;0;1;0;0;0;0
"31/12/2024";"08:44:14";"97";"Sem vítima";"54,000";"BR-101/RS";"Crescente";"Capotamento";1;0;0;0;0;0;0;0;0;0;1;0;0;0;0
"31/12/2024";"09:12:32";"108";"Sem vítima";"262,800";"BR-386/RS";"Decrescente";"Colisão lateral no mesmo sentido";1;0;0;0;0;0;0;0;0;0;1;0;0;0;0
"31/12/2024";"10:17:58";"130";"Sem vítima";"54,000";"BR-290/RS";"Crescente";"Colisão traseira";1;0;0;0;0;0;0;0;0;0;1;0;0;0;0
"31/12/2024";"10:37:41";"132";"Sem vítima";"68,000";"BR-290/RS";"Decrescente";"Saída de pista";1;0;0;0;0;0;0;0;0;0;1;0;0;0;0
"31/12/2024";"14:13:34";"167";"Com vítima";"307,000";"BR-386/RS";"Decrescente";"Choque";1;0;0;0;0;0;0;0;0;0;0;1;0;0;0
"31/12/2024";"15:52:06";"187";"Com vítima";"306,000";"BR-386/RS";"Crescente";"Colisão lateral no mesmo sentido";1;0;0;0;0;0;0;0;0;0;0;1;0;0;0
"31/12/2024";"16:07:09";"190";"Sem vítima";"345,000";"BR-386/RS";"Crescente";"Choque";1;0;0;0;0;0;0;0;0;0;1;0;0;0;0
"31/12/2024";"19:31:36";"229";"Sem vítima";"84,000";"BR-290/RS";"Decrescente";"Choque";1;0;0;0;0;0;0;0;0;0;1;0;0;0;0
"31/12/2024";"20:15:19";"242";"Sem vítima";"346,000";"BR-386/RS";"Crescente";"Choque";1;0;0;0;0;0;0;0;0;0;1;0;0;0;0
"31/12/2024";"22:57:18";"263";"Com vítima";"35,100";"BR-290/RS";"Decrescente";"Saída de pista";1;0;0;0;0;0;0;0;0;0;3;2;0;0;0
"01/01/2025";"01:43:44";"8";"Sem vítima";"350,200";"BR-386/RS";"Decrescente";"Saída de pista";1;0;0;0;0;0;0;0;0;0;2;0;0;0;0
"01/01/2025";"02:06:18";"11";"Sem vítima";"24,400";"BR-290/RS";"Crescente";"Saída de pista";1;0;0;0;0;0;0;0;0;0;1;0;0;0;0
"01/01/2025";"04:53:36";"27";"Sem vítima";"19,000";"BR-290/RS";"Decrescente";"Saída de pista";1;0;0;0;0;0;0;0;0;0;1;0;0;0;0
"01/01/2025";"06:28:15";"40";"Com vítima";"18,000";"BR-290/RS";"Crescente";"Saída de pista";0;0;0;1;0;0;0;0;0;0;0;0;1;0;0
"01/01/2025";"11:56:32";"107";"Sem vítima";"318,000";"BR-386/RS";"Crescente";"Choque";1;0;0;0;0;0;0;0;0;0;2;0;0;0;0
"01/01/2025";"13:24:42";"137";"Com vítima";"26,000";"BR-290/RS";"Crescente";"Saída de pista";1;0;0;0;0;0;0;0;0;0;3;0;1;0;0
"01/01/2025";"15:42:29";"173";"Sem vítima";"13,000";"BR-290/RS";"Crescente";"Queda de moto";0;0;0;1;0;0;0;0;0;0;1;0;0;0;0
"01/01/2025";"17:03:14";"202";"Com vítima";"44,750";"BR-290/RS";"Crescente";"Saída de pista";1;0;0;0;0;0;0;0;0;0;3;1;0;0;0
"01/01/2025";"17:10:50";"205";"Sem vítima";"43,900";"BR-290/RS";"Crescente";"Engavetamento";3;0;0;0;0;0;0;0;0;0;3;0;0;0;0
"01/01/2025";"17:41:42";"219";"Com vítima";"42,000";"BR-290/RS";"Crescente";"Colisão lateral no mesmo sentido";1;0;0;1;0;0;0;0;0;0;2;0;1;0;0
"01/01/2025";"18:24:37";"234";"Sem vítima";"41,000";"BR-290/RS";"Crescente";"Engavetamento";1;0;0;0;0;0;0;0;0;0;3;0;0;0;0
"01/01/2025";"18:56:58";"250";"Com vítima";"9,000";"BR-448/RS";"Decrescente";"Colisão frontal";2;0;0;0;0;0;0;0;0;0;5;0;1;0;0
"01/01/2025";"20:57:04";"289";"Com vítima";"53,000";"BR-290/RS";"Crescente";"Colisão lateral no mesmo sentido";1;0;0;1;0;0;0;0;0;0;2;1;0;0;0
"01/01/2025";"21:30:11";"295";"Com vítima";"439,000";"BR-386/RS";"Decrescente";"Colisão traseira";1;0;1;0;0;0;0;0;0;0;1;0;1;0;0
"01/01/2025";"23:55:53";"329";"Sem vítima";"59,000";"BR-290/RS";"Crescente";"Engavetamento";2;0;0;0;0;0;0;0;0;0;2;0;0;0;0
"02/01/2025";"05:14:36";"28";"Sem vítima";"68,000";"BR-290/RS";"Crescente";"Saída de pista";1;0;0;0;0;0;0;0;0;0;1;0;0;0;0
"02/01/2025";"06:26:35";"43";"Sem vítima";"30,000";"BR-290/RS";"Decrescente";"Colisão traseira";2;0;0;0;0;0;0;0;0;0;2;0;0;0;0
"02/01/2025";"06:39:00";"49";"Sem vítima";"94,000";"BR-290/RS";"Decrescente";"Choque";1;0;0;0;0;0;0;0;0;0;5;0;0;0;0
"02/01/2025";"07:04:10";"64";"Sem vítima";"248,000";"BR-386/RS";"Crescente";"Colisão lateral no mesmo sentido";2;0;0;0;0;0;0;0;0;0;4;0;0;0;0
"02/01/2025";"11:27:46";"202";"Com vítima";"12,000";"BR-290/RS";"Crescente";"Colisão lateral no mesmo sentido";1;0;0;1;0;0;0;0;0;0;1;2;0;0;0
"02/01/2025";"16:16:00";"314";"Sem vítima";"306,000";"BR-386/RS";"Decrescente";"Colisão traseira";2;0;0;0;0;0;0;0;0;0;4;0;0;0;0
"02/01/2025";"18:17:05";"353";"Com vítima";"356,000";"BR-386/RS";"Decrescente";"Colisão transversal";2;0;0;0;0;0;0;0;0;0;1;0;2;0;0
"02/01/2025";"21:31:35";"415";"Sem vítima";"27,000";"BR-290/RS";"Crescente";"Colisão lateral no mesmo sentido";2;0;0;0;0;0;0;0;0;0;4;0;0;0;0
"02/01/2025";"23:17:47";"433";"Sem vítima";"24,000";"BR-101/RS";"Crescente";"Colisão traseira";1;0;0;0;1;0;0;0;0;0;3;0;0;0;0
"03/01/2025";"05:31:57";"28";"Sem vítima";"67,000";"BR-290/RS";"Decrescente";"Choque";1;0;0;0;0;0;0;0;0;0;1;0;0;0;0
"03/01/2025";"09:29:21";"116";"Sem vítima";"86,000";"BR-101/RS";"Decrescente";"Engavetamento";3;0;0;0;0;0;0;0;0;0;3;0;0;0;0
"03/01/2025";"09:47:05";"119";"Sem vítima";"85,000";"BR-101/RS";"Decrescente";"Colisão traseira";1;0;0;0;0;0;0;0;0;0;1;0;0;0;0
"03/01/2025";"09:57:48";"123";"Com vítima";"294,000";"BR-386/RS";"Crescente";"Capotamento";1;0;0;0;0;0;0;0;0;0;1;3;0;0;0
"03/01/2025";"10:02:57";"125";"Sem vítima";"14,000";"BR-290/RS";"Decrescente";"Colisão lateral no mesmo sentido";2;0;0;0;0;0;0;0;0;0;3;0;0;0;0
"03/01/2025";"11:08:21";"148";"Sem vítima";"37,000";"BR-101/RS";"Decrescente";"Colisão traseira";1;0;0;0;0;0;0;0;0;0;4;0;0;0;0
"03/01/2025";"11:31:01";"154";"Sem vítima";"37,000";"BR-101/RS";"Decrescente";"Choque";2;0;0;0;0;0;0;0;0;0;4;0;0;0;0
"03/01/2025";"12:48:55";"169";"Sem vítima";"7,000";"BR-101/RS";"Crescente";"Colisão traseira";1;0;0;0;0;0;0;0;0;0;3;0;0;0;0
"03/01/2025";"13:18:21";"183";"Sem vítima";"48,000";"BR-101/RS";"Crescente";"Choque";1;0;0;0;0;0;0;0;0;0;1;0;0;0;0
"03/01/2025";"16:40:35";"232";"Sem vítima";"351,000";"BR-386/RS";"Decrescente";"Saída de pista";1;0;0;0;0;0;0;0;0;0;3;0;0;0;0
"03/01/2025";"16:56:47";"235";"Sem vítima";"93,000";"BR-290/RS";"Decrescente";"Choque";1;0;0;0;0;0;0;0;0;0;1;0;0;0;0
"03/01/2025";"21:02:15";"289";"Com vítima";"222,900";"BR-386/RS";"Decrescente";"Colisão lateral no mesmo sentido";2;0;0;0;0;0;0;0;0;0;2;1;2;0;0
"04/01/2025";"09:44:57";"127";"Sem vítima";"229,000";"BR-386/RS";"Crescente";"Capotamento";1;0;0;0;0;0;0;0;0;0;2;0;0;0;0
"04/01/2025";"12:37:50";"178";"Sem vítima";"388,000";"BR-386/RS";"Decrescente";"Colisão traseira";1;0;0;0;0;0;0;0;0;0;1;0;0;0;0
"04/01/2025";"14:51:56";"208";"Sem vítima";"435,000";"BR-386/RS";"Decrescente";"Colisão traseira";1;0;0;0;0;0;0;0;0;0;1;0;0;0;0
"04/01/2025";"15:34:32";"216";"Sem vítima";"19,000";"BR-290/RS";"Decrescente";"Colisão traseira";1;0;1;0;0;0;0;0;0;0;5;0;0;0;0
"04/01/2025";"18:16:21";"246";"Sem vítima";"93,000";"BR-290/RS";"Crescente";"Choque";1;0;0;0;0;0;0;0;0;0;1;0;0;0;0
"05/01/2025";"02:56:26";"17";"Sem vítima";"33,000";"BR-290/RS";"Decrescente";"Saída de pista";1;0;0;0;0;0;0;0;0;0;5;0;0;0;0
"05/01/2025";"10:00:27";"58";"Sem vítima";"19,000";"BR-290/RS";"Decrescente";"Colisão traseira";2;0;0;0;0;0;0;0;0;0;6;0;0;0;0
"05/01/2025";"11:22:36";"75";"Com vítima";"33,600";"BR-101/RS";"Crescente";"Queda de moto";0;0;0;1;0;0;0;0;0;0;0;1;1;0;0
"05/01/2025";"11:41:52";"81";"Sem vítima";"37,000";"BR-101/RS";"Crescente";"Saída de pista";1;0;0;0;0;0;0;0;0;0;1;0;0;0;0
"05/01/2025";"15:29:30";"128";"Com vítima";"24,000";"BR-290/RS";"Crescente";"Engavetamento";2;0;0;1;0;0;0;0;0;0;2;0;1;0;0
"05/01/2025";"15:45:51";"133";"Sem vítima";"24,000";"BR-290/RS";"Crescente";"Colisão traseira";2;0;0;0;0;0;0;0;0;0;2;0;0;0;0
"05/01/2025";"16:22:10";"142";"Com vítima";"223,000";"BR-386/RS";"Decrescente";"Atropelamento de pedestre";1;0;0;0;0;0;0;0;0;0;4;0;1;0;0
"05/01/2025";"22:34:41";"220";"Sem vítima";"91,000";"BR-290/RS";"Decrescente";"Capotamento";1;0;0;0;0;0;0;0;0;0;1;0;0;0;0
"06/01/2025";"07:35:12";"75";"Sem vítima";"86,000";"BR-290/RS";"Crescente";"Colisão traseira";2;0;0;0;0;0;0;0;0;0;2;0;0;0;0
"06/01/2025";"07:48:39";"84";"Com vítima";"345,600";"BR-386/RS";"Crescente";"Acidentes de outra natureza";1;0;0;0;0;0;0;0;0;0;1;0;1;0;0
"06/01/2025";"07:55:06";"86";"Sem vítima";"80,000";"BR-290/RS";"Crescente";"Colisão traseira";2;0;0;0;0;0;0;0;0;0;2;0;0;0;0
"06/01/2025";"08:16:11";"94";"Sem vítima";"80,000";"BR-290/RS";"Crescente";"Colisão traseira";2;0;0;0;0;0;0;0;0;0;3;0;0;0;0
"06/01/2025";"08:52:45";"110";"Sem vítima";"440,000";"BR-386/RS";"Crescente";"Colisão lateral no mesmo sentido";1;0;1;0;0;0;0;0;0;0;2;0;0;0;0
"06/01/2025";"10:23:22";"143";"Com vítima";"294,000";"BR-386/RS";"Decrescente";"Saída de pista";1;0;0;0;0;0;0;0;0;0;7;2;0;0;0
"06/01/2025";"11:08:21";"154";"Sem vítima";"285,000";"BR-386/RS";"Crescente";"Colisão traseira";1;0;0;0;0;0;0;0;0;0;4;0;0;0;0
"06/01/2025";"11:53:41";"167";"Sem vítima";"7,000";"BR-101/RS";"Decrescente";"Choque";1;0;0;0;0;0;0;0;0;0;1;0;0;0;0
"06/01/2025";"13:27:28";"191";"Sem vítima";"94,000";"BR-290/RS";"Decrescente";"Colisão lateral no mesmo sentido";1;0;1;0;0;0;0;0;0;0;5;0;0;0;0
"06/01/2025";"15:49:17";"226";"Sem vítima";"53,000";"BR-101/RS";"Decrescente";"Saída de pista";1;0;0;0;0;0;0;0;0;0;1;0;0;0;0
"06/01/2025";"16:23:44";"241";"Com vítima";"68,000";"BR-290/RS";"Crescente";"Colisão lateral no mesmo sentido";2;0;0;1;0;0;0;0;0;0;5;0;1;0;0
"06/01/2025";"21:01:32";"299";"Sem vítima";"60,000";"BR-290/RS";"Crescente";"Colisão traseira";2;0;0;0;0;0;0;0;0;0;4;0;0;0;0
"07/01/2025";"05:32:45";"20";"Sem vítima";"71,000";"BR-101/RS";"Crescente";"Saída de pista";1;0;0;0;0;0;0;0;0;0;1;0;0;0;0
"07/01/2025";"09:30:09";"141";"Com vítima";"95,000";"BR-290/RS";"Crescente";"Queda de moto";0;0;0;1;0;0;0;0;0;0;0;2;0;0;0
"07/01/2025";"12:33:31";"183";"Com vítima";"344,000";"BR-386/RS";"Decrescente";"Queda de moto";0;0;0;1;0;0;0;0;0;0;0;0;1;0;0
"07/01/2025";"13:00:01";"187";"Sem vítima";"412,000";"BR-386/RS";"Crescente";"Colisão traseira";0;0;2;0;0;0;0;0;0;0;3;0;0;0;0
"07/01/2025";"13:12:33";"193";"Com vítima";"215,000";"BR-386/RS";"Decrescente";"Colisão lateral no mesmo sentido";2;0;1;0;0;0;0;0;0;0;2;3;0;0;0
"07/01/2025";"14:20:20";"210";"Sem vítima";"14,000";"BR-101/RS";"Crescente";"Saída de pista";1;0;0;0;0;0;0;0;0;0;4;0;0;0;0
"07/01/2025";"15:29:58";"222";"Sem vítima";"375,000";"BR-386/RS";"Crescente";"Choque";0;0;1;0;0;0;0;0;0;0;1;0;0;0;0
"07/01/2025";"17:29:46";"248";"Com vítima";"291,000";"BR-386/RS";"Decrescente";"Colisão traseira";2;0;0;0;0;0;0;0;0;0;0;1;0;0;0
"08/01/2025";"06:55:12";"40";"Sem vítima";"225,000";"BR-386/RS";"Decrescente";"Choque";1;0;0;0;0;0;0;0;0;0;1;0;0;0;0
"08/01/2025";"07:05:38";"45";"Com vítima";"439,000";"BR-386/RS";"Crescente";"Colisão lateral no mesmo sentido";1;0;1;0;0;0;0;0;0;0;1;0;1;0;0
"08/01/2025";"09:14:56";"139";"Com vítima";"417,500";"BR-386/RS";"Decrescente";"Choque";1;0;0;0;0;0;0;0;0;0;0;0;1;0;0
"08/01/2025";"12:05:51";"173";"Sem vítima";"42,000";"BR-101/RS";"Decrescente";"Colisão traseira";2;0;0;0;0;0;0;0;0;0;8;0;0;0;0
"08/01/2025";"13:18:12";"188";"Sem vítima";"441,000";"BR-386/RS";"Crescente";"Colisão traseira";1;0;1;0;0;0;0;0;0;0;6;0;0;0;0
"08/01/2025";"14:35:12";"201";"Sem vítima";"296,000";"BR-386/RS";"Crescente";"Saída de pista";0;0;1;0;0;0;0;0;0;0;1;0;0;0;0
"08/01/2025";"15:29:14";"210";"Sem vítima";"428,000";"BR-386/RS";"Decrescente";"Colisão transversal";1;0;1;0;0;0;0;0;0;0;2;0;0;0;0
"08/01/2025";"21:54:30";"275";"Sem vítima";"417,200";"BR-386/RS";"Decrescente";"Choque";1;0;0;0;0;0;0;0;0;0;3;0;0;0;0
"09/01/2025";"00:49:11";"9";"Sem vítima";"16,000";"BR-290/RS";"Decrescente";"Saída de pista";0;0;1;0;0;0;0;0;0;0;1;0;0;0;0
"09/01/2025";"07:44:53";"103";"Sem vítima";"344,600";"BR-386/RS";"Decrescente";"Engavetamento";2;0;0;0;0;0;0;0;0;0;2;0;0;0;0
"09/01/2025";"10:01:26";"168";"Sem vítima";"232,000";"BR-386/RS";"Crescente";"Colisão traseira";1;0;0;0;0;0;0;0;0;0;3;0;0;0;0
"09/01/2025";"11:59:02";"188";"Sem vítima";"342,000";"BR-386/RS";"Decrescente";"Colisão traseira";1;0;1;0;0;0;0;0;0;0;4;0;0;0;0
"09/01/2025";"17:13:30";"240";"Com vítima";"343,000";"BR-386/RS";"Crescente";"Colisão traseira";0;0;1;1;0;0;0;0;0;0;1;0;1;0;0
"09/01/2025";"18:05:42";"249";"Sem vítima";"90,000";"BR-290/RS";"Decrescente";"Colisão traseira";2;0;0;0;0;0;0;0;0;0;5;0;0;0;0
"09/01/2025";"18:24:57";"253";"Com vítima";"298,800";"BR-386/RS";"Crescente";"Engavetamento";4;0;3;0;0;0;0;0;0;0;12;0;1;0;0
"09/01/2025";"19:45:52";"274";"Sem vítima";"80,000";"BR-290/RS";"Decrescente";"Colisão lateral no mesmo sentido";1;0;0;1;0;0;0;0;0;0;2;0;0;0;0
"10/01/2025";"05:56:17";"16";"Sem vítima";"299,500";"BR-386/RS";"Decrescente";"Saída de pista";1;0;0;0;0;0;0;0;0;0;2;0;0;0;0
"10/01/2025";"07:34:56";"75";"Com vítima";"280,000";"BR-386/RS";"Decrescente";"Tombamento";0;0;1;0;0;0;0;0;0;0;0;0;1;0;0
"10/01/2025";"10:12:42";"145";"Sem vítima";"33,000";"BR-290/RS";"Decrescente";"Colisão lateral no mesmo sentido";2;0;0;0;0;0;0;0;0;0;2;0;0;0;0
"10/01/2025";"12:01:44";"181";"Com vítima";"347,000";"BR-386/RS";"Crescente";"Queda de moto";0;0;0;1;0;0;0;0;0;0;0;1;0;0;0
"10/01/2025";"15:18:35";"223";"Sem vítima";"70,000";"BR-290/RS";"Decrescente";"Colisão lateral no mesmo sentido";2;0;0;0;0;0;0;0;0;0;2;0;0;0;0
"10/01/2025";"17:14:45";"250";"Sem vítima";"89,000";"BR-290/RS";"Decrescente";"Colisão traseira";1;0;0;1;0;0;0;0;0;0;2;0;0;0;0
"11/01/2025";"02:14:27";"6";"Sem vítima";"402,000";"BR-386/RS";"Decrescente";"Choque";1;0;0;0;0;0;0;0;0;0;2;0;0;0;0
"11/01/2025";"06:24:45";"29";"Sem vítima";"60,000";"BR-290/RS";"Decrescente";"Colisão lateral no mesmo sentido";2;0;0;0;0;0;0;0;0;0;6;0;0;0;0