data;horario;n_da_ocorrencia;tipo_de_ocorrencia;km;trecho;sentido;tipo_de_acidente;automovel;bicicleta;caminhao;moto;onibus;outros;tracao_animal;transporte_de_cargas_especiais;trator_maquinas;utilitarios;ilesos;levemente_feridos;moderadamente_feridos;gravemente_feridos;mortos
"11/01/2025";"09:58:47";"127";"Com vítima";"75,000";"BR-290/RS";"Decrescente";"Choque";1;0;0;0;0;0;0;0;0;0;3;1;1;0;0
"11/01/2025";"14:15:57";"180";"Sem vítima";"226,000";"BR-386/RS";"Decrescente";"Colisão traseira";2;0;0;0;0;0;0;0;0;0;3;0;0;0;0
"11/01/2025";"15:11:55";"188";"Com vítima";"304,000";"BR-386/RS";"Decrescente";"Colisão traseira";0;0;0;2;0;0;0;0;0;0;0;1;3;0;0
"11/01/2025";"21:51:46";"239";"Sem vítima";"210,000";"BR-386/RS";"Crescente";"Atropelamento de animal";1;0;0;0;0;0;0;0;0;0;1;0;0;0;0
"11/01/2025";"23:12:09";"252";"Com vítima";"40,000";"BR-290/RS";"Decrescente";"Queda de moto";0;0;0;1;0;0;0;0;0;0;0;2;0;0;0
"12/01/2025";"00:47:53";"6";"Sem vítima";"249,000";"BR-386/RS";"Crescente";"Saída de pista";1;0;0;0;0;0;0;0;0;0;1;0;0;0;0
"12/01/2025";"07:58:44";"36";"Com vítima";"80,000";"BR-290/RS";"Decrescente";"Colisão frontal";1;0;0;0;0;0;0;0;0;0;0;0;1;0;0
"12/01/2025";"13:40:38";"90";"Com vítima";"91,000";"BR-290/RS";"Decrescente";"Colisão lateral no mesmo sentido";1;0;0;0;0;0;0;0;0;0;4;0;1;0;0
"12/01/2025";"14:43:01";"97";"Sem vítima";"216,000";"BR-386/RS";"Crescente";"Atropelamento de animal";1;0;0;0;0;0;0;0;0;0;3;0;0;0;0
"12/01/2025";"19:23:03";"160";"Com vítima";"247,000";"BR-386/RS";"Crescente";"Colisão frontal";1;0;1;0;0;0;0;0;0;0;7;1;0;0;0
"12/01/2025";"23:41:32";"212";"Com vítima";"343,000";"BR-386/RS";"Decrescente";"Colisão frontal";1;0;0;1;0;0;0;0;0;0;1;0;0;1;0
"13/01/2025";"11:09:38";"197";"Sem vítima";"75,000";"BR-290/RS";"Decrescente";"Choque";1;0;0;0;0;0;0;0;0;0;1;0;0;0;0
"13/01/2025";"12:01:26";"216";"Sem vítima";"67,000";"BR-101/RS";"Decrescente";"Colisão lateral no mesmo sentido";2;0;0;0;0;0;0;0;0;0;7;0;0;0;0
"13/01/2025";"12:46:32";"228";"Sem vítima";"426,000";"BR-386/RS";"Decrescente";"Colisão traseira";1;0;0;0;0;0;0;0;0;0;1;0;0;0;0
"13/01/2025";"13:27:13";"240";"Sem vítima";"422,000";"BR-386/RS";"Decrescente";"Colisão traseira";2;0;0;0;0;0;0;0;0;0;2;0;0;0;0
"13/01/2025";"14:52:53";"262";"Sem vítima";"56,000";"BR-101/RS";"Decrescente";"Saída de pista";0;0;1;0;0;0;0;0;0;0;1;0;0;0;0
"13/01/2025";"16:46:48";"292";"Sem vítima";"304,200";"BR-386/RS";"Decrescente";"Colisão lateral no mesmo sentido";0;0;1;0;0;0;0;0;0;0;1;0;0;0;0
"13/01/2025";"17:23:00";"298";"Com vítima";"14,000";"BR-448/RS";"Decrescente";"Colisão traseira";1;0;0;1;0;0;0;0;0;0;3;0;1;0;0
"13/01/2025";"17:46:32";"302";"Sem vítima";"83,000";"BR-290/RS";"Crescente";"Choque";1;0;0;0;0;0;0;0;0;0;1;0;0;0;0
"14/01/2025";"05:42:45";"20";"Sem vítima";"393,000";"BR-386/RS";"Crescente";"Colisão traseira";1;0;1;0;0;0;0;0;0;0;5;0;0;0;0
"14/01/2025";"08:38:34";"118";"Sem vítima";"96,000";"BR-290/RS";"Crescente";"Engavetamento";2;0;0;1;0;0;0;0;0;0;3;0;0;0;0
"14/01/2025";"10:59:19";"171";"Com vítima";"71,000";"BR-101/RS";"Crescente";"Engavetamento";0;0;3;0;0;0;0;0;0;0;3;0;1;0;0
"14/01/2025";"16:26:03";"223";"Sem vítima";"79,000";"BR-290/RS";"Decrescente";"Colisão lateral no mesmo sentido";2;0;0;0;0;0;0;0;0;0;2;0;0;0;0
"14/01/2025";"17:46:16";"234";"Sem vítima";"219,000";"BR-386/RS";"Decrescente";"Saída de pista";1;0;0;0;0;0;0;0;0;0;1;0;0;0;0
"14/01/2025";"17:57:23";"237";"Sem vítima";"82,000";"BR-101/RS";"Crescente";"Saída de pista";1;0;0;0;0;0;0;0;0;0;5;0;0;0;0
"14/01/2025";"23:45:54";"292";"Sem vítima";"92,000";"BR-290/RS";"Decrescente";"Choque";0;0;1;0;0;0;0;0;0;0;1;0;0;0;0
"15/01/2025";"05:53:01";"31";"Com vítima";"202,000";"BR-386/RS";"Crescente";"Colisão traseira";0;0;0;1;0;0;0;0;0;0;0;0;1;0;0
"15/01/2025";"07:29:57";"90";"Sem vítima";"375,000";"BR-386/RS";"Decrescente";"Choque";0;0;1;0;0;0;0;0;0;0;2;0;0;0;0
"15/01/2025";"07:39:54";"97";"Sem vítima";"437,000";"BR-386/RS";"Decrescente";"Engavetamento";4;0;0;0;0;0;0;0;0;0;5;0;0;0;0
"15/01/2025";"14:02:31";"228";"Com vítima";"246,000";"BR-386/RS";"Crescente";"Engavetamento";1;0;1;0;1;0;0;0;0;0;3;0;1;1;0
"15/01/2025";"14:10:14";"230";"Sem vítima";"78,000";"BR-290/RS";"Decrescente";"Engavetamento";5;0;0;0;0;0;0;0;0;0;6;0;0;0;0
"15/01/2025";"14:45:59";"237";"Sem vítima";"264,000";"BR-386/RS";"Decrescente";"Choque";0;0;1;0;0;0;0;0;0;0;1;0;0;0;0
"15/01/2025";"16:47:12";"255";"Com vítima";"23,000";"BR-101/RS";"Crescente";"Colisão lateral no mesmo sentido";1;0;0;1;0;0;0;0;0;0;1;0;1;0;0
"15/01/2025";"17:41:15";"258";"Sem vítima";"10,000";"BR-448/RS";"Decrescente";"Colisão lateral no mesmo sentido";1;0;1;0;0;0;0;0;0;0;2;0;0;0;0
"15/01/2025";"23:17:18";"298";"Sem vítima";"60,000";"BR-290/RS";"Decrescente";"Colisão lateral no mesmo sentido";1;0;0;0;0;0;0;0;0;0;2;0;0;0;0
"15/01/2025";"23:59:36";"300";"Sem vítima";"333,000";"BR-386/RS";"Crescente";"Tombamento";0;0;1;0;0;0;0;0;0;0;2;0;0;0;0
"16/01/2025";"10:54:47";"167";"Sem vítima";"389,000";"BR-386/RS";"Crescente";"Colisão traseira";1;0;0;0;0;0;0;0;0;0;1;0;0;0;0
"16/01/2025";"11:37:48";"175";"Com vítima";"428,000";"BR-386/RS";"Crescente";"Colisão traseira";1;0;0;1;0;0;0;0;0;0;1;0;1;0;0
"16/01/2025";"16:05:17";"241";"Sem vítima";"94,000";"BR-290/RS";"Decrescente";"Choque";1;0;0;0;0;0;0;0;0;0;1;0;0;0;0
"16/01/2025";"16:52:57";"250";"Com vítima";"9,000";"BR-448/RS";"Crescente";"Saída de pista";1;0;0;0;0;0;0;0;0;0;0;1;0;0;0
"17/01/2025";"04:56:11";"18";"Com vítima";"342,000";"BR-386/RS";"Decrescente";"Colisão frontal";1;0;0;1;0;0;0;0;0;0;1;1;0;0;0
"17/01/2025";"06:19:52";"29";"Com vítima";"328,000";"BR-386/RS";"Crescente";"Queda de moto";0;0;0;1;0;0;0;0;0;0;0;0;1;0;0
"17/01/2025";"07:50:21";"80";"Sem vítima";"259,000";"BR-386/RS";"Decrescente";"Saída de pista";1;0;0;0;0;0;0;0;0;0;3;0;0;0;0
"17/01/2025";"11:12:54";"146";"Sem vítima";"84,600";"BR-290/RS";"Decrescente";"Colisão lateral no mesmo sentido";1;0;1;0;0;0;0;0;0;0;6;0;0;0;0
"17/01/2025";"14:16:40";"188";"Com vítima";"37,000";"BR-290/RS";"Decrescente";"Queda de moto";0;0;0;1;0;0;0;0;0;0;0;2;0;0;0
"17/01/2025";"15:52:23";"222";"Sem vítima";"232,000";"BR-386/RS";"Decrescente";"Colisão lateral no mesmo sentido";0;0;2;0;0;0;0;0;0;0;3;0;0;0;0
"17/01/2025";"16:19:03";"229";"Sem vítima";"80,000";"BR-101/RS";"Crescente";"Colisão transversal";1;0;0;0;0;0;0;0;0;0;2;0;0;0;0
"17/01/2025";"17:09:22";"245";"Sem vítima";"5,000";"BR-290/RS";"Crescente";"Colisão transversal";0;0;1;0;0;0;0;0;0;0;1;0;0;0;0
"17/01/2025";"18:43:00";"269";"Sem vítima";"307,000";"BR-386/RS";"Decrescente";"Saída de pista";1;0;0;0;0;0;0;0;0;0;3;0;0;0;0
"17/01/2025";"19:55:05";"287";"Com vítima";"84,000";"BR-290/RS";"Decrescente";"Queda de moto";0;0;0;1;0;0;0;0;0;0;1;1;0;0;0
"17/01/2025";"21:49:57";"307";"Com vítima";"18,300";"BR-448/RS";"Crescente";"Colisão traseira";2;0;0;0;0;0;0;0;0;0;0;0;2;0;0
"18/01/2025";"02:23:50";"14";"Sem vítima";"79,000";"BR-290/RS";"Crescente";"Colisão traseira";2;0;0;0;0;0;0;0;0;0;6;0;0;0;0
"18/01/2025";"10:38:40";"117";"Sem vítima";"392,000";"BR-386/RS";"Decrescente";"Capotamento";1;0;0;0;0;0;0;0;0;0;2;0;0;0;0
"18/01/2025";"10:50:36";"122";"Sem vítima";"32,000";"BR-101/RS";"Decrescente";"Saída de pista";0;0;1;0;0;0;0;0;0;0;1;0;0;0;0
"18/01/2025";"11:20:11";"127";"Sem vítima";"19,000";"BR-290/RS";"Decrescente";"Engavetamento";3;0;0;0;0;0;0;0;0;0;8;0;0;0;0
"18/01/2025";"17:29:16";"194";"Com vítima";"92,000";"BR-290/RS";"Decrescente";"Colisão lateral no mesmo sentido";0;0;0;1;0;0;0;0;0;0;1;1;0;0;0
"18/01/2025";"18:46:53";"206";"Com vítima";"366,000";"BR-386/RS";"Crescente";"Colisão frontal";2;0;0;0;0;0;0;0;0;0;0;0;0;8;0
"18/01/2025";"20:46:39";"223";"Sem vítima";"15,000";"BR-290/RS";"Decrescente";"Choque";0;0;1;0;0;0;0;0;0;0;2;0;0;0;0
"18/01/2025";"23:31:10";"239";"Sem vítima";"349,000";"BR-386/RS";"Crescente";"Colisão traseira";2;0;0;0;0;0;0;0;0;0;2;0;0;0;0
"19/01/2025";"07:40:47";"40";"Sem vítima";"60,000";"BR-290/RS";"Crescente";"Engavetamento";3;0;0;0;0;0;0;0;0;0;5;0;0;0;0
"19/01/2025";"08:43:54";"45";"Com vítima";"83,000";"BR-290/RS";"Decrescente";"Capotamento";1;0;0;0;0;0;0;0;0;0;0;1;0;0;0
"19/01/2025";"09:11:34";"50";"Com vítima";"238,000";"BR-386/RS";"Decrescente";"Colisão lateral no mesmo sentido";2;0;1;0;0;0;0;0;0;0;4;0;2;0;0
"19/01/2025";"13:18:06";"83";"Sem vítima";"307,000";"BR-386/RS";"Decrescente";"Saída de pista";0;0;1;0;0;0;0;0;0;0;1;0;0;0;0
"19/01/2025";"16:43:46";"126";"Sem vítima";"226,000";"BR-386/RS";"Crescente";"Choque";1;0;0;0;0;0;0;0;0;0;1;0;0;0;0
"19/01/2025";"17:54:19";"151";"Sem vítima";"2,000";"BR-290/RS";"Crescente";"Colisão traseira";2;0;0;0;0;0;0;0;0;0;5;0;0;0;0
"19/01/2025";"17:58:04";"154";"Sem vítima";"220,000";"BR-386/RS";"Decrescente";"Colisão lateral no mesmo sentido";2;0;0;0;0;0;0;0;0;0;4;0;0;0;0
"19/01/2025";"19:29:39";"177";"Sem vítima";"73,000";"BR-290/RS";"Crescente";"Colisão traseira";2;0;0;0;0;0;0;0;0;0;2;0;0;0;0
"19/01/2025";"20:19:25";"191";"Sem vítima";"213,000";"BR-386/RS";"Crescente";"Saída de pista";1;0;0;0;0;0;0;0;0;0;2;0;0;0;0
"19/01/2025";"21:54:55";"218";"Com vítima";"240,000";"BR-386/RS";"Decrescente";"Colisão frontal";1;0;0;0;1;0;0;0;0;0;15;0;1;0;0
"19/01/2025";"22:08:37";"221";"Sem vítima";"362,000";"BR-386/RS";"Crescente";"Saída de pista";1;0;0;0;0;0;0;0;0;0;5;0;0;0;0
"19/01/2025";"22:39:00";"225";"Sem vítima";"347,000";"BR-386/RS";"Crescente";"Saída de pista";1;0;0;0;0;0;0;0;0;0;1;0;0;0;0
"19/01/2025";"23:43:54";"238";"Sem vítima";"60,000";"BR-290/RS";"Decrescente";"Colisão traseira";1;0;0;0;0;0;0;0;0;0;4;0;0;0;0
"20/01/2025";"00:44:01";"4";"Sem vítima";"10,000";"BR-448/RS";"Decrescente";"Saída de pista";1;0;0;0;0;0;0;0;0;0;3;0;0;0;0
"20/01/2025";"06:39:43";"46";"Sem vítima";"75,000";"BR-290/RS";"Crescente";"Colisão traseira";2;0;0;0;0;0;0;0;0;0;2;0;0;0;0
"20/01/2025";"08:11:48";"101";"Sem vítima";"293,000";"BR-386/RS";"Crescente";"Colisão traseira";1;0;1;0;0;0;0;0;0;0;4;0;0;0;0
"20/01/2025";"08:27:00";"115";"Sem vítima";"397,000";"BR-386/RS";"Crescente";"Saída de pista";0;0;1;0;0;0;0;0;0;0;1;0;0;0;0
"20/01/2025";"08:31:53";"118";"Com vítima";"19,000";"BR-290/RS";"Crescente";"Colisão traseira";2;0;0;0;0;0;0;0;0;0;5;2;0;0;0
"20/01/2025";"09:14:30";"132";"Com vítima";"95,000";"BR-290/RS";"Crescente";"Queda de moto";0;0;0;1;0;0;0;0;0;0;0;1;1;0;0
"20/01/2025";"12:19:43";"172";"Sem vítima";"60,000";"BR-290/RS";"Crescente";"Colisão lateral no mesmo sentido";1;0;1;0;0;0;0;0;0;0;4;0;0;0;0
"20/01/2025";"15:44:52";"225";"Com vítima";"45,400";"BR-101/RS";"Decrescente";"Colisão traseira";0;0;0;1;0;0;0;0;0;0;0;0;2;0;0
"20/01/2025";"17:47:50";"249";"Com vítima";"349,000";"BR-386/RS";"Crescente";"Colisão lateral no mesmo sentido";0;0;0;2;0;0;0;0;0;0;1;0;1;0;0
"20/01/2025";"18:28:21";"259";"Com vítima";"251,000";"BR-386/RS";"Crescente";"Engavetamento";1;0;2;0;0;0;0;0;0;0;5;1;1;0;0
"20/01/2025";"19:45:12";"274";"Sem vítima";"92,000";"BR-290/RS";"Crescente";"Colisão traseira";2;0;0;0;0;0;0;0;0;0;3;0;0;0;0
"20/01/2025";"21:35:17";"301";"Sem vítima";"357,000";"BR-386/RS";"Decrescente";"Saída de pista";1;0;0;0;0;0;0;0;0;0;1;0;0;0;0
"21/01/2025";"00:03:30";"1";"Sem vítima";"191,000";"BR-386/RS";"Decrescente";"Colisão lateral no mesmo sentido";1;0;1;0;0;0;0;0;0;0;4;0;0;0;0
"21/01/2025";"07:40:19";"75";"Sem vítima";"74,000";"BR-101/RS";"Crescente";"Saída de pista";0;0;1;0;0;0;0;0;0;0;1;0;0;0;0
"21/01/2025";"08:44:46";"110";"Sem vítima";"342,100";"BR-386/RS";"Decrescente";"Colisão lateral no mesmo sentido";2;0;0;0;0;0;0;0;0;0;4;0;0;0;0
"21/01/2025";"09:59:42";"190";"Com vítima";"344,000";"BR-386/RS";"Crescente";"Queda de moto";0;0;0;1;0;0;0;0;0;0;0;0;1;0;0
"21/01/2025";"14:12:50";"281";"Sem vítima";"16,400";"BR-101/RS";"Decrescente";"Colisão lateral no mesmo sentido";1;0;1;0;0;0;0;0;0;0;5;0;0;0;0
"21/01/2025";"14:14:58";"282";"Sem vítima";"27,000";"BR-290/RS";"Crescente";"Choque";1;0;0;0;0;0;0;0;0;0;2;0;0;0;0
"21/01/2025";"14:19:54";"285";"Sem vítima";"262,000";"BR-386/RS";"Decrescente";"Colisão traseira";2;0;0;0;0;0;0;0;0;0;6;0;0;0;0
"21/01/2025";"14:50:00";"294";"Sem vítima";"304,000";"BR-386/RS";"Decrescente";"Colisão lateral no mesmo sentido";1;0;1;0;0;0;0;0;0;0;4;0;0;0;0
"21/01/2025";"16:04:11";"313";"Com vítima";"409,400";"BR-386/RS";"Decrescente";"Tombamento";0;0;1;0;0;0;0;0;0;0;0;0;1;0;0
"21/01/2025";"16:54:27";"321";"Sem vítima";"89,000";"BR-290/RS";"Decrescente";"Engavetamento";3;0;0;0;0;0;0;0;0;0;3;0;0;0;0
"21/01/2025";"17:51:18";"332";"Com vítima";"95,000";"BR-290/RS";"Decrescente";"Queda de moto";0;0;0;1;0;0;0;0;0;0;0;0;1;0;0
"21/01/2025";"18:07:22";"337";"Sem vítima";"5,000";"BR-101/RS";"Decrescente";"Capotamento";1;0;0;0;0;0;0;0;0;0;1;0;0;0;0
"21/01/2025";"18:07:59";"336";"Sem vítima";"95,000";"BR-290/RS";"Decrescente";"Queda de moto";0;0;0;1;0;0;0;0;0;0;2;0;0;0;0
"21/01/2025";"18:10:28";"338";"Com vítima";"95,000";"BR-290/RS";"Decrescente";"Choque";1;0;0;0;0;0;0;0;0;0;0;3;0;0;0
"21/01/2025";"18:31:12";"347";"Sem vítima";"91,000";"BR-290/RS";"Decrescente";"Engavetamento";1;0;0;0;0;0;0;0;0;0;1;0;0;0;0
"21/01/2025";"21:11:45";"365";"Sem vítima";"78,000";"BR-101/RS";"Decrescente";"Saída de pista";0;0;1;0;0;0;0;0;0;0;1;0;0;0;0
"22/01/2025";"10:51:04";"148";"Sem vítima";"418,000";"BR-386/RS";"Decrescente";"Choque";1;0;0;0;0;0;0;0;0;0;2;0;0;0;0
"22/01/2025";"10:55:42";"150";"Sem vítima";"92,000";"BR-290/RS";"Crescente";"Colisão lateral no mesmo sentido";1;0;1;0;0;0;0;0;0;0;4;0;0;0;0
"22/01/2025";"12:10:58";"170";"Sem vítima";"92,000";"BR-290/RS";"Decrescente";"Colisão lateral no mesmo sentido";1;0;1;0;0;0;0;0;0;0;2;0;0;0;0
"22/01/2025";"15:31:10";"212";"Sem vítima";"35,000";"BR-101/RS";"Decrescente";"Colisão traseira";2;0;0;0;0;0;0;0;0;0;4;0;0;0;0
"22/01/2025";"15:56:19";"218";"Sem vítima";"19,000";"BR-290/RS";"Decrescente";"Colisão traseira";2;0;0;0;0;0;0;0;0;0;4;0;0;0;0
"22/01/2025";"17:40:45";"241";"Com vítima";"92,000";"BR-290/RS";"Decrescente";"Colisão lateral no mesmo sentido";2;0;0;0;0;0;0;0;0;0;2;1;0;0;0
"22/01/2025";"17:44:50";"243";"Sem vítima";"12,000";"BR-290/RS";"Crescente";"Choque";1;0;1;0;0;0;0;0;0;0;2;0;0;0;0
"22/01/2025";"20:19:10";"273";"Sem vítima";"63,400";"BR-101/RS";"Decrescente";"Colisão frontal";2;0;0;0;0;0;0;0;0;0;5;0;0;0;0
"23/01/2025";"06:12:58";"33";"Sem vítima";"405,000";"BR-386/RS";"Decrescente";"Choque";1;0;0;0;0;0;0;0;0;0;3;0;0;0;0
"23/01/2025";"08:06:56";"96";"Com vítima";"96,000";"BR-290/RS";"Decrescente";"Colisão traseira";2;0;0;1;0;0;0;0;0;0;4;0;1;0;0
"23/01/2025";"11:58:04";"159";"Com vítima";"51,000";"BR-101/RS";"Decrescente";"Capotamento";1;0;0;0;0;0;0;0;0;0;0;0;1;0;0
"23/01/2025";"13:21:39";"180";"Sem vítima";"238,000";"BR-386/RS";"Decrescente";"Colisão traseira";2;0;0;0;0;0;0;0;0;0;4;0;0;0;0
"23/01/2025";"14:11:59";"200";"Sem vítima";"85,000";"BR-101/RS";"Decrescente";"Colisão traseira";0;0;2;0;0;0;0;0;0;0;2;0;0;0;0
"23/01/2025";"14:24:42";"203";"Sem vítima";"235,000";"BR-386/RS";"Decrescente";"Colisão lateral no mesmo sentido";1;0;1;0;0;0;0;0;0;0;3;0;0;0;0
"23/01/2025";"14:46:36";"212";"Sem vítima";"306,000";"BR-386/RS";"Decrescente";"Choque";0;0;1;0;0;0;0;0;0;0;1;0;0;0;0
"23/01/2025";"18:29:05";"258";"Sem vítima";"245,280";"BR-386/RS";"Crescente";"Colisão lateral no mesmo sentido";0;0;2;0;0;0;0;0;0;0;2;0;0;0;0
"23/01/2025";"19:54:46";"277";"Sem vítima";"35,000";"BR-101/RS";"Decrescente";"Choque";1;0;0;0;0;0;0;0;0;0;4;0;0;0;0
"24/01/2025";"07:25:12";"61";"Sem vítima";"203,000";"BR-386/RS";"Decrescente";"Engavetamento";3;0;0;0;0;0;0;0;0;0;8;0;0;0;0
"24/01/2025";"16:58:52";"286";"Sem vítima";"22,800";"BR-290/RS";"Decrescente";"Engavetamento";3;0;0;0;0;0;0;0;0;0;3;0;0;0;0
"24/01/2025";"17:13:36";"289";"Sem vítima";"417,000";"BR-386/RS";"Crescente";"Colisão transversal";2;0;0;0;0;0;0;0;0;0;4;0;0;0;0
"24/01/2025";"17:29:16";"293";"Com vítima";"91,000";"BR-290/RS";"Decrescente";"Colisão traseira";1;0;0;1;0;0;0;0;0;0;3;0;1;0;0
"24/01/2025";"18:21:31";"304";"Sem vítima";"435,000";"BR-386/RS";"Crescente";"Colisão transversal";2;0;0;0;0;0;0;0;0;0;4;0;0;0;0
"24/01/2025";"18:56:47";"321";"Sem vítima";"306,000";"BR-386/RS";"Crescente";"Tombamento";1;0;0;0;0;0;0;0;0;0;1;0;0;0;0
"25/01/2025";"01:37:45";"10";"Sem vítima";"337,000";"BR-386/RS";"Crescente";"Saída de pista";1;0;0;0;0;0;0;0;0;0;1;0;0;0;0
"25/01/2025";"08:21:28";"80";"Sem vítima";"94,000";"BR-290/RS";"Decrescente";"Choque";1;0;0;0;0;0;0;0;0;0;1;0;0;0;0
"25/01/2025";"08:57:04";"89";"Sem vítima";"305,000";"BR-386/RS";"Crescente";"Colisão lateral no mesmo sentido";1;0;1;0;0;0;0;0;0;0;5;0;0;0;0
"25/01/2025";"09:39:57";"104";"Sem vítima";"32,000";"BR-290/RS";"Decrescente";"Engavetamento";3;0;0;0;0;0;0;0;0;0;8;0;0;0;0
"25/01/2025";"09:42:13";"105";"Sem vítima";"40,000";"BR-290/RS";"Decrescente";"Colisão traseira";2;0;0;0;0;0;0;0;0;0;2;0;0;0;0
"25/01/2025";"11:29:15";"130";"Sem vítima";"14,000";"BR-101/RS";"Crescente";"Choque";1;0;0;0;0;0;0;0;0;0;4;0;0;0;0
"25/01/2025";"14:22:07";"163";"Sem vítima";"47,000";"BR-101/RS";"Crescente";"Choque";0;0;1;0;0;0;0;0;0;0;1;0;0;0;0
"25/01/2025";"16:13:02";"190";"Sem vítima";"19,000";"BR-290/RS";"Crescente";"Tombamento";1;0;0;0;0;0;0;0;0;0;1;0;0;0;0
"25/01/2025";"18:43:16";"211";"Sem vítima";"306,000";"BR-386/RS";"Decrescente";"Saída de pista";1;0;0;0;0;0;0;0;0;0;2;0;0;0;0
"25/01/2025";"19:30:07";"215";"Com vítima";"442,000";"BR-386/RS";"Crescente";"Colisão transversal";1;0;1;0;0;0;0;0;0;0;2;0;0;1;0
"26/01/2025";"00:36:29";"5";"Com vítima";"21,000";"BR-448/RS";"Crescente";"Colisão traseira";1;0;1;0;0;0;0;0;0;0;2;1;0;0;0
"26/01/2025";"04:31:56";"22";"Sem vítima";"307,000";"BR-386/RS";"Decrescente";"Saída de pista";1;0;0;0;0;0;0;0;0;0;1;0;0;0;0
"26/01/2025";"04:39:41";"23";"Com vítima";"246,000";"BR-386/RS";"Crescente";"Colisão transversal";1;0;1;0;0;0;0;0;0;0;1;0;1;0;0
"26/01/2025";"12:08:09";"106";"Sem vítima";"367,000";"BR-386/RS";"Decrescente";"Colisão transversal";2;0;0;0;0;0;0;0;0;0;6;0;0;0;0
"26/01/2025";"12:46:19";"107";"Sem vítima";"47,000";"BR-290/RS";"Crescente";"Colisão traseira";2;0;0;0;0;0;0;0;0;0;6;0;0;0;0
"26/01/2025";"16:32:51";"147";"Com vítima";"82,000";"BR-101/RS";"Crescente";"Colisão traseira";1;0;0;1;0;0;0;0;0;0;4;1;0;0;0
"26/01/2025";"17:02:53";"151";"Sem vítima";"7,000";"BR-290/RS";"Crescente";"Choque";1;0;0;0;0;0;0;0;0;0;1;0;0;0;0
"26/01/2025";"20:05:49";"204";"Sem vítima";"60,000";"BR-290/RS";"Decrescente";"Colisão traseira";1;0;0;0;0;0;0;0;0;0;1;0;0;0;0
"26/01/2025";"22:53:29";"227";"Com vítima";"70,000";"BR-290/RS";"Crescente";"Queda de moto";0;0;0;1;0;0;0;0;0;0;0;1;1;0;0
"27/01/2025";"00:43:24";"4";"Com vítima";"95,986";"BR-290/RS";"Decrescente";"Atropelamento de pedestre";1;0;0;0;0;0;0;0;0;0;1;0;0;0;1
"27/01/2025";"03:53:57";"19";"Sem vítima";"361,000";"BR-386/RS";"Decrescente";"Saída de pista";0;0;1;0;0;0;0;0;0;0;1;0;0;0;0
"27/01/2025";"05:27:28";"25";"Sem vítima";"92,000";"BR-290/RS";"Decrescente";"Saída de pista";1;0;1;0;0;0;0;0;0;0;2;0;0;0;0
"27/01/2025";"06:47:22";"45";"Sem vítima";"25,000";"BR-290/RS";"Crescente";"Colisão lateral no mesmo sentido";1;0;1;0;0;0;0;0;0;0;3;0;0;0;0
"27/01/2025";"09:05:15";"131";"Sem vítima";"92,000";"BR-290/RS";"Crescente";"Colisão traseira";2;0;0;0;0;0;0;0;0;0;2;0;0;0;0
"27/01/2025";"10:29:09";"153";"Sem vítima";"440,000";"BR-386/RS";"Decrescente";"Colisão lateral no mesmo sentido";1;0;1;0;0;0;0;0;0;0;2;0;0;0;0
"27/01/2025";"14:22:56";"211";"Sem vítima";"9,000";"BR-448/RS";"Crescente";"Colisão traseira";2;0;0;0;0;0;0;0;0;0;3;0;0;0;0
"27/01/2025";"14:23:03";"212";"Sem vítima";"79,000";"BR-290/RS";"Decrescente";"Colisão traseira";1;0;0;1;0;0;0;0;0;0;2;0;0;0;0
"27/01/2025";"14:38:02";"216";"Com vítima";"325,000";"BR-386/RS";"Decrescente";"Colisão lateral no mesmo sentido";2;0;1;0;0;0;0;0;0;0;7;1;0;0;0
"27/01/2025";"16:49:30";"242";"Com vítima";"399,000";"BR-386/RS";"Decrescente";"Colisão transversal";2;0;0;0;0;0;0;0;0;0;0;1;1;1;0
"27/01/2025";"17:07:47";"245";"Sem vítima";"358,000";"BR-386/RS";"Decrescente";"Saída de pista";1;0;0;0;0;0;0;0;0;0;1;0;0;0;0
"27/01/2025";"18:38:58";"266";"Com vítima";"333,800";"BR-386/RS";"Decrescente";"Colisão lateral no mesmo sentido";0;0;2;0;0;0;0;0;0;0;1;0;1;0;0
"27/01/2025";"18:58:44";"272";"Com vítima";"306,000";"BR-386/RS";"Decrescente";"Queda de moto";0;0;0;1;0;0;0;0;0;0;0;0;1;0;0