data;horario;n_da_ocorrencia;tipo_de_ocorrencia;km;trecho;sentido;tipo_de_acidente;automovel;bicicleta;caminhao;moto;onibus;outros;tracao_animal;transporte_de_cargas_especiais;trator_maquinas;utilitarios;ilesos;levemente_feridos;moderadamente_feridos;gravemente_feridos;mortos
"28/01/2025";"06:49:02";"52";"Sem vítima";"75,000";"BR-290/RS";"Crescente";"Saída de pista";1;0;0;0;0;0;0;0;0;0;1;0;0;0;0
"28/01/2025";"08:43:27";"121";"Sem vítima";"75,000";"BR-290/RS";"Decrescente";"Saída de pista";1;0;0;0;0;0;0;0;0;0;2;0;0;0;0
"28/01/2025";"14:44:03";"185";"Com vítima";"306,000";"BR-386/RS";"Crescente";"Colisão lateral no mesmo sentido";1;0;0;0;0;0;0;0;0;0;3;2;0;0;0
"28/01/2025";"15:29:47";"196";"Com vítima";"20,000";"BR-290/RS";"Crescente";"Colisão traseira";2;0;0;0;0;0;0;0;0;0;1;1;1;0;0
"28/01/2025";"17:43:38";"223";"Sem vítima";"83,000";"BR-290/RS";"Decrescente";"Choque";1;0;0;0;0;0;0;0;0;0;1;0;0;0;0
"29/01/2025";"03:23:34";"14";"Sem vítima";"293,000";"BR-386/RS";"Decrescente";"Tombamento";0;0;1;0;0;0;0;0;0;0;1;0;0;0;0
"29/01/2025";"09:50:53";"130";"Sem vítima";"67,000";"BR-101/RS";"Decrescente";"Colisão traseira";2;0;0;0;0;0;0;0;0;0;8;0;0;0;0
"29/01/2025";"14:45:45";"188";"Sem vítima";"2,000";"BR-290/RS";"Crescente";"Saída de pista";1;0;0;0;0;0;0;0;0;0;1;0;0;0;0
"29/01/2025";"15:23:30";"199";"Sem vítima";"5,000";"BR-290/RS";"Crescente";"Colisão traseira";0;0;1;0;0;0;0;0;0;0;2;0;0;0;0
"29/01/2025";"23:01:19";"267";"Sem vítima";"246,000";"BR-386/RS";"Crescente";"Saída de pista";1;0;0;0;0;0;0;0;0;0;1;0;0;0;0
"30/01/2025";"00:44:34";"9";"Sem vítima";"435,000";"BR-386/RS";"Decrescente";"Choque";1;0;0;0;0;0;0;0;0;0;1;0;0;0;0
"30/01/2025";"13:02:52";"168";"Sem vítima";"20,000";"BR-448/RS";"Crescente";"Saída de pista";1;0;0;0;0;0;0;0;0;0;1;0;0;0;0
"30/01/2025";"13:05:54";"169";"Sem vítima";"84,000";"BR-290/RS";"Decrescente";"Colisão traseira";1;0;0;0;0;0;0;0;0;0;4;0;0;0;0
"30/01/2025";"13:30:52";"174";"Com vítima";"234,000";"BR-386/RS";"Crescente";"Colisão lateral no mesmo sentido";1;0;1;0;0;0;0;0;0;0;1;0;1;0;0
"30/01/2025";"13:46:14";"179";"Com vítima";"86,000";"BR-290/RS";"Decrescente";"Engavetamento";2;0;1;0;0;0;0;0;0;0;2;1;0;0;0
"30/01/2025";"15:51:06";"220";"Com vítima";"249,000";"BR-386/RS";"Decrescente";"Colisão transversal";2;0;0;0;0;0;0;0;0;0;2;2;1;0;0
"30/01/2025";"16:54:00";"234";"Sem vítima";"76,000";"BR-290/RS";"Decrescente";"Colisão lateral no mesmo sentido";2;0;0;0;0;0;0;0;0;0;3;0;0;0;0
"30/01/2025";"23:09:39";"286";"Sem vítima";"92,000";"BR-290/RS";"Crescente";"Capotamento";1;0;0;0;0;0;0;0;0;0;1;0;0;0;0
"31/01/2025";"09:06:24";"132";"Sem vítima";"70,000";"BR-101/RS";"Decrescente";"Colisão lateral no mesmo sentido";1;0;1;0;0;0;0;0;0;0;2;0;0;0;0
"31/01/2025";"15:24:10";"227";"Sem vítima";"350,000";"BR-386/RS";"Decrescente";"Colisão traseira";1;0;1;0;0;0;0;0;0;0;2;0;0;0;0
"31/01/2025";"15:38:00";"231";"Com vítima";"238,000";"BR-386/RS";"Crescente";"Engavetamento";4;0;0;0;0;0;0;0;0;0;5;1;0;0;0
"31/01/2025";"15:53:19";"235";"Sem vítima";"78,000";"BR-290/RS";"Crescente";"Colisão lateral no mesmo sentido";0;0;2;0;0;0;0;0;0;0;2;0;0;0;0
"31/01/2025";"16:45:39";"255";"Com vítima";"310,000";"BR-386/RS";"Decrescente";"Queda de moto";1;0;0;0;0;0;0;0;0;0;0;1;0;0;0
"31/01/2025";"20:14:57";"296";"Sem vítima";"25,000";"BR-290/RS";"Decrescente";"Colisão traseira";2;0;0;0;0;0;0;0;0;0;3;0;0;0;0
"31/01/2025";"21:02:30";"308";"Sem vítima";"288,000";"BR-386/RS";"Crescente";"Choque";1;0;0;0;0;0;0;0;0;0;1;0;0;0;0
"01/02/2025";"03:09:20";"15";"Sem vítima";"273,000";"BR-386/RS";"Crescente";"Saída de pista";1;0;0;0;0;0;0;0;0;0;1;0;0;0;0
"01/02/2025";"08:16:44";"96";"Sem vítima";"87,000";"BR-290/RS";"Crescente";"Queda de moto";0;0;0;1;0;0;0;0;0;0;1;0;0;0;0
"01/02/2025";"10:37:40";"135";"Com vítima";"56,000";"BR-290/RS";"Decrescente";"Colisão traseira";2;0;0;0;0;0;0;0;0;0;2;1;0;0;0
"01/02/2025";"10:45:04";"138";"Sem vítima";"86,000";"BR-101/RS";"Decrescente";"Colisão traseira";0;0;1;0;0;0;0;0;0;0;1;0;0;0;0
"01/02/2025";"11:36:15";"147";"Sem vítima";"10,000";"BR-448/RS";"Decrescente";"Colisão lateral no mesmo sentido";2;0;0;0;0;0;0;0;0;0;5;0;0;0;0
"01/02/2025";"12:18:14";"152";"Sem vítima";"247,000";"BR-386/RS";"Crescente";"Colisão traseira";2;0;0;0;0;0;0;0;0;0;2;0;0;0;0
"01/02/2025";"12:46:20";"162";"Com vítima";"97,000";"BR-290/RS";"Crescente";"Colisão traseira";1;0;0;1;0;0;0;0;0;0;3;1;0;0;0
"01/02/2025";"16:20:38";"204";"Sem vítima";"426,000";"BR-386/RS";"Decrescente";"Engavetamento";3;0;0;0;0;0;0;0;0;0;10;0;0;0;0
"01/02/2025";"19:31:12";"241";"Sem vítima";"95,000";"BR-290/RS";"Crescente";"Colisão lateral no mesmo sentido";1;0;0;0;0;0;0;0;0;0;3;0;0;0;0
"01/02/2025";"20:52:29";"257";"Sem vítima";"85,000";"BR-101/RS";"Crescente";"Choque";1;0;0;0;0;0;0;0;0;0;1;0;0;0;0
"01/02/2025";"21:21:18";"260";"Com vítima";"92,000";"BR-290/RS";"Decrescente";"Colisão lateral no mesmo sentido";1;0;0;1;0;0;0;0;0;0;1;1;1;0;0
"02/02/2025";"02:36:23";"15";"Sem vítima";"66,000";"BR-290/RS";"Decrescente";"Queda de moto";0;0;0;1;0;0;0;0;0;0;2;0;0;0;0
"02/02/2025";"04:05:54";"21";"Sem vítima";"438,000";"BR-386/RS";"Decrescente";"Saída de pista";1;0;0;0;0;0;0;0;0;0;2;0;0;0;0
"02/02/2025";"05:42:11";"26";"Sem vítima";"273,000";"BR-386/RS";"Crescente";"Saída de pista";1;0;0;0;0;0;0;0;0;0;1;0;0;0;0
"02/02/2025";"09:07:03";"66";"Com vítima";"50,000";"BR-290/RS";"Crescente";"Choque";1;0;0;0;0;0;0;0;0;0;3;1;0;0;0
"02/02/2025";"15:03:36";"145";"Sem vítima";"300,000";"BR-386/RS";"Crescente";"Saída de pista";1;0;0;0;0;0;0;0;0;0;2;0;0;0;0
"02/02/2025";"15:50:06";"154";"Com vítima";"350,000";"BR-386/RS";"Decrescente";"Colisão traseira";2;0;0;0;0;0;0;0;0;0;5;1;1;0;0
"02/02/2025";"16:18:00";"160";"Com vítima";"87,000";"BR-101/RS";"Crescente";"Engavetamento";3;0;0;0;0;0;0;0;0;0;8;1;0;0;0
"02/02/2025";"16:47:18";"165";"Sem vítima";"1,000";"BR-290/RS";"Crescente";"Engavetamento";3;0;0;0;0;0;0;0;0;0;3;0;0;0;0
"02/02/2025";"17:10:44";"170";"Sem vítima";"75,000";"BR-290/RS";"Decrescente";"Colisão traseira";1;0;0;1;0;0;0;0;0;0;3;0;0;0;0
"02/02/2025";"17:34:53";"176";"Sem vítima";"424,000";"BR-386/RS";"Decrescente";"Saída de pista";1;0;0;0;0;0;0;0;0;0;1;0;0;0;0
"02/02/2025";"17:49:12";"181";"Sem vítima";"7,200";"BR-290/RS";"Crescente";"Acidentes de outra natureza";1;0;0;0;0;0;0;0;0;0;1;0;0;1;0
"02/02/2025";"19:55:59";"206";"Com vítima";"260,000";"BR-386/RS";"Crescente";"Colisão lateral no mesmo sentido";3;0;0;0;0;0;0;0;0;0;1;1;5;0;0
"02/02/2025";"20:51:24";"217";"Sem vítima";"86,000";"BR-290/RS";"Crescente";"Capotamento";1;0;0;0;0;0;0;0;0;0;5;0;0;0;0
"02/02/2025";"20:53:12";"218";"Com vítima";"92,000";"BR-290/RS";"Crescente";"Choque";1;0;0;0;0;0;0;0;0;0;1;0;1;0;0
"03/02/2025";"03:46:10";"21";"Sem vítima";"209,000";"BR-386/RS";"Decrescente";"Saída de pista";1;0;0;0;0;0;0;0;0;0;2;0;0;0;0
"03/02/2025";"04:10:53";"22";"Sem vítima";"319,000";"BR-386/RS";"Decrescente";"Saída de pista";1;0;0;0;0;0;0;0;0;0;1;0;0;0;0
"03/02/2025";"07:45:57";"76";"Sem vítima";"71,000";"BR-290/RS";"Decrescente";"Saída de pista";1;0;0;0;0;0;0;0;0;0;1;0;0;0;0
"03/02/2025";"07:55:22";"87";"Sem vítima";"71,400";"BR-290/RS";"Crescente";"Colisão traseira";2;0;0;0;0;0;0;0;0;0;5;0;0;0;0
"03/02/2025";"09:25:44";"141";"Sem vítima";"24,000";"BR-101/RS";"Crescente";"Colisão traseira";1;0;1;0;0;0;0;0;0;0;2;0;0;0;0
"03/02/2025";"09:44:24";"145";"Sem vítima";"247,000";"BR-386/RS";"Crescente";"Colisão traseira";1;0;1;0;0;0;0;0;0;0;3;0;0;0;0
"03/02/2025";"10:34:03";"166";"Com vítima";"18,000";"BR-290/RS";"Decrescente";"Saída de pista";1;0;0;0;0;0;0;0;0;0;1;2;0;0;0
"03/02/2025";"13:00:47";"214";"Sem vítima";"248,000";"BR-386/RS";"Decrescente";"Colisão transversal";2;0;0;0;0;0;0;0;0;0;5;0;0;0;0
"03/02/2025";"13:28:14";"222";"Sem vítima";"248,400";"BR-386/RS";"Decrescente";"Colisão transversal";2;0;0;0;0;0;0;0;0;0;1;0;0;0;0
"03/02/2025";"14:13:30";"237";"Sem vítima";"80,000";"BR-290/RS";"Crescente";"Saída de pista";1;0;0;0;0;0;0;0;0;0;4;0;0;0;0
"03/02/2025";"14:23:26";"238";"Com vítima";"75,000";"BR-290/RS";"Decrescente";"Queda de moto";0;0;0;1;0;0;0;0;0;0;0;1;1;0;0
"03/02/2025";"16:14:17";"260";"Sem vítima";"247,400";"BR-386/RS";"Decrescente";"Colisão lateral no mesmo sentido";2;0;0;0;0;0;0;0;0;0;3;0;0;0;0
"03/02/2025";"16:22:55";"262";"Com vítima";"20,000";"BR-448/RS";"Crescente";"Choque";1;0;1;0;0;0;0;0;0;0;1;0;1;0;0
"03/02/2025";"18:13:29";"290";"Sem vítima";"249,000";"BR-386/RS";"Decrescente";"Saída de pista";1;0;0;0;0;0;0;0;0;0;1;0;0;0;0
"03/02/2025";"18:20:38";"291";"Sem vítima";"24,000";"BR-290/RS";"Decrescente";"Choque";1;0;0;0;0;0;0;0;0;0;2;0;0;0;0
"03/02/2025";"18:57:57";"303";"Sem vítima";"347,000";"BR-386/RS";"Decrescente";"Colisão lateral no mesmo sentido";1;0;1;0;0;0;0;0;0;0;2;0;0;0;0
"03/02/2025";"20:26:55";"329";"Sem vítima";"419,000";"BR-386/RS";"Decrescente";"Choque";1;0;0;0;0;0;0;0;0;0;3;0;0;0;0
"03/02/2025";"22:02:53";"341";"Sem vítima";"62,000";"BR-290/RS";"Decrescente";"Choque";1;0;0;0;0;0;0;0;0;0;1;0;0;0;0
"04/02/2025";"01:40:49";"8";"Sem vítima";"47,000";"BR-290/RS";"Decrescente";"Atropelamento de animal";1;0;0;0;0;0;0;0;0;0;1;0;0;0;0
"04/02/2025";"07:43:42";"92";"Sem vítima";"344,000";"BR-386/RS";"Crescente";"Colisão traseira";2;0;0;0;0;0;0;0;0;0;3;0;0;0;0
"04/02/2025";"09:30:23";"153";"Com vítima";"426,000";"BR-386/RS";"Decrescente";"Choque";1;0;0;0;0;0;0;0;0;0;0;1;0;0;0
"04/02/2025";"09:37:54";"156";"Sem vítima";"344,000";"BR-386/RS";"Crescente";"Colisão lateral no mesmo sentido";1;0;1;0;0;0;0;0;0;0;4;0;0;0;0
"04/02/2025";"12:14:08";"191";"Com vítima";"343,000";"BR-386/RS";"Decrescente";"Queda de moto";0;0;0;1;0;0;0;0;0;0;0;1;0;0;0
"04/02/2025";"13:21:31";"200";"Sem vítima";"66,000";"BR-101/RS";"Crescente";"Colisão transversal";1;0;0;0;0;0;0;0;0;0;1;0;0;0;0
"04/02/2025";"14:03:43";"209";"Com vítima";"91,000";"BR-290/RS";"Crescente";"Colisão lateral no mesmo sentido";1;0;0;0;0;0;0;0;0;0;1;0;0;1;0
"04/02/2025";"14:18:10";"213";"Sem vítima";"426,000";"BR-386/RS";"Decrescente";"Colisão lateral no mesmo sentido";0;0;1;0;0;0;0;0;0;0;1;0;0;0;0
"04/02/2025";"15:01:19";"225";"Com vítima";"23,800";"BR-290/RS";"Decrescente";"Saída de pista";0;0;1;0;0;0;0;0;0;0;0;0;1;0;0
"04/02/2025";"15:33:08";"231";"Com vítima";"75,000";"BR-290/RS";"Crescente";"Colisão traseira";0;0;0;1;0;0;0;0;0;0;0;0;1;0;0
"04/02/2025";"16:55:25";"245";"Com vítima";"91,000";"BR-290/RS";"Decrescente";"Colisão traseira";1;0;1;0;0;0;0;0;0;0;2;0;1;0;0
"04/02/2025";"17:48:06";"255";"Sem vítima";"70,500";"BR-290/RS";"Decrescente";"Engavetamento";2;0;1;0;0;0;0;0;0;0;5;0;0;0;0
"04/02/2025";"18:12:10";"259";"Com vítima";"21,000";"BR-448/RS";"Decrescente";"Colisão traseira";1;0;1;0;0;0;0;0;0;0;1;0;1;0;0
"04/02/2025";"19:55:15";"279";"Com vítima";"85,000";"BR-290/RS";"Crescente";"Colisão lateral no mesmo sentido";0;0;1;1;0;0;0;0;0;0;1;1;0;0;0
"04/02/2025";"20:28:37";"282";"Sem vítima";"41,000";"BR-101/RS";"Crescente";"Saída de pista";1;0;0;0;0;0;0;0;0;0;1;0;0;0;0
"04/02/2025";"21:52:39";"296";"Com vítima";"85,000";"BR-290/RS";"Decrescente";"Queda de moto";0;0;0;1;0;0;0;0;0;0;0;1;0;0;0
"05/02/2025";"08:27:39";"130";"Com vítima";"94,000";"BR-290/RS";"Crescente";"Colisão lateral no mesmo sentido";1;0;0;1;0;0;0;0;0;0;1;1;0;0;0
"05/02/2025";"12:17:53";"229";"Com vítima";"21,000";"BR-448/RS";"Crescente";"Colisão traseira";1;0;0;1;0;0;0;0;0;0;3;0;1;0;0
"05/02/2025";"12:21:19";"233";"Com vítima";"41,000";"BR-290/RS";"Crescente";"Saída de pista";1;0;0;0;0;0;0;0;0;0;0;1;0;0;0
"05/02/2025";"13:33:40";"255";"Sem vítima";"4,000";"BR-101/RS";"Decrescente";"Colisão lateral no mesmo sentido";1;0;0;0;0;0;0;0;0;0;3;0;0;0;0
"05/02/2025";"15:57:12";"291";"Com vítima";"86,000";"BR-290/RS";"Crescente";"Colisão traseira";1;0;0;0;0;0;0;0;0;0;0;1;0;0;0
"05/02/2025";"18:07:05";"314";"Sem vítima";"346,500";"BR-386/RS";"Crescente";"Colisão traseira";0;0;2;0;0;0;0;0;0;0;2;0;0;0;0
"05/02/2025";"20:10:05";"344";"Com vítima";"5,500";"BR-101/RS";"Decrescente";"Colisão transversal";1;0;0;1;0;0;0;0;0;0;1;1;0;0;0
"05/02/2025";"21:26:06";"363";"Sem vítima";"1,000";"BR-290/RS";"Decrescente";"Colisão lateral no mesmo sentido";1;0;1;0;0;0;0;0;0;0;4;0;0;0;0
"05/02/2025";"22:24:05";"370";"Sem vítima";"73,000";"BR-290/RS";"Crescente";"Saída de pista";1;0;0;0;0;0;0;0;0;0;1;0;0;0;0
"06/02/2025";"01:59:14";"9";"Sem vítima";"70,200";"BR-290/RS";"Crescente";"Colisão traseira";2;0;0;0;0;0;0;0;0;0;3;0;0;0;0
"06/02/2025";"05:06:37";"22";"Sem vítima";"349,980";"BR-386/RS";"Decrescente";"Saída de pista";1;0;0;0;0;0;0;0;0;0;3;0;0;0;0
"06/02/2025";"06:59:32";"49";"Com vítima";"435,000";"BR-386/RS";"Decrescente";"Queda de moto";0;0;0;1;0;0;0;0;0;0;0;0;1;0;0
"06/02/2025";"07:51:45";"112";"Sem vítima";"86,000";"BR-290/RS";"Crescente";"Engavetamento";2;0;0;0;0;0;0;0;0;0;2;0;0;0;0
"06/02/2025";"09:30:15";"152";"Sem vítima";"235,000";"BR-386/RS";"Crescente";"Colisão traseira";2;0;0;0;0;0;0;0;0;0;3;0;0;0;0
"06/02/2025";"09:58:23";"159";"Sem vítima";"356,000";"BR-386/RS";"Decrescente";"Saída de pista";1;0;0;0;0;0;0;0;0;0;1;0;0;0;0
"06/02/2025";"10:50:23";"172";"Com vítima";"343,000";"BR-386/RS";"Decrescente";"Colisão traseira";2;0;0;0;0;0;0;0;0;0;1;1;0;0;0
"06/02/2025";"11:16:58";"178";"Sem vítima";"370,000";"BR-386/RS";"Crescente";"Saída de pista";1;0;0;0;0;0;0;0;0;0;1;0;0;0;0
"06/02/2025";"11:33:10";"182";"Com vítima";"12,000";"BR-101/RS";"Decrescente";"Colisão lateral no mesmo sentido";0;0;1;0;1;0;0;0;0;0;16;1;0;0;0
"06/02/2025";"14:02:56";"220";"Com vítima";"24,000";"BR-290/RS";"Decrescente";"Saída de pista";1;0;0;0;0;0;0;0;0;0;0;0;1;0;0
"06/02/2025";"20:11:50";"293";"Sem vítima";"260,000";"BR-386/RS";"Decrescente";"Colisão lateral no mesmo sentido";2;0;0;0;0;0;0;0;0;0;4;0;0;0;0
"06/02/2025";"21:31:41";"306";"Sem vítima";"362,000";"BR-386/RS";"Crescente";"Choque";1;0;0;0;0;0;0;0;0;0;2;0;0;0;0
"06/02/2025";"23:48:54";"318";"Sem vítima";"90,000";"BR-290/RS";"Decrescente";"Saída de pista";1;0;0;0;0;0;0;0;0;0;4;0;0;0;0
"07/02/2025";"02:00:40";"17";"Sem vítima";"360,000";"BR-386/RS";"Crescente";"Saída de pista";1;0;0;0;0;0;0;0;0;0;1;0;0;0;0
"07/02/2025";"07:51:41";"92";"Sem vítima";"12,000";"BR-290/RS";"Decrescente";"Colisão traseira";1;0;1;0;0;0;0;0;0;0;2;0;0;0;0
"07/02/2025";"15:34:01";"233";"Sem vítima";"91,000";"BR-290/RS";"Decrescente";"Colisão traseira";0;0;0;1;0;0;0;0;0;0;2;0;0;0;0
"07/02/2025";"15:48:06";"236";"Com vítima";"440,000";"BR-386/RS";"Crescente";"Colisão lateral no mesmo sentido";1;0;1;0;0;0;0;0;0;0;5;0;1;0;0
"07/02/2025";"16:36:20";"248";"Sem vítima";"82,000";"BR-290/RS";"Crescente";"Colisão traseira";1;0;0;0;0;0;0;0;0;0;1;0;0;0;0
"07/02/2025";"17:11:39";"254";"Sem vítima";"439,000";"BR-386/RS";"Crescente";"Colisão traseira";1;0;1;0;0;0;0;0;0;0;3;0;0;0;0
"07/02/2025";"18:06:04";"264";"Sem vítima";"78,000";"BR-101/RS";"Decrescente";"Colisão lateral no mesmo sentido";2;0;0;0;0;0;0;0;0;0;4;0;0;0;0
"07/02/2025";"18:10:26";"265";"Sem vítima";"96,000";"BR-290/RS";"Crescente";"Colisão traseira";1;0;0;1;0;0;0;0;0;0;3;0;0;0;0
"07/02/2025";"19:57:59";"296";"Sem vítima";"92,000";"BR-290/RS";"Decrescente";"Colisão lateral no mesmo sentido";2;0;0;0;0;0;0;0;0;0;4;0;0;0;0
"07/02/2025";"20:42:16";"309";"Com vítima";"349,000";"BR-386/RS";"Decrescente";"Colisão lateral no mesmo sentido";1;0;0;1;0;0;0;0;0;0;1;1;0;0;0
"07/02/2025";"20:50:40";"310";"Sem vítima";"430,000";"BR-386/RS";"Crescente";"Colisão traseira";1;0;0;0;0;0;0;0;0;0;1;0;0;0;0
"07/02/2025";"23:31:29";"335";"Com vítima";"32,000";"BR-290/RS";"Decrescente";"Colisão lateral no mesmo sentido";1;0;1;0;1;0;0;0;0;0;106;2;0;0;0
"07/02/2025";"23:37:36";"337";"Com vítima";"349,000";"BR-386/RS";"Crescente";"Choque";1;0;0;0;0;0;0;0;0;0;1;0;1;0;0
"08/02/2025";"00:06:00";"1";"Sem vítima";"59,000";"BR-290/RS";"Crescente";"Colisão traseira";1;0;0;0;0;0;0;0;0;0;1;0;0;0;0
"08/02/2025";"05:10:54";"19";"Sem vítima";"36,900";"BR-101/RS";"Crescente";"Saída de pista";0;0;1;0;0;0;0;0;0;0;2;0;0;0;0
"08/02/2025";"05:56:42";"20";"Com vítima";"270,000";"BR-386/RS";"Crescente";"Colisão traseira";1;0;0;0;0;0;0;0;0;0;1;1;0;0;0
"08/02/2025";"07:04:16";"40";"Sem vítima";"72,000";"BR-290/RS";"Crescente";"Choque";1;0;0;0;0;0;0;0;0;0;1;0;0;0;0
"08/02/2025";"07:57:43";"68";"Sem vítima";"435,000";"BR-386/RS";"Crescente";"Colisão traseira";1;0;0;0;0;0;0;0;0;0;4;0;0;0;0
"08/02/2025";"09:34:22";"87";"Sem vítima";"76,000";"BR-290/RS";"Decrescente";"Colisão traseira";2;0;0;0;0;0;0;0;0;0;3;0;0;0;0
"08/02/2025";"10:52:40";"114";"Sem vítima";"22,000";"BR-290/RS";"Decrescente";"Colisão traseira";2;0;0;0;0;0;0;0;0;0;2;0;0;0;0
"08/02/2025";"13:08:52";"141";"Sem vítima";"346,000";"BR-386/RS";"Decrescente";"Colisão traseira";2;0;0;0;0;0;0;0;0;0;2;0;0;0;0
"08/02/2025";"16:44:02";"178";"Sem vítima";"34,000";"BR-101/RS";"Decrescente";"Colisão traseira";1;0;1;0;0;0;0;0;0;0;2;0;0;0;0
"08/02/2025";"21:08:04";"231";"Sem vítima";"436,000";"BR-386/RS";"Crescente";"Colisão transversal";2;0;0;0;0;0;0;0;0;0;2;0;0;0;0
"08/02/2025";"21:34:08";"237";"Com vítima";"386,000";"BR-386/RS";"Crescente";"Colisão lateral no mesmo sentido";1;0;1;0;0;0;0;0;0;0;2;0;1;1;0
"08/02/2025";"21:48:42";"240";"Sem vítima";"35,000";"BR-290/RS";"Crescente";"Queda de moto";0;0;0;1;0;0;0;0;0;0;1;0;0;0;0
"09/02/2025";"04:53:06";"8";"Sem vítima";"88,000";"BR-290/RS";"Crescente";"Capotamento";1;0;0;0;0;0;0;0;0;0;1;0;0;0;0
"09/02/2025";"05:27:55";"10";"Com vítima";"344,000";"BR-386/RS";"Decrescente";"Colisão frontal";1;0;0;1;0;0;0;0;0;0;1;0;0;1;0
"09/02/2025";"05:39:17";"12";"Sem vítima";"43,000";"BR-101/RS";"Decrescente";"Saída de pista";1;0;0;0;0;0;0;0;0;0;1;0;0;0;0
"09/02/2025";"13:21:06";"104";"Com vítima";"15,000";"BR-101/RS";"Crescente";"Saída de pista";1;0;0;0;0;0;0;0;0;0;1;2;0;0;0
"09/02/2025";"17:17:41";"160";"Com vítima";"68,000";"BR-290/RS";"Crescente";"Queda de moto";0;0;0;1;0;0;0;0;0;0;0;2;0;0;0
"09/02/2025";"17:21:13";"162";"Com vítima";"335,000";"BR-386/RS";"Crescente";"Colisão frontal";2;0;0;0;0;0;0;0;0;0;2;1;1;0;0
"09/02/2025";"18:20:21";"178";"Sem vítima";"15,000";"BR-290/RS";"Crescente";"Colisão traseira";1;0;0;0;0;0;0;0;0;0;1;0;0;0;0
"09/02/2025";"18:23:28";"181";"Com vítima";"38,000";"BR-290/RS";"Decrescente";"Capotamento";1;0;0;0;0;0;0;0;0;0;1;1;0;0;0
"09/02/2025";"18:38:11";"186";"Sem vítima";"72,000";"BR-101/RS";"Decrescente";"Choque";1;0;0;0;0;0;0;0;0;0;1;0;0;0;0
"09/02/2025";"19:21:55";"198";"Com vítima";"94,000";"BR-290/RS";"Crescente";"Colisão lateral no mesmo sentido";1;0;0;1;0;0;0;0;0;0;4;1;1;0;0
"09/02/2025";"21:09:22";"232";"Sem vítima";"66,000";"BR-290/RS";"Crescente";"Saída de pista";1;0;0;0;0;0;0;0;0;0;1;0;0;0;0
"09/02/2025";"21:48:34";"243";"Sem vítima";"83,000";"BR-290/RS";"Decrescente";"Capotamento";1;0;0;0;0;0;0;0;0;0;1;0;0;0;0
"09/02/2025";"21:50:56";"244";"Com vítima";"50,000";"BR-101/RS";"Crescente";"Saída de pista";1;0;0;0;0;0;0;0;0;0;0;1;0;0;0
"10/02/2025";"00:39:39";"11";"Sem vítima";"63,000";"BR-290/RS";"Crescente";"Saída de pista";1;0;0;0;0;0;0;0;0;0;1;0;0;0;0
"10/02/2025";"07:16:13";"78";"Sem vítima";"88,000";"BR-290/RS";"Crescente";"Engavetamento";3;0;0;0;0;0;0;0;0;0;4;0;0;0;0
"10/02/2025";"08:58:33";"147";"Sem vítima";"70,000";"BR-290/RS";"Crescente";"Colisão traseira";1;0;0;0;0;0;0;0;0;0;4;0;0;0;0
"10/02/2025";"09:20:57";"156";"Com vítima";"411,000";"BR-386/RS";"Decrescente";"Saída de pista";0;0;1;0;0;0;0;0;0;0;0;0;0;2;0
"10/02/2025";"10:39:07";"190";"Sem vítima";"57,000";"BR-290/RS";"Crescente";"Engavetamento";1;0;0;0;0;0;0;0;0;0;2;0;0;0;0
"10/02/2025";"11:56:20";"212";"Com vítima";"388,000";"BR-386/RS";"Decrescente";"Colisão traseira";1;0;0;1;0;0;0;0;0;0;1;0;1;0;0
"10/02/2025";"13:03:17";"231";"Com vítima";"397,000";"BR-386/RS";"Decrescente";"Queda de moto";0;0;0;1;0;0;0;0;0;0;0;1;0;0;0
"10/02/2025";"15:24:14";"270";"Com vítima";"413,000";"BR-386/RS";"Crescente";"Colisão lateral no mesmo sentido";2;0;0;0;0;0;0;0;0;0;0;1;0;1;0
"10/02/2025";"15:56:59";"273";"Com vítima";"266,900";"BR-386/RS";"Crescente";"Capotamento";1;0;1;0;0;0;0;0;0;0;2;0;1;2;0
"10/02/2025";"18:30:33";"300";"Sem vítima";"351,500";"BR-386/RS";"Decrescente";"Choque";1;0;0;0;0;0;0;0;0;0;1;0;0;0;0
"11/02/2025";"04:35:19";"15";"Sem vítima";"26,500";"BR-290/RS";"Crescente";"Tombamento";0;0;1;0;0;0;0;0;0;0;1;0;0;0;0
"11/02/2025";"04:59:47";"16";"Sem vítima";"370,200";"BR-386/RS";"Crescente";"Choque";1;0;0;0;0;0;0;0;0;0;1;0;0;0;0