data;horario;n_da_ocorrencia;tipo_de_ocorrencia;km;trecho;sentido;tipo_de_acidente;automovel;bicicleta;caminhao;moto;onibus;outros;tracao_animal;transporte_de_cargas_especiais;trator_maquinas;utilitarios;ilesos;levemente_feridos;moderadamente_feridos;gravemente_feridos;mortos
"28/02/2025";"10:44:24";"152";"Sem vítima";"404,000";"BR-386/RS";"Crescente";"Colisão traseira";1;0;1;0;0;0;0;0;0;0;3;0;0;0;0
"28/02/2025";"10:52:27";"155";"Sem vítima";"408,000";"BR-386/RS";"Crescente";"Engavetamento";3;0;0;0;0;0;0;0;0;0;7;0;0;0;0
"28/02/2025";"14:22:15";"212";"Sem vítima";"86,000";"BR-290/RS";"Decrescente";"Engavetamento";3;0;0;0;0;0;0;0;0;0;3;0;0;0;0
"28/02/2025";"14:49:25";"221";"Sem vítima";"306,000";"BR-386/RS";"Decrescente";"Choque";1;0;0;0;0;0;0;0;0;0;3;0;0;0;0
"28/02/2025";"14:59:40";"224";"Sem vítima";"89,000";"BR-290/RS";"Decrescente";"Colisão traseira";1;0;0;0;0;0;0;0;0;0;5;0;0;0;0
"28/02/2025";"15:03:22";"225";"Com vítima";"289,000";"BR-386/RS";"Decrescente";"Capotamento";1;0;0;0;0;0;0;0;0;0;2;2;0;0;0
"28/02/2025";"16:21:36";"249";"Sem vítima";"92,000";"BR-290/RS";"Crescente";"Choque";1;0;0;0;0;0;0;0;0;0;1;0;0;0;0
"28/02/2025";"16:53:58";"262";"Sem vítima";"14,000";"BR-101/RS";"Decrescente";"Colisão lateral no mesmo sentido";1;0;1;0;0;0;0;0;0;0;3;0;0;0;0
"28/02/2025";"17:28:21";"274";"Sem vítima";"53,000";"BR-290/RS";"Decrescente";"Colisão traseira";2;0;0;0;0;0;0;0;0;0;3;0;0;0;0
"28/02/2025";"17:37:27";"279";"Sem vítima";"262,800";"BR-386/RS";"Decrescente";"Colisão traseira";2;0;0;0;0;0;0;0;0;0;6;0;0;0;0
"28/02/2025";"18:23:39";"297";"Sem vítima";"307,500";"BR-386/RS";"Crescente";"Tombamento";0;0;1;0;0;0;0;0;0;0;2;0;0;0;0
"28/02/2025";"20:45:50";"335";"Sem vítima";"216,250";"BR-386/RS";"Decrescente";"Colisão traseira";1;0;0;0;0;0;0;0;0;0;3;0;0;0;0
"01/03/2025";"00:01:23";"1";"Sem vítima";"307,900";"BR-386/RS";"Decrescente";"Saída de pista";0;0;1;0;0;0;0;0;0;0;1;0;0;0;0
"01/03/2025";"05:10:00";"37";"Sem vítima";"60,000";"BR-290/RS";"Decrescente";"Colisão lateral no mesmo sentido";1;0;0;0;0;0;0;0;0;0;1;0;0;0;0
"01/03/2025";"05:45:46";"46";"Com vítima";"13,000";"BR-101/RS";"Decrescente";"Choque";1;0;0;0;0;0;0;0;0;0;2;1;0;0;0
"01/03/2025";"06:12:12";"50";"Sem vítima";"85,000";"BR-101/RS";"Decrescente";"Engavetamento";1;0;0;0;0;0;0;0;0;0;3;0;0;0;0
"01/03/2025";"08:36:16";"112";"Sem vítima";"238,000";"BR-386/RS";"Crescente";"Colisão traseira";2;0;0;0;0;0;0;0;0;0;8;0;0;0;0
"01/03/2025";"08:38:16";"114";"Sem vítima";"53,000";"BR-290/RS";"Decrescente";"Colisão traseira";2;0;0;0;0;0;0;0;0;0;4;0;0;0;0
"01/03/2025";"09:14:58";"126";"Sem vítima";"302,000";"BR-386/RS";"Crescente";"Colisão traseira";2;0;0;0;0;0;0;0;0;0;10;0;0;0;0
"01/03/2025";"12:05:03";"179";"Sem vítima";"39,900";"BR-290/RS";"Decrescente";"Colisão traseira";2;0;0;0;0;0;0;0;0;0;6;0;0;0;0
"01/03/2025";"13:24:43";"207";"Sem vítima";"24,400";"BR-290/RS";"Decrescente";"Colisão lateral no mesmo sentido";1;0;0;0;0;0;0;0;0;0;3;0;0;0;0
"01/03/2025";"14:36:25";"235";"Sem vítima";"426,000";"BR-386/RS";"Decrescente";"Colisão traseira";1;0;1;0;0;0;0;0;0;0;1;0;0;0;0
"01/03/2025";"15:10:12";"250";"Sem vítima";"342,000";"BR-386/RS";"Decrescente";"Colisão lateral no mesmo sentido";1;0;1;0;0;0;0;0;0;0;4;0;0;0;0
"01/03/2025";"17:33:40";"293";"Sem vítima";"60,000";"BR-290/RS";"Crescente";"Colisão traseira";1;0;0;0;0;0;0;0;0;0;5;0;0;0;0
"01/03/2025";"21:05:58";"336";"Com vítima";"81,400";"BR-101/RS";"Decrescente";"Saída de pista";1;0;0;0;0;0;0;0;0;0;1;0;1;0;0
"02/03/2025";"02:44:18";"15";"Com vítima";"40,000";"BR-290/RS";"Crescente";"Choque";1;0;0;0;0;0;0;0;0;0;2;1;0;0;0
"02/03/2025";"03:54:49";"22";"Sem vítima";"326,600";"BR-386/RS";"Decrescente";"Choque";1;0;0;0;0;0;0;0;0;0;1;0;0;0;0
"02/03/2025";"07:21:06";"40";"Sem vítima";"86,000";"BR-290/RS";"Crescente";"Colisão traseira";1;0;0;0;0;0;0;0;0;0;2;0;0;0;0
"02/03/2025";"11:08:12";"93";"Com vítima";"53,000";"BR-290/RS";"Decrescente";"Queda de moto";0;0;0;1;0;0;0;0;0;0;1;1;0;0;0
"02/03/2025";"12:04:54";"103";"Sem vítima";"19,000";"BR-290/RS";"Crescente";"Colisão traseira";0;0;1;0;0;0;0;0;0;0;1;0;0;0;0
"02/03/2025";"14:34:53";"117";"Com vítima";"18,000";"BR-448/RS";"Crescente";"Colisão lateral no mesmo sentido";2;0;0;0;0;0;0;0;0;0;2;0;2;0;0
"02/03/2025";"16:50:25";"136";"Com vítima";"60,000";"BR-290/RS";"Crescente";"Engavetamento";2;0;0;1;0;0;0;0;0;0;2;0;2;0;0
"02/03/2025";"17:43:14";"146";"Sem vítima";"21,000";"BR-290/RS";"Decrescente";"Choque";1;0;0;0;0;0;0;0;0;0;3;0;0;0;0
"02/03/2025";"17:47:04";"148";"Sem vítima";"21,000";"BR-290/RS";"Decrescente";"Choque";1;0;0;0;0;0;0;0;0;0;2;0;0;0;0
"02/03/2025";"17:55:30";"155";"Com vítima";"29,000";"BR-290/RS";"Crescente";"Queda de moto";0;0;0;1;0;0;0;0;0;0;1;0;1;0;0
"02/03/2025";"19:10:08";"175";"Sem vítima";"43,000";"BR-290/RS";"Decrescente";"Saída de pista";1;0;0;0;0;0;0;0;0;0;2;0;0;0;0
"02/03/2025";"19:37:50";"185";"Sem vítima";"21,000";"BR-448/RS";"Decrescente";"Atropelamento de pedestre";1;0;0;0;0;0;0;0;0;0;1;0;0;0;0
"02/03/2025";"19:54:44";"187";"Sem vítima";"2,000";"BR-101/RS";"Decrescente";"Engavetamento";4;0;0;0;0;0;0;0;0;0;12;0;0;0;0
"03/03/2025";"00:40:46";"5";"Sem vítima";"41,000";"BR-290/RS";"Crescente";"Choque";0;0;1;0;0;0;0;0;0;0;1;0;0;0;0
"03/03/2025";"03:34:22";"17";"Sem vítima";"46,000";"BR-290/RS";"Crescente";"Capotamento";1;0;0;0;0;0;0;0;0;0;3;0;0;0;0
"03/03/2025";"03:56:58";"18";"Sem vítima";"64,100";"BR-290/RS";"Decrescente";"Tombamento";0;0;1;0;0;0;0;0;0;0;1;0;0;0;0
"03/03/2025";"08:41:28";"96";"Sem vítima";"39,000";"BR-290/RS";"Decrescente";"Queda de moto";0;0;0;1;0;0;0;0;0;0;2;0;0;0;0
"03/03/2025";"09:35:26";"107";"Sem vítima";"313,000";"BR-386/RS";"Crescente";"Saída de pista";1;0;0;0;0;0;0;0;0;0;2;0;0;0;0
"03/03/2025";"18:31:48";"229";"Com vítima";"20,000";"BR-290/RS";"Crescente";"Colisão transversal";2;0;0;0;0;0;0;0;0;0;3;1;0;0;0
"03/03/2025";"18:38:09";"232";"Sem vítima";"63,000";"BR-290/RS";"Crescente";"Capotamento";1;0;0;0;0;0;0;0;0;0;5;0;0;0;0
"03/03/2025";"20:49:35";"266";"Com vítima";"92,147";"BR-290/RS";"Crescente";"Atropelamento de pedestre";1;0;0;0;0;0;0;0;0;0;4;0;0;0;1
"04/03/2025";"05:39:45";"23";"Sem vítima";"258,000";"BR-386/RS";"Decrescente";"Saída de pista";0;0;1;0;0;0;0;0;0;0;2;0;0;0;0
"04/03/2025";"07:02:04";"45";"Com vítima";"36,000";"BR-290/RS";"Decrescente";"Queda de moto";0;0;0;1;0;0;0;0;0;0;0;2;0;0;0
"04/03/2025";"09:58:38";"124";"Sem vítima";"1,000";"BR-101/RS";"Crescente";"Colisão traseira";2;0;0;0;0;0;0;0;0;0;5;0;0;0;0
"04/03/2025";"10:30:05";"129";"Sem vítima";"1,400";"BR-290/RS";"Crescente";"Colisão traseira";2;0;0;0;0;0;0;0;0;0;2;0;0;0;0
"04/03/2025";"10:49:51";"134";"Sem vítima";"72,000";"BR-101/RS";"Crescente";"Engavetamento";5;0;0;0;0;0;0;0;0;0;5;0;0;0;0
"04/03/2025";"16:51:58";"207";"Com vítima";"421,000";"BR-386/RS";"Crescente";"Queda de moto";0;0;0;1;0;0;0;0;0;0;0;0;1;0;0
"04/03/2025";"16:53:04";"208";"Com vítima";"24,000";"BR-290/RS";"Crescente";"Colisão lateral no mesmo sentido";1;0;0;1;0;0;0;0;0;0;0;0;0;2;0
"04/03/2025";"17:07:59";"211";"Sem vítima";"421,000";"BR-386/RS";"Crescente";"Colisão traseira";2;0;0;0;0;0;0;0;0;0;4;0;0;0;0
"04/03/2025";"18:15:52";"223";"Com vítima";"26,000";"BR-290/RS";"Crescente";"Queda de moto";0;0;0;1;0;0;0;0;0;0;0;0;1;0;0
"04/03/2025";"18:34:03";"229";"Sem vítima";"426,000";"BR-386/RS";"Crescente";"Colisão traseira";2;0;0;0;0;0;0;0;0;0;3;0;0;0;0
"04/03/2025";"22:47:19";"283";"Sem vítima";"299,000";"BR-386/RS";"Crescente";"Choque";0;0;1;0;0;0;0;0;0;0;1;0;0;0;0
"04/03/2025";"23:21:07";"290";"Com vítima";"258,000";"BR-386/RS";"Decrescente";"Colisão frontal";1;0;1;0;0;0;0;0;0;0;0;0;1;0;1
"05/03/2025";"00:15:48";"2";"Sem vítima";"73,000";"BR-290/RS";"Crescente";"Capotamento";1;0;0;0;0;0;0;0;0;0;4;0;0;0;0
"05/03/2025";"01:53:11";"15";"Com vítima";"86,000";"BR-290/RS";"Decrescente";"Capotamento";1;0;0;0;0;0;0;0;0;0;0;0;1;0;0
"05/03/2025";"04:54:44";"29";"Sem vítima";"24,000";"BR-290/RS";"Crescente";"Colisão traseira";2;0;0;0;0;0;0;0;0;0;2;0;0;0;0
"05/03/2025";"09:41:07";"130";"Sem vítima";"262,000";"BR-386/RS";"Crescente";"Colisão traseira";2;0;0;0;0;0;0;0;0;0;9;0;0;0;0
"05/03/2025";"10:50:15";"150";"Sem vítima";"9,000";"BR-290/RS";"Decrescente";"Saída de pista";1;0;0;0;0;0;0;0;0;0;1;0;0;0;0
"05/03/2025";"13:29:11";"187";"Com vítima";"7,000";"BR-290/RS";"Crescente";"Choque";1;0;0;0;0;0;0;0;0;0;0;2;0;0;0
"05/03/2025";"13:36:58";"190";"Sem vítima";"60,000";"BR-290/RS";"Crescente";"Colisão lateral no mesmo sentido";2;0;0;0;0;0;0;0;0;0;5;0;0;0;0
"05/03/2025";"14:20:08";"198";"Sem vítima";"15,000";"BR-101/RS";"Crescente";"Choque";2;0;0;0;0;0;0;0;0;0;4;0;0;0;0
"05/03/2025";"17:54:17";"256";"Com vítima";"35,000";"BR-290/RS";"Crescente";"Choque";1;0;0;0;0;0;0;0;0;0;3;1;2;0;0
"05/03/2025";"19:18:01";"273";"Com vítima";"75,000";"BR-290/RS";"Decrescente";"Colisão traseira";1;0;0;1;0;0;0;0;0;0;1;0;1;0;0
"05/03/2025";"21:54:02";"315";"Sem vítima";"57,000";"BR-101/RS";"Decrescente";"Choque";1;0;0;0;0;0;0;0;0;0;3;0;0;0;0
"06/03/2025";"07:48:59";"70";"Sem vítima";"92,000";"BR-290/RS";"Crescente";"Engavetamento";2;0;1;0;0;0;0;0;0;0;4;0;0;0;0
"06/03/2025";"09:48:54";"123";"Sem vítima";"344,000";"BR-386/RS";"Crescente";"Colisão lateral no mesmo sentido";2;0;0;0;0;0;0;0;0;0;4;0;0;0;0
"06/03/2025";"11:29:12";"153";"Com vítima";"339,000";"BR-386/RS";"Decrescente";"Tombamento";0;0;1;0;0;0;0;0;0;0;0;0;1;0;0
"06/03/2025";"14:28:24";"193";"Com vítima";"15,000";"BR-448/RS";"Crescente";"Choque";1;0;0;0;0;0;0;0;0;0;0;1;0;0;0
"06/03/2025";"15:49:58";"208";"Com vítima";"440,000";"BR-386/RS";"Crescente";"Colisão traseira";0;0;1;1;0;0;0;0;0;0;1;1;0;0;0
"06/03/2025";"17:39:53";"225";"Com vítima";"306,600";"BR-386/RS";"Decrescente";"Colisão traseira";0;0;2;0;0;0;0;0;0;0;1;0;1;0;0
"06/03/2025";"20:38:46";"247";"Com vítima";"92,200";"BR-290/RS";"Crescente";"Colisão traseira";1;0;0;1;0;0;0;0;0;0;2;0;2;0;0
"07/03/2025";"07:23:55";"51";"Sem vítima";"92,000";"BR-290/RS";"Crescente";"Colisão lateral no mesmo sentido";2;0;1;0;0;0;0;0;0;0;4;0;0;0;0
"07/03/2025";"08:13:29";"87";"Sem vítima";"96,000";"BR-290/RS";"Crescente";"Colisão traseira";2;0;0;0;0;0;0;0;0;0;2;0;0;0;0
"07/03/2025";"08:27:47";"96";"Com vítima";"95,800";"BR-290/RS";"Crescente";"Colisão lateral no mesmo sentido";0;0;0;1;0;0;0;0;0;0;0;0;1;0;0
"07/03/2025";"08:35:53";"100";"Com vítima";"42,000";"BR-290/RS";"Crescente";"Colisão traseira";1;0;1;0;0;0;0;0;0;0;1;0;1;0;0
"07/03/2025";"12:35:57";"160";"Sem vítima";"93,000";"BR-290/RS";"Decrescente";"Colisão lateral no mesmo sentido";1;0;1;0;0;0;0;0;0;0;4;0;0;0;0
"07/03/2025";"15:20:34";"205";"Sem vítima";"94,000";"BR-290/RS";"Decrescente";"Colisão traseira";2;0;1;0;0;0;0;0;0;0;4;0;0;0;0
"07/03/2025";"15:40:57";"209";"Com vítima";"17,000";"BR-448/RS";"Crescente";"Colisão lateral no mesmo sentido";1;0;0;1;0;0;0;0;0;0;1;0;1;0;0
"07/03/2025";"18:05:31";"243";"Sem vítima";"419,000";"BR-386/RS";"Crescente";"Colisão lateral no mesmo sentido";1;0;1;0;0;0;0;0;0;0;2;0;0;0;0
"07/03/2025";"18:44:26";"251";"Sem vítima";"87,000";"BR-290/RS";"Decrescente";"Colisão traseira";2;0;0;1;0;0;0;0;0;0;3;0;0;0;0
"07/03/2025";"21:02:02";"279";"Sem vítima";"246,000";"BR-386/RS";"Decrescente";"Colisão frontal";2;0;0;0;0;0;0;0;0;0;2;0;0;0;0
"07/03/2025";"22:10:24";"283";"Com vítima";"29,976";"BR-290/RS";"Decrescente";"Acidentes de outra natureza";2;0;0;0;0;0;0;0;0;0;5;0;0;0;1
"08/03/2025";"01:11:45";"6";"Com vítima";"347,000";"BR-386/RS";"Crescente";"Choque";1;0;0;0;0;0;0;0;0;0;0;1;0;1;0
"08/03/2025";"05:52:29";"26";"Sem vítima";"349,000";"BR-386/RS";"Crescente";"Saída de pista";1;0;0;0;0;0;0;0;0;0;2;0;0;0;0
"08/03/2025";"06:36:51";"38";"Sem vítima";"15,000";"BR-290/RS";"Decrescente";"Queda de moto";0;0;0;1;0;0;0;0;0;0;2;0;0;0;0
"08/03/2025";"08:10:25";"82";"Sem vítima";"92,000";"BR-290/RS";"Decrescente";"Colisão lateral no mesmo sentido";2;0;0;0;0;0;0;0;0;0;4;0;0;0;0
"08/03/2025";"09:09:39";"92";"Sem vítima";"57,000";"BR-290/RS";"Crescente";"Choque";1;0;0;0;0;0;0;0;0;0;1;0;0;0;0
"08/03/2025";"15:50:36";"180";"Sem vítima";"426,000";"BR-386/RS";"Crescente";"Colisão traseira";2;0;0;0;0;0;0;0;0;0;5;0;0;0;0
"08/03/2025";"16:02:35";"182";"Sem vítima";"77,000";"BR-290/RS";"Crescente";"Colisão traseira";2;0;0;0;0;0;0;0;0;0;3;0;0;0;0
"08/03/2025";"16:06:55";"184";"Com vítima";"343,000";"BR-386/RS";"Decrescente";"Colisão lateral no mesmo sentido";1;0;0;1;0;0;0;0;0;0;3;1;0;0;0
"08/03/2025";"20:55:37";"249";"Com vítima";"306,000";"BR-386/RS";"Decrescente";"Capotamento";0;0;1;0;0;0;0;0;0;0;0;0;0;1;0
"08/03/2025";"21:45:12";"252";"Com vítima";"53,500";"BR-101/RS";"Decrescente";"Acidentes de outra natureza";0;0;1;0;0;0;0;0;0;0;1;0;0;0;1
"09/03/2025";"07:03:23";"18";"Sem vítima";"75,000";"BR-290/RS";"Decrescente";"Choque";1;0;0;0;0;0;0;0;0;0;1;0;0;0;0
"09/03/2025";"07:57:16";"25";"Sem vítima";"94,000";"BR-290/RS";"Decrescente";"Choque";1;0;0;0;0;0;0;0;0;0;1;0;0;0;0
"09/03/2025";"08:00:32";"26";"Com vítima";"26,000";"BR-290/RS";"Crescente";"Queda de moto";0;0;0;1;0;0;0;0;0;0;0;1;1;0;0
"09/03/2025";"08:56:27";"34";"Sem vítima";"9,000";"BR-448/RS";"Decrescente";"Saída de pista";1;0;0;0;0;0;0;0;0;0;2;0;0;0;0
"09/03/2025";"10:05:07";"42";"Com vítima";"86,600";"BR-290/RS";"Decrescente";"Choque";1;0;0;0;0;0;0;0;0;0;0;1;1;0;0
"09/03/2025";"10:27:17";"45";"Sem vítima";"25,000";"BR-290/RS";"Decrescente";"Saída de pista";1;0;0;0;0;0;0;0;0;0;1;0;0;0;0
"09/03/2025";"10:34:24";"47";"Com vítima";"306,000";"BR-386/RS";"Decrescente";"Colisão transversal";2;0;0;0;0;0;0;0;0;0;3;1;0;0;0
"09/03/2025";"11:11:17";"56";"Sem vítima";"306,000";"BR-386/RS";"Decrescente";"Saída de pista";1;0;0;0;0;0;0;0;0;0;1;0;0;0;0
"09/03/2025";"11:33:49";"60";"Sem vítima";"80,000";"BR-290/RS";"Crescente";"Choque";1;0;0;0;0;0;0;0;0;0;1;0;0;0;0
"09/03/2025";"12:35:01";"71";"Sem vítima";"10,800";"BR-290/RS";"Decrescente";"Saída de pista";1;0;0;0;0;0;0;0;0;0;4;0;0;0;0
"09/03/2025";"13:07:36";"78";"Sem vítima";"346,000";"BR-386/RS";"Decrescente";"Choque";1;0;0;0;0;0;0;0;0;0;1;0;0;0;0
"09/03/2025";"13:32:10";"82";"Sem vítima";"440,000";"BR-386/RS";"Crescente";"Capotamento";1;0;0;0;0;0;0;0;0;0;2;0;0;0;0
"09/03/2025";"13:34:01";"83";"Sem vítima";"16,000";"BR-290/RS";"Decrescente";"Saída de pista";1;0;0;0;0;0;0;0;0;0;1;0;0;0;0
"09/03/2025";"14:47:59";"101";"Sem vítima";"22,000";"BR-448/RS";"Crescente";"Choque";1;0;0;0;0;0;0;0;0;0;2;0;0;0;0
"09/03/2025";"14:59:42";"104";"Sem vítima";"10,000";"BR-448/RS";"Decrescente";"Saída de pista";1;0;0;0;0;0;0;0;0;0;1;0;0;0;0
"09/03/2025";"15:34:02";"111";"Sem vítima";"4,000";"BR-290/RS";"Crescente";"Engavetamento";5;0;0;0;0;0;0;0;0;0;5;0;0;0;0
"09/03/2025";"15:44:41";"115";"Sem vítima";"411,000";"BR-386/RS";"Decrescente";"Saída de pista";0;0;0;1;0;0;0;0;0;0;1;0;0;0;0
"09/03/2025";"15:55:30";"116";"Sem vítima";"35,800";"BR-290/RS";"Crescente";"Colisão traseira";2;0;0;0;0;0;0;0;0;0;2;0;0;0;0
"09/03/2025";"16:40:36";"129";"Sem vítima";"304,000";"BR-386/RS";"Crescente";"Colisão lateral no mesmo sentido";3;0;0;0;0;0;0;0;0;0;3;0;0;0;0
"09/03/2025";"16:41:52";"132";"Sem vítima";"83,000";"BR-101/RS";"Crescente";"Engavetamento";3;0;0;0;0;0;0;0;0;0;7;0;0;0;0
"09/03/2025";"16:48:44";"134";"Com vítima";"306,000";"BR-386/RS";"Decrescente";"Colisão frontal";1;0;1;0;0;0;0;0;0;0;1;0;2;2;0
"09/03/2025";"17:04:13";"135";"Sem vítima";"22,000";"BR-448/RS";"Crescente";"Colisão lateral no mesmo sentido";2;0;0;0;0;0;0;0;0;0;2;0;0;0;0
"09/03/2025";"17:06:31";"136";"Sem vítima";"5,000";"BR-290/RS";"Crescente";"Saída de pista";1;0;0;0;0;0;0;0;0;0;1;0;0;0;0
"09/03/2025";"17:16:04";"137";"Sem vítima";"94,000";"BR-290/RS";"Crescente";"Choque";1;0;0;0;0;0;0;0;0;0;2;0;0;0;0
"09/03/2025";"17:20:19";"138";"Sem vítima";"10,000";"BR-290/RS";"Crescente";"Engavetamento";3;0;0;0;0;0;0;0;0;0;9;0;0;0;0
"09/03/2025";"18:50:44";"158";"Sem vítima";"309,000";"BR-386/RS";"Crescente";"Colisão traseira";2;0;0;0;0;0;0;0;0;0;2;0;0;0;0
"09/03/2025";"18:56:14";"162";"Com vítima";"22,000";"BR-448/RS";"Decrescente";"Colisão frontal";2;0;0;0;0;0;0;0;0;0;4;1;0;0;0
"09/03/2025";"19:09:56";"167";"Com vítima";"69,000";"BR-290/RS";"Crescente";"Colisão traseira";2;0;0;0;0;0;0;0;0;0;4;2;1;0;0
"09/03/2025";"19:26:52";"172";"Sem vítima";"10,000";"BR-448/RS";"Decrescente";"Saída de pista";1;0;0;0;0;0;0;0;0;0;2;0;0;0;0
"09/03/2025";"21:10:48";"183";"Sem vítima";"35,000";"BR-101/RS";"Decrescente";"Colisão traseira";1;0;1;0;0;0;0;0;0;0;5;0;0;0;0
"09/03/2025";"22:20:35";"193";"Sem vítima";"219,000";"BR-386/RS";"Decrescente";"Colisão transversal";2;0;0;0;0;0;0;0;0;0;3;0;0;0;0
"10/03/2025";"03:14:48";"7";"Sem vítima";"307,000";"BR-386/RS";"Crescente";"Saída de pista";1;0;0;0;0;0;0;0;0;0;1;0;0;0;0
"10/03/2025";"05:03:28";"14";"Sem vítima";"343,000";"BR-386/RS";"Decrescente";"Colisão traseira";2;0;0;0;0;0;0;0;0;0;2;0;0;0;0
"10/03/2025";"06:19:11";"19";"Com vítima";"362,000";"BR-386/RS";"Decrescente";"Colisão lateral no mesmo sentido";1;0;1;0;0;0;0;0;0;0;2;2;0;0;0
"10/03/2025";"07:18:11";"59";"Sem vítima";"90,000";"BR-290/RS";"Crescente";"Engavetamento";3;0;0;0;0;0;0;0;0;0;5;0;0;0;0
"10/03/2025";"07:23:00";"62";"Sem vítima";"89,000";"BR-290/RS";"Crescente";"Engavetamento";5;0;0;0;0;0;0;0;0;0;7;0;0;0;0
"10/03/2025";"08:51:11";"104";"Com vítima";"84,000";"BR-290/RS";"Crescente";"Colisão traseira";1;0;0;0;0;0;0;0;0;0;0;1;0;0;0
"10/03/2025";"10:23:55";"129";"Sem vítima";"60,000";"BR-290/RS";"Crescente";"Colisão lateral no mesmo sentido";2;0;0;0;0;0;0;0;0;0;7;0;0;0;0
"10/03/2025";"14:46:15";"179";"Com vítima";"232,000";"BR-386/RS";"Crescente";"Colisão traseira";2;0;0;0;0;0;0;0;0;0;3;1;0;0;0
"10/03/2025";"15:18:30";"184";"Sem vítima";"88,000";"BR-290/RS";"Crescente";"Queda de moto";0;0;0;1;0;0;0;0;0;0;1;0;0;0;0
"10/03/2025";"16:06:15";"191";"Sem vítima";"35,000";"BR-101/RS";"Crescente";"Colisão traseira";1;0;0;1;0;0;0;0;0;0;5;0;0;0;0
"11/03/2025";"03:17:43";"13";"Sem vítima";"87,000";"BR-290/RS";"Decrescente";"Tombamento";0;0;1;0;0;0;0;0;0;0;2;0;0;0;0
"11/03/2025";"06:35:09";"29";"Sem vítima";"346,000";"BR-386/RS";"Crescente";"Colisão traseira";1;0;1;0;0;0;0;0;0;0;2;0;0;0;0
"11/03/2025";"07:53:26";"92";"Sem vítima";"91,000";"BR-290/RS";"Crescente";"Engavetamento";3;0;0;0;0;0;0;0;0;0;5;0;0;0;0
"11/03/2025";"08:03:39";"104";"Sem vítima";"60,000";"BR-290/RS";"Crescente";"Colisão traseira";2;0;0;0;0;0;0;0;0;0;2;0;0;0;0
"11/03/2025";"10:40:01";"147";"Sem vítima";"338,000";"BR-386/RS";"Decrescente";"Colisão traseira";1;0;0;0;0;0;0;0;0;0;2;0;0;0;0
"11/03/2025";"12:18:35";"161";"Com vítima";"58,000";"BR-290/RS";"Crescente";"Queda de moto";0;0;0;1;0;0;0;0;0;0;0;1;0;0;0
"11/03/2025";"16:00:38";"190";"Com vítima";"83,000";"BR-290/RS";"Crescente";"Colisão lateral no mesmo sentido";1;0;1;0;0;0;0;0;0;0;1;1;0;0;0
"11/03/2025";"18:24:04";"210";"Com vítima";"251,350";"BR-386/RS";"Crescente";"Engavetamento";1;0;1;0;0;0;0;0;0;0;4;1;0;0;0
"12/03/2025";"01:31:56";"3";"Sem vítima";"21,000";"BR-101/RS";"Decrescente";"Choque";1;0;0;0;0;0;0;0;0;0;1;0;0;0;0
"12/03/2025";"01:49:42";"4";"Sem vítima";"369,200";"BR-386/RS";"Crescente";"Colisão traseira";0;0;2;0;0;0;0;0;0;0;2;0;0;0;0
"12/03/2025";"13:45:30";"194";"Sem vítima";"423,000";"BR-386/RS";"Crescente";"Saída de pista";1;0;0;0;0;0;0;0;0;0;1;0;0;0;0
"12/03/2025";"15:56:33";"218";"Sem vítima";"248,000";"BR-386/RS";"Crescente";"Colisão frontal";1;0;0;0;0;0;0;0;0;0;1;0;0;0;0
"12/03/2025";"21:10:27";"265";"Sem vítima";"19,000";"BR-290/RS";"Crescente";"Colisão traseira";1;0;1;0;0;0;0;0;0;0;2;0;0;0;0
"12/03/2025";"23:24:25";"281";"Sem vítima";"56,000";"BR-290/RS";"Decrescente";"Colisão traseira";0;0;2;0;0;0;0;0;0;0;2;0;0;0;0
"12/03/2025";"23:45:39";"282";"Sem vítima";"436,000";"BR-386/RS";"Crescente";"Saída de pista";1;0;0;0;0;0;0;0;0;0;1;0;0;0;0
"13/03/2025";"08:37:00";"111";"Sem vítima";"351,000";"BR-386/RS";"Decrescente";"Colisão traseira";2;0;0;0;0;0;0;0;0;0;2;0;0;0;0
"13/03/2025";"10:09:27";"135";"Sem vítima";"252,000";"BR-386/RS";"Decrescente";"Choque";0;0;1;0;0;0;0;0;0;0;1;0;0;0;0
"13/03/2025";"12:08:11";"161";"Com vítima";"401,000";"BR-386/RS";"Decrescente";"Colisão lateral no mesmo sentido";0;0;1;0;1;0;0;0;0;0;2;1;0;0;0
"13/03/2025";"14:18:26";"182";"Sem vítima";"332,000";"BR-386/RS";"Crescente";"Saída de pista";0;0;1;0;0;0;0;0;0;0;1;0;0;0;0
"13/03/2025";"15:05:48";"188";"Sem vítima";"351,000";"BR-386/RS";"Decrescente";"Colisão lateral no mesmo sentido";1;0;1;0;0;0;0;0;0;0;3;0;0;0;0