data;horario;n_da_ocorrencia;tipo_de_ocorrencia;km;trecho;sentido;tipo_de_acidente;automovel;bicicleta;caminhao;moto;onibus;outros;tracao_animal;transporte_de_cargas_especiais;trator_maquinas;utilitarios;ilesos;levemente_feridos;moderadamente_feridos;gravemente_feridos;mortos
"13/03/2025";"19:18:11";"235";"Com vítima";"64,000";"BR-101/RS";"Decrescente";"Colisão traseira";0;0;2;0;0;0;0;0;0;0;3;0;1;0;0
"13/03/2025";"19:36:59";"239";"Sem vítima";"65,000";"BR-101/RS";"Decrescente";"Colisão traseira";3;0;0;0;0;0;0;0;0;0;5;0;0;0;0
"13/03/2025";"23:31:45";"273";"Sem vítima";"349,000";"BR-386/RS";"Decrescente";"Tombamento";0;0;1;0;0;0;0;0;0;0;1;0;0;0;0
"14/03/2025";"08:18:17";"94";"Com vítima";"435,000";"BR-386/RS";"Crescente";"Colisão traseira";2;0;0;0;0;0;0;0;0;0;1;1;0;0;0
"14/03/2025";"08:21:26";"98";"Com vítima";"347,000";"BR-386/RS";"Decrescente";"Colisão traseira";0;0;1;1;0;0;0;0;0;0;2;1;0;0;0
"14/03/2025";"09:09:37";"126";"Com vítima";"382,000";"BR-386/RS";"Decrescente";"Queda de moto";0;0;0;1;0;0;0;0;0;0;1;1;0;0;0
"14/03/2025";"11:58:36";"164";"Com vítima";"14,000";"BR-290/RS";"Crescente";"Colisão traseira";0;0;2;0;0;0;0;0;0;0;1;0;1;0;0
"14/03/2025";"12:05:48";"167";"Com vítima";"305,000";"BR-386/RS";"Crescente";"Colisão traseira";1;0;0;1;0;0;0;0;0;0;2;0;1;0;0
"14/03/2025";"15:06:51";"198";"Sem vítima";"336,000";"BR-386/RS";"Decrescente";"Saída de pista";1;0;0;0;0;0;0;0;0;0;1;0;0;0;0
"14/03/2025";"15:16:19";"200";"Sem vítima";"76,000";"BR-290/RS";"Crescente";"Queda de moto";0;0;0;1;0;0;0;0;0;0;1;0;0;0;0
"14/03/2025";"17:20:17";"219";"Sem vítima";"75,000";"BR-290/RS";"Decrescente";"Tombamento";2;0;1;0;0;0;0;0;0;0;3;0;0;0;0
"14/03/2025";"20:10:35";"247";"Com vítima";"349,100";"BR-386/RS";"Decrescente";"Colisão traseira";1;0;0;1;0;0;0;0;0;0;2;1;0;0;0
"15/03/2025";"01:50:36";"3";"Com vítima";"74,000";"BR-290/RS";"Crescente";"Choque";0;0;0;1;0;0;0;0;0;0;0;0;1;0;0
"15/03/2025";"05:02:34";"9";"Com vítima";"360,000";"BR-386/RS";"Crescente";"Saída de pista";1;0;0;0;0;0;0;0;0;0;1;1;0;0;0
"15/03/2025";"09:05:04";"94";"Com vítima";"342,000";"BR-386/RS";"Crescente";"Queda de moto";0;0;0;1;0;0;0;0;0;0;0;1;0;0;0
"15/03/2025";"09:42:12";"98";"Sem vítima";"25,000";"BR-290/RS";"Crescente";"Colisão lateral no mesmo sentido";2;0;0;0;0;0;0;0;0;0;9;0;0;0;0
"15/03/2025";"10:31:13";"114";"Sem vítima";"75,000";"BR-290/RS";"Decrescente";"Choque";1;0;0;0;0;0;0;0;0;0;3;0;0;0;0
"15/03/2025";"13:11:39";"127";"Sem vítima";"349,000";"BR-386/RS";"Decrescente";"Colisão lateral no mesmo sentido";0;0;2;0;0;0;0;0;0;0;2;0;0;0;0
"15/03/2025";"14:28:27";"137";"Com vítima";"307,000";"BR-386/RS";"Crescente";"Colisão frontal";0;0;0;2;0;0;0;0;0;0;0;0;0;0;2
"15/03/2025";"20:00:42";"166";"Sem vítima";"90,500";"BR-290/RS";"Crescente";"Capotamento";2;0;0;0;0;0;0;0;0;0;7;0;0;0;0
"15/03/2025";"20:49:18";"174";"Com vítima";"356,450";"BR-386/RS";"Crescente";"Saída de pista";1;0;0;0;0;0;0;0;0;0;0;0;1;0;0
"16/03/2025";"00:04:23";"1";"Com vítima";"26,000";"BR-290/RS";"Crescente";"Colisão traseira";2;0;0;0;0;0;0;0;0;0;1;1;0;0;0
"16/03/2025";"04:57:50";"8";"Sem vítima";"217,500";"BR-386/RS";"Crescente";"Choque";1;0;0;0;0;0;0;0;0;0;1;0;0;0;0
"16/03/2025";"10:25:50";"53";"Sem vítima";"236,000";"BR-386/RS";"Decrescente";"Colisão traseira";3;0;1;0;0;0;0;0;0;0;8;0;0;0;0
"16/03/2025";"12:11:15";"65";"Sem vítima";"215,000";"BR-386/RS";"Crescente";"Colisão traseira";2;0;0;0;0;0;0;0;0;0;5;0;0;0;0
"16/03/2025";"15:24:25";"94";"Com vítima";"373,000";"BR-386/RS";"Crescente";"Queda de moto";1;0;0;0;0;0;0;0;0;0;0;2;0;0;0
"16/03/2025";"19:27:02";"143";"Sem vítima";"404,000";"BR-386/RS";"Decrescente";"Colisão traseira";0;0;1;0;1;0;0;0;0;0;4;0;0;0;0
"16/03/2025";"21:40:23";"171";"Com vítima";"13,000";"BR-101/RS";"Crescente";"Capotamento";1;0;0;0;0;0;0;0;0;0;0;1;0;0;0
"17/03/2025";"01:28:23";"2";"Sem vítima";"21,800";"BR-448/RS";"Crescente";"Choque";1;0;0;0;0;0;0;0;0;0;3;0;0;0;0
"17/03/2025";"07:36:24";"68";"Com vítima";"354,000";"BR-386/RS";"Crescente";"Colisão traseira";1;0;1;0;0;0;0;0;0;0;1;1;0;0;0
"17/03/2025";"07:59:29";"94";"Sem vítima";"76,000";"BR-290/RS";"Crescente";"Choque";1;0;0;0;0;0;0;0;0;0;1;0;0;0;0
"17/03/2025";"09:19:35";"119";"Sem vítima";"87,000";"BR-290/RS";"Decrescente";"Colisão traseira";2;0;0;0;0;0;0;0;0;0;4;0;0;0;0
"17/03/2025";"10:00:24";"135";"Sem vítima";"86,600";"BR-290/RS";"Decrescente";"Engavetamento";3;0;0;0;0;0;0;0;0;0;5;0;0;0;0
"17/03/2025";"11:11:33";"155";"Sem vítima";"60,000";"BR-290/RS";"Crescente";"Colisão traseira";2;0;0;0;0;0;0;0;0;0;4;0;0;0;0
"17/03/2025";"12:03:09";"171";"Sem vítima";"10,000";"BR-101/RS";"Decrescente";"Colisão traseira";2;0;0;0;0;0;0;0;0;0;4;0;0;0;0
"17/03/2025";"16:46:00";"226";"Com vítima";"96,000";"BR-290/RS";"Crescente";"Colisão lateral no mesmo sentido";1;0;0;1;0;0;0;0;0;0;1;1;1;0;0
"17/03/2025";"16:50:35";"228";"Sem vítima";"370,000";"BR-386/RS";"Crescente";"Saída de pista";0;0;1;0;0;0;0;0;0;0;1;0;0;0;0
"17/03/2025";"18:26:19";"242";"Sem vítima";"245,000";"BR-386/RS";"Crescente";"Colisão frontal";2;0;0;0;0;0;0;0;0;0;3;0;0;0;0
"17/03/2025";"23:56:17";"280";"Sem vítima";"17,000";"BR-290/RS";"Crescente";"Saída de pista";0;0;1;0;0;0;0;0;0;0;2;0;0;0;0
"18/03/2025";"07:56:10";"86";"Sem vítima";"348,200";"BR-386/RS";"Decrescente";"Colisão lateral no mesmo sentido";2;0;0;0;0;0;0;0;0;0;2;0;0;0;0
"18/03/2025";"08:50:03";"117";"Sem vítima";"75,000";"BR-290/RS";"Decrescente";"Colisão traseira";0;0;1;1;0;0;0;0;0;0;2;0;0;0;0
"18/03/2025";"12:52:57";"176";"Sem vítima";"440,000";"BR-386/RS";"Crescente";"Choque";0;0;1;0;0;0;0;0;0;0;1;0;0;0;0
"18/03/2025";"13:41:23";"187";"Sem vítima";"229,000";"BR-386/RS";"Crescente";"Colisão traseira";2;0;0;0;0;0;0;0;0;0;4;0;0;0;0
"18/03/2025";"18:26:56";"244";"Sem vítima";"15,000";"BR-101/RS";"Crescente";"Capotamento";1;0;0;0;0;0;0;0;0;0;1;0;0;0;0
"18/03/2025";"18:58:54";"249";"Sem vítima";"80,000";"BR-290/RS";"Crescente";"Saída de pista";1;0;0;0;0;0;0;0;0;0;1;0;0;0;0
"18/03/2025";"19:00:35";"250";"Com vítima";"60,000";"BR-290/RS";"Decrescente";"Colisão traseira";1;0;0;0;0;0;0;0;0;0;0;2;0;0;0
"18/03/2025";"21:07:28";"268";"Sem vítima";"391,000";"BR-386/RS";"Crescente";"Atropelamento de pedestre";1;0;0;0;0;0;0;0;0;0;2;0;0;0;0
"18/03/2025";"23:14:02";"280";"Com vítima";"4,000";"BR-290/RS";"Crescente";"Tombamento";0;0;1;0;0;0;0;0;0;0;0;1;0;0;0
"19/03/2025";"06:40:03";"27";"Sem vítima";"85,000";"BR-290/RS";"Decrescente";"Saída de pista";1;0;0;0;0;0;0;0;0;0;2;0;0;0;0
"19/03/2025";"09:16:20";"122";"Sem vítima";"90,000";"BR-290/RS";"Crescente";"Colisão traseira";2;0;0;0;0;0;0;0;0;0;3;0;0;0;0
"19/03/2025";"10:40:49";"148";"Com vítima";"4,600";"BR-290/RS";"Crescente";"Colisão traseira";1;0;0;1;0;0;0;0;0;0;4;1;0;0;0
"20/03/2025";"08:39:24";"117";"Com vítima";"435,000";"BR-386/RS";"Decrescente";"Colisão lateral no mesmo sentido";2;0;0;0;0;0;0;0;0;0;1;1;0;0;0
"20/03/2025";"09:11:02";"127";"Sem vítima";"235,000";"BR-386/RS";"Decrescente";"Saída de pista";0;0;1;0;0;0;0;0;0;0;1;0;0;0;0
"21/03/2025";"04:18:47";"13";"Sem vítima";"347,000";"BR-386/RS";"Decrescente";"Capotamento";1;0;0;0;0;0;0;0;0;0;1;0;0;0;0
"21/03/2025";"05:04:06";"15";"Sem vítima";"260,300";"BR-386/RS";"Crescente";"Saída de pista";1;0;0;0;0;0;0;0;0;0;1;0;0;0;0
"21/03/2025";"15:49:56";"237";"Com vítima";"245,800";"BR-386/RS";"Decrescente";"Colisão traseira";0;0;0;1;0;0;0;0;0;0;0;0;1;0;0
"21/03/2025";"17:46:35";"261";"Com vítima";"95,000";"BR-290/RS";"Crescente";"Choque";0;0;0;1;0;0;0;0;0;0;0;0;1;0;0
"21/03/2025";"18:18:36";"266";"Com vítima";"375,000";"BR-386/RS";"Crescente";"Colisão lateral no mesmo sentido";1;0;0;1;0;0;0;0;0;0;1;1;0;0;0
"21/03/2025";"19:10:51";"277";"Com vítima";"86,000";"BR-101/RS";"Decrescente";"Colisão lateral no mesmo sentido";1;0;0;1;0;0;0;0;0;0;3;1;0;0;0
"21/03/2025";"21:37:19";"297";"Sem vítima";"276,000";"BR-386/RS";"Decrescente";"Capotamento";1;0;0;0;0;0;0;0;0;0;1;0;0;0;0
"22/03/2025";"12:19:49";"92";"Sem vítima";"75,000";"BR-290/RS";"Crescente";"Capotamento";1;0;0;0;0;0;0;0;0;0;1;0;0;0;0
"22/03/2025";"15:52:41";"131";"Sem vítima";"226,000";"BR-386/RS";"Decrescente";"Colisão lateral no mesmo sentido";0;0;2;0;0;0;0;0;0;0;2;0;0;0;0
"22/03/2025";"16:41:22";"140";"Sem vítima";"216,900";"BR-386/RS";"Crescente";"Choque";1;0;0;0;0;0;0;0;0;0;1;0;0;0;0
"22/03/2025";"18:06:06";"149";"Sem vítima";"350,000";"BR-386/RS";"Decrescente";"Colisão traseira";2;0;0;0;0;0;0;0;0;0;3;0;0;0;0
"22/03/2025";"23:49:42";"183";"Com vítima";"10,000";"BR-290/RS";"Decrescente";"Saída de pista";1;0;0;0;0;0;0;0;0;0;3;1;0;0;0
"23/03/2025";"03:02:07";"9";"Com vítima";"76,000";"BR-290/RS";"Crescente";"Saída de pista";1;0;0;0;0;0;0;0;0;0;0;0;2;1;0
"23/03/2025";"05:03:20";"13";"Sem vítima";"349,000";"BR-386/RS";"Crescente";"Choque";1;0;0;0;0;0;0;0;0;0;1;0;0;0;0
"23/03/2025";"11:51:23";"58";"Sem vítima";"96,000";"BR-290/RS";"Decrescente";"Engavetamento";3;0;0;0;0;0;0;0;0;0;6;0;0;0;0
"23/03/2025";"16:27:40";"86";"Sem vítima";"426,000";"BR-386/RS";"Decrescente";"Colisão transversal";2;0;0;0;0;0;0;0;0;0;6;0;0;0;0
"23/03/2025";"16:38:18";"90";"Sem vítima";"336,000";"BR-386/RS";"Decrescente";"Colisão lateral no mesmo sentido";1;0;0;0;0;0;0;0;0;0;1;0;0;0;0
"23/03/2025";"16:57:49";"96";"Sem vítima";"19,000";"BR-101/RS";"Crescente";"Engavetamento";2;0;0;0;0;0;0;0;0;0;2;0;0;0;0
"23/03/2025";"21:24:35";"147";"Com vítima";"25,000";"BR-101/RS";"Crescente";"Capotamento";1;0;0;0;0;0;0;0;0;0;1;0;4;0;0
"24/03/2025";"02:27:12";"7";"Com vítima";"66,000";"BR-101/RS";"Decrescente";"Atropelamento de pedestre";1;0;0;0;0;0;0;0;0;0;1;0;0;0;1
"24/03/2025";"06:12:20";"15";"Sem vítima";"349,000";"BR-386/RS";"Decrescente";"Choque";1;0;0;0;0;0;0;0;0;0;2;0;0;0;0
"24/03/2025";"07:18:43";"43";"Com vítima";"283,430";"BR-386/RS";"Decrescente";"Queda de moto";0;0;0;1;0;0;0;0;0;0;0;1;0;0;0
"24/03/2025";"07:31:25";"52";"Sem vítima";"333,000";"BR-386/RS";"Decrescente";"Colisão lateral no mesmo sentido";2;0;0;0;0;0;0;0;0;0;4;0;0;0;0
"24/03/2025";"14:09:40";"169";"Com vítima";"382,000";"BR-386/RS";"Decrescente";"Acidentes de outra natureza";1;0;0;0;0;0;0;0;0;0;0;0;1;0;0
"24/03/2025";"16:26:11";"193";"Sem vítima";"297,000";"BR-386/RS";"Decrescente";"Choque";1;0;0;0;0;0;0;0;0;0;2;0;0;0;0
"24/03/2025";"17:20:11";"202";"Com vítima";"92,000";"BR-290/RS";"Decrescente";"Colisão lateral no mesmo sentido";1;0;0;1;0;0;0;0;0;0;1;1;0;0;0
"24/03/2025";"17:39:07";"207";"Sem vítima";"95,000";"BR-290/RS";"Decrescente";"Engavetamento";3;0;0;0;0;0;0;0;0;0;3;0;0;0;0
"24/03/2025";"19:56:33";"230";"Sem vítima";"372,000";"BR-386/RS";"Decrescente";"Capotamento";1;0;0;0;0;0;0;0;0;0;3;0;0;0;0
"25/03/2025";"02:18:58";"7";"Com vítima";"283,900";"BR-386/RS";"Crescente";"Tombamento";0;0;1;0;0;0;0;0;0;0;0;1;0;1;0
"25/03/2025";"05:33:59";"17";"Com vítima";"401,000";"BR-386/RS";"Decrescente";"Capotamento";1;0;0;0;0;0;0;0;0;0;0;0;1;0;0
"25/03/2025";"05:50:01";"18";"Sem vítima";"401,000";"BR-386/RS";"Crescente";"Choque";0;0;1;0;0;0;0;0;0;0;1;0;0;0;0
"25/03/2025";"08:24:20";"104";"Sem vítima";"39,000";"BR-290/RS";"Crescente";"Colisão traseira";2;0;0;0;0;0;0;0;0;0;3;0;0;0;0
"25/03/2025";"12:31:25";"155";"Com vítima";"392,000";"BR-386/RS";"Decrescente";"Colisão lateral no mesmo sentido";1;0;0;1;0;0;0;0;0;0;2;1;0;0;0
"25/03/2025";"13:47:06";"168";"Com vítima";"333,000";"BR-386/RS";"Decrescente";"Choque";1;0;0;0;0;0;0;0;0;0;0;1;0;0;0
"25/03/2025";"14:19:29";"171";"Sem vítima";"344,000";"BR-386/RS";"Decrescente";"Colisão lateral no mesmo sentido";1;0;1;0;0;0;0;0;0;0;2;0;0;0;0
"25/03/2025";"14:58:59";"185";"Sem vítima";"385,000";"BR-386/RS";"Crescente";"Saída de pista";0;0;1;0;0;0;0;0;0;0;1;0;0;0;0
"25/03/2025";"17:32:10";"204";"Sem vítima";"92,000";"BR-290/RS";"Decrescente";"Colisão traseira";2;0;0;0;0;0;0;0;0;0;3;0;0;0;0
"25/03/2025";"18:30:23";"207";"Sem vítima";"435,000";"BR-386/RS";"Decrescente";"Colisão transversal";1;0;0;1;0;0;0;0;0;0;3;0;0;0;0
"26/03/2025";"07:25:22";"57";"Sem vítima";"9,000";"BR-448/RS";"Crescente";"Capotamento";1;0;0;0;0;0;0;0;0;0;2;0;0;0;0
"26/03/2025";"19:03:32";"228";"Sem vítima";"96,000";"BR-290/RS";"Crescente";"Saída de pista";1;0;0;0;0;0;0;0;0;0;2;0;0;0;0
"27/03/2025";"08:10:09";"82";"Sem vítima";"351,000";"BR-386/RS";"Decrescente";"Colisão transversal";1;0;0;0;0;0;0;0;0;0;2;0;0;0;0
"27/03/2025";"12:48:32";"151";"Sem vítima";"60,000";"BR-290/RS";"Crescente";"Colisão lateral no mesmo sentido";2;0;0;0;0;0;0;0;0;0;3;0;0;0;0
"27/03/2025";"17:00:25";"194";"Sem vítima";"7,000";"BR-101/RS";"Decrescente";"Saída de pista";1;0;0;0;0;0;0;0;0;0;1;0;0;0;0
"27/03/2025";"17:44:49";"203";"Sem vítima";"436,000";"BR-386/RS";"Decrescente";"Colisão traseira";1;0;1;0;0;0;0;0;0;0;3;0;0;0;0
"27/03/2025";"20:32:13";"223";"Com vítima";"91,000";"BR-290/RS";"Decrescente";"Queda de moto";0;0;0;1;0;0;0;0;0;0;0;1;0;0;0
"27/03/2025";"20:38:19";"224";"Sem vítima";"306,000";"BR-386/RS";"Crescente";"Saída de pista";1;0;0;0;0;0;0;0;0;0;1;0;0;0;0
"27/03/2025";"21:24:49";"233";"Sem vítima";"86,000";"BR-290/RS";"Crescente";"Saída de pista";1;0;0;0;0;0;0;0;0;0;1;0;0;0;0
"28/03/2025";"05:33:57";"14";"Com vítima";"52,000";"BR-101/RS";"Decrescente";"Tombamento";0;0;1;0;0;0;0;0;0;0;0;1;0;0;0
"28/03/2025";"07:52:51";"91";"Sem vítima";"362,000";"BR-386/RS";"Decrescente";"Colisão lateral no mesmo sentido";2;0;0;0;0;0;0;0;0;0;2;0;0;0;0
"28/03/2025";"09:28:58";"130";"Sem vítima";"401,000";"BR-386/RS";"Decrescente";"Saída de pista";1;0;0;0;0;0;0;0;0;0;2;0;0;0;0
"28/03/2025";"17:27:46";"214";"Sem vítima";"349,000";"BR-386/RS";"Crescente";"Engavetamento";1;0;1;0;0;0;0;0;0;0;2;0;0;0;0
"28/03/2025";"20:16:24";"238";"Sem vítima";"51,000";"BR-290/RS";"Crescente";"Colisão traseira";2;0;0;0;0;0;0;0;0;0;3;0;0;0;0
"28/03/2025";"21:12:28";"250";"Com vítima";"245,000";"BR-386/RS";"Decrescente";"Colisão transversal";1;0;1;0;0;0;0;0;0;0;2;1;0;0;0
"28/03/2025";"22:13:43";"258";"Sem vítima";"432,000";"BR-386/RS";"Decrescente";"Colisão transversal";0;0;2;0;0;0;0;0;0;0;2;0;0;0;0
"28/03/2025";"23:00:57";"260";"Sem vítima";"350,000";"BR-386/RS";"Decrescente";"Colisão traseira";3;0;0;0;0;0;0;0;0;0;5;0;0;0;0
"29/03/2025";"15:11:48";"150";"Com vítima";"58,000";"BR-290/RS";"Crescente";"Capotamento";1;0;0;0;0;0;0;0;0;0;0;1;2;0;1
"29/03/2025";"17:23:44";"166";"Sem vítima";"60,000";"BR-290/RS";"Crescente";"Choque";1;0;0;0;0;0;0;0;0;0;1;0;0;0;0
"29/03/2025";"18:39:23";"176";"Com vítima";"92,000";"BR-290/RS";"Decrescente";"Colisão lateral no mesmo sentido";2;0;0;0;0;0;0;0;0;0;5;1;0;0;0
"29/03/2025";"19:43:37";"190";"Com vítima";"33,000";"BR-290/RS";"Crescente";"Colisão traseira";1;0;0;1;0;0;0;0;0;0;2;1;0;0;0
"30/03/2025";"00:02:43";"1";"Sem vítima";"86,000";"BR-290/RS";"Crescente";"Capotamento";1;0;0;0;0;0;0;0;0;0;1;0;0;0;0
"30/03/2025";"11:11:05";"51";"Sem vítima";"86,000";"BR-290/RS";"Crescente";"Choque";1;0;0;0;0;0;0;0;0;0;1;0;0;0;0
"30/03/2025";"11:15:29";"53";"Sem vítima";"5,000";"BR-290/RS";"Decrescente";"Colisão traseira";2;0;0;0;0;0;0;0;0;0;2;0;0;0;0
"30/03/2025";"19:40:50";"134";"Com vítima";"66,000";"BR-101/RS";"Crescente";"Colisão frontal";2;0;0;0;0;0;0;0;0;0;3;1;0;0;0
"30/03/2025";"19:54:30";"139";"Sem vítima";"288,100";"BR-386/RS";"Crescente";"Colisão traseira";2;0;0;0;0;0;0;0;0;0;5;0;0;0;0
"30/03/2025";"19:58:05";"140";"Sem vítima";"80,000";"BR-290/RS";"Decrescente";"Choque";1;0;0;0;0;0;0;0;0;0;2;0;0;0;0
"30/03/2025";"21:15:50";"159";"Sem vítima";"34,000";"BR-101/RS";"Crescente";"Saída de pista";1;0;0;0;0;0;0;0;0;0;2;0;0;0;0
"30/03/2025";"21:33:49";"161";"Sem vítima";"323,000";"BR-386/RS";"Decrescente";"Choque";1;0;0;0;0;0;0;0;0;0;3;0;0;0;0
"30/03/2025";"22:35:52";"173";"Com vítima";"64,000";"BR-290/RS";"Crescente";"Capotamento";1;0;0;0;0;0;0;0;0;0;0;1;0;0;0
"31/03/2025";"00:19:02";"2";"Com vítima";"89,100";"BR-290/RS";"Decrescente";"Colisão traseira";1;0;0;0;0;0;0;0;0;0;0;0;1;0;0
"31/03/2025";"05:32:11";"20";"Sem vítima";"80,000";"BR-290/RS";"Decrescente";"Saída de pista";1;0;0;0;0;0;0;0;0;0;1;0;0;0;0
"31/03/2025";"08:53:09";"103";"Sem vítima";"95,000";"BR-290/RS";"Decrescente";"Colisão lateral no mesmo sentido";1;0;1;0;0;0;0;0;0;0;2;0;0;0;0
"31/03/2025";"09:08:12";"108";"Sem vítima";"70,000";"BR-101/RS";"Decrescente";"Choque";1;0;0;0;0;0;0;0;0;0;4;0;0;0;0
"31/03/2025";"15:53:43";"196";"Com vítima";"92,000";"BR-290/RS";"Crescente";"Queda de moto";0;0;0;1;0;0;0;0;0;0;0;1;1;0;0
"31/03/2025";"17:37:15";"217";"Sem vítima";"18,000";"BR-101/RS";"Crescente";"Choque";1;0;0;0;0;0;0;0;0;0;1;0;0;0;0
"31/03/2025";"17:39:24";"218";"Sem vítima";"60,000";"BR-290/RS";"Crescente";"Colisão lateral no mesmo sentido";2;0;0;0;0;0;0;0;0;0;5;0;0;0;0
"31/03/2025";"18:09:09";"222";"Sem vítima";"397,000";"BR-386/RS";"Crescente";"Saída de pista";0;0;1;0;0;0;0;0;0;0;2;0;0;0;0
"31/03/2025";"19:23:20";"232";"Sem vítima";"94,000";"BR-290/RS";"Decrescente";"Engavetamento";0;0;3;0;0;0;0;0;0;0;3;0;0;0;0
"01/04/2025";"06:28:46";"21";"Sem vítima";"24,000";"BR-290/RS";"Crescente";"Saída de pista";1;0;0;0;0;0;0;0;0;0;1;0;0;0;0
"01/04/2025";"07:12:13";"39";"Sem vítima";"308,000";"BR-386/RS";"Decrescente";"Saída de pista";0;0;1;0;0;0;0;0;0;0;1;0;0;0;0
"01/04/2025";"07:38:10";"56";"Com vítima";"306,000";"BR-386/RS";"Decrescente";"Colisão frontal";2;0;0;0;0;0;0;0;0;0;0;0;2;0;0
"01/04/2025";"08:38:06";"90";"Com vítima";"259,000";"BR-386/RS";"Decrescente";"Queda de moto";0;0;0;1;0;0;0;0;0;0;0;1;0;0;0
"01/04/2025";"10:47:11";"125";"Sem vítima";"19,000";"BR-290/RS";"Crescente";"Tombamento";1;0;0;0;0;0;0;0;0;0;1;0;0;0;0
"01/04/2025";"11:03:48";"127";"Sem vítima";"246,000";"BR-386/RS";"Crescente";"Colisão transversal";0;0;2;0;0;0;0;0;0;0;2;0;0;0;0
"01/04/2025";"12:17:16";"136";"Com vítima";"15,000";"BR-101/RS";"Crescente";"Saída de pista";1;0;0;0;0;0;0;0;0;0;0;1;0;0;0
"01/04/2025";"14:11:06";"167";"Sem vítima";"37,000";"BR-101/RS";"Decrescente";"Choque";1;0;0;0;0;0;0;0;0;0;1;0;0;0;0
"01/04/2025";"15:06:18";"185";"Sem vítima";"352,000";"BR-386/RS";"Decrescente";"Colisão traseira";0;0;2;0;0;0;0;0;0;0;2;0;0;0;0
"01/04/2025";"17:24:35";"217";"Sem vítima";"321,000";"BR-386/RS";"Decrescente";"Engavetamento";2;0;1;0;0;0;0;0;0;0;3;0;0;0;0
"01/04/2025";"19:50:56";"227";"Sem vítima";"304,000";"BR-386/RS";"Decrescente";"Choque";1;0;0;0;0;0;0;0;0;0;2;0;0;0;0
"01/04/2025";"20:13:20";"229";"Sem vítima";"15,000";"BR-448/RS";"Decrescente";"Colisão traseira";1;0;0;0;0;0;0;0;0;0;2;0;0;0;0
"02/04/2025";"06:03:18";"14";"Sem vítima";"362,000";"BR-386/RS";"Decrescente";"Queda de moto";1;0;0;0;0;0;0;0;0;0;1;0;0;0;0
"02/04/2025";"09:09:24";"111";"Sem vítima";"52,000";"BR-290/RS";"Crescente";"Colisão traseira";0;0;2;0;0;0;0;0;0;0;2;0;0;0;0
"02/04/2025";"12:08:14";"153";"Com vítima";"236,000";"BR-386/RS";"Decrescente";"Colisão traseira";1;0;0;0;0;0;0;0;0;0;0;1;0;0;0
"02/04/2025";"13:23:01";"165";"Com vítima";"296,000";"BR-386/RS";"Decrescente";"Saída de pista";1;0;0;0;0;0;0;0;0;0;0;1;0;0;0
"02/04/2025";"15:35:22";"189";"Sem vítima";"269,000";"BR-386/RS";"Decrescente";"Colisão lateral no mesmo sentido";2;0;0;0;0;0;0;0;0;0;3;0;0;0;0
"02/04/2025";"15:57:34";"192";"Com vítima";"268,000";"BR-386/RS";"Decrescente";"Colisão frontal";4;0;0;0;0;0;0;0;0;0;4;4;3;1;0
"02/04/2025";"16:34:45";"198";"Com vítima";"349,000";"BR-386/RS";"Decrescente";"Colisão traseira";2;0;1;0;0;0;0;0;0;0;5;1;0;0;0
"02/04/2025";"16:52:03";"201";"Sem vítima";"275,000";"BR-386/RS";"Decrescente";"Colisão traseira";1;0;1;0;0;0;0;0;0;0;2;0;0;0;0
"02/04/2025";"17:38:17";"207";"Sem vítima";"2,000";"BR-290/RS";"Decrescente";"Saída de pista";1;0;0;0;0;0;0;0;0;0;1;0;0;0;0
"02/04/2025";"18:06:39";"211";"Com vítima";"49,800";"BR-290/RS";"Decrescente";"Saída de pista";2;0;0;0;0;0;0;0;0;0;4;2;0;0;0
"02/04/2025";"21:10:02";"232";"Sem vítima";"433,000";"BR-386/RS";"Decrescente";"Saída de pista";1;0;0;0;0;0;0;0;0;0;1;0;0;0;0
"03/04/2025";"00:09:10";"2";"Sem vítima";"41,000";"BR-101/RS";"Crescente";"Saída de pista";0;0;1;0;0;0;0;0;0;0;1;0;0;0;0
"03/04/2025";"06:46:19";"30";"Sem vítima";"307,000";"BR-386/RS";"Decrescente";"Saída de pista";0;0;1;0;0;0;0;0;0;0;2;0;0;0;0
"04/04/2025";"01:56:31";"6";"Sem vítima";"4,000";"BR-290/RS";"Decrescente";"Saída de pista";1;0;0;0;0;0;0;0;0;0;1;0;0;0;0
"04/04/2025";"06:37:14";"23";"Com vítima";"219,000";"BR-386/RS";"Decrescente";"Colisão lateral no mesmo sentido";2;0;0;0;0;0;0;0;0;0;1;1;0;0;0