data;horario;n_da_ocorrencia;tipo_de_ocorrencia;km;trecho;sentido;tipo_de_acidente;automovel;bicicleta;caminhao;moto;onibus;outros;tracao_animal;transporte_de_cargas_especiais;trator_maquinas;utilitarios;ilesos;levemente_feridos;moderadamente_feridos;gravemente_feridos;mortos
"04/04/2025";"06:57:53";"37";"Sem vítima";"426,000";"BR-386/RS";"Decrescente";"Choque";1;0;0;0;0;0;0;0;0;0;1;0;0;0;0
"04/04/2025";"07:21:08";"61";"Sem vítima";"438,800";"BR-386/RS";"Crescente";"Colisão traseira";0;0;1;0;0;0;0;0;0;0;1;0;0;0;0
"04/04/2025";"07:43:53";"83";"Sem vítima";"438,800";"BR-386/RS";"Crescente";"Colisão lateral no mesmo sentido";1;0;1;0;0;0;0;0;0;0;2;0;0;0;0
"04/04/2025";"11:27:31";"159";"Sem vítima";"349,000";"BR-386/RS";"Crescente";"Colisão traseira";1;0;1;0;0;0;0;0;0;0;2;0;0;0;0
"04/04/2025";"15:50:41";"199";"Sem vítima";"379,000";"BR-386/RS";"Decrescente";"Colisão traseira";1;0;1;0;0;0;0;0;0;0;4;0;0;0;0
"04/04/2025";"21:20:08";"255";"Sem vítima";"49,000";"BR-290/RS";"Crescente";"Colisão traseira";2;0;0;0;0;0;0;0;0;0;3;0;0;0;0
"04/04/2025";"22:13:54";"261";"Com vítima";"438,200";"BR-386/RS";"Crescente";"Colisão transversal";1;0;0;0;0;0;0;0;0;0;0;0;1;0;0
"05/04/2025";"00:58:34";"8";"Sem vítima";"427,000";"BR-386/RS";"Crescente";"Atropelamento de animal";1;0;0;0;0;0;0;0;0;0;2;0;0;0;0
"05/04/2025";"03:29:07";"14";"Sem vítima";"314,000";"BR-386/RS";"Decrescente";"Saída de pista";1;0;0;0;0;0;0;0;0;0;3;0;0;0;0
"05/04/2025";"09:13:46";"90";"Sem vítima";"86,000";"BR-290/RS";"Decrescente";"Capotamento";1;0;0;0;0;0;0;0;0;0;1;0;0;0;0
"05/04/2025";"17:48:52";"170";"Sem vítima";"67,000";"BR-290/RS";"Decrescente";"Colisão frontal";2;0;0;0;0;0;0;0;0;0;7;0;0;0;0
"06/04/2025";"06:59:52";"13";"Sem vítima";"75,000";"BR-290/RS";"Decrescente";"Colisão traseira";2;0;0;0;0;0;0;0;0;0;5;0;0;0;0
"06/04/2025";"08:50:05";"24";"Sem vítima";"75,000";"BR-290/RS";"Decrescente";"Saída de pista";1;0;0;0;0;0;0;0;0;0;1;0;0;0;0
"06/04/2025";"09:49:19";"32";"Com vítima";"92,000";"BR-290/RS";"Decrescente";"Colisão traseira";1;0;0;1;0;0;0;0;0;0;1;2;0;0;0
"06/04/2025";"12:52:04";"56";"Com vítima";"80,000";"BR-290/RS";"Crescente";"Capotamento";1;0;0;0;0;0;0;0;0;0;0;0;1;0;0
"06/04/2025";"16:55:58";"75";"Sem vítima";"436,000";"BR-386/RS";"Crescente";"Colisão traseira";2;0;0;0;0;0;0;0;0;0;7;0;0;0;0
"06/04/2025";"17:05:14";"77";"Sem vítima";"240,000";"BR-386/RS";"Crescente";"Colisão transversal";1;0;0;1;0;0;0;0;0;0;2;0;0;0;0
"06/04/2025";"17:28:28";"78";"Sem vítima";"439,000";"BR-386/RS";"Decrescente";"Engavetamento";2;0;0;0;0;0;0;0;0;0;4;0;0;0;0
"06/04/2025";"19:48:38";"103";"Sem vítima";"406,000";"BR-386/RS";"Decrescente";"Atropelamento de animal";1;0;0;0;0;0;0;0;0;0;3;0;0;0;0
"06/04/2025";"21:02:45";"113";"Sem vítima";"361,000";"BR-386/RS";"Crescente";"Saída de pista";1;0;0;0;0;0;0;0;0;0;1;0;0;0;0
"06/04/2025";"22:54:10";"125";"Sem vítima";"373,000";"BR-386/RS";"Crescente";"Atropelamento de animal";1;0;0;0;0;0;0;0;0;0;2;0;0;0;0
"07/04/2025";"05:35:57";"17";"Sem vítima";"92,000";"BR-290/RS";"Decrescente";"Saída de pista";1;0;0;0;0;0;0;0;0;0;1;0;0;0;0
"07/04/2025";"06:00:36";"19";"Com vítima";"22,000";"BR-290/RS";"Crescente";"Queda de moto";0;0;0;1;0;0;0;0;0;0;0;2;0;0;0
"07/04/2025";"12:01:23";"147";"Sem vítima";"306,000";"BR-386/RS";"Decrescente";"Colisão traseira";1;0;0;0;0;0;0;0;0;0;1;0;0;0;0
"07/04/2025";"12:24:43";"150";"Sem vítima";"307,000";"BR-386/RS";"Decrescente";"Saída de pista";1;0;0;0;0;0;0;0;0;0;1;0;0;0;0
"07/04/2025";"14:44:50";"170";"Sem vítima";"396,000";"BR-386/RS";"Decrescente";"Tombamento";1;0;0;0;0;0;0;0;0;0;2;0;0;0;0
"07/04/2025";"15:09:20";"174";"Sem vítima";"10,000";"BR-448/RS";"Decrescente";"Capotamento";1;0;0;0;0;0;0;0;0;0;1;0;0;0;0
"07/04/2025";"16:12:44";"182";"Sem vítima";"10,000";"BR-101/RS";"Decrescente";"Colisão traseira";2;0;0;0;0;0;0;0;0;0;3;0;0;0;0
"07/04/2025";"17:20:21";"190";"Sem vítima";"94,000";"BR-290/RS";"Decrescente";"Saída de pista";1;0;0;0;0;0;0;0;0;0;2;0;0;0;0
"07/04/2025";"17:48:34";"193";"Sem vítima";"63,000";"BR-290/RS";"Decrescente";"Saída de pista";1;0;0;0;0;0;0;0;0;0;1;0;0;0;0
"07/04/2025";"20:39:13";"213";"Sem vítima";"261,000";"BR-386/RS";"Decrescente";"Colisão lateral no mesmo sentido";2;0;0;0;0;0;0;0;0;0;4;0;0;0;0
"07/04/2025";"21:46:13";"219";"Com vítima";"286,600";"BR-386/RS";"Decrescente";"Tombamento";0;0;0;0;0;0;0;1;0;0;0;0;1;0;0
"08/04/2025";"02:06:05";"7";"Sem vítima";"384,600";"BR-386/RS";"Crescente";"Saída de pista";0;0;1;0;0;0;0;0;0;0;1;0;0;0;0
"08/04/2025";"04:00:41";"11";"Sem vítima";"91,000";"BR-290/RS";"Crescente";"Saída de pista";1;0;0;0;0;0;0;0;0;0;1;0;0;0;0
"08/04/2025";"06:10:25";"18";"Sem vítima";"347,000";"BR-386/RS";"Decrescente";"Saída de pista";1;0;0;0;0;0;0;0;0;0;1;0;0;0;0
"08/04/2025";"06:39:40";"27";"Sem vítima";"36,000";"BR-290/RS";"Crescente";"Colisão traseira";1;0;1;0;0;0;0;0;0;0;4;0;0;0;0
"08/04/2025";"06:46:24";"30";"Com vítima";"35,800";"BR-101/RS";"Decrescente";"Tombamento";0;0;1;0;0;0;0;0;0;0;0;0;1;0;0
"08/04/2025";"08:56:00";"91";"Sem vítima";"22,000";"BR-448/RS";"Decrescente";"Saída de pista";1;0;0;0;0;0;0;0;0;0;1;0;0;0;0
"08/04/2025";"10:42:12";"115";"Sem vítima";"21,000";"BR-448/RS";"Decrescente";"Saída de pista";1;0;0;0;0;0;0;0;0;0;1;0;0;0;0
"08/04/2025";"14:55:19";"161";"Sem vítima";"426,000";"BR-386/RS";"Decrescente";"Colisão traseira";2;0;0;0;0;0;0;0;0;0;2;0;0;0;0
"08/04/2025";"17:26:55";"186";"Sem vítima";"302,000";"BR-386/RS";"Decrescente";"Colisão lateral no mesmo sentido";2;0;0;0;0;0;0;0;0;0;3;0;0;0;0
"08/04/2025";"19:52:39";"209";"Sem vítima";"220,550";"BR-386/RS";"Decrescente";"Colisão transversal";1;0;1;0;0;0;0;0;0;0;2;0;0;0;0
"08/04/2025";"22:13:14";"227";"Sem vítima";"368,600";"BR-386/RS";"Crescente";"Saída de pista";1;0;0;0;0;0;0;0;0;0;1;0;0;0;0
"09/04/2025";"07:01:50";"41";"Com vítima";"259,000";"BR-386/RS";"Crescente";"Colisão frontal";2;0;0;0;0;0;0;0;0;0;0;2;0;0;0
"09/04/2025";"09:31:34";"123";"Sem vítima";"212,000";"BR-386/RS";"Crescente";"Tombamento";0;0;1;0;0;0;0;0;0;0;2;0;0;0;0
"09/04/2025";"12:12:11";"171";"Sem vítima";"431,000";"BR-386/RS";"Decrescente";"Colisão transversal";1;0;1;0;0;0;0;0;0;0;3;0;0;0;0
"09/04/2025";"14:15:54";"207";"Sem vítima";"306,000";"BR-386/RS";"Decrescente";"Colisão traseira";0;0;2;0;0;0;0;0;0;0;2;0;0;0;0
"09/04/2025";"19:20:18";"262";"Sem vítima";"86,000";"BR-290/RS";"Decrescente";"Colisão lateral no mesmo sentido";1;0;0;0;0;0;0;0;0;0;1;0;0;0;0
"10/04/2025";"06:56:19";"35";"Com vítima";"193,000";"BR-386/RS";"Decrescente";"Saída de pista";1;0;0;0;0;0;0;0;0;0;0;1;0;0;0
"10/04/2025";"11:09:36";"167";"Com vítima";"80,000";"BR-290/RS";"Decrescente";"Saída de pista";1;0;0;0;0;0;0;0;0;0;1;1;1;0;0
"10/04/2025";"11:40:39";"174";"Sem vítima";"92,000";"BR-290/RS";"Decrescente";"Colisão traseira";2;0;0;0;0;0;0;0;0;0;4;0;0;0;0
"10/04/2025";"11:53:24";"176";"Sem vítima";"439,000";"BR-386/RS";"Crescente";"Colisão traseira";1;0;0;1;0;0;0;0;0;0;3;0;0;0;0
"10/04/2025";"15:15:49";"213";"Sem vítima";"230,000";"BR-386/RS";"Crescente";"Colisão traseira";0;0;2;0;0;0;0;0;0;0;2;0;0;0;0
"10/04/2025";"17:02:48";"238";"Sem vítima";"282,000";"BR-386/RS";"Crescente";"Colisão traseira";1;0;0;0;0;0;0;0;0;0;2;0;0;0;0
"10/04/2025";"18:22:38";"254";"Sem vítima";"89,000";"BR-290/RS";"Decrescente";"Colisão lateral no mesmo sentido";3;0;0;0;0;0;0;0;0;0;3;0;0;0;0
"10/04/2025";"22:05:32";"283";"Sem vítima";"358,000";"BR-386/RS";"Decrescente";"Choque";1;0;0;0;0;0;0;0;0;0;1;0;0;0;0
"11/04/2025";"01:51:41";"8";"Sem vítima";"55,000";"BR-290/RS";"Crescente";"Saída de pista";1;0;0;0;0;0;0;0;0;0;2;0;0;0;0
"11/04/2025";"05:13:13";"17";"Com vítima";"432,000";"BR-386/RS";"Decrescente";"Atropelamento de animal";1;0;0;0;0;0;0;0;0;0;2;0;0;1;0
"11/04/2025";"10:14:15";"132";"Sem vítima";"15,000";"BR-448/RS";"Crescente";"Saída de pista";1;0;0;0;0;0;0;0;0;0;1;0;0;0;0
"11/04/2025";"10:37:18";"138";"Sem vítima";"40,000";"BR-101/RS";"Decrescente";"Saída de pista";1;0;0;0;0;0;0;0;0;0;2;0;0;0;0
"11/04/2025";"13:25:37";"164";"Sem vítima";"439,000";"BR-386/RS";"Crescente";"Colisão lateral no mesmo sentido";1;0;1;0;0;0;0;0;0;0;2;0;0;0;0
"11/04/2025";"16:38:18";"188";"Sem vítima";"278,000";"BR-386/RS";"Decrescente";"Colisão traseira";2;0;0;0;0;0;0;0;0;0;3;0;0;0;0
"11/04/2025";"18:54:02";"202";"Sem vítima";"247,000";"BR-386/RS";"Crescente";"Colisão lateral no mesmo sentido";1;0;0;0;0;0;0;0;0;0;3;0;0;0;0
"12/04/2025";"01:53:56";"12";"Com vítima";"86,000";"BR-290/RS";"Crescente";"Choque";1;0;0;0;0;0;0;0;0;0;2;1;0;0;0
"12/04/2025";"02:33:33";"21";"Sem vítima";"246,000";"BR-386/RS";"Crescente";"Choque";1;0;0;0;0;0;0;0;0;0;2;0;0;0;0
"12/04/2025";"07:22:08";"54";"Com vítima";"94,000";"BR-290/RS";"Crescente";"Colisão traseira";2;0;0;0;0;0;0;0;0;0;3;0;1;0;0
"12/04/2025";"08:38:20";"73";"Sem vítima";"2,300";"BR-101/RS";"Decrescente";"Saída de pista";1;0;0;0;0;0;0;0;0;0;5;0;0;0;0
"12/04/2025";"13:09:49";"135";"Sem vítima";"349,000";"BR-386/RS";"Decrescente";"Colisão lateral no mesmo sentido";1;0;1;0;0;0;0;0;0;0;2;0;0;0;0
"12/04/2025";"18:43:01";"184";"Com vítima";"444,000";"BR-386/RS";"Crescente";"Colisão transversal";3;0;0;0;0;0;0;0;0;0;1;1;1;0;0
"12/04/2025";"20:40:03";"202";"Sem vítima";"350,000";"BR-386/RS";"Decrescente";"Colisão traseira";0;0;1;1;0;0;0;0;0;0;2;0;0;0;0
"13/04/2025";"00:44:23";"5";"Sem vítima";"354,900";"BR-386/RS";"Decrescente";"Choque";1;0;0;0;0;0;0;0;0;0;1;0;0;0;0
"13/04/2025";"02:57:25";"21";"Sem vítima";"242,000";"BR-386/RS";"Decrescente";"Capotamento";1;0;0;0;0;0;0;0;0;0;1;0;0;0;0
"13/04/2025";"05:32:12";"26";"Sem vítima";"78,000";"BR-290/RS";"Crescente";"Choque";1;0;0;0;0;0;0;0;0;0;1;0;0;0;0
"13/04/2025";"06:27:39";"28";"Com vítima";"76,600";"BR-290/RS";"Decrescente";"Colisão traseira";1;0;1;0;0;0;0;0;0;0;1;0;1;0;0
"13/04/2025";"07:04:33";"29";"Com vítima";"42,000";"BR-290/RS";"Crescente";"Tombamento";0;0;1;0;0;0;0;0;0;0;0;0;1;0;0
"13/04/2025";"19:57:02";"120";"Sem vítima";"92,150";"BR-290/RS";"Crescente";"Atropelamento de pedestre";1;0;0;0;0;0;0;0;0;0;1;0;0;1;0
"13/04/2025";"20:40:34";"127";"Sem vítima";"76,300";"BR-101/RS";"Crescente";"Saída de pista";1;0;0;0;0;0;0;0;0;0;1;0;0;0;0
"13/04/2025";"22:17:04";"138";"Sem vítima";"333,000";"BR-386/RS";"Crescente";"Atropelamento de animal";1;0;0;0;0;0;0;0;0;0;3;0;0;0;0
"13/04/2025";"22:56:56";"143";"Sem vítima";"89,400";"BR-290/RS";"Decrescente";"Choque";1;0;0;0;0;0;0;0;0;0;1;0;0;0;0
"14/04/2025";"02:19:44";"6";"Sem vítima";"66,000";"BR-101/RS";"Crescente";"Colisão traseira";0;0;2;0;0;0;0;0;0;0;2;0;0;0;0
"14/04/2025";"04:22:26";"9";"Sem vítima";"9,200";"BR-448/RS";"Decrescente";"Acidentes de outra natureza";2;0;0;0;0;0;0;0;0;0;1;0;0;0;0
"14/04/2025";"06:29:09";"21";"Com vítima";"349,000";"BR-386/RS";"Crescente";"Colisão lateral no mesmo sentido";1;0;0;1;0;0;0;0;0;0;1;1;0;0;0
"14/04/2025";"06:41:42";"26";"Com vítima";"94,200";"BR-290/RS";"Crescente";"Choque";1;0;0;0;0;0;0;0;0;0;0;1;0;0;0
"14/04/2025";"08:02:43";"76";"Com vítima";"94,000";"BR-290/RS";"Crescente";"Colisão traseira";2;0;0;0;0;0;0;0;0;0;1;1;0;0;0
"14/04/2025";"08:44:50";"112";"Sem vítima";"77,000";"BR-290/RS";"Decrescente";"Saída de pista";1;0;0;0;0;0;0;0;0;0;1;0;0;0;0
"14/04/2025";"08:55:28";"117";"Sem vítima";"95,000";"BR-290/RS";"Crescente";"Colisão lateral no mesmo sentido";1;0;0;1;0;0;0;0;0;0;2;0;0;0;0
"14/04/2025";"10:36:30";"155";"Com vítima";"337,000";"BR-386/RS";"Decrescente";"Colisão lateral no mesmo sentido";0;0;2;0;0;0;0;0;0;0;1;1;0;0;0
"14/04/2025";"10:37:50";"156";"Sem vítima";"89,000";"BR-290/RS";"Crescente";"Colisão lateral no mesmo sentido";0;0;1;1;0;0;0;0;0;0;2;0;0;0;0
"14/04/2025";"12:23:25";"179";"Sem vítima";"320,000";"BR-386/RS";"Crescente";"Saída de pista";0;0;1;0;0;0;0;0;0;0;1;0;0;0;0
"14/04/2025";"13:45:21";"189";"Sem vítima";"262,000";"BR-386/RS";"Crescente";"Colisão traseira";1;0;0;0;0;0;0;0;0;0;1;0;0;0;0
"15/04/2025";"06:16:26";"47";"Sem vítima";"52,400";"BR-101/RS";"Decrescente";"Atropelamento de animal";1;0;0;0;0;0;0;0;0;0;2;0;0;0;0
"15/04/2025";"06:47:32";"63";"Sem vítima";"52,400";"BR-101/RS";"Decrescente";"Atropelamento de animal";1;0;0;0;0;0;0;0;0;0;3;0;0;0;0
"15/04/2025";"09:06:39";"143";"Sem vítima";"92,000";"BR-290/RS";"Crescente";"Colisão traseira";1;0;1;0;0;0;0;0;0;0;2;0;0;0;0
"15/04/2025";"09:35:02";"151";"Com vítima";"349,000";"BR-386/RS";"Crescente";"Queda de moto";0;0;0;1;0;0;0;0;0;0;0;0;1;0;0
"15/04/2025";"14:36:43";"203";"Sem vítima";"16,000";"BR-101/RS";"Decrescente";"Colisão traseira";2;0;0;0;0;0;0;0;0;0;5;0;0;0;0
"15/04/2025";"17:02:16";"228";"Sem vítima";"25,700";"BR-290/RS";"Decrescente";"Colisão traseira";0;0;2;0;0;0;0;0;0;0;2;0;0;0;0
"15/04/2025";"17:05:53";"229";"Com vítima";"18,000";"BR-448/RS";"Crescente";"Queda de moto";0;0;0;1;0;0;0;0;0;0;0;2;0;0;0
"15/04/2025";"20:12:29";"256";"Sem vítima";"2,000";"BR-101/RS";"Decrescente";"Tombamento";0;0;1;0;0;0;0;0;0;0;0;0;0;0;0
"15/04/2025";"23:21:13";"274";"Sem vítima";"435,000";"BR-386/RS";"Crescente";"Choque";1;0;0;0;0;0;0;0;0;0;1;0;0;0;0
"16/04/2025";"05:19:24";"6";"Sem vítima";"225,000";"BR-386/RS";"Decrescente";"Colisão lateral no mesmo sentido";1;0;1;0;0;0;0;0;0;0;3;0;0;0;0
"16/04/2025";"05:46:43";"8";"Com vítima";"393,000";"BR-386/RS";"Decrescente";"Capotamento";1;0;0;0;0;0;0;0;0;0;1;1;0;0;0
"16/04/2025";"06:23:52";"12";"Sem vítima";"331,000";"BR-386/RS";"Crescente";"Choque";1;0;0;0;0;0;0;0;0;0;1;0;0;0;0
"16/04/2025";"11:22:27";"140";"Sem vítima";"345,000";"BR-386/RS";"Crescente";"Colisão lateral no mesmo sentido";1;0;1;0;0;0;0;0;0;0;3;0;0;0;0
"16/04/2025";"16:45:27";"209";"Sem vítima";"257,000";"BR-386/RS";"Decrescente";"Colisão traseira";2;0;0;0;0;0;0;0;0;0;3;0;0;0;0
"16/04/2025";"18:16:54";"228";"Com vítima";"347,000";"BR-386/RS";"Decrescente";"Colisão traseira";0;0;0;2;0;0;0;0;0;0;1;1;0;0;0
"16/04/2025";"18:31:05";"231";"Sem vítima";"430,000";"BR-386/RS";"Crescente";"Choque";1;0;0;0;0;0;0;0;0;0;1;0;0;0;0
"16/04/2025";"19:50:19";"245";"Sem vítima";"438,000";"BR-386/RS";"Decrescente";"Colisão lateral no mesmo sentido";1;0;1;0;0;0;0;0;0;0;3;0;0;0;0
"17/04/2025";"04:28:25";"14";"Sem vítima";"20,400";"BR-101/RS";"Crescente";"Colisão traseira";1;0;1;0;0;0;0;0;0;0;2;0;0;0;0
"17/04/2025";"07:11:14";"44";"Sem vítima";"426,000";"BR-386/RS";"Decrescente";"Colisão traseira";2;0;0;0;0;0;0;0;0;0;2;0;0;0;0
"17/04/2025";"09:12:19";"96";"Sem vítima";"256,000";"BR-386/RS";"Decrescente";"Colisão traseira";2;0;1;0;0;0;0;0;0;0;3;0;0;0;0
"17/04/2025";"10:42:42";"127";"Com vítima";"434,000";"BR-386/RS";"Decrescente";"Colisão traseira";2;0;0;0;0;0;0;0;0;0;3;1;0;0;0
"17/04/2025";"10:46:47";"131";"Com vítima";"10,000";"BR-448/RS";"Crescente";"Colisão lateral no mesmo sentido";1;0;1;0;0;0;0;0;0;0;2;0;1;0;0
"17/04/2025";"12:20:40";"145";"Sem vítima";"262,000";"BR-386/RS";"Crescente";"Choque";0;0;1;0;0;0;0;0;0;0;1;0;0;0;0
"17/04/2025";"15:03:24";"184";"Sem vítima";"427,000";"BR-386/RS";"Decrescente";"Colisão traseira";3;0;0;0;0;0;0;0;0;0;4;0;0;0;0
"17/04/2025";"15:12:40";"187";"Sem vítima";"90,000";"BR-290/RS";"Decrescente";"Colisão traseira";2;0;0;0;0;0;0;0;0;0;4;0;0;0;0
"17/04/2025";"16:46:56";"203";"Sem vítima";"415,000";"BR-386/RS";"Decrescente";"Acidentes de outra natureza";1;0;0;0;0;0;0;0;0;0;1;0;0;0;0
"17/04/2025";"17:18:05";"211";"Sem vítima";"74,000";"BR-290/RS";"Decrescente";"Colisão traseira";1;0;0;0;0;0;0;0;0;0;1;0;0;0;0
"17/04/2025";"17:56:08";"221";"Sem vítima";"249,000";"BR-386/RS";"Decrescente";"Colisão traseira";1;0;0;0;0;0;0;0;0;0;2;0;0;0;0
"17/04/2025";"19:12:04";"244";"Com vítima";"389,000";"BR-386/RS";"Crescente";"Colisão transversal";2;0;0;0;0;0;0;0;0;0;2;1;2;0;0
"17/04/2025";"20:46:17";"270";"Com vítima";"397,000";"BR-386/RS";"Decrescente";"Atropelamento de pedestre";1;0;0;0;0;0;0;0;0;0;1;0;1;0;0
"17/04/2025";"22:24:20";"294";"Sem vítima";"390,000";"BR-386/RS";"Crescente";"Colisão traseira";2;0;0;0;0;0;0;0;0;0;3;0;0;0;0
"17/04/2025";"23:40:11";"311";"Com vítima";"50,800";"BR-290/RS";"Crescente";"Saída de pista";1;0;0;0;0;0;0;0;0;0;1;1;0;0;0
"18/04/2025";"04:50:48";"26";"Sem vítima";"10,600";"BR-290/RS";"Decrescente";"Colisão lateral no mesmo sentido";2;0;0;0;0;0;0;0;0;0;6;0;0;0;0
"18/04/2025";"05:29:37";"31";"Sem vítima";"348,000";"BR-386/RS";"Decrescente";"Colisão traseira";2;0;0;0;0;0;0;0;0;0;7;0;0;0;0
"18/04/2025";"05:36:58";"33";"Sem vítima";"74,800";"BR-290/RS";"Crescente";"Choque";1;0;0;0;0;0;0;0;0;0;1;0;0;0;0
"18/04/2025";"06:20:14";"42";"Sem vítima";"326,000";"BR-386/RS";"Decrescente";"Colisão traseira";2;0;0;0;0;0;0;0;0;0;5;0;0;0;0
"18/04/2025";"07:40:55";"64";"Sem vítima";"10,000";"BR-101/RS";"Decrescente";"Choque";1;0;0;0;0;0;0;0;0;0;3;0;0;0;0
"18/04/2025";"08:03:10";"67";"Sem vítima";"40,000";"BR-101/RS";"Decrescente";"Colisão traseira";2;0;0;0;0;0;0;0;0;0;6;0;0;0;0
"18/04/2025";"08:07:23";"68";"Sem vítima";"341,000";"BR-386/RS";"Crescente";"Colisão lateral no mesmo sentido";1;0;1;0;0;0;0;0;0;0;5;0;0;0;0
"18/04/2025";"08:23:35";"78";"Sem vítima";"44,000";"BR-101/RS";"Decrescente";"Colisão traseira";2;0;0;0;0;0;0;0;0;0;8;0;0;0;0
"18/04/2025";"08:24:48";"80";"Com vítima";"292,000";"BR-386/RS";"Crescente";"Tombamento";0;0;1;0;0;0;0;0;0;0;0;1;0;0;0
"18/04/2025";"08:45:36";"83";"Sem vítima";"206,000";"BR-386/RS";"Decrescente";"Colisão traseira";2;0;0;0;0;0;0;0;0;0;7;0;0;0;0
"18/04/2025";"09:08:21";"86";"Sem vítima";"339,000";"BR-386/RS";"Decrescente";"Colisão transversal";2;0;0;0;0;0;0;0;0;0;3;0;0;0;0
"18/04/2025";"10:21:32";"100";"Com vítima";"324,000";"BR-386/RS";"Decrescente";"Engavetamento";1;0;0;0;0;0;0;0;0;0;2;2;0;0;0
"18/04/2025";"11:24:43";"114";"Sem vítima";"288,000";"BR-386/RS";"Crescente";"Colisão traseira";1;0;0;0;0;0;0;0;0;0;4;0;0;0;0
"18/04/2025";"11:36:14";"117";"Sem vítima";"367,000";"BR-386/RS";"Decrescente";"Colisão traseira";2;0;0;0;0;0;0;0;0;0;5;0;0;0;0
"18/04/2025";"12:18:05";"131";"Sem vítima";"329,000";"BR-386/RS";"Crescente";"Colisão traseira";1;0;1;0;0;0;0;0;0;0;3;0;0;0;0
"18/04/2025";"12:40:28";"135";"Sem vítima";"43,000";"BR-101/RS";"Decrescente";"Colisão lateral no mesmo sentido";1;0;1;0;0;0;0;0;0;0;3;0;0;0;0
"18/04/2025";"13:05:57";"141";"Sem vítima";"25,000";"BR-290/RS";"Decrescente";"Engavetamento";1;0;0;0;0;0;0;0;0;0;2;0;0;0;0
"18/04/2025";"13:06:44";"142";"Com vítima";"417,000";"BR-386/RS";"Decrescente";"Colisão traseira";2;0;0;0;0;0;0;0;0;0;5;0;2;0;0
"18/04/2025";"17:37:22";"198";"Sem vítima";"304,200";"BR-386/RS";"Decrescente";"Colisão traseira";2;0;0;0;0;0;0;0;0;0;8;0;0;0;0
"19/04/2025";"07:58:23";"31";"Sem vítima";"307,000";"BR-386/RS";"Crescente";"Saída de pista";1;0;0;0;0;0;0;0;0;0;2;0;0;0;0
"19/04/2025";"08:49:34";"38";"Sem vítima";"305,500";"BR-386/RS";"Decrescente";"Capotamento";1;0;0;0;0;0;0;0;0;0;1;0;0;0;0
"19/04/2025";"19:31:54";"129";"Com vítima";"266,000";"BR-386/RS";"Decrescente";"Capotamento";1;0;0;0;0;0;0;0;0;0;0;2;0;0;0
"20/04/2025";"02:20:24";"10";"Sem vítima";"73,000";"BR-290/RS";"Decrescente";"Capotamento";1;0;0;0;0;0;0;0;0;0;1;0;0;0;0
"20/04/2025";"19:35:54";"118";"Sem vítima";"92,000";"BR-290/RS";"Crescente";"Capotamento";1;0;0;0;0;0;0;0;0;0;4;0;0;0;0
"20/04/2025";"20:26:41";"127";"Sem vítima";"67,000";"BR-290/RS";"Crescente";"Saída de pista";1;0;0;0;0;0;0;0;0;0;1;0;0;0;0
"20/04/2025";"20:53:12";"133";"Sem vítima";"2,000";"BR-290/RS";"Decrescente";"Saída de pista";1;0;0;0;0;0;0;0;0;0;1;0;0;0;0
"21/04/2025";"00:44:34";"4";"Sem vítima";"43,000";"BR-290/RS";"Crescente";"Choque";0;0;1;0;0;0;0;0;0;0;1;0;0;0;0
"21/04/2025";"04:01:05";"9";"Sem vítima";"344,000";"BR-386/RS";"Crescente";"Saída de pista";2;0;0;0;0;0;0;0;0;0;2;0;0;0;0
"21/04/2025";"05:39:27";"12";"Sem vítima";"346,000";"BR-386/RS";"Crescente";"Saída de pista";1;0;0;0;0;0;0;0;0;0;1;0;0;0;0
"21/04/2025";"09:03:23";"49";"Com vítima";"308,000";"BR-386/RS";"Decrescente";"Engavetamento";3;0;0;0;0;0;0;0;0;0;7;1;0;0;0
"21/04/2025";"10:15:18";"59";"Sem vítima";"285,000";"BR-386/RS";"Decrescente";"Colisão traseira";1;0;0;0;0;0;0;0;0;0;3;0;0;0;0
"21/04/2025";"10:55:39";"69";"Sem vítima";"392,000";"BR-386/RS";"Crescente";"Colisão traseira";1;0;0;0;0;0;0;0;0;0;3;0;0;0;0
"21/04/2025";"11:35:38";"77";"Com vítima";"284,000";"BR-386/RS";"Decrescente";"Engavetamento";3;0;0;0;0;0;0;0;0;0;10;2;0;0;0
"21/04/2025";"11:39:41";"78";"Sem vítima";"67,000";"BR-101/RS";"Decrescente";"Colisão traseira";2;0;0;0;0;0;0;0;0;0;4;0;0;0;0