data;horario;n_da_ocorrencia;tipo_de_ocorrencia;km;trecho;sentido;tipo_de_acidente;automovel;bicicleta;caminhao;moto;onibus;outros;tracao_animal;transporte_de_cargas_especiais;trator_maquinas;utilitarios;ilesos;levemente_feridos;moderadamente_feridos;gravemente_feridos;mortos
"09/05/2025";"19:46:28";"224";"Com vítima";"307,000";"BR-386/RS";"Crescente";"Acidentes de outra natureza";1;0;0;0;0;0;0;0;0;0;0;0;1;0;0
"09/05/2025";"20:27:40";"231";"Sem vítima";"22,000";"BR-448/RS";"Crescente";"Choque";1;0;0;0;0;0;0;0;0;0;1;0;0;0;0
"09/05/2025";"21:31:05";"235";"Sem vítima";"22,000";"BR-448/RS";"Decrescente";"Choque";1;0;0;0;0;0;0;0;0;0;1;0;0;0;0
"09/05/2025";"22:29:10";"240";"Com vítima";"10,000";"BR-448/RS";"Decrescente";"Capotamento";1;0;0;0;0;0;0;0;0;0;0;0;1;0;0
"09/05/2025";"22:52:15";"242";"Sem vítima";"9,000";"BR-448/RS";"Crescente";"Saída de pista";1;0;0;0;0;0;0;0;0;0;4;0;0;0;0
"09/05/2025";"23:33:42";"248";"Sem vítima";"78,000";"BR-290/RS";"Decrescente";"Colisão traseira";1;0;0;1;0;0;0;0;0;0;2;0;0;0;0
"10/05/2025";"00:11:20";"3";"Com vítima";"326,000";"BR-386/RS";"Decrescente";"Choque";1;0;0;0;0;0;0;0;0;0;0;0;2;0;0
"10/05/2025";"01:03:43";"5";"Sem vítima";"19,000";"BR-290/RS";"Crescente";"Choque";1;0;0;0;0;0;0;0;0;0;1;0;0;0;0
"10/05/2025";"01:37:30";"7";"Sem vítima";"296,000";"BR-386/RS";"Crescente";"Saída de pista";1;0;0;0;0;0;0;0;0;0;2;0;0;0;0
"10/05/2025";"03:33:21";"12";"Sem vítima";"340,000";"BR-386/RS";"Decrescente";"Saída de pista";1;0;0;0;0;0;0;0;0;0;1;0;0;0;0
"10/05/2025";"09:38:54";"80";"Sem vítima";"236,000";"BR-386/RS";"Crescente";"Colisão traseira";2;0;0;0;0;0;0;0;0;0;4;0;0;0;0
"10/05/2025";"10:43:39";"95";"Com vítima";"425,000";"BR-386/RS";"Decrescente";"Colisão lateral no mesmo sentido";1;0;0;1;0;0;0;0;0;0;1;1;0;0;0
"10/05/2025";"11:51:02";"108";"Com vítima";"435,000";"BR-386/RS";"Decrescente";"Colisão traseira";2;0;0;0;0;0;0;0;0;0;3;0;1;0;0
"10/05/2025";"14:18:42";"131";"Sem vítima";"60,000";"BR-290/RS";"Crescente";"Choque";1;0;0;0;0;0;0;0;0;0;3;0;0;0;0
"10/05/2025";"15:33:27";"143";"Com vítima";"34,000";"BR-290/RS";"Decrescente";"Choque";0;0;0;1;0;0;0;0;0;0;0;1;0;0;0
"10/05/2025";"17:51:52";"160";"Com vítima";"54,000";"BR-290/RS";"Crescente";"Saída de pista";0;0;1;0;0;0;0;0;0;0;0;0;1;0;0
"10/05/2025";"21:00:30";"191";"Sem vítima";"89,000";"BR-290/RS";"Decrescente";"Colisão traseira";2;0;0;0;0;0;0;0;0;0;2;0;0;0;0
"11/05/2025";"00:17:22";"2";"Sem vítima";"12,000";"BR-101/RS";"Decrescente";"Choque";1;0;0;0;0;0;0;0;0;0;1;0;0;0;0
"11/05/2025";"00:33:33";"3";"Sem vítima";"62,000";"BR-101/RS";"Decrescente";"Saída de pista";0;0;1;0;0;0;0;0;0;0;1;0;0;0;0
"11/05/2025";"07:33:21";"17";"Com vítima";"345,000";"BR-386/RS";"Decrescente";"Saída de pista";1;0;0;0;0;0;0;0;0;0;0;0;0;1;0
"11/05/2025";"17:01:20";"83";"Sem vítima";"390,000";"BR-386/RS";"Decrescente";"Colisão traseira";2;0;0;0;0;0;0;0;0;0;2;0;0;0;0
"11/05/2025";"17:29:06";"90";"Com vítima";"79,400";"BR-290/RS";"Crescente";"Choque";1;0;0;0;0;0;0;0;0;0;0;0;0;0;2
"11/05/2025";"18:23:08";"100";"Com vítima";"187,000";"BR-386/RS";"Decrescente";"Colisão traseira";1;0;1;0;0;0;0;0;0;0;1;1;0;0;0
"11/05/2025";"20:10:59";"129";"Sem vítima";"96,000";"BR-290/RS";"Crescente";"Colisão traseira";1;0;0;0;0;0;0;0;0;0;1;0;0;0;0
"12/05/2025";"00:14:13";"2";"Com vítima";"261,000";"BR-386/RS";"Decrescente";"Queda de moto";0;0;0;1;0;0;0;0;0;0;0;1;0;0;0
"12/05/2025";"06:02:19";"18";"Com vítima";"349,000";"BR-386/RS";"Crescente";"Colisão lateral no mesmo sentido";1;0;1;1;0;0;0;0;0;0;4;0;1;0;0
"12/05/2025";"07:56:26";"81";"Com vítima";"435,000";"BR-386/RS";"Crescente";"Colisão traseira";2;0;0;0;0;0;0;0;0;0;1;1;0;0;0
"12/05/2025";"08:24:59";"101";"Com vítima";"95,000";"BR-290/RS";"Crescente";"Colisão traseira";1;0;0;1;0;0;0;0;0;0;1;1;0;0;0
"12/05/2025";"09:29:33";"129";"Sem vítima";"95,000";"BR-290/RS";"Crescente";"Queda de moto";0;0;0;1;0;0;0;0;0;0;1;0;0;0;0
"12/05/2025";"09:37:27";"134";"Sem vítima";"435,000";"BR-386/RS";"Crescente";"Colisão lateral no mesmo sentido";1;0;0;1;0;0;0;0;0;0;2;0;0;0;0
"12/05/2025";"16:50:17";"237";"Sem vítima";"262,000";"BR-386/RS";"Decrescente";"Colisão traseira";1;0;1;0;0;0;0;0;0;0;2;0;0;0;0
"13/05/2025";"05:59:41";"10";"Sem vítima";"423,000";"BR-386/RS";"Crescente";"Saída de pista";1;0;0;0;0;0;0;0;0;0;1;0;0;0;0
"13/05/2025";"07:58:14";"76";"Com vítima";"92,000";"BR-290/RS";"Decrescente";"Colisão traseira";1;0;0;1;0;0;0;0;0;0;1;0;1;0;0
"13/05/2025";"09:52:54";"117";"Sem vítima";"247,000";"BR-386/RS";"Crescente";"Colisão traseira";2;0;0;0;0;0;0;0;0;0;7;0;0;0;0
"13/05/2025";"12:00:55";"141";"Sem vítima";"435,000";"BR-386/RS";"Decrescente";"Colisão lateral no mesmo sentido";2;0;0;0;0;0;0;0;0;0;4;0;0;0;0
"13/05/2025";"15:36:10";"182";"Sem vítima";"346,000";"BR-386/RS";"Decrescente";"Colisão traseira";1;0;1;0;0;0;0;0;0;0;2;0;0;0;0
"13/05/2025";"16:26:16";"192";"Sem vítima";"234,000";"BR-386/RS";"Decrescente";"Colisão transversal";1;0;2;0;0;0;0;0;0;0;6;0;0;0;0
"13/05/2025";"18:20:00";"209";"Sem vítima";"432,000";"BR-386/RS";"Decrescente";"Colisão traseira";1;0;0;0;0;0;0;0;0;0;1;0;0;0;0
"13/05/2025";"18:57:16";"221";"Com vítima";"413,000";"BR-386/RS";"Decrescente";"Colisão traseira";0;0;0;1;0;0;0;0;0;0;0;0;1;0;0
"13/05/2025";"19:32:19";"231";"Sem vítima";"75,000";"BR-290/RS";"Decrescente";"Colisão traseira";2;0;0;0;0;0;0;0;0;0;2;0;0;0;0
"13/05/2025";"20:50:48";"237";"Com vítima";"296,000";"BR-386/RS";"Decrescente";"Capotamento";0;0;1;0;0;0;0;0;0;0;0;1;0;0;0
"14/05/2025";"08:49:32";"105";"Sem vítima";"95,000";"BR-290/RS";"Crescente";"Engavetamento";3;0;0;0;0;0;0;0;0;0;4;0;0;0;0
"14/05/2025";"10:22:59";"126";"Com vítima";"6,000";"BR-101/RS";"Decrescente";"Colisão frontal";1;0;0;1;0;0;0;0;0;0;1;0;0;1;0
"14/05/2025";"13:19:48";"163";"Sem vítima";"97,000";"BR-290/RS";"Crescente";"Engavetamento";1;0;0;0;0;0;0;0;0;0;1;0;0;0;0
"14/05/2025";"14:27:05";"177";"Com vítima";"67,000";"BR-290/RS";"Decrescente";"Colisão traseira";1;0;0;1;0;0;0;0;0;0;2;1;0;0;0
"14/05/2025";"16:19:07";"197";"Sem vítima";"85,300";"BR-290/RS";"Crescente";"Queda de moto";1;0;0;0;0;0;0;0;0;0;1;0;0;0;0
"14/05/2025";"17:54:05";"215";"Com vítima";"414,000";"BR-386/RS";"Decrescente";"Colisão traseira";2;0;0;0;0;0;0;0;0;0;1;0;1;0;0
"14/05/2025";"19:38:55";"228";"Sem vítima";"76,000";"BR-290/RS";"Crescente";"Queda de moto";0;0;0;1;0;0;0;0;0;0;1;0;0;0;0
"14/05/2025";"20:17:20";"230";"Sem vítima";"445,000";"BR-386/RS";"Decrescente";"Atropelamento de animal";1;0;0;0;0;0;0;0;0;0;1;0;0;0;0
"15/05/2025";"00:08:28";"1";"Sem vítima";"327,000";"BR-386/RS";"Crescente";"Choque";0;0;1;0;0;0;0;0;0;0;1;0;0;0;0
"15/05/2025";"02:26:19";"9";"Sem vítima";"348,400";"BR-386/RS";"Crescente";"Choque";0;0;1;0;0;0;0;0;0;0;1;0;0;0;0
"15/05/2025";"08:54:10";"118";"Com vítima";"82,000";"BR-101/RS";"Crescente";"Colisão lateral no mesmo sentido";0;0;1;1;0;0;0;0;0;0;1;0;1;0;0
"15/05/2025";"11:43:00";"147";"Sem vítima";"87,000";"BR-290/RS";"Crescente";"Colisão traseira";1;0;0;0;0;0;0;0;0;0;1;0;0;0;0
"15/05/2025";"12:45:35";"154";"Sem vítima";"354,000";"BR-386/RS";"Decrescente";"Choque";1;0;0;0;0;0;0;0;0;0;1;0;0;0;0
"15/05/2025";"14:32:06";"168";"Com vítima";"25,800";"BR-101/RS";"Crescente";"Saída de pista";0;0;0;0;0;0;0;1;0;0;0;1;0;0;0
"15/05/2025";"18:45:55";"201";"Sem vítima";"7,000";"BR-101/RS";"Decrescente";"Colisão traseira";2;0;0;0;0;0;0;0;0;0;3;0;0;0;0
"15/05/2025";"19:58:57";"206";"Sem vítima";"90,000";"BR-290/RS";"Decrescente";"Choque";1;0;0;0;0;0;0;0;0;0;2;0;0;0;0
"15/05/2025";"21:32:05";"214";"Sem vítima";"303,800";"BR-386/RS";"Crescente";"Colisão traseira";1;0;1;0;0;0;0;0;0;0;2;0;0;0;0
"15/05/2025";"23:32:55";"223";"Sem vítima";"210,000";"BR-386/RS";"Decrescente";"Choque";0;0;1;0;0;0;0;0;0;0;2;0;0;0;0
"16/05/2025";"10:58:41";"118";"Com vítima";"86,000";"BR-290/RS";"Decrescente";"Queda de moto";0;0;0;1;0;0;0;0;0;0;0;2;0;0;0
"16/05/2025";"11:30:02";"123";"Com vítima";"349,000";"BR-386/RS";"Crescente";"Choque";0;0;0;1;0;0;0;0;0;0;0;1;0;0;0
"16/05/2025";"13:53:21";"140";"Com vítima";"374,000";"BR-386/RS";"Decrescente";"Colisão traseira";1;0;0;1;0;0;0;0;0;0;1;1;0;0;0
"16/05/2025";"14:25:09";"144";"Sem vítima";"251,000";"BR-386/RS";"Crescente";"Colisão transversal";1;0;1;0;0;0;0;0;0;0;2;0;0;0;0
"16/05/2025";"14:41:44";"147";"Sem vítima";"9,000";"BR-448/RS";"Crescente";"Colisão traseira";1;0;1;0;0;0;0;0;0;0;3;0;0;0;0
"16/05/2025";"15:30:47";"154";"Sem vítima";"426,000";"BR-386/RS";"Decrescente";"Colisão traseira";1;0;0;0;0;0;0;0;0;0;1;0;0;0;0
"16/05/2025";"18:45:32";"186";"Sem vítima";"435,000";"BR-386/RS";"Decrescente";"Colisão transversal";2;0;0;0;0;0;0;0;0;0;4;0;0;0;0
"16/05/2025";"19:05:17";"189";"Com vítima";"26,000";"BR-290/RS";"Decrescente";"Colisão lateral no mesmo sentido";2;0;0;0;0;0;0;0;0;0;3;2;0;0;0
"16/05/2025";"20:16:24";"202";"Com vítima";"20,000";"BR-448/RS";"Decrescente";"Queda de moto";0;0;0;1;0;0;0;0;0;0;1;0;1;0;0
"16/05/2025";"21:18:34";"210";"Sem vítima";"93,000";"BR-290/RS";"Decrescente";"Colisão lateral no mesmo sentido";1;0;1;0;0;0;0;0;0;0;2;0;0;0;0
"16/05/2025";"23:09:47";"222";"Com vítima";"180,000";"BR-386/RS";"Crescente";"Capotamento";1;0;0;0;0;0;0;0;0;0;0;0;2;0;0
"17/05/2025";"08:54:37";"94";"Com vítima";"440,000";"BR-386/RS";"Crescente";"Colisão traseira";2;0;0;0;0;0;0;0;0;0;1;1;0;0;0
"17/05/2025";"10:06:06";"107";"Sem vítima";"90,600";"BR-290/RS";"Crescente";"Choque";1;0;0;0;0;0;0;0;0;0;2;0;0;0;0
"17/05/2025";"12:31:33";"124";"Sem vítima";"385,000";"BR-386/RS";"Decrescente";"Colisão transversal";1;0;1;0;0;0;0;0;0;0;2;0;0;0;0
"17/05/2025";"13:48:16";"133";"Sem vítima";"302,000";"BR-386/RS";"Decrescente";"Colisão traseira";1;0;0;0;0;0;0;0;0;0;1;0;0;0;0
"18/05/2025";"03:19:45";"4";"Com vítima";"92,000";"BR-290/RS";"Crescente";"Capotamento";1;0;0;0;0;0;0;0;0;0;0;0;0;1;0
"18/05/2025";"05:40:43";"6";"Sem vítima";"4,000";"BR-448/RS";"Decrescente";"Saída de pista";1;0;0;0;0;0;0;0;0;0;1;0;0;0;0
"18/05/2025";"10:23:23";"44";"Sem vítima";"19,000";"BR-290/RS";"Crescente";"Colisão traseira";2;0;0;0;0;0;0;0;0;0;2;0;0;0;0
"18/05/2025";"15:55:08";"75";"Com vítima";"74,000";"BR-101/RS";"Decrescente";"Colisão lateral no mesmo sentido";1;0;0;0;0;0;0;0;0;0;0;0;1;0;0
"18/05/2025";"16:26:20";"78";"Sem vítima";"360,000";"BR-386/RS";"Decrescente";"Saída de pista";0;0;1;0;0;0;0;0;0;0;1;0;0;0;0
"18/05/2025";"16:49:22";"82";"Sem vítima";"305,000";"BR-386/RS";"Decrescente";"Saída de pista";1;0;0;0;0;0;0;0;0;0;3;0;0;0;0
"18/05/2025";"17:19:59";"87";"Sem vítima";"412,000";"BR-386/RS";"Crescente";"Colisão traseira";1;0;0;0;0;0;0;0;0;0;2;0;0;0;0
"18/05/2025";"18:18:20";"102";"Sem vítima";"49,000";"BR-101/RS";"Decrescente";"Colisão lateral no mesmo sentido";2;0;0;0;0;0;0;0;0;0;2;0;0;0;0
"18/05/2025";"18:37:58";"106";"Sem vítima";"75,000";"BR-290/RS";"Crescente";"Colisão lateral no mesmo sentido";2;0;0;0;0;0;0;0;0;0;3;0;0;0;0
"18/05/2025";"19:13:17";"110";"Sem vítima";"60,000";"BR-290/RS";"Crescente";"Colisão traseira";1;0;0;0;0;0;0;0;0;0;2;0;0;0;0
"19/05/2025";"06:00:20";"11";"Sem vítima";"296,000";"BR-386/RS";"Decrescente";"Saída de pista";1;0;0;0;0;0;0;0;0;0;1;0;0;0;0
"19/05/2025";"07:17:07";"69";"Sem vítima";"50,000";"BR-101/RS";"Decrescente";"Queda de moto";0;0;0;1;0;0;0;0;0;0;1;0;0;0;0
"19/05/2025";"07:18:48";"74";"Sem vítima";"89,000";"BR-290/RS";"Crescente";"Engavetamento";3;0;0;0;0;0;0;0;0;0;6;0;0;0;0
"19/05/2025";"07:45:23";"87";"Sem vítima";"431,000";"BR-386/RS";"Decrescente";"Colisão traseira";2;0;0;0;0;0;0;0;0;0;2;0;0;0;0
"19/05/2025";"18:58:06";"229";"Sem vítima";"23,000";"BR-290/RS";"Decrescente";"Choque";1;0;0;0;0;0;0;0;0;0;2;0;0;0;0
"19/05/2025";"20:45:18";"241";"Sem vítima";"268,000";"BR-386/RS";"Decrescente";"Colisão lateral no mesmo sentido";0;0;2;0;0;0;0;1;0;0;3;0;0;0;0
"20/05/2025";"03:49:47";"4";"Com vítima";"80,000";"BR-290/RS";"Decrescente";"Saída de pista";1;0;0;0;0;0;0;0;0;0;0;0;1;0;0
"20/05/2025";"05:38:27";"7";"Sem vítima";"433,000";"BR-386/RS";"Crescente";"Saída de pista";1;0;0;0;0;0;0;0;0;0;1;0;0;0;0
"20/05/2025";"06:26:55";"11";"Sem vítima";"439,000";"BR-386/RS";"Crescente";"Colisão traseira";1;0;1;0;0;0;0;0;0;0;2;0;0;0;0
"20/05/2025";"07:17:08";"51";"Sem vítima";"257,000";"BR-386/RS";"Decrescente";"Choque";1;0;0;0;0;0;0;0;0;0;1;0;0;0;0
"20/05/2025";"08:21:33";"81";"Sem vítima";"305,000";"BR-386/RS";"Crescente";"Saída de pista";1;0;0;0;0;0;0;0;0;0;1;0;0;0;0
"20/05/2025";"08:32:53";"89";"Sem vítima";"19,000";"BR-290/RS";"Crescente";"Saída de pista";0;0;1;0;0;0;0;0;0;0;1;0;0;0;0
"20/05/2025";"09:49:39";"101";"Sem vítima";"94,000";"BR-290/RS";"Decrescente";"Saída de pista";1;0;0;0;0;0;0;0;0;0;1;0;0;0;0
"20/05/2025";"10:33:45";"110";"Sem vítima";"302,000";"BR-386/RS";"Decrescente";"Choque";1;0;0;0;0;0;0;0;0;0;1;0;0;0;0
"20/05/2025";"15:45:30";"162";"Com vítima";"91,000";"BR-290/RS";"Decrescente";"Colisão lateral no mesmo sentido";1;0;0;0;0;0;0;0;0;0;0;0;1;0;0
"20/05/2025";"20:22:35";"203";"Sem vítima";"37,000";"BR-290/RS";"Decrescente";"Saída de pista";1;0;0;0;0;0;0;0;0;0;1;0;0;0;0
"21/05/2025";"06:54:18";"29";"Sem vítima";"86,000";"BR-290/RS";"Crescente";"Saída de pista";1;0;0;0;0;0;0;0;0;0;1;0;0;0;0
"21/05/2025";"10:52:28";"119";"Sem vítima";"207,550";"BR-386/RS";"Decrescente";"Colisão lateral no mesmo sentido";1;0;1;0;0;0;0;0;0;0;3;0;0;0;0
"21/05/2025";"15:17:26";"156";"Sem vítima";"88,000";"BR-290/RS";"Decrescente";"Queda de moto";0;0;0;1;0;0;0;0;0;0;1;0;0;0;0
"21/05/2025";"19:18:34";"181";"Sem vítima";"259,000";"BR-386/RS";"Crescente";"Saída de pista";1;0;0;0;0;0;0;0;0;0;1;0;0;0;0
"21/05/2025";"21:06:42";"197";"Com vítima";"45,000";"BR-290/RS";"Crescente";"Saída de pista";2;0;0;0;0;0;0;0;0;0;4;1;0;0;0
"21/05/2025";"23:40:00";"204";"Sem vítima";"62,000";"BR-101/RS";"Decrescente";"Saída de pista";1;0;0;0;0;0;0;0;0;0;1;0;0;0;0
"22/05/2025";"10:25:12";"134";"Sem vítima";"62,000";"BR-290/RS";"Crescente";"Saída de pista";1;0;0;0;0;0;0;0;0;0;1;0;0;0;0
"22/05/2025";"12:07:13";"151";"Com vítima";"19,520";"BR-448/RS";"Crescente";"Engavetamento";2;0;1;0;0;0;0;0;0;0;4;1;2;0;0
"22/05/2025";"13:42:40";"161";"Sem vítima";"72,000";"BR-101/RS";"Crescente";"Colisão traseira";1;0;1;0;0;0;0;0;0;0;2;0;0;0;0
"22/05/2025";"17:04:10";"194";"Sem vítima";"84,000";"BR-290/RS";"Decrescente";"Colisão lateral no mesmo sentido";1;0;1;0;0;0;0;0;0;0;2;0;0;0;0
"22/05/2025";"17:31:11";"196";"Sem vítima";"351,000";"BR-386/RS";"Crescente";"Colisão traseira";1;0;1;0;0;0;0;0;0;0;3;0;0;0;0
"22/05/2025";"18:06:53";"205";"Com vítima";"437,000";"BR-386/RS";"Crescente";"Colisão transversal";1;0;2;0;0;0;0;0;0;0;2;0;1;0;0
"22/05/2025";"22:58:22";"233";"Sem vítima";"352,000";"BR-386/RS";"Decrescente";"Atropelamento de animal";1;0;0;0;0;0;0;0;0;0;1;0;0;0;0
"23/05/2025";"07:23:01";"63";"Sem vítima";"80,000";"BR-290/RS";"Decrescente";"Capotamento";1;0;0;0;0;0;0;0;0;0;1;0;0;0;0
"23/05/2025";"07:30:39";"70";"Sem vítima";"246,000";"BR-386/RS";"Decrescente";"Saída de pista";1;0;0;0;0;0;0;0;0;0;1;0;0;0;0
"23/05/2025";"08:46:52";"110";"Sem vítima";"226,000";"BR-386/RS";"Crescente";"Colisão lateral no mesmo sentido";2;0;0;0;0;0;0;0;0;0;7;0;0;0;0
"23/05/2025";"10:14:01";"143";"Com vítima";"86,000";"BR-290/RS";"Decrescente";"Choque";1;0;0;0;0;0;0;0;0;0;0;1;1;0;0
"23/05/2025";"15:41:08";"201";"Com vítima";"349,000";"BR-386/RS";"Decrescente";"Choque";1;0;0;0;0;0;0;0;0;0;0;0;1;0;0
"23/05/2025";"19:03:47";"238";"Com vítima";"92,000";"BR-290/RS";"Decrescente";"Colisão traseira";1;0;0;1;0;0;0;0;0;0;1;0;1;0;0
"23/05/2025";"19:41:57";"246";"Sem vítima";"92,000";"BR-290/RS";"Decrescente";"Colisão lateral no mesmo sentido";1;0;1;0;0;0;0;0;0;0;2;0;0;0;0
"24/05/2025";"06:50:18";"19";"Com vítima";"310,000";"BR-386/RS";"Decrescente";"Colisão frontal";1;0;0;0;0;0;0;1;0;0;1;0;0;2;0
"24/05/2025";"11:07:01";"105";"Com vítima";"14,000";"BR-101/RS";"Decrescente";"Tombamento";0;0;1;0;0;0;0;0;0;0;0;0;1;0;0
"24/05/2025";"15:24:59";"146";"Com vítima";"14,000";"BR-101/RS";"Crescente";"Capotamento";1;0;0;0;0;0;0;0;0;0;0;1;0;0;0
"24/05/2025";"15:58:22";"149";"Sem vítima";"307,000";"BR-386/RS";"Decrescente";"Choque";1;0;0;0;0;0;0;0;0;0;4;0;0;0;0
"24/05/2025";"16:09:09";"150";"Com vítima";"215,000";"BR-386/RS";"Crescente";"Colisão traseira";2;0;0;0;0;0;0;0;0;0;5;1;0;0;0
"24/05/2025";"16:24:30";"152";"Com vítima";"215,000";"BR-386/RS";"Decrescente";"Colisão traseira";2;0;0;0;0;0;0;0;0;0;1;1;0;0;0
"25/05/2025";"00:39:15";"3";"Sem vítima";"22,000";"BR-101/RS";"Decrescente";"Saída de pista";1;0;0;0;0;0;0;0;0;0;1;0;0;0;0
"25/05/2025";"00:55:56";"6";"Com vítima";"78,000";"BR-290/RS";"Crescente";"Capotamento";1;0;0;0;0;0;0;0;0;0;0;0;1;0;0
"25/05/2025";"02:27:06";"13";"Sem vítima";"349,980";"BR-386/RS";"Crescente";"Saída de pista";1;0;0;0;0;0;0;0;0;0;1;0;0;0;0
"25/05/2025";"02:50:56";"14";"Sem vítima";"343,400";"BR-386/RS";"Decrescente";"Choque";0;0;1;0;0;0;0;0;0;0;1;0;0;0;0
"25/05/2025";"03:45:26";"20";"Com vítima";"346,000";"BR-386/RS";"Decrescente";"Saída de pista";1;0;0;0;0;0;0;0;0;0;1;1;0;0;0
"25/05/2025";"06:48:06";"26";"Sem vítima";"427,000";"BR-386/RS";"Crescente";"Atropelamento de animal";1;0;0;0;0;0;0;0;0;0;4;0;0;0;0
"25/05/2025";"18:39:11";"105";"Sem vítima";"251,800";"BR-386/RS";"Decrescente";"Saída de pista";1;0;0;0;0;0;0;0;0;0;1;0;0;0;0
"25/05/2025";"19:21:15";"114";"Com vítima";"82,300";"BR-101/RS";"Crescente";"Queda de moto";0;0;0;1;0;0;0;0;0;0;0;0;2;0;0
"26/05/2025";"06:50:25";"39";"Sem vítima";"373,000";"BR-386/RS";"Crescente";"Colisão lateral no mesmo sentido";1;0;0;0;0;0;0;0;0;0;1;0;0;0;0
"26/05/2025";"08:05:42";"65";"Com vítima";"440,000";"BR-386/RS";"Decrescente";"Engavetamento";2;0;0;0;0;0;0;0;0;0;2;1;0;0;0
"26/05/2025";"09:33:43";"95";"Sem vítima";"411,000";"BR-386/RS";"Decrescente";"Saída de pista";1;0;0;0;0;0;0;0;0;0;1;0;0;0;0
"26/05/2025";"10:54:42";"112";"Com vítima";"445,000";"BR-386/RS";"Decrescente";"Colisão traseira";1;0;0;0;0;0;0;0;0;0;0;0;0;1;0
"26/05/2025";"15:26:44";"143";"Com vítima";"307,000";"BR-386/RS";"Decrescente";"Saída de pista";1;0;1;0;0;0;0;0;0;0;2;1;0;0;0
"26/05/2025";"19:10:39";"176";"Sem vítima";"307,000";"BR-386/RS";"Crescente";"Saída de pista";1;0;0;0;0;0;0;0;0;0;3;0;0;0;0
"26/05/2025";"20:32:19";"184";"Sem vítima";"273,000";"BR-386/RS";"Crescente";"Saída de pista";1;0;0;0;0;0;0;0;0;0;1;0;0;0;0
"27/05/2025";"08:30:00";"87";"Sem vítima";"97,000";"BR-290/RS";"Crescente";"Colisão traseira";2;0;0;0;0;0;0;0;0;0;2;0;0;0;0
"27/05/2025";"14:16:16";"175";"Com vítima";"305,700";"BR-386/RS";"Decrescente";"Saída de pista";1;0;0;0;0;0;0;0;0;0;1;1;0;0;0
"27/05/2025";"15:00:19";"180";"Sem vítima";"80,000";"BR-290/RS";"Decrescente";"Choque";1;0;0;0;0;0;0;0;0;0;1;0;0;0;0
"27/05/2025";"15:10:24";"182";"Sem vítima";"396,000";"BR-386/RS";"Crescente";"Colisão traseira";1;0;1;0;0;0;0;0;0;0;2;0;0;0;0
"27/05/2025";"15:43:54";"188";"Sem vítima";"396,500";"BR-386/RS";"Decrescente";"Saída de pista";1;0;0;0;0;0;0;0;0;0;1;0;0;0;0
"27/05/2025";"17:13:24";"197";"Sem vítima";"387,000";"BR-386/RS";"Decrescente";"Colisão traseira";1;0;1;0;0;0;0;0;0;0;2;0;0;0;0
"27/05/2025";"18:03:30";"201";"Sem vítima";"436,000";"BR-386/RS";"Decrescente";"Colisão traseira";0;0;1;0;0;0;0;0;0;0;1;0;0;0;0
"27/05/2025";"18:23:35";"204";"Sem vítima";"265,000";"BR-386/RS";"Crescente";"Saída de pista";1;0;0;0;0;0;0;0;0;0;1;0;0;0;0
"27/05/2025";"18:59:04";"212";"Sem vítima";"305,000";"BR-386/RS";"Crescente";"Colisão traseira";1;0;1;0;0;0;0;0;0;0;2;0;0;0;0
"27/05/2025";"19:04:16";"213";"Com vítima";"340,000";"BR-386/RS";"Crescente";"Choque";0;0;0;1;0;0;0;0;0;0;0;0;2;0;0
"27/05/2025";"19:15:08";"215";"Sem vítima";"254,000";"BR-386/RS";"Decrescente";"Choque";1;0;2;0;0;0;0;0;0;0;3;0;0;0;0
"27/05/2025";"19:53:44";"223";"Sem vítima";"248,000";"BR-386/RS";"Crescente";"Colisão traseira";1;0;1;0;0;0;0;0;0;0;2;0;0;0;0
"28/05/2025";"04:51:23";"8";"Com vítima";"94,000";"BR-290/RS";"Decrescente";"Choque";1;0;0;0;0;0;0;0;0;0;0;0;1;0;0
"28/05/2025";"07:20:57";"41";"Sem vítima";"80,000";"BR-290/RS";"Decrescente";"Colisão lateral no mesmo sentido";1;0;1;0;0;0;0;0;0;0;2;0;0;0;0
"28/05/2025";"09:10:28";"100";"Com vítima";"260,000";"BR-386/RS";"Decrescente";"Capotamento";1;0;0;0;0;0;0;0;0;0;1;0;1;0;0
"28/05/2025";"12:09:02";"127";"Sem vítima";"262,200";"BR-386/RS";"Decrescente";"Capotamento";1;0;0;0;0;0;0;0;0;0;2;0;0;0;0