data;horario;n_da_ocorrencia;tipo_de_ocorrencia;km;trecho;sentido;tipo_de_acidente;automovel;bicicleta;caminhao;moto;onibus;outros;tracao_animal;transporte_de_cargas_especiais;trator_maquinas;utilitarios;ilesos;levemente_feridos;moderadamente_feridos;gravemente_feridos;mortos
"28/05/2025";"15:05:41";"153";"Sem vítima";"259,000";"BR-386/RS";"Crescente";"Saída de pista";1;0;0;0;0;0;0;0;0;0;1;0;0;0;0
"28/05/2025";"18:31:51";"173";"Com vítima";"95,000";"BR-290/RS";"Crescente";"Engavetamento";3;0;0;0;0;0;0;0;0;0;5;1;0;0;0
"28/05/2025";"21:10:50";"205";"Sem vítima";"424,500";"BR-386/RS";"Decrescente";"Choque";1;0;0;0;0;0;0;0;0;0;1;0;0;0;0
"29/05/2025";"08:01:54";"77";"Com vítima";"336,000";"BR-386/RS";"Decrescente";"Choque";1;0;0;0;0;0;0;0;0;0;0;0;1;0;0
"29/05/2025";"08:15:10";"87";"Sem vítima";"21,000";"BR-290/RS";"Crescente";"Saída de pista";1;0;0;0;0;0;0;0;0;0;1;0;0;0;0
"29/05/2025";"08:34:35";"95";"Sem vítima";"6,000";"BR-290/RS";"Decrescente";"Saída de pista";1;0;0;0;0;0;0;0;0;0;1;0;0;0;0
"29/05/2025";"09:57:49";"127";"Sem vítima";"93,000";"BR-290/RS";"Crescente";"Colisão lateral no mesmo sentido";1;0;1;0;0;0;0;0;0;0;2;0;0;0;0
"29/05/2025";"10:04:46";"130";"Sem vítima";"19,000";"BR-290/RS";"Crescente";"Saída de pista";0;0;1;0;0;0;0;0;0;0;3;0;0;0;0
"29/05/2025";"16:24:27";"210";"Com vítima";"250,000";"BR-386/RS";"Decrescente";"Colisão transversal";1;0;1;0;0;0;0;0;0;0;1;0;0;2;0
"29/05/2025";"17:44:10";"231";"Com vítima";"13,500";"BR-448/RS";"Crescente";"Queda de moto";1;0;0;0;0;0;0;0;0;0;0;2;0;0;0
"29/05/2025";"21:23:54";"270";"Sem vítima";"73,000";"BR-290/RS";"Crescente";"Colisão traseira";2;0;0;0;0;0;0;0;0;0;2;0;0;0;0
"30/05/2025";"05:48:27";"18";"Com vítima";"306,800";"BR-386/RS";"Decrescente";"Queda de moto";0;0;0;1;0;0;0;0;0;0;0;1;0;0;0
"30/05/2025";"11:34:40";"180";"Sem vítima";"251,900";"BR-386/RS";"Crescente";"Colisão transversal";1;0;1;0;0;0;0;0;0;0;4;0;0;0;0
"30/05/2025";"16:03:32";"223";"Com vítima";"24,000";"BR-101/RS";"Crescente";"Colisão transversal";0;0;1;1;0;0;0;0;0;0;1;0;1;0;0
"30/05/2025";"18:41:00";"248";"Sem vítima";"361,000";"BR-386/RS";"Decrescente";"Colisão traseira";2;0;0;0;0;0;0;0;0;0;3;0;0;0;0
"31/05/2025";"05:24:41";"12";"Sem vítima";"89,000";"BR-290/RS";"Crescente";"Choque";1;0;0;0;0;0;0;0;0;0;2;0;0;0;0
"31/05/2025";"08:02:03";"74";"Sem vítima";"401,000";"BR-386/RS";"Decrescente";"Saída de pista";1;0;0;0;0;0;0;0;0;0;2;0;0;0;0
"31/05/2025";"12:01:34";"117";"Sem vítima";"60,000";"BR-290/RS";"Crescente";"Colisão traseira";1;0;1;0;0;0;0;0;0;0;2;0;0;0;0
"31/05/2025";"12:25:26";"118";"Sem vítima";"270,000";"BR-386/RS";"Decrescente";"Colisão traseira";1;0;0;0;0;0;0;0;0;0;1;0;0;0;0
"31/05/2025";"17:39:03";"150";"Sem vítima";"435,000";"BR-386/RS";"Decrescente";"Colisão lateral no mesmo sentido";2;0;0;0;0;0;0;0;0;0;3;0;0;0;0
"01/06/2025";"04:45:26";"8";"Sem vítima";"360,000";"BR-386/RS";"Crescente";"Choque";1;0;0;0;0;0;0;0;0;0;1;0;0;0;0
"01/06/2025";"15:34:06";"60";"Com vítima";"35,000";"BR-290/RS";"Decrescente";"Colisão traseira";2;0;0;0;0;0;0;0;0;0;3;1;0;0;0
"01/06/2025";"15:48:40";"62";"Sem vítima";"43,000";"BR-101/RS";"Crescente";"Choque";1;0;0;0;0;0;0;0;0;0;1;0;0;0;0
"01/06/2025";"17:20:51";"71";"Com vítima";"280,000";"BR-386/RS";"Crescente";"Colisão frontal";2;0;0;0;0;0;0;0;0;0;2;0;3;0;0
"01/06/2025";"17:22:36";"72";"Com vítima";"257,000";"BR-386/RS";"Crescente";"Saída de pista";0;0;1;0;0;0;0;0;0;0;0;1;0;0;0
"01/06/2025";"22:13:30";"112";"Sem vítima";"41,000";"BR-101/RS";"Crescente";"Saída de pista";0;0;1;0;0;0;0;0;0;0;1;0;0;0;0
"02/06/2025";"00:45:05";"2";"Sem vítima";"337,000";"BR-386/RS";"Decrescente";"Capotamento";1;0;0;0;0;0;0;0;0;0;1;0;0;0;0
"02/06/2025";"01:25:38";"5";"Com vítima";"10,000";"BR-448/RS";"Decrescente";"Choque";1;0;0;0;0;0;0;0;0;0;0;0;2;0;0
"02/06/2025";"02:52:17";"10";"Com vítima";"345,000";"BR-386/RS";"Crescente";"Capotamento";1;0;0;0;0;0;0;0;0;0;0;0;0;0;1
"02/06/2025";"10:04:54";"140";"Com vítima";"435,000";"BR-386/RS";"Decrescente";"Colisão lateral no mesmo sentido";1;0;1;0;0;0;0;0;0;0;1;1;0;0;0
"02/06/2025";"10:33:12";"148";"Sem vítima";"232,000";"BR-386/RS";"Decrescente";"Engavetamento";3;0;1;0;0;0;0;0;0;0;8;0;0;0;0
"02/06/2025";"11:39:05";"167";"Sem vítima";"432,000";"BR-386/RS";"Decrescente";"Engavetamento";3;0;0;0;0;0;0;0;0;0;4;0;0;0;0
"02/06/2025";"13:07:33";"180";"Com vítima";"65,000";"BR-290/RS";"Decrescente";"Capotamento";1;0;0;0;0;0;0;0;0;0;1;2;0;0;0
"02/06/2025";"14:44:32";"199";"Com vítima";"249,000";"BR-386/RS";"Crescente";"Colisão transversal";1;0;1;0;0;0;0;0;0;0;1;0;2;0;0
"02/06/2025";"16:22:23";"222";"Sem vítima";"86,000";"BR-290/RS";"Crescente";"Queda de moto";0;0;0;1;0;0;0;0;0;0;1;0;0;0;0
"02/06/2025";"18:21:02";"236";"Com vítima";"47,000";"BR-290/RS";"Decrescente";"Colisão traseira";1;0;1;0;0;0;0;0;0;0;3;1;0;0;0
"02/06/2025";"19:53:29";"250";"Com vítima";"80,000";"BR-290/RS";"Decrescente";"Saída de pista";1;0;0;0;0;0;0;0;0;0;4;0;1;0;0
"02/06/2025";"20:03:37";"254";"Sem vítima";"350,000";"BR-386/RS";"Decrescente";"Colisão lateral no mesmo sentido";1;0;0;0;0;0;0;0;0;0;1;0;0;0;0
"02/06/2025";"20:08:30";"255";"Com vítima";"298,000";"BR-386/RS";"Decrescente";"Colisão frontal";1;0;1;0;0;0;0;0;0;0;0;0;2;0;0
"03/06/2025";"05:45:28";"9";"Com vítima";"344,400";"BR-386/RS";"Decrescente";"Queda de moto";0;0;0;1;0;0;0;0;0;0;0;0;1;0;0
"03/06/2025";"07:41:37";"74";"Com vítima";"8,000";"BR-448/RS";"Decrescente";"Colisão lateral no mesmo sentido";1;0;0;1;0;0;0;0;0;0;1;0;1;0;0
"03/06/2025";"18:15:45";"210";"Sem vítima";"352,000";"BR-386/RS";"Crescente";"Capotamento";1;0;0;0;0;0;0;0;0;0;2;0;0;0;0
"03/06/2025";"19:05:46";"219";"Com vítima";"351,000";"BR-386/RS";"Decrescente";"Saída de pista";1;0;0;0;0;0;0;0;0;0;1;1;0;0;0
"03/06/2025";"19:49:22";"227";"Com vítima";"5,200";"BR-101/RS";"Decrescente";"Colisão frontal";1;0;0;0;0;0;0;0;0;0;1;0;0;0;0
"04/06/2025";"07:54:43";"84";"Com vítima";"435,000";"BR-386/RS";"Decrescente";"Colisão transversal";2;0;0;0;0;0;0;0;0;0;3;0;1;0;0
"04/06/2025";"10:52:06";"148";"Com vítima";"389,000";"BR-386/RS";"Decrescente";"Choque";1;0;0;0;0;0;0;0;0;0;0;1;0;0;0
"04/06/2025";"13:56:38";"182";"Com vítima";"92,150";"BR-290/RS";"Crescente";"Colisão traseira";2;0;0;0;0;0;0;0;0;0;2;1;0;0;0
"04/06/2025";"16:57:27";"217";"Sem vítima";"351,000";"BR-386/RS";"Decrescente";"Colisão lateral no mesmo sentido";1;0;1;0;0;0;0;0;0;0;7;0;0;0;0
"04/06/2025";"16:57:38";"218";"Sem vítima";"92,000";"BR-290/RS";"Decrescente";"Colisão transversal";2;0;0;0;0;0;0;0;0;0;2;0;0;0;0
"04/06/2025";"17:58:01";"229";"Com vítima";"4,700";"BR-448/RS";"Decrescente";"Colisão traseira";2;0;0;0;0;0;0;0;0;0;2;1;0;0;0
"04/06/2025";"20:30:05";"245";"Sem vítima";"350,200";"BR-386/RS";"Decrescente";"Saída de pista";1;0;0;0;0;0;0;0;0;0;1;0;0;0;0
"04/06/2025";"20:55:04";"247";"Sem vítima";"344,800";"BR-386/RS";"Decrescente";"Saída de pista";0;0;1;0;0;0;0;0;0;0;1;0;0;0;0
"05/06/2025";"07:07:55";"49";"Com vítima";"92,000";"BR-290/RS";"Crescente";"Colisão traseira";1;0;0;0;0;0;0;0;0;0;0;1;0;0;0
"05/06/2025";"07:48:58";"82";"Sem vítima";"84,000";"BR-290/RS";"Decrescente";"Colisão traseira";1;0;1;0;0;0;0;0;0;0;2;0;0;0;0
"05/06/2025";"15:09:23";"190";"Sem vítima";"258,000";"BR-386/RS";"Decrescente";"Choque";0;0;1;0;0;0;0;0;0;0;1;0;0;0;0
"05/06/2025";"16:12:08";"192";"Sem vítima";"426,000";"BR-386/RS";"Crescente";"Colisão traseira";0;0;2;0;0;0;0;0;0;0;2;0;0;0;0
"05/06/2025";"17:14:38";"199";"Sem vítima";"391,000";"BR-386/RS";"Decrescente";"Colisão lateral no mesmo sentido";0;0;2;0;0;0;0;0;0;0;2;0;0;0;0
"05/06/2025";"18:30:14";"207";"Sem vítima";"77,000";"BR-290/RS";"Decrescente";"Queda de moto";0;0;0;1;0;0;0;0;0;0;1;0;0;0;0
"06/06/2025";"07:52:11";"75";"Sem vítima";"350,000";"BR-386/RS";"Crescente";"Colisão traseira";2;0;0;0;0;0;0;0;0;0;2;0;0;0;0
"06/06/2025";"14:05:13";"162";"Com vítima";"308,000";"BR-386/RS";"Crescente";"Colisão transversal";2;0;0;0;0;0;0;0;0;0;1;2;0;0;0
"06/06/2025";"14:47:50";"167";"Sem vítima";"91,000";"BR-290/RS";"Decrescente";"Colisão transversal";2;0;0;0;0;0;0;0;0;0;4;0;0;0;0
"06/06/2025";"16:39:49";"183";"Sem vítima";"80,000";"BR-290/RS";"Decrescente";"Colisão transversal";1;0;1;0;0;0;0;0;0;0;2;0;0;0;0
"06/06/2025";"17:05:48";"187";"Com vítima";"21,000";"BR-448/RS";"Crescente";"Tombamento";0;0;1;0;0;0;0;0;0;0;0;0;0;1;0
"06/06/2025";"18:23:27";"203";"Com vítima";"435,000";"BR-386/RS";"Decrescente";"Colisão transversal";1;0;1;0;0;0;0;0;0;0;3;2;0;0;0
"06/06/2025";"18:45:29";"205";"Sem vítima";"432,900";"BR-386/RS";"Decrescente";"Colisão traseira";2;0;0;0;0;0;0;0;0;0;2;0;0;0;0
"06/06/2025";"19:20:01";"210";"Sem vítima";"2,900";"BR-448/RS";"Decrescente";"Engavetamento";1;0;2;0;0;0;0;0;0;0;3;0;0;0;0
"06/06/2025";"20:58:15";"228";"Sem vítima";"86,000";"BR-290/RS";"Decrescente";"Colisão traseira";2;0;0;0;0;0;0;0;0;0;4;0;0;0;0
"07/06/2025";"02:43:02";"12";"Sem vítima";"423,000";"BR-386/RS";"Crescente";"Atropelamento de animal";1;0;0;0;0;0;0;0;0;0;2;0;0;0;0
"07/06/2025";"08:45:57";"81";"Com vítima";"10,000";"BR-448/RS";"Crescente";"Engavetamento";3;0;0;0;0;0;0;0;0;0;4;0;1;0;0
"07/06/2025";"08:52:07";"85";"Com vítima";"348,000";"BR-386/RS";"Decrescente";"Choque";1;0;0;0;0;0;0;0;0;0;0;1;2;0;0
"07/06/2025";"11:14:09";"112";"Com vítima";"95,000";"BR-290/RS";"Crescente";"Queda de moto";0;0;0;1;0;0;0;0;0;0;1;0;1;0;0
"07/06/2025";"14:06:36";"135";"Sem vítima";"20,000";"BR-448/RS";"Crescente";"Colisão traseira";2;0;0;0;0;0;0;0;0;0;5;0;0;0;0
"07/06/2025";"14:34:42";"140";"Sem vítima";"398,000";"BR-386/RS";"Crescente";"Choque";1;0;0;0;0;0;0;0;0;0;3;0;0;0;0
"07/06/2025";"17:42:50";"162";"Sem vítima";"392,000";"BR-386/RS";"Crescente";"Colisão lateral no mesmo sentido";2;0;0;0;0;0;0;0;0;0;5;0;0;0;0
"07/06/2025";"18:42:57";"171";"Com vítima";"91,200";"BR-290/RS";"Decrescente";"Colisão traseira";2;0;0;0;0;0;0;0;0;0;2;0;1;0;0
"08/06/2025";"00:08:04";"1";"Sem vítima";"91,000";"BR-290/RS";"Decrescente";"Choque";1;0;0;0;0;0;0;0;0;0;2;0;0;0;0
"08/06/2025";"05:13:29";"16";"Sem vítima";"247,000";"BR-386/RS";"Decrescente";"Colisão lateral no mesmo sentido";1;0;1;0;0;0;0;0;0;0;16;0;0;0;0
"08/06/2025";"09:36:11";"38";"Sem vítima";"308,000";"BR-386/RS";"Crescente";"Saída de pista";1;0;0;0;0;0;0;0;0;0;2;0;0;0;0
"08/06/2025";"17:12:57";"87";"Com vítima";"86,000";"BR-290/RS";"Decrescente";"Acidentes de outra natureza";1;0;0;0;0;0;0;0;0;0;0;1;0;0;0
"09/06/2025";"06:34:01";"22";"Com vítima";"92,800";"BR-290/RS";"Crescente";"Engavetamento";3;0;0;1;0;0;0;0;0;0;4;1;0;0;0
"09/06/2025";"08:17:06";"90";"Sem vítima";"343,000";"BR-386/RS";"Crescente";"Colisão lateral no mesmo sentido";1;0;1;0;0;0;0;0;0;0;2;0;0;0;0
"09/06/2025";"15:32:18";"195";"Sem vítima";"271,000";"BR-386/RS";"Decrescente";"Saída de pista";0;0;1;0;0;0;0;0;0;0;1;0;0;0;0
"09/06/2025";"23:42:35";"244";"Sem vítima";"37,000";"BR-290/RS";"Decrescente";"Atropelamento de animal";1;0;0;0;0;0;0;0;0;0;3;0;0;0;0
"10/06/2025";"04:46:51";"5";"Com vítima";"419,000";"BR-386/RS";"Crescente";"Atropelamento de animal";1;0;0;0;0;0;0;0;0;0;2;1;0;0;0
"10/06/2025";"10:11:40";"139";"Sem vítima";"307,500";"BR-386/RS";"Crescente";"Saída de pista";0;0;1;0;0;0;0;0;0;0;1;0;0;0;0
"10/06/2025";"12:50:14";"166";"Sem vítima";"426,000";"BR-386/RS";"Decrescente";"Colisão lateral no mesmo sentido";2;0;0;0;0;0;0;0;0;0;4;0;0;0;0
"10/06/2025";"13:29:07";"179";"Com vítima";"344,000";"BR-386/RS";"Crescente";"Queda de moto";0;0;0;1;0;0;0;0;0;0;0;0;1;0;0
"10/06/2025";"15:05:22";"199";"Sem vítima";"262,000";"BR-386/RS";"Decrescente";"Colisão traseira";1;0;1;0;0;0;0;0;0;0;2;0;0;0;0
"10/06/2025";"15:28:21";"206";"Sem vítima";"371,000";"BR-386/RS";"Decrescente";"Colisão lateral no mesmo sentido";1;0;1;0;0;0;0;0;0;0;3;0;0;0;0
"10/06/2025";"15:46:25";"208";"Com vítima";"12,000";"BR-101/RS";"Decrescente";"Colisão traseira";0;0;1;1;0;0;0;0;0;0;1;1;0;0;0
"10/06/2025";"17:48:03";"216";"Sem vítima";"91,000";"BR-290/RS";"Decrescente";"Colisão lateral no mesmo sentido";1;0;1;0;0;0;0;0;0;0;3;0;0;0;0
"10/06/2025";"17:50:20";"217";"Sem vítima";"15,000";"BR-448/RS";"Crescente";"Colisão traseira";2;0;0;0;0;0;0;0;0;0;2;0;0;0;0
"10/06/2025";"21:37:39";"252";"Com vítima";"12,300";"BR-101/RS";"Decrescente";"Choque";0;0;2;0;0;0;0;0;0;0;3;1;0;0;1
"11/06/2025";"06:19:16";"16";"Sem vítima";"57,200";"BR-290/RS";"Decrescente";"Saída de pista";0;0;1;0;0;0;0;0;0;0;1;0;0;0;0
"11/06/2025";"08:37:11";"85";"Sem vítima";"2,000";"BR-290/RS";"Decrescente";"Capotamento";1;0;0;0;0;0;0;0;0;0;3;0;0;0;0
"11/06/2025";"16:55:41";"178";"Com vítima";"94,000";"BR-290/RS";"Crescente";"Tombamento";0;0;1;0;0;0;0;0;0;0;0;1;0;0;0
"11/06/2025";"18:38:34";"190";"Com vítima";"86,500";"BR-290/RS";"Crescente";"Atropelamento de animal";0;0;0;1;0;0;0;0;0;0;0;1;0;0;0
"11/06/2025";"23:42:05";"222";"Sem vítima";"361,000";"BR-386/RS";"Crescente";"Colisão traseira";2;0;0;0;0;0;0;0;0;0;2;0;0;0;0
"12/06/2025";"00:59:58";"5";"Sem vítima";"235,000";"BR-386/RS";"Decrescente";"Colisão traseira";1;0;0;0;1;0;0;0;0;0;4;0;0;0;0
"12/06/2025";"08:26:01";"92";"Com vítima";"235,000";"BR-386/RS";"Decrescente";"Engavetamento";1;0;1;0;0;0;0;0;0;0;2;1;0;0;0
"12/06/2025";"15:02:29";"203";"Sem vítima";"350,000";"BR-386/RS";"Decrescente";"Colisão traseira";2;0;0;0;0;0;0;0;0;0;2;0;0;0;0
"12/06/2025";"15:30:59";"207";"Sem vítima";"349,000";"BR-386/RS";"Crescente";"Colisão traseira";1;0;1;0;0;0;0;0;0;0;2;0;0;0;0
"12/06/2025";"19:14:52";"259";"Com vítima";"431,000";"BR-386/RS";"Crescente";"Colisão traseira";1;0;0;1;0;0;0;0;0;0;4;0;1;0;0
"13/06/2025";"04:31:30";"10";"Sem vítima";"2,000";"BR-101/RS";"Decrescente";"Choque";1;0;0;0;0;0;0;0;0;0;1;0;0;0;0
"13/06/2025";"07:41:58";"61";"Com vítima";"85,000";"BR-290/RS";"Decrescente";"Engavetamento";3;0;0;0;0;0;0;0;0;0;3;1;0;0;0
"13/06/2025";"07:52:03";"70";"Com vítima";"92,000";"BR-290/RS";"Decrescente";"Colisão lateral no mesmo sentido";1;0;0;1;0;0;0;0;0;0;1;1;0;0;0
"13/06/2025";"07:59:49";"78";"Com vítima";"77,000";"BR-290/RS";"Decrescente";"Saída de pista";1;0;0;0;0;0;0;0;0;0;0;1;0;0;0
"13/06/2025";"11:49:44";"240";"Sem vítima";"323,000";"BR-386/RS";"Decrescente";"Engavetamento";3;0;0;0;0;0;0;0;0;0;7;0;0;0;0
"13/06/2025";"11:54:17";"242";"Com vítima";"13,000";"BR-101/RS";"Decrescente";"Saída de pista";1;0;0;0;0;0;0;0;0;0;0;1;0;0;0
"13/06/2025";"13:22:38";"256";"Sem vítima";"332,000";"BR-386/RS";"Crescente";"Colisão traseira";2;0;0;0;0;0;0;0;0;0;4;0;0;0;0
"13/06/2025";"13:53:15";"262";"Sem vítima";"3,000";"BR-101/RS";"Decrescente";"Colisão lateral no mesmo sentido";0;0;1;1;0;0;0;0;0;0;2;0;0;0;0
"13/06/2025";"18:11:34";"317";"Com vítima";"344,000";"BR-386/RS";"Decrescente";"Colisão frontal";2;0;0;0;0;0;0;0;0;0;3;1;0;0;0
"13/06/2025";"20:27:25";"340";"Com vítima";"360,000";"BR-386/RS";"Decrescente";"Colisão traseira";1;0;1;0;0;0;0;0;0;0;1;1;0;0;0
"14/06/2025";"08:47:26";"76";"Sem vítima";"431,000";"BR-386/RS";"Crescente";"Colisão traseira";2;0;0;0;0;0;0;0;0;0;2;0;0;0;0
"14/06/2025";"10:28:09";"88";"Com vítima";"6,000";"BR-101/RS";"Decrescente";"Colisão traseira";2;0;0;0;0;0;0;0;0;0;4;1;0;0;0
"14/06/2025";"15:23:21";"110";"Sem vítima";"307,300";"BR-386/RS";"Crescente";"Capotamento";1;0;0;0;0;0;0;0;0;0;1;0;0;0;0
"14/06/2025";"16:15:24";"113";"Sem vítima";"440,000";"BR-386/RS";"Decrescente";"Capotamento";1;0;0;0;0;0;0;0;0;0;1;0;0;0;0
"14/06/2025";"17:26:57";"119";"Sem vítima";"9,800";"BR-448/RS";"Decrescente";"Colisão traseira";1;0;1;0;0;0;0;0;0;0;2;0;0;0;0
"14/06/2025";"17:33:03";"120";"Sem vítima";"307,150";"BR-386/RS";"Decrescente";"Tombamento";1;0;0;0;0;0;0;0;0;0;1;0;0;0;0
"14/06/2025";"18:41:10";"127";"Com vítima";"92,000";"BR-290/RS";"Decrescente";"Engavetamento";3;0;0;0;0;0;0;0;0;0;4;1;0;0;0
"14/06/2025";"21:19:23";"146";"Sem vítima";"10,000";"BR-448/RS";"Decrescente";"Saída de pista";1;0;0;0;0;0;0;0;0;0;1;0;0;0;0
"14/06/2025";"23:17:49";"154";"Sem vítima";"19,000";"BR-290/RS";"Crescente";"Colisão traseira";0;0;1;0;0;0;0;0;0;0;3;0;0;0;0
"15/06/2025";"00:00:52";"1";"Sem vítima";"16,000";"BR-448/RS";"Decrescente";"Choque";1;0;0;0;0;0;0;0;0;0;1;0;0;0;0
"15/06/2025";"06:42:20";"15";"Sem vítima";"350,000";"BR-386/RS";"Decrescente";"Choque";1;0;0;0;0;0;0;0;0;0;1;0;0;0;0
"15/06/2025";"08:01:41";"21";"Sem vítima";"307,000";"BR-386/RS";"Crescente";"Choque";1;0;0;0;0;0;0;0;0;0;1;0;0;0;0
"15/06/2025";"09:47:03";"25";"Sem vítima";"304,200";"BR-386/RS";"Crescente";"Choque";1;0;0;0;0;0;0;0;0;0;1;0;0;0;0
"15/06/2025";"09:55:35";"26";"Sem vítima";"94,000";"BR-290/RS";"Decrescente";"Choque";1;0;0;0;0;0;0;0;0;0;2;0;0;0;0
"15/06/2025";"10:05:19";"28";"Sem vítima";"9,000";"BR-448/RS";"Decrescente";"Saída de pista";1;0;0;0;0;0;0;0;0;0;2;0;0;0;0
"15/06/2025";"10:54:35";"32";"Sem vítima";"71,000";"BR-101/RS";"Crescente";"Choque";1;0;0;0;0;0;0;0;0;0;2;0;0;0;0
"16/06/2025";"10:02:51";"128";"Com vítima";"261,150";"BR-386/RS";"Decrescente";"Colisão traseira";2;0;2;0;0;0;0;0;0;0;5;0;0;1;0
"16/06/2025";"10:43:46";"138";"Com vítima";"233,000";"BR-386/RS";"Decrescente";"Colisão frontal";1;0;0;0;0;0;0;0;0;0;2;1;0;0;0
"16/06/2025";"13:01:15";"158";"Sem vítima";"50,000";"BR-290/RS";"Decrescente";"Colisão traseira";1;0;1;0;0;0;0;0;0;0;7;0;0;0;0
"16/06/2025";"14:14:53";"175";"Com vítima";"407,000";"BR-386/RS";"Decrescente";"Colisão traseira";1;0;1;0;0;0;0;0;0;0;1;0;1;0;0
"16/06/2025";"19:35:16";"220";"Com vítima";"350,400";"BR-386/RS";"Crescente";"Queda de moto";0;0;0;1;0;0;0;0;0;0;0;1;0;0;0
"16/06/2025";"19:54:25";"224";"Sem vítima";"350,400";"BR-386/RS";"Crescente";"Queda de moto";0;0;0;1;0;0;0;0;0;0;1;0;0;0;0
"16/06/2025";"19:54:59";"225";"Sem vítima";"350,400";"BR-386/RS";"Crescente";"Queda de moto";0;0;0;1;0;0;0;0;0;0;1;0;0;0;0
"17/06/2025";"07:03:14";"22";"Sem vítima";"77,000";"BR-290/RS";"Decrescente";"Choque";1;0;0;0;0;0;0;0;0;0;1;0;0;0;0
"17/06/2025";"08:48:43";"92";"Sem vítima";"23,000";"BR-290/RS";"Decrescente";"Acidentes de outra natureza";1;0;0;0;0;0;0;0;0;0;1;0;0;0;0
"17/06/2025";"09:20:47";"101";"Sem vítima";"84,000";"BR-290/RS";"Decrescente";"Choque";1;0;0;0;0;0;0;0;0;0;1;0;0;0;0
"17/06/2025";"09:43:15";"104";"Sem vítima";"242,000";"BR-386/RS";"Crescente";"Choque";1;0;0;0;0;0;0;0;0;0;1;0;0;0;0
"17/06/2025";"09:48:59";"106";"Sem vítima";"85,000";"BR-290/RS";"Crescente";"Choque";1;0;0;0;0;0;0;0;0;0;1;0;0;0;0
"17/06/2025";"11:15:27";"127";"Sem vítima";"440,000";"BR-386/RS";"Decrescente";"Choque";1;0;0;0;0;0;0;0;0;0;1;0;0;0;0
"17/06/2025";"12:17:22";"137";"Sem vítima";"246,000";"BR-386/RS";"Crescente";"Colisão traseira";2;0;0;0;0;0;0;0;0;0;2;0;0;0;0
"17/06/2025";"14:19:53";"155";"Sem vítima";"11,000";"BR-448/RS";"Crescente";"Colisão lateral no mesmo sentido";2;0;0;0;0;0;0;0;0;0;2;0;0;0;0
"17/06/2025";"15:00:38";"160";"Com vítima";"56,800";"BR-101/RS";"Crescente";"Saída de pista";1;0;0;0;0;0;0;0;0;0;0;1;0;0;0
"17/06/2025";"15:25:11";"163";"Sem vítima";"360,000";"BR-386/RS";"Crescente";"Choque";1;0;0;0;0;0;0;0;0;0;1;0;0;0;0
"17/06/2025";"16:07:57";"168";"Sem vítima";"351,000";"BR-386/RS";"Decrescente";"Choque";1;0;0;0;0;0;0;0;0;0;1;0;0;0;0
"17/06/2025";"16:48:49";"175";"Sem vítima";"90,000";"BR-290/RS";"Decrescente";"Colisão lateral no mesmo sentido";2;0;0;0;0;0;0;0;0;0;11;0;0;0;0
"17/06/2025";"17:53:36";"185";"Sem vítima";"432,000";"BR-386/RS";"Decrescente";"Engavetamento";3;0;0;0;0;0;0;0;0;0;4;0;0;0;0
"17/06/2025";"18:14:24";"191";"Sem vítima";"432,100";"BR-386/RS";"Crescente";"Colisão traseira";2;0;0;0;0;0;0;0;0;0;2;0;0;0;0
"17/06/2025";"19:07:05";"200";"Sem vítima";"347,000";"BR-386/RS";"Decrescente";"Colisão traseira";1;0;1;0;0;0;0;0;0;0;3;0;0;0;0
"17/06/2025";"20:14:25";"215";"Sem vítima";"351,000";"BR-386/RS";"Decrescente";"Choque";1;0;0;0;0;0;0;0;0;0;1;0;0;0;0
"17/06/2025";"22:01:14";"227";"Sem vítima";"400,000";"BR-386/RS";"Decrescente";"Choque";1;0;0;0;0;0;0;0;0;0;2;0;0;0;0
"17/06/2025";"22:32:26";"235";"Sem vítima";"93,500";"BR-290/RS";"Crescente";"Choque";1;0;0;0;0;0;0;0;0;0;1;0;0;0;0
"17/06/2025";"23:43:25";"247";"Com vítima";"400,000";"BR-386/RS";"Decrescente";"Saída de pista";1;0;0;0;0;0;0;0;0;0;4;0;1;0;0
"18/06/2025";"07:00:22";"32";"Sem vítima";"445,000";"BR-386/RS";"Decrescente";"Choque";1;0;0;0;0;0;0;0;0;0;1;0;0;0;0
"18/06/2025";"08:00:42";"77";"Sem vítima";"19,000";"BR-448/RS";"Crescente";"Engavetamento";3;0;0;0;0;0;0;0;0;0;3;0;0;0;0
"18/06/2025";"08:20:49";"89";"Sem vítima";"92,000";"BR-290/RS";"Decrescente";"Colisão traseira";0;0;0;1;0;0;0;0;0;0;1;0;0;0;0