data;horario;n_da_ocorrencia;tipo_de_ocorrencia;km;trecho;sentido;tipo_de_acidente;automovel;bicicleta;caminhao;moto;onibus;outros;tracao_animal;transporte_de_cargas_especiais;trator_maquinas;utilitarios;ilesos;levemente_feridos;moderadamente_feridos;gravemente_feridos;mortos
"18/06/2025";"09:11:57";"101";"Sem vítima";"80,000";"BR-290/RS";"Crescente";"Choque";1;0;0;0;0;0;0;0;0;0;1;0;0;0;0
"18/06/2025";"10:59:33";"118";"Sem vítima";"60,000";"BR-290/RS";"Decrescente";"Colisão traseira";2;0;0;0;0;0;0;0;0;0;3;0;0;0;0
"18/06/2025";"11:13:09";"120";"Sem vítima";"4,000";"BR-290/RS";"Crescente";"Acidentes de outra natureza";1;0;0;0;0;0;0;0;0;0;1;0;0;0;0
"18/06/2025";"11:18:18";"121";"Sem vítima";"411,000";"BR-386/RS";"Decrescente";"Saída de pista";1;0;0;0;0;0;0;0;0;0;1;0;0;0;0
"18/06/2025";"12:00:16";"126";"Sem vítima";"300,600";"BR-386/RS";"Crescente";"Choque";0;0;1;0;0;0;0;0;0;0;1;0;0;0;0
"18/06/2025";"13:25:04";"135";"Sem vítima";"411,600";"BR-386/RS";"Decrescente";"Tombamento";1;0;0;0;0;0;0;0;0;0;1;0;0;0;0
"18/06/2025";"13:44:46";"141";"Sem vítima";"352,000";"BR-386/RS";"Decrescente";"Choque";1;0;0;0;0;0;0;0;0;0;1;0;0;0;0
"18/06/2025";"16:11:54";"172";"Sem vítima";"352,000";"BR-386/RS";"Decrescente";"Choque";1;0;0;0;0;0;0;0;0;0;2;0;0;0;0
"18/06/2025";"16:24:04";"173";"Sem vítima";"22,000";"BR-101/RS";"Decrescente";"Colisão traseira";1;0;0;0;0;0;0;0;0;0;4;0;0;0;0
"18/06/2025";"16:27:52";"176";"Com vítima";"95,000";"BR-290/RS";"Decrescente";"Choque";1;0;0;0;0;0;0;0;0;0;0;0;1;0;0
"18/06/2025";"17:17:18";"185";"Sem vítima";"418,800";"BR-386/RS";"Crescente";"Saída de pista";1;0;0;0;0;0;0;0;0;0;1;0;0;0;0
"18/06/2025";"18:35:44";"204";"Sem vítima";"368,900";"BR-386/RS";"Crescente";"Saída de pista";1;0;0;0;0;0;0;0;0;0;1;0;0;0;0
"18/06/2025";"18:56:48";"209";"Sem vítima";"415,000";"BR-386/RS";"Crescente";"Saída de pista";1;0;0;0;0;0;0;0;0;0;2;0;0;0;0
"18/06/2025";"20:02:03";"230";"Sem vítima";"351,000";"BR-386/RS";"Decrescente";"Saída de pista";1;0;0;0;0;0;0;0;0;0;1;0;0;0;0
"18/06/2025";"21:15:06";"243";"Sem vítima";"43,000";"BR-290/RS";"Decrescente";"Saída de pista";1;0;0;0;0;0;0;0;0;0;1;0;0;0;0
"18/06/2025";"21:27:05";"249";"Sem vítima";"245,000";"BR-386/RS";"Crescente";"Colisão transversal";2;0;0;0;0;0;0;0;0;0;4;0;0;0;0
"18/06/2025";"21:42:54";"253";"Com vítima";"349,000";"BR-386/RS";"Crescente";"Queda de moto";1;0;0;0;0;0;0;0;0;0;0;1;0;0;0
"19/06/2025";"04:23:31";"23";"Sem vítima";"412,200";"BR-386/RS";"Crescente";"Saída de pista";1;0;0;0;0;0;0;0;0;0;1;0;0;0;0
"19/06/2025";"06:30:30";"41";"Sem vítima";"303,600";"BR-386/RS";"Crescente";"Capotamento";1;0;0;0;0;0;0;0;0;0;1;0;0;0;0
"19/06/2025";"08:04:29";"66";"Sem vítima";"306,000";"BR-386/RS";"Crescente";"Saída de pista";1;0;0;0;0;0;0;0;0;0;1;0;0;0;0
"19/06/2025";"08:37:41";"79";"Com vítima";"94,000";"BR-290/RS";"Crescente";"Choque";1;0;0;0;0;0;0;0;0;0;0;1;0;0;0
"19/06/2025";"11:11:07";"100";"Sem vítima";"60,600";"BR-290/RS";"Decrescente";"Choque";1;0;0;0;0;0;0;0;0;0;3;0;0;0;0
"19/06/2025";"11:22:11";"102";"Sem vítima";"306,000";"BR-386/RS";"Crescente";"Choque";1;0;0;0;0;0;0;0;0;0;1;0;0;0;0
"19/06/2025";"17:18:47";"142";"Sem vítima";"65,000";"BR-290/RS";"Crescente";"Colisão traseira";3;0;0;0;0;0;0;0;0;0;5;0;0;0;0
"19/06/2025";"18:50:32";"157";"Sem vítima";"10,000";"BR-290/RS";"Decrescente";"Saída de pista";1;0;0;0;0;0;0;0;0;0;2;0;0;0;0
"19/06/2025";"19:35:17";"163";"Com vítima";"354,000";"BR-386/RS";"Crescente";"Saída de pista";1;0;0;0;0;0;0;0;0;0;0;1;0;0;0
"19/06/2025";"19:47:30";"165";"Sem vítima";"227,000";"BR-386/RS";"Decrescente";"Colisão traseira";1;0;1;0;0;0;0;0;0;0;3;0;0;0;0
"20/06/2025";"00:05:20";"1";"Com vítima";"77,000";"BR-290/RS";"Crescente";"Queda de moto";0;0;0;1;0;0;0;0;0;0;0;0;0;1;0
"20/06/2025";"07:13:03";"35";"Sem vítima";"248,000";"BR-386/RS";"Crescente";"Saída de pista";1;0;0;0;0;0;0;0;0;0;2;0;0;0;0
"20/06/2025";"08:12:20";"73";"Sem vítima";"344,000";"BR-386/RS";"Decrescente";"Colisão traseira";2;0;0;0;0;0;0;0;0;0;3;0;0;0;0
"20/06/2025";"09:49:05";"107";"Sem vítima";"94,000";"BR-290/RS";"Crescente";"Colisão traseira";2;0;0;0;0;0;0;0;0;0;2;0;0;0;0
"20/06/2025";"11:44:03";"132";"Sem vítima";"22,000";"BR-448/RS";"Decrescente";"Choque";1;0;0;0;0;0;0;0;0;0;1;0;0;0;0
"20/06/2025";"14:11:30";"163";"Com vítima";"407,000";"BR-386/RS";"Decrescente";"Colisão traseira";1;0;1;0;0;0;0;0;0;0;3;1;0;0;0
"20/06/2025";"19:07:26";"220";"Sem vítima";"93,000";"BR-290/RS";"Decrescente";"Colisão lateral no mesmo sentido";1;0;0;0;0;0;0;0;0;0;1;0;0;0;0
"20/06/2025";"21:43:08";"258";"Sem vítima";"430,000";"BR-386/RS";"Decrescente";"Choque";1;0;0;0;0;0;0;0;0;0;1;0;0;0;0
"20/06/2025";"22:35:16";"265";"Sem vítima";"22,000";"BR-290/RS";"Crescente";"Choque";1;0;1;0;0;0;0;0;0;0;3;0;0;0;0
"21/06/2025";"05:42:01";"21";"Sem vítima";"15,000";"BR-290/RS";"Crescente";"Saída de pista";0;0;1;0;0;0;0;0;0;0;1;0;0;0;0
"21/06/2025";"11:22:48";"90";"Sem vítima";"96,000";"BR-290/RS";"Crescente";"Colisão traseira";2;0;0;0;0;0;0;0;0;0;2;0;0;0;0
"21/06/2025";"20:48:18";"156";"Sem vítima";"385,900";"BR-386/RS";"Decrescente";"Colisão traseira";1;0;1;0;0;0;0;0;0;0;2;0;0;0;0
"22/06/2025";"03:11:00";"12";"Sem vítima";"434,500";"BR-386/RS";"Crescente";"Saída de pista";1;0;0;0;0;0;0;0;0;0;2;0;0;0;0
"22/06/2025";"09:45:16";"33";"Sem vítima";"4,000";"BR-101/RS";"Decrescente";"Colisão lateral no mesmo sentido";1;0;1;0;0;0;0;0;0;0;3;0;0;0;0
"22/06/2025";"17:29:08";"91";"Sem vítima";"344,000";"BR-386/RS";"Decrescente";"Colisão lateral no mesmo sentido";2;0;0;0;0;0;0;0;0;0;7;0;0;0;0
"22/06/2025";"22:08:13";"128";"Sem vítima";"394,000";"BR-386/RS";"Decrescente";"Saída de pista";1;0;0;0;0;0;0;0;0;0;5;0;0;0;0
"23/06/2025";"06:23:26";"14";"Com vítima";"94,000";"BR-290/RS";"Decrescente";"Colisão lateral no mesmo sentido";1;0;0;1;0;0;0;0;0;0;2;0;1;0;0
"23/06/2025";"09:22:40";"91";"Sem vítima";"85,000";"BR-290/RS";"Crescente";"Colisão lateral no mesmo sentido";1;0;0;0;0;0;0;0;0;0;1;0;0;0;0
"23/06/2025";"10:03:52";"116";"Sem vítima";"74,800";"BR-290/RS";"Decrescente";"Acidentes de outra natureza";1;0;0;0;0;0;0;0;0;0;1;0;0;0;0
"23/06/2025";"17:20:11";"231";"Sem vítima";"231,000";"BR-386/RS";"Decrescente";"Colisão traseira";0;0;2;0;0;0;0;0;0;0;2;0;0;0;0
"23/06/2025";"19:07:47";"248";"Sem vítima";"2,000";"BR-448/RS";"Decrescente";"Colisão traseira";2;0;0;0;0;0;0;0;0;0;2;0;0;0;0
"23/06/2025";"20:30:14";"258";"Sem vítima";"88,000";"BR-290/RS";"Decrescente";"Choque";1;0;0;0;0;0;0;0;0;0;1;0;0;0;0
"24/06/2025";"03:04:43";"4";"Com vítima";"4,000";"BR-448/RS";"Crescente";"Choque";1;0;0;0;0;0;0;0;0;0;0;0;1;0;0
"24/06/2025";"05:33:35";"10";"Sem vítima";"254,000";"BR-386/RS";"Crescente";"Choque";0;0;1;0;0;0;0;0;0;0;1;0;0;0;0
"24/06/2025";"07:11:03";"46";"Com vítima";"424,000";"BR-386/RS";"Crescente";"Colisão lateral no mesmo sentido";1;0;0;1;0;0;0;0;0;0;0;0;1;0;0
"24/06/2025";"07:46:36";"62";"Sem vítima";"255,200";"BR-386/RS";"Crescente";"Colisão traseira";1;0;1;0;0;0;0;0;0;0;2;0;0;0;0
"24/06/2025";"11:57:36";"161";"Com vítima";"37,000";"BR-101/RS";"Crescente";"Saída de pista";0;0;0;1;0;0;0;0;0;0;0;2;0;0;0
"24/06/2025";"14:34:55";"194";"Com vítima";"15,000";"BR-448/RS";"Crescente";"Colisão traseira";1;0;0;1;0;0;0;0;0;0;1;0;1;0;0
"25/06/2025";"04:35:11";"33";"Sem vítima";"26,000";"BR-290/RS";"Crescente";"Choque";1;0;0;0;0;0;0;0;0;0;1;0;0;0;0
"25/06/2025";"06:35:45";"43";"Sem vítima";"362,000";"BR-386/RS";"Decrescente";"Colisão lateral no mesmo sentido";1;0;1;0;0;0;0;0;0;0;3;0;0;0;0
"25/06/2025";"10:55:27";"159";"Sem vítima";"4,000";"BR-290/RS";"Crescente";"Choque";1;0;0;0;0;0;0;0;0;0;2;0;0;0;0
"25/06/2025";"11:11:08";"163";"Com vítima";"92,000";"BR-290/RS";"Decrescente";"Colisão traseira";2;0;0;0;0;0;0;0;0;0;4;1;0;0;0
"25/06/2025";"17:29:44";"223";"Sem vítima";"5,000";"BR-101/RS";"Crescente";"Capotamento";1;0;0;0;0;0;0;0;0;0;1;0;0;0;0
"25/06/2025";"18:06:10";"231";"Sem vítima";"5,000";"BR-101/RS";"Crescente";"Colisão traseira";2;0;0;0;0;0;0;0;0;0;5;0;0;0;0
"25/06/2025";"18:20:57";"232";"Sem vítima";"439,000";"BR-386/RS";"Crescente";"Saída de pista";1;0;0;0;0;0;0;0;0;0;1;0;0;0;0
"26/06/2025";"06:36:21";"21";"Sem vítima";"8,000";"BR-448/RS";"Crescente";"Colisão traseira";1;0;1;0;0;0;0;0;0;0;3;0;0;0;0
"26/06/2025";"07:37:25";"57";"Sem vítima";"305,500";"BR-386/RS";"Decrescente";"Colisão lateral no mesmo sentido";2;0;0;0;0;0;0;0;0;0;2;0;0;0;0
"26/06/2025";"09:44:03";"112";"Sem vítima";"349,000";"BR-386/RS";"Decrescente";"Colisão traseira";1;0;1;0;0;0;0;0;0;0;1;0;0;0;0
"26/06/2025";"09:44:33";"113";"Sem vítima";"96,000";"BR-290/RS";"Crescente";"Colisão traseira";2;0;0;0;0;0;0;0;0;0;3;0;0;0;0
"26/06/2025";"14:08:53";"156";"Com vítima";"317,000";"BR-386/RS";"Decrescente";"Colisão traseira";1;0;1;0;0;0;0;0;0;0;1;0;1;0;0
"26/06/2025";"17:21:14";"186";"Sem vítima";"21,800";"BR-448/RS";"Crescente";"Colisão lateral no mesmo sentido";1;0;0;0;0;0;0;0;0;0;1;0;0;0;0
"27/06/2025";"06:45:12";"44";"Sem vítima";"360,000";"BR-386/RS";"Decrescente";"Colisão transversal";1;0;1;0;0;0;0;0;0;0;2;0;0;0;0
"27/06/2025";"17:08:02";"209";"Com vítima";"3,000";"BR-101/RS";"Crescente";"Acidentes de outra natureza";1;0;0;0;0;0;0;0;0;0;1;1;0;0;0
"27/06/2025";"18:45:23";"235";"Com vítima";"75,000";"BR-290/RS";"Decrescente";"Saída de pista";1;0;0;0;0;0;0;0;0;0;0;1;0;0;0
"27/06/2025";"19:08:59";"241";"Com vítima";"246,000";"BR-386/RS";"Decrescente";"Colisão transversal";2;0;0;0;0;0;0;0;0;0;3;1;0;0;0
"27/06/2025";"20:57:41";"262";"Sem vítima";"4,000";"BR-101/RS";"Decrescente";"Capotamento";1;0;0;0;0;0;0;0;0;0;1;0;0;0;0
"27/06/2025";"22:10:21";"272";"Com vítima";"45,000";"BR-101/RS";"Crescente";"Tombamento";1;0;0;0;0;0;0;0;0;0;0;1;0;0;0
"28/06/2025";"01:43:48";"7";"Sem vítima";"79,000";"BR-101/RS";"Crescente";"Capotamento";1;0;0;0;0;0;0;0;0;0;2;0;0;0;0
"28/06/2025";"03:02:03";"8";"Sem vítima";"259,000";"BR-386/RS";"Decrescente";"Capotamento";1;0;0;0;0;0;0;0;0;0;2;0;0;0;0
"28/06/2025";"05:37:37";"17";"Sem vítima";"262,000";"BR-386/RS";"Crescente";"Choque";0;0;1;0;0;0;0;0;0;0;1;0;0;0;0
"28/06/2025";"12:34:20";"89";"Sem vítima";"33,000";"BR-290/RS";"Crescente";"Saída de pista";0;0;0;0;1;0;0;0;0;0;18;0;0;0;0
"28/06/2025";"13:58:47";"98";"Sem vítima";"307,300";"BR-386/RS";"Crescente";"Choque";1;0;0;0;0;0;0;0;0;0;1;0;0;0;0
"28/06/2025";"14:56:50";"105";"Com vítima";"11,000";"BR-290/RS";"Crescente";"Capotamento";1;0;0;0;0;0;0;0;0;0;0;1;0;0;0
"28/06/2025";"16:08:23";"112";"Sem vítima";"411,000";"BR-386/RS";"Decrescente";"Choque";1;0;1;0;0;0;0;0;0;0;2;0;0;0;0
"28/06/2025";"16:34:18";"116";"Sem vítima";"12,000";"BR-101/RS";"Decrescente";"Saída de pista";1;0;0;0;0;0;0;0;0;0;5;0;0;0;0
"28/06/2025";"18:19:48";"130";"Sem vítima";"52,000";"BR-101/RS";"Decrescente";"Tombamento";0;0;1;0;0;0;0;0;0;0;1;0;0;0;0
"28/06/2025";"19:10:58";"138";"Com vítima";"435,000";"BR-386/RS";"Crescente";"Colisão lateral no mesmo sentido";1;0;0;1;0;0;0;0;0;0;2;1;0;0;0
"28/06/2025";"20:24:27";"150";"Sem vítima";"58,000";"BR-101/RS";"Decrescente";"Colisão traseira";0;0;2;0;0;0;0;0;0;0;2;0;0;0;0
"28/06/2025";"20:33:09";"154";"Sem vítima";"301,000";"BR-386/RS";"Crescente";"Saída de pista";1;0;0;0;0;0;0;0;0;0;1;0;0;0;0
"28/06/2025";"21:40:49";"159";"Sem vítima";"89,000";"BR-290/RS";"Crescente";"Choque";1;0;0;0;0;0;0;0;0;0;1;0;0;0;0
"29/06/2025";"01:55:13";"7";"Sem vítima";"60,000";"BR-290/RS";"Crescente";"Queda de moto";0;0;0;1;0;0;0;0;0;0;1;0;0;0;0
"29/06/2025";"03:09:50";"9";"Com vítima";"88,000";"BR-290/RS";"Decrescente";"Colisão traseira";2;0;0;0;0;0;0;0;0;0;3;0;1;0;0
"29/06/2025";"03:33:03";"10";"Sem vítima";"388,000";"BR-386/RS";"Decrescente";"Capotamento";1;0;0;0;0;0;0;0;0;0;1;0;0;0;0
"29/06/2025";"10:14:12";"28";"Sem vítima";"9,000";"BR-448/RS";"Decrescente";"Choque";1;0;0;0;0;0;0;0;0;0;1;0;0;0;0
"29/06/2025";"10:18:59";"29";"Sem vítima";"307,000";"BR-386/RS";"Decrescente";"Saída de pista";1;0;0;0;0;0;0;0;0;0;2;0;0;0;0
"29/06/2025";"13:31:46";"41";"Com vítima";"248,500";"BR-386/RS";"Decrescente";"Colisão lateral no mesmo sentido";1;0;1;0;0;0;0;0;0;0;1;0;1;0;0
"29/06/2025";"15:23:44";"53";"Com vítima";"9,000";"BR-448/RS";"Decrescente";"Choque";1;0;0;0;0;0;0;0;0;0;1;0;1;0;0
"29/06/2025";"15:57:09";"54";"Com vítima";"303,300";"BR-386/RS";"Decrescente";"Colisão lateral no mesmo sentido";1;0;1;0;0;0;0;0;0;0;2;1;2;0;0
"29/06/2025";"23:43:25";"105";"Sem vítima";"415,000";"BR-386/RS";"Crescente";"Colisão traseira";1;0;1;0;0;0;0;0;0;0;2;0;0;0;0
"30/06/2025";"01:03:37";"2";"Com vítima";"270,600";"BR-386/RS";"Crescente";"Atropelamento de pedestre";1;0;0;0;0;0;0;0;0;0;1;0;0;0;2
"30/06/2025";"06:43:02";"29";"Sem vítima";"296,000";"BR-386/RS";"Decrescente";"Saída de pista";1;0;0;0;0;0;0;0;0;0;1;0;0;0;0
"30/06/2025";"09:07:51";"112";"Sem vítima";"426,000";"BR-386/RS";"Crescente";"Colisão traseira";2;0;0;0;0;0;0;0;0;0;2;0;0;0;0
"30/06/2025";"09:49:29";"136";"Sem vítima";"19,000";"BR-290/RS";"Crescente";"Saída de pista";1;0;0;0;0;0;0;0;0;0;1;0;0;0;0
"30/06/2025";"10:51:20";"180";"Sem vítima";"435,000";"BR-386/RS";"Crescente";"Colisão traseira";2;0;0;0;0;0;0;0;0;0;8;0;0;0;0
"30/06/2025";"12:34:05";"214";"Com vítima";"75,000";"BR-290/RS";"Decrescente";"Colisão lateral no mesmo sentido";1;0;0;1;0;0;0;0;0;0;2;1;0;0;0
"30/06/2025";"13:50:06";"243";"Sem vítima";"19,000";"BR-290/RS";"Crescente";"Engavetamento";3;0;0;0;0;0;0;0;0;0;8;0;0;0;0
"30/06/2025";"15:22:56";"270";"Sem vítima";"80,000";"BR-290/RS";"Decrescente";"Colisão lateral no mesmo sentido";1;0;1;0;0;0;0;0;0;0;3;0;0;0;0
"01/07/2025";"07:08:32";"49";"Sem vítima";"439,000";"BR-386/RS";"Crescente";"Colisão traseira";0;0;2;0;0;0;0;0;0;0;2;0;0;0;0
"01/07/2025";"07:25:28";"70";"Com vítima";"18,000";"BR-448/RS";"Crescente";"Colisão lateral no mesmo sentido";2;0;0;0;0;0;0;0;0;0;2;1;0;0;0
"01/07/2025";"15:56:38";"209";"Sem vítima";"238,000";"BR-386/RS";"Decrescente";"Colisão traseira";2;0;0;0;0;0;0;0;0;0;4;0;0;0;0
"01/07/2025";"16:42:42";"215";"Sem vítima";"92,000";"BR-290/RS";"Crescente";"Colisão transversal";2;0;0;0;0;0;0;0;0;0;2;0;0;0;0
"01/07/2025";"17:25:57";"219";"Com vítima";"75,200";"BR-290/RS";"Decrescente";"Colisão traseira";3;0;2;0;0;0;0;0;0;0;7;2;0;0;0
"01/07/2025";"18:27:12";"231";"Com vítima";"67,000";"BR-290/RS";"Decrescente";"Colisão traseira";3;0;0;0;0;0;0;0;0;0;3;2;1;0;0
"01/07/2025";"18:29:17";"233";"Sem vítima";"21,000";"BR-448/RS";"Decrescente";"Colisão lateral no mesmo sentido";1;0;1;0;0;0;0;0;0;0;2;0;0;0;0
"01/07/2025";"18:57:37";"240";"Sem vítima";"391,000";"BR-386/RS";"Crescente";"Colisão transversal";1;0;1;0;0;0;0;0;0;0;4;0;0;0;0
"01/07/2025";"19:20:31";"242";"Sem vítima";"430,000";"BR-386/RS";"Decrescente";"Saída de pista";1;0;0;0;0;0;0;0;0;0;1;0;0;0;0
"01/07/2025";"20:20:54";"253";"Com vítima";"183,000";"BR-386/RS";"Crescente";"Saída de pista";1;0;0;0;0;0;0;0;0;0;0;0;1;0;0
"01/07/2025";"21:17:06";"259";"Sem vítima";"34,500";"BR-290/RS";"Crescente";"Saída de pista";1;0;0;0;0;0;0;0;0;0;2;0;0;0;0
"02/07/2025";"07:03:32";"62";"Sem vítima";"293,000";"BR-386/RS";"Decrescente";"Colisão traseira";2;0;0;0;0;0;0;0;0;0;6;0;0;0;0
"02/07/2025";"07:28:11";"71";"Com vítima";"351,000";"BR-386/RS";"Crescente";"Engavetamento";1;0;1;1;0;0;0;0;0;0;2;1;0;0;0
"02/07/2025";"07:53:22";"85";"Sem vítima";"438,000";"BR-386/RS";"Decrescente";"Colisão traseira";1;0;0;0;0;0;0;0;0;0;1;0;0;0;0
"02/07/2025";"09:41:04";"142";"Sem vítima";"318,000";"BR-386/RS";"Crescente";"Saída de pista";0;0;1;0;0;0;0;0;0;0;1;0;0;0;0
"02/07/2025";"13:11:28";"182";"Sem vítima";"282,000";"BR-386/RS";"Decrescente";"Choque";1;0;0;0;0;0;0;0;0;0;1;0;0;0;0
"02/07/2025";"19:20:06";"238";"Sem vítima";"419,000";"BR-386/RS";"Decrescente";"Colisão lateral no mesmo sentido";0;0;2;0;0;0;0;0;0;0;2;0;0;0;0
"03/07/2025";"07:18:21";"60";"Com vítima";"430,000";"BR-386/RS";"Decrescente";"Colisão lateral no mesmo sentido";1;0;1;0;0;0;0;0;0;0;7;0;1;0;0
"03/07/2025";"08:02:43";"73";"Sem vítima";"79,200";"BR-290/RS";"Crescente";"Colisão traseira";1;0;1;0;0;0;0;0;0;0;2;0;0;0;0
"03/07/2025";"08:03:44";"76";"Com vítima";"2,000";"BR-101/RS";"Crescente";"Colisão traseira";2;0;0;0;0;0;0;0;0;0;1;0;3;0;0
"03/07/2025";"08:42:23";"96";"Sem vítima";"91,100";"BR-290/RS";"Decrescente";"Choque";1;0;0;0;0;0;0;0;0;0;1;0;0;0;0
"03/07/2025";"14:25:24";"192";"Sem vítima";"91,400";"BR-290/RS";"Decrescente";"Choque";1;0;0;0;0;0;0;0;0;0;1;0;0;0;0
"03/07/2025";"16:23:47";"211";"Sem vítima";"432,000";"BR-386/RS";"Crescente";"Colisão traseira";1;0;0;0;0;0;0;0;0;0;1;0;0;0;0
"03/07/2025";"17:22:03";"223";"Sem vítima";"427,000";"BR-386/RS";"Decrescente";"Colisão traseira";2;0;0;0;0;0;0;0;0;0;2;0;0;0;0
"03/07/2025";"17:47:46";"232";"Sem vítima";"438,000";"BR-386/RS";"Decrescente";"Colisão traseira";2;0;0;0;0;0;0;0;0;0;2;0;0;0;0
"04/07/2025";"04:16:00";"12";"Sem vítima";"233,000";"BR-386/RS";"Decrescente";"Colisão traseira";1;0;0;0;0;0;0;0;0;0;1;0;0;0;0
"04/07/2025";"06:21:35";"24";"Sem vítima";"94,000";"BR-290/RS";"Decrescente";"Capotamento";1;0;0;0;0;0;0;0;0;0;1;0;0;0;0
"04/07/2025";"06:33:56";"30";"Sem vítima";"2,600";"BR-101/RS";"Crescente";"Colisão lateral no mesmo sentido";1;0;1;0;0;0;0;0;0;0;2;0;0;0;0
"04/07/2025";"08:18:36";"105";"Com vítima";"77,000";"BR-290/RS";"Crescente";"Tombamento";0;0;0;0;0;0;0;0;1;0;0;0;2;0;0
"04/07/2025";"09:34:12";"137";"Sem vítima";"318,000";"BR-386/RS";"Crescente";"Colisão traseira";1;0;1;0;0;0;0;0;0;0;2;0;0;0;0
"04/07/2025";"12:03:27";"171";"Sem vítima";"276,000";"BR-386/RS";"Decrescente";"Choque";1;0;0;0;0;0;0;0;0;0;2;0;0;0;0
"04/07/2025";"12:59:28";"180";"Sem vítima";"86,000";"BR-101/RS";"Decrescente";"Colisão lateral no mesmo sentido";1;0;1;0;0;0;0;0;0;0;3;0;0;0;0
"04/07/2025";"14:34:13";"202";"Com vítima";"386,000";"BR-386/RS";"Crescente";"Colisão traseira";1;0;1;0;0;0;0;0;0;0;2;1;0;0;0
"04/07/2025";"15:18:51";"212";"Sem vítima";"79,000";"BR-290/RS";"Crescente";"Saída de pista";1;0;0;0;0;0;0;0;0;0;1;0;0;0;0
"04/07/2025";"16:34:01";"227";"Com vítima";"270,000";"BR-386/RS";"Decrescente";"Colisão transversal";2;0;0;0;0;0;0;0;0;0;1;3;1;1;0
"04/07/2025";"18:47:30";"242";"Com vítima";"342,000";"BR-386/RS";"Decrescente";"Colisão traseira";1;0;1;0;0;0;0;0;0;0;1;0;1;0;0
"04/07/2025";"19:19:29";"245";"Com vítima";"84,500";"BR-290/RS";"Crescente";"Colisão traseira";1;0;0;1;0;0;0;0;0;0;4;1;0;0;0
"04/07/2025";"22:59:53";"272";"Com vítima";"183,900";"BR-386/RS";"Decrescente";"Choque";0;0;1;1;0;0;0;0;0;0;1;0;0;0;1
"05/07/2025";"07:07:26";"42";"Sem vítima";"67,000";"BR-290/RS";"Decrescente";"Colisão frontal";1;0;1;0;0;0;0;0;0;0;3;0;0;0;0
"05/07/2025";"11:24:29";"101";"Sem vítima";"60,000";"BR-290/RS";"Decrescente";"Colisão traseira";2;0;0;0;0;0;0;0;0;0;3;0;0;0;0
"05/07/2025";"12:01:57";"106";"Sem vítima";"64,000";"BR-290/RS";"Decrescente";"Colisão lateral no mesmo sentido";1;0;1;0;0;0;0;0;0;0;2;0;0;0;0
"05/07/2025";"15:25:22";"130";"Com vítima";"45,000";"BR-290/RS";"Crescente";"Queda de moto";0;0;0;1;0;0;0;0;0;0;0;2;0;0;0
"05/07/2025";"23:14:32";"202";"Sem vítima";"346,000";"BR-386/RS";"Decrescente";"Choque";1;0;0;0;0;0;0;0;0;0;1;0;0;0;0
"06/07/2025";"05:52:31";"20";"Sem vítima";"415,000";"BR-386/RS";"Decrescente";"Choque";1;0;0;0;0;0;0;0;0;0;1;0;0;0;0
"06/07/2025";"06:52:31";"28";"Com vítima";"90,000";"BR-290/RS";"Decrescente";"Capotamento";1;0;0;0;0;0;0;0;0;0;4;0;0;1;0
"06/07/2025";"10:39:44";"49";"Com vítima";"85,000";"BR-290/RS";"Decrescente";"Queda de moto";0;0;0;1;0;0;0;0;0;0;0;0;2;0;0
"06/07/2025";"11:21:36";"56";"Sem vítima";"88,000";"BR-290/RS";"Crescente";"Colisão lateral no mesmo sentido";1;0;1;0;0;0;0;0;0;0;4;0;0;0;0
"06/07/2025";"14:31:27";"79";"Com vítima";"273,000";"BR-386/RS";"Decrescente";"Colisão transversal";2;0;0;0;0;0;0;0;0;0;3;0;3;0;0
"06/07/2025";"17:11:40";"107";"Sem vítima";"90,000";"BR-290/RS";"Decrescente";"Engavetamento";2;0;0;0;0;0;0;0;0;0;2;0;0;0;0
"06/07/2025";"20:37:05";"146";"Com vítima";"234,000";"BR-386/RS";"Decrescente";"Saída de pista";0;0;1;0;0;0;0;0;0;0;0;0;1;0;0
"06/07/2025";"21:16:49";"150";"Sem vítima";"345,000";"BR-386/RS";"Crescente";"Choque";1;0;0;0;0;0;0;0;0;0;1;0;0;0;0
"07/07/2025";"02:10:02";"4";"Sem vítima";"39,500";"BR-290/RS";"Decrescente";"Atropelamento de animal";0;0;1;0;0;0;0;0;0;0;1;0;0;0;0
"07/07/2025";"08:02:13";"82";"Com vítima";"96,000";"BR-290/RS";"Decrescente";"Queda de moto";0;0;0;1;0;0;0;0;0;0;0;1;0;0;0
"07/07/2025";"09:08:57";"109";"Sem vítima";"8,000";"BR-290/RS";"Decrescente";"Saída de pista";1;0;0;0;0;0;0;0;0;0;1;0;0;0;0