data;horario;n_da_ocorrencia;tipo_de_ocorrencia;km;trecho;sentido;tipo_de_acidente;automovel;bicicleta;caminhao;moto;onibus;outros;tracao_animal;transporte_de_cargas_especiais;trator_maquinas;utilitarios;ilesos;levemente_feridos;moderadamente_feridos;gravemente_feridos;mortos
"07/07/2025";"11:24:46";"139";"Com vítima";"92,000";"BR-290/RS";"Crescente";"Colisão traseira";1;0;0;1;0;0;0;0;0;0;1;1;0;0;0
"07/07/2025";"13:11:12";"159";"Sem vítima";"202,000";"BR-386/RS";"Decrescente";"Saída de pista";1;0;0;0;0;0;0;0;0;0;2;0;0;0;0
"07/07/2025";"15:15:02";"182";"Sem vítima";"46,000";"BR-290/RS";"Crescente";"Colisão traseira";2;0;0;0;0;0;0;0;0;0;2;0;0;0;0
"08/07/2025";"07:16:20";"65";"Sem vítima";"433,000";"BR-386/RS";"Crescente";"Colisão transversal";2;0;0;0;0;0;0;0;0;0;2;0;0;0;0
"08/07/2025";"08:15:56";"96";"Sem vítima";"439,000";"BR-386/RS";"Decrescente";"Colisão traseira";2;0;0;0;0;0;0;0;0;0;2;0;0;0;0
"08/07/2025";"08:29:28";"106";"Sem vítima";"389,000";"BR-386/RS";"Crescente";"Colisão traseira";2;0;0;0;0;0;0;0;0;0;4;0;0;0;0
"08/07/2025";"12:09:33";"167";"Sem vítima";"347,000";"BR-386/RS";"Decrescente";"Colisão lateral no mesmo sentido";2;0;0;1;0;0;0;0;0;0;3;0;0;0;0
"08/07/2025";"15:05:09";"191";"Com vítima";"316,000";"BR-386/RS";"Crescente";"Engavetamento";3;0;1;0;0;0;0;0;0;0;3;0;1;0;0
"08/07/2025";"16:37:48";"207";"Com vítima";"250,000";"BR-386/RS";"Decrescente";"Engavetamento";2;0;0;0;0;0;0;0;0;0;3;1;0;0;0
"08/07/2025";"18:21:53";"221";"Com vítima";"63,000";"BR-101/RS";"Decrescente";"Colisão traseira";1;0;1;0;0;0;0;0;0;0;1;0;1;0;0
"08/07/2025";"18:40:23";"224";"Sem vítima";"19,000";"BR-290/RS";"Crescente";"Colisão traseira";0;0;2;0;0;0;0;0;0;0;2;0;0;0;0
"08/07/2025";"20:08:06";"241";"Com vítima";"427,000";"BR-386/RS";"Decrescente";"Queda de moto";0;0;0;1;0;0;0;0;0;0;0;1;1;0;0
"09/07/2025";"00:00:20";"1";"Sem vítima";"352,000";"BR-386/RS";"Decrescente";"Choque";1;0;0;0;0;0;0;0;0;0;2;0;0;0;0
"09/07/2025";"07:24:31";"41";"Com vítima";"436,000";"BR-386/RS";"Crescente";"Colisão frontal";1;0;0;1;0;0;0;0;0;0;1;0;1;0;0
"10/07/2025";"02:18:15";"7";"Sem vítima";"32,000";"BR-290/RS";"Crescente";"Saída de pista";0;0;1;0;0;0;0;0;0;0;1;0;0;0;0
"10/07/2025";"05:42:56";"14";"Sem vítima";"89,450";"BR-290/RS";"Crescente";"Colisão traseira";1;0;1;0;0;0;0;0;0;0;2;0;0;0;0
"10/07/2025";"08:50:26";"86";"Sem vítima";"317,000";"BR-386/RS";"Crescente";"Choque";1;0;0;0;0;0;0;1;0;0;4;0;0;0;0
"11/07/2025";"03:02:14";"10";"Sem vítima";"14,600";"BR-290/RS";"Decrescente";"Choque";1;0;0;0;0;0;0;0;0;0;1;0;0;0;0
"11/07/2025";"08:13:53";"70";"Sem vítima";"75,000";"BR-290/RS";"Crescente";"Colisão traseira";2;0;0;0;0;0;0;0;0;0;2;0;0;0;0
"11/07/2025";"09:29:34";"103";"Sem vítima";"397,600";"BR-386/RS";"Crescente";"Saída de pista";1;0;0;0;0;0;0;0;0;0;1;0;0;0;0
"11/07/2025";"13:28:54";"149";"Sem vítima";"34,000";"BR-101/RS";"Decrescente";"Colisão traseira";1;0;1;0;0;0;0;0;0;0;2;0;0;0;0
"11/07/2025";"14:45:53";"165";"Sem vítima";"283,000";"BR-386/RS";"Decrescente";"Saída de pista";1;0;0;0;0;0;0;0;0;0;2;0;0;0;0
"11/07/2025";"15:10:11";"168";"Sem vítima";"297,000";"BR-386/RS";"Decrescente";"Queda de moto";0;0;0;1;0;0;0;0;0;0;1;0;0;0;0
"11/07/2025";"16:01:35";"177";"Sem vítima";"22,000";"BR-448/RS";"Crescente";"Colisão traseira";1;0;1;0;0;0;0;0;0;0;3;0;0;0;0
"11/07/2025";"16:59:14";"187";"Sem vítima";"349,000";"BR-386/RS";"Decrescente";"Colisão lateral no mesmo sentido";2;0;0;0;0;0;0;0;0;0;2;0;0;0;0
"12/07/2025";"06:42:51";"24";"Sem vítima";"79,000";"BR-290/RS";"Decrescente";"Choque";1;0;0;0;0;0;0;0;0;0;1;0;0;0;0
"12/07/2025";"07:07:46";"49";"Sem vítima";"393,000";"BR-386/RS";"Decrescente";"Choque";1;0;0;0;0;0;0;0;0;0;3;0;0;0;0
"12/07/2025";"12:36:07";"104";"Sem vítima";"350,500";"BR-386/RS";"Crescente";"Colisão lateral no mesmo sentido";2;0;0;0;0;0;0;0;0;0;2;0;0;0;0
"13/07/2025";"05:47:15";"15";"Sem vítima";"412,000";"BR-386/RS";"Decrescente";"Saída de pista";1;0;0;0;0;0;0;0;0;0;1;0;0;0;0
"13/07/2025";"07:53:28";"25";"Sem vítima";"440,000";"BR-386/RS";"Decrescente";"Saída de pista";1;0;0;0;0;0;0;0;0;0;1;0;0;0;0
"13/07/2025";"12:08:18";"49";"Com vítima";"4,900";"BR-290/RS";"Decrescente";"Colisão lateral no mesmo sentido";2;0;0;0;0;0;0;0;0;0;4;0;1;0;0
"13/07/2025";"15:48:57";"63";"Sem vítima";"60,000";"BR-290/RS";"Crescente";"Colisão traseira";1;0;0;1;0;0;0;0;0;0;5;0;0;0;0
"13/07/2025";"18:14:41";"80";"Sem vítima";"40,000";"BR-290/RS";"Crescente";"Colisão lateral no mesmo sentido";2;0;0;0;0;0;0;0;0;0;4;0;0;0;0
"13/07/2025";"21:03:14";"103";"Com vítima";"72,000";"BR-101/RS";"Crescente";"Tombamento";1;0;1;0;0;0;0;0;0;0;5;1;0;0;0
"14/07/2025";"09:49:32";"111";"Sem vítima";"248,000";"BR-386/RS";"Decrescente";"Colisão traseira";2;0;0;0;0;0;0;0;0;0;4;0;0;0;0
"14/07/2025";"11:36:00";"135";"Sem vítima";"248,000";"BR-386/RS";"Decrescente";"Colisão traseira";1;0;1;0;0;0;0;0;0;0;4;0;0;0;0
"14/07/2025";"13:06:58";"150";"Com vítima";"375,000";"BR-386/RS";"Crescente";"Colisão transversal";2;0;0;0;0;0;0;0;0;0;2;5;0;0;0
"15/07/2025";"04:48:06";"3";"Sem vítima";"22,000";"BR-448/RS";"Decrescente";"Colisão frontal";2;0;0;0;0;0;0;0;0;0;2;0;0;0;0
"15/07/2025";"08:41:42";"77";"Com vítima";"386,000";"BR-386/RS";"Crescente";"Colisão traseira";1;0;1;0;0;0;0;0;0;0;2;1;0;0;0
"15/07/2025";"12:46:54";"136";"Com vítima";"92,000";"BR-290/RS";"Decrescente";"Colisão traseira";0;0;1;1;0;0;0;0;0;0;1;0;1;0;0
"15/07/2025";"15:12:10";"154";"Com vítima";"218,000";"BR-386/RS";"Crescente";"Engavetamento";1;0;4;0;0;0;0;0;0;0;5;1;0;0;0
"15/07/2025";"15:28:24";"156";"Com vítima";"219,000";"BR-386/RS";"Decrescente";"Colisão lateral no mesmo sentido";1;0;0;0;0;0;0;0;0;0;0;2;0;0;0
"15/07/2025";"15:31:56";"157";"Sem vítima";"52,000";"BR-101/RS";"Decrescente";"Colisão lateral no mesmo sentido";1;0;1;0;0;0;0;0;0;0;4;0;0;0;0
"15/07/2025";"17:35:24";"174";"Com vítima";"68,200";"BR-290/RS";"Crescente";"Colisão traseira";0;0;1;1;0;0;0;0;0;0;1;0;1;0;0
"15/07/2025";"17:45:57";"176";"Com vítima";"75,000";"BR-290/RS";"Decrescente";"Queda de moto";0;0;0;1;0;0;0;0;0;0;0;1;0;0;0
"15/07/2025";"18:16:26";"178";"Com vítima";"251,500";"BR-386/RS";"Crescente";"Colisão transversal";1;0;1;0;0;0;0;0;0;0;2;0;1;0;0
"15/07/2025";"22:27:34";"208";"Sem vítima";"359,150";"BR-386/RS";"Decrescente";"Choque";1;0;0;0;0;0;0;0;0;0;1;0;0;0;0
"16/07/2025";"03:29:53";"10";"Com vítima";"21,900";"BR-448/RS";"Crescente";"Capotamento";1;0;0;0;0;0;0;0;0;0;1;0;1;0;0
"16/07/2025";"04:25:25";"11";"Com vítima";"28,000";"BR-101/RS";"Decrescente";"Tombamento";0;0;1;0;0;0;0;0;0;0;0;0;1;0;0
"16/07/2025";"12:37:23";"160";"Sem vítima";"38,000";"BR-101/RS";"Crescente";"Saída de pista";1;0;0;0;0;0;0;0;0;0;1;0;0;0;0
"16/07/2025";"15:21:14";"189";"Sem vítima";"60,000";"BR-290/RS";"Decrescente";"Colisão lateral no mesmo sentido";1;0;1;0;0;0;0;0;0;0;2;0;0;0;0
"16/07/2025";"22:45:45";"233";"Com vítima";"21,400";"BR-448/RS";"Crescente";"Queda de moto";0;0;0;1;0;0;0;0;0;0;0;1;0;0;0
"17/07/2025";"05:40:44";"12";"Sem vítima";"345,800";"BR-386/RS";"Crescente";"Saída de pista";1;0;0;0;0;0;0;0;0;0;1;0;0;0;0
"17/07/2025";"06:40:23";"40";"Sem vítima";"22,000";"BR-448/RS";"Decrescente";"Choque";1;0;0;0;0;0;0;0;0;0;1;0;0;0;0
"17/07/2025";"07:20:26";"52";"Sem vítima";"344,000";"BR-386/RS";"Crescente";"Colisão traseira";2;0;0;0;0;0;0;0;0;0;2;0;0;0;0
"17/07/2025";"07:23:20";"53";"Sem vítima";"3,000";"BR-448/RS";"Crescente";"Engavetamento";4;0;0;0;0;0;0;0;0;0;7;0;0;0;0
"17/07/2025";"07:28:53";"54";"Sem vítima";"60,000";"BR-290/RS";"Decrescente";"Colisão traseira";1;0;1;0;0;0;0;0;0;0;2;0;0;0;0
"17/07/2025";"09:17:36";"90";"Sem vítima";"223,000";"BR-386/RS";"Decrescente";"Colisão traseira";0;0;2;0;0;0;0;0;0;0;2;0;0;0;0
"17/07/2025";"10:09:20";"103";"Sem vítima";"376,000";"BR-386/RS";"Decrescente";"Colisão traseira";1;0;1;0;0;0;0;0;0;0;3;0;0;0;0
"17/07/2025";"10:24:11";"106";"Sem vítima";"86,000";"BR-290/RS";"Decrescente";"Choque";1;0;0;0;0;0;0;0;0;0;1;0;0;0;0
"17/07/2025";"10:41:40";"110";"Sem vítima";"22,000";"BR-448/RS";"Decrescente";"Choque";1;0;0;0;0;0;0;0;0;0;3;0;0;0;0
"17/07/2025";"11:17:20";"119";"Sem vítima";"46,000";"BR-290/RS";"Crescente";"Colisão frontal";2;0;0;0;0;0;0;0;0;0;3;0;0;0;0
"17/07/2025";"12:01:01";"125";"Com vítima";"396,000";"BR-386/RS";"Decrescente";"Acidentes de outra natureza";1;0;0;0;0;0;0;0;0;0;0;1;0;0;0
"17/07/2025";"14:32:59";"147";"Sem vítima";"41,000";"BR-101/RS";"Decrescente";"Colisão lateral no mesmo sentido";1;0;0;0;0;0;0;0;0;0;2;0;0;0;0
"17/07/2025";"16:21:44";"165";"Com vítima";"39,000";"BR-101/RS";"Crescente";"Capotamento";1;0;0;0;0;0;0;0;0;0;0;0;1;0;0
"17/07/2025";"16:26:42";"166";"Sem vítima";"92,000";"BR-290/RS";"Decrescente";"Choque";1;0;0;0;0;0;0;0;0;0;1;0;0;0;0
"17/07/2025";"18:41:17";"192";"Com vítima";"77,400";"BR-101/RS";"Crescente";"Colisão traseira";0;0;2;0;0;0;0;0;0;0;1;1;0;0;0
"18/07/2025";"04:20:50";"3";"Sem vítima";"307,000";"BR-386/RS";"Decrescente";"Saída de pista";0;0;0;0;0;0;0;0;0;1;1;0;0;0;0
"18/07/2025";"06:07:40";"10";"Sem vítima";"308,000";"BR-386/RS";"Decrescente";"Capotamento";1;0;0;0;0;0;0;0;0;0;3;0;0;0;0
"18/07/2025";"06:17:01";"11";"Sem vítima";"354,000";"BR-386/RS";"Decrescente";"Choque";1;0;0;0;0;0;0;0;0;0;1;0;0;0;0
"18/07/2025";"08:23:56";"66";"Com vítima";"22,000";"BR-448/RS";"Crescente";"Engavetamento";6;0;0;0;0;0;0;0;0;0;5;1;0;0;0
"18/07/2025";"09:18:22";"81";"Com vítima";"20,000";"BR-448/RS";"Crescente";"Colisão traseira";1;0;1;0;0;0;0;0;0;0;1;1;0;0;0
"18/07/2025";"09:34:00";"87";"Com vítima";"20,000";"BR-448/RS";"Crescente";"Colisão traseira";2;0;0;0;0;0;0;0;0;0;1;1;0;0;0
"18/07/2025";"11:22:45";"107";"Sem vítima";"86,000";"BR-290/RS";"Crescente";"Colisão lateral no mesmo sentido";1;0;1;0;0;0;0;0;0;0;3;0;0;0;0
"18/07/2025";"20:32:57";"199";"Sem vítima";"393,000";"BR-386/RS";"Decrescente";"Saída de pista";1;0;0;0;0;0;0;0;0;0;2;0;0;0;0
"18/07/2025";"21:45:52";"214";"Sem vítima";"373,600";"BR-386/RS";"Decrescente";"Colisão lateral no mesmo sentido";1;0;1;0;0;0;0;0;0;0;2;0;0;0;0
"19/07/2025";"05:03:20";"15";"Com vítima";"23,500";"BR-101/RS";"Crescente";"Choque";1;0;0;0;0;0;0;0;0;0;2;1;0;0;0
"19/07/2025";"06:03:10";"24";"Sem vítima";"354,000";"BR-386/RS";"Decrescente";"Capotamento";1;0;0;0;0;0;0;0;0;0;1;0;0;0;0
"19/07/2025";"11:07:33";"116";"Com vítima";"234,000";"BR-386/RS";"Decrescente";"Colisão lateral no mesmo sentido";1;0;0;1;0;0;0;0;0;0;1;0;1;0;0
"19/07/2025";"17:05:16";"167";"Sem vítima";"84,000";"BR-290/RS";"Crescente";"Colisão traseira";1;0;1;0;0;0;0;0;0;0;3;0;0;0;0
"19/07/2025";"17:07:41";"168";"Com vítima";"236,000";"BR-386/RS";"Decrescente";"Colisão lateral no mesmo sentido";0;0;1;1;0;0;0;0;0;0;1;1;0;0;0
"19/07/2025";"18:17:42";"179";"Com vítima";"419,000";"BR-386/RS";"Decrescente";"Colisão transversal";2;0;0;0;0;0;0;0;0;0;4;2;1;0;0
"19/07/2025";"18:34:34";"184";"Sem vítima";"342,000";"BR-386/RS";"Decrescente";"Saída de pista";1;0;0;0;0;0;0;0;0;0;1;0;0;0;0
"19/07/2025";"19:07:57";"188";"Com vítima";"76,000";"BR-290/RS";"Decrescente";"Atropelamento de pedestre";1;0;0;0;0;0;0;0;0;0;2;1;0;0;0
"19/07/2025";"22:10:46";"213";"Com vítima";"80,000";"BR-290/RS";"Crescente";"Saída de pista";1;0;0;0;0;0;0;0;0;0;0;1;1;0;0
"19/07/2025";"22:31:39";"216";"Com vítima";"347,050";"BR-386/RS";"Decrescente";"Acidentes de outra natureza";1;0;0;0;0;0;0;0;0;0;4;0;0;1;1
"20/07/2025";"00:56:39";"7";"Sem vítima";"91,000";"BR-290/RS";"Decrescente";"Colisão lateral no mesmo sentido";2;0;0;0;0;0;0;0;0;0;5;0;0;0;0
"20/07/2025";"09:19:52";"45";"Sem vítima";"68,000";"BR-290/RS";"Crescente";"Saída de pista";1;0;0;0;0;0;0;0;0;0;3;0;0;0;0
"20/07/2025";"11:19:45";"62";"Com vítima";"92,000";"BR-290/RS";"Crescente";"Queda de moto";0;0;0;1;0;0;0;0;0;0;0;2;0;0;0
"20/07/2025";"16:44:28";"101";"Sem vítima";"60,000";"BR-290/RS";"Crescente";"Colisão traseira";2;0;0;0;0;0;0;0;0;0;6;0;0;0;0
"20/07/2025";"18:00:27";"122";"Sem vítima";"426,000";"BR-386/RS";"Crescente";"Engavetamento";4;0;0;0;0;0;0;0;0;0;9;0;0;0;0
"20/07/2025";"18:34:53";"132";"Com vítima";"386,000";"BR-386/RS";"Decrescente";"Colisão lateral no mesmo sentido";0;0;0;1;0;0;0;0;0;0;0;0;0;1;0
"20/07/2025";"19:18:51";"142";"Sem vítima";"435,000";"BR-386/RS";"Crescente";"Colisão lateral no mesmo sentido";2;0;0;0;0;0;0;0;0;0;2;0;0;0;0
"20/07/2025";"19:56:00";"147";"Sem vítima";"349,000";"BR-386/RS";"Crescente";"Colisão traseira";1;0;0;0;0;0;0;0;0;0;2;0;0;0;0
"20/07/2025";"22:03:20";"163";"Com vítima";"210,000";"BR-386/RS";"Crescente";"Capotamento";1;0;0;0;0;0;0;0;0;0;3;1;0;0;0
"20/07/2025";"22:17:41";"166";"Sem vítima";"405,000";"BR-386/RS";"Crescente";"Choque";1;0;0;0;0;0;0;0;0;0;2;0;0;0;0
"21/07/2025";"04:49:31";"13";"Com vítima";"43,200";"BR-290/RS";"Decrescente";"Colisão traseira";2;0;0;0;0;0;0;0;0;0;2;0;1;0;0
"21/07/2025";"06:47:03";"35";"Com vítima";"96,000";"BR-290/RS";"Crescente";"Colisão traseira";1;0;0;1;0;0;0;0;0;0;1;0;1;0;0
"21/07/2025";"08:39:32";"86";"Sem vítima";"390,000";"BR-386/RS";"Decrescente";"Colisão lateral no mesmo sentido";1;0;0;0;0;0;0;0;0;0;1;0;0;0;0
"21/07/2025";"10:23:09";"115";"Com vítima";"21,000";"BR-448/RS";"Crescente";"Saída de pista";1;0;0;0;0;0;0;0;0;0;0;3;0;0;0
"21/07/2025";"11:05:53";"127";"Sem vítima";"61,000";"BR-290/RS";"Crescente";"Tombamento";0;0;1;0;0;0;0;0;0;0;1;0;0;0;0
"21/07/2025";"11:58:03";"140";"Sem vítima";"250,000";"BR-386/RS";"Crescente";"Engavetamento";3;0;0;0;0;0;0;0;0;0;10;0;0;0;0
"21/07/2025";"14:54:39";"178";"Com vítima";"437,000";"BR-386/RS";"Decrescente";"Colisão lateral no mesmo sentido";1;0;1;0;0;0;0;0;0;0;2;1;0;0;0
"21/07/2025";"17:30:35";"197";"Sem vítima";"256,000";"BR-386/RS";"Decrescente";"Engavetamento";3;0;1;0;0;0;0;0;0;0;9;0;0;0;0
"21/07/2025";"18:01:07";"201";"Com vítima";"82,000";"BR-101/RS";"Crescente";"Colisão traseira";1;0;0;0;0;0;0;0;0;0;0;1;0;0;0
"21/07/2025";"18:16:00";"204";"Com vítima";"246,000";"BR-386/RS";"Decrescente";"Choque";1;0;0;0;0;0;0;0;0;0;0;1;0;0;0
"22/07/2025";"05:30:37";"6";"Sem vítima";"47,000";"BR-101/RS";"Crescente";"Choque";0;0;1;0;0;0;0;0;0;0;1;0;0;0;0
"22/07/2025";"06:06:46";"7";"Sem vítima";"209,000";"BR-386/RS";"Crescente";"Atropelamento de animal";1;0;0;0;0;0;0;0;0;0;4;0;0;0;0
"22/07/2025";"09:12:53";"103";"Sem vítima";"242,000";"BR-386/RS";"Crescente";"Colisão lateral no mesmo sentido";1;0;1;0;0;0;0;0;0;0;3;0;0;0;0
"22/07/2025";"10:50:56";"124";"Com vítima";"94,000";"BR-290/RS";"Decrescente";"Tombamento";0;0;1;0;0;0;0;0;0;0;0;1;0;0;0
"22/07/2025";"13:17:43";"145";"Sem vítima";"251,000";"BR-386/RS";"Decrescente";"Colisão transversal";1;0;0;0;0;0;0;1;0;0;2;0;0;0;0
"22/07/2025";"16:18:54";"173";"Com vítima";"437,000";"BR-386/RS";"Crescente";"Colisão lateral no mesmo sentido";0;0;1;1;0;0;0;0;0;0;1;0;1;0;0
"22/07/2025";"17:36:03";"179";"Com vítima";"388,000";"BR-386/RS";"Decrescente";"Colisão lateral no mesmo sentido";1;0;0;1;0;0;0;0;0;0;1;0;1;0;0
"22/07/2025";"17:36:36";"178";"Sem vítima";"94,000";"BR-290/RS";"Decrescente";"Colisão lateral no mesmo sentido";1;0;1;0;0;0;0;0;0;0;2;0;0;0;0
"22/07/2025";"22:01:15";"202";"Com vítima";"278,000";"BR-386/RS";"Crescente";"Colisão frontal";1;0;1;0;0;0;0;0;0;0;0;1;0;0;1
"23/07/2025";"06:27:11";"28";"Sem vítima";"434,000";"BR-386/RS";"Decrescente";"Colisão lateral no mesmo sentido";1;0;1;0;0;0;0;0;0;0;2;0;0;0;0
"23/07/2025";"06:44:07";"31";"Com vítima";"72,000";"BR-101/RS";"Decrescente";"Acidentes de outra natureza";1;0;0;0;0;0;0;0;0;0;1;0;1;0;0
"23/07/2025";"09:17:14";"92";"Com vítima";"66,000";"BR-101/RS";"Crescente";"Colisão frontal";2;0;0;0;0;0;0;0;0;0;1;1;0;0;0
"23/07/2025";"12:12:21";"129";"Sem vítima";"350,000";"BR-386/RS";"Decrescente";"Colisão lateral no mesmo sentido";1;0;0;0;0;0;0;0;0;0;1;0;0;0;0
"23/07/2025";"14:50:15";"159";"Sem vítima";"251,000";"BR-386/RS";"Crescente";"Colisão lateral no mesmo sentido";1;0;1;0;0;0;0;0;0;0;2;0;0;0;0
"23/07/2025";"18:11:57";"191";"Com vítima";"234,100";"BR-386/RS";"Crescente";"Colisão frontal";1;0;1;0;0;0;0;0;0;0;0;0;1;0;1
"23/07/2025";"21:09:58";"228";"Sem vítima";"85,400";"BR-290/RS";"Crescente";"Colisão lateral no mesmo sentido";1;0;1;0;0;0;0;0;0;0;2;0;0;0;0
"23/07/2025";"21:43:41";"231";"Sem vítima";"429,000";"BR-386/RS";"Crescente";"Saída de pista";1;0;0;0;0;0;0;0;0;0;1;0;0;0;0
"24/07/2025";"08:10:25";"74";"Sem vítima";"429,000";"BR-386/RS";"Crescente";"Choque";1;0;0;0;0;0;0;0;0;0;1;0;0;0;0
"24/07/2025";"08:48:25";"91";"Sem vítima";"94,000";"BR-290/RS";"Decrescente";"Saída de pista";1;0;0;0;0;0;0;0;0;0;1;0;0;0;0
"24/07/2025";"16:50:17";"207";"Sem vítima";"437,000";"BR-386/RS";"Decrescente";"Colisão traseira";2;0;0;0;0;0;0;0;0;0;2;0;0;0;0
"24/07/2025";"22:10:32";"250";"Com vítima";"401,000";"BR-386/RS";"Decrescente";"Saída de pista";1;0;0;0;0;0;0;0;0;0;1;0;4;0;0
"25/07/2025";"02:29:55";"4";"Com vítima";"237,000";"BR-386/RS";"Decrescente";"Capotamento";1;0;0;0;0;0;0;0;0;0;0;1;1;0;0
"25/07/2025";"06:06:00";"8";"Sem vítima";"360,000";"BR-386/RS";"Decrescente";"Saída de pista";1;0;0;0;0;0;0;0;0;0;1;0;0;0;0
"25/07/2025";"06:57:08";"41";"Sem vítima";"92,000";"BR-290/RS";"Decrescente";"Colisão transversal";2;0;0;0;0;0;0;0;0;0;3;0;0;0;0
"25/07/2025";"11:08:38";"150";"Sem vítima";"376,000";"BR-386/RS";"Crescente";"Colisão lateral no mesmo sentido";1;0;0;0;0;0;0;0;0;0;1;0;0;0;0
"25/07/2025";"13:24:19";"172";"Sem vítima";"431,000";"BR-386/RS";"Decrescente";"Colisão traseira";2;0;0;0;0;0;0;0;0;0;2;0;0;0;0
"25/07/2025";"22:08:46";"275";"Sem vítima";"52,000";"BR-101/RS";"Decrescente";"Saída de pista";0;0;1;0;0;0;0;0;0;0;1;0;0;0;0
"26/07/2025";"07:18:10";"49";"Sem vítima";"50,500";"BR-290/RS";"Decrescente";"Capotamento";1;0;0;0;0;0;0;0;0;0;4;0;0;0;0
"26/07/2025";"08:54:28";"76";"Sem vítima";"15,700";"BR-290/RS";"Decrescente";"Choque";1;0;0;0;0;0;0;0;0;0;3;0;0;0;0
"26/07/2025";"12:46:56";"106";"Com vítima";"351,000";"BR-386/RS";"Decrescente";"Colisão traseira";1;0;0;2;0;0;0;0;0;0;2;1;0;0;0
"26/07/2025";"16:36:59";"148";"Sem vítima";"74,800";"BR-290/RS";"Decrescente";"Choque";1;0;0;0;0;0;0;0;0;0;3;0;0;0;0
"26/07/2025";"20:09:04";"181";"Sem vítima";"67,000";"BR-290/RS";"Crescente";"Saída de pista";1;0;0;0;0;0;0;0;0;0;5;0;0;0;0
"26/07/2025";"21:24:05";"198";"Sem vítima";"94,000";"BR-290/RS";"Crescente";"Saída de pista";1;0;0;0;0;0;0;0;0;0;5;0;0;0;0
"26/07/2025";"23:53:42";"203";"Sem vítima";"85,000";"BR-290/RS";"Decrescente";"Saída de pista";1;0;0;0;0;0;0;0;0;0;2;0;0;0;0
"26/07/2025";"23:54:08";"204";"Sem vítima";"353,000";"BR-386/RS";"Decrescente";"Saída de pista";1;0;0;0;0;0;0;0;0;0;2;0;0;0;0
"27/07/2025";"03:23:23";"7";"Sem vítima";"332,000";"BR-386/RS";"Crescente";"Colisão traseira";1;0;0;0;0;0;0;0;0;0;1;0;0;0;0
"27/07/2025";"05:21:29";"13";"Sem vítima";"350,000";"BR-386/RS";"Crescente";"Capotamento";1;0;0;0;0;0;0;0;0;0;1;0;0;0;0
"27/07/2025";"05:54:45";"16";"Sem vítima";"21,600";"BR-448/RS";"Decrescente";"Saída de pista";1;0;0;0;0;0;0;0;0;0;1;0;0;0;0
"27/07/2025";"07:18:57";"21";"Sem vítima";"80,000";"BR-290/RS";"Decrescente";"Choque";1;0;0;0;0;0;0;0;0;0;1;0;0;0;0
"27/07/2025";"10:04:17";"36";"Com vítima";"411,000";"BR-386/RS";"Decrescente";"Saída de pista";1;0;0;0;0;0;0;0;0;0;0;2;0;0;0
"27/07/2025";"10:43:15";"42";"Sem vítima";"10,800";"BR-290/RS";"Decrescente";"Atropelamento de animal";1;0;0;0;0;0;0;0;0;0;4;0;0;0;0
"27/07/2025";"11:05:41";"44";"Sem vítima";"25,000";"BR-290/RS";"Crescente";"Colisão lateral no mesmo sentido";2;0;0;0;0;0;0;0;0;0;6;0;0;0;0
"27/07/2025";"12:05:10";"53";"Com vítima";"355,000";"BR-386/RS";"Decrescente";"Saída de pista";1;0;0;0;0;0;0;0;0;0;0;0;1;0;0
"27/07/2025";"12:52:47";"59";"Com vítima";"411,000";"BR-386/RS";"Decrescente";"Choque";1;0;0;0;0;0;0;0;0;0;0;1;0;0;0
"27/07/2025";"14:19:42";"68";"Sem vítima";"379,000";"BR-386/RS";"Crescente";"Saída de pista";1;0;0;0;0;0;0;0;0;0;4;0;0;0;0
"27/07/2025";"14:33:56";"70";"Sem vítima";"307,000";"BR-386/RS";"Crescente";"Saída de pista";1;0;0;0;0;0;0;0;0;0;3;0;0;0;0
"27/07/2025";"15:00:46";"77";"Sem vítima";"306,000";"BR-386/RS";"Crescente";"Saída de pista";1;0;0;0;0;0;0;0;0;0;1;0;0;0;0
"27/07/2025";"15:14:37";"79";"Sem vítima";"1,000";"BR-290/RS";"Crescente";"Saída de pista";1;0;0;0;0;0;0;0;0;0;1;0;0;0;0
"27/07/2025";"15:22:15";"81";"Sem vítima";"306,000";"BR-386/RS";"Decrescente";"Colisão traseira";1;0;0;0;0;0;0;0;0;0;3;0;0;0;0
"27/07/2025";"15:24:59";"82";"Sem vítima";"426,000";"BR-386/RS";"Crescente";"Engavetamento";3;0;0;0;0;0;0;0;0;0;11;0;0;0;0