data;horario;n_da_ocorrencia;tipo_de_ocorrencia;km;trecho;sentido;tipo_de_acidente;automovel;bicicleta;caminhao;moto;onibus;outros;tracao_animal;transporte_de_cargas_especiais;trator_maquinas;utilitarios;ilesos;levemente_feridos;moderadamente_feridos;gravemente_feridos;mortos
"27/07/2025";"16:16:02";"95";"Sem vítima";"86,000";"BR-290/RS";"Crescente";"Choque";1;0;0;0;0;0;0;0;0;0;4;0;0;0;0
"27/07/2025";"16:16:03";"96";"Sem vítima";"307,000";"BR-386/RS";"Crescente";"Saída de pista";1;0;0;0;0;0;0;0;0;0;1;0;0;0;0
"27/07/2025";"16:39:06";"101";"Sem vítima";"421,000";"BR-386/RS";"Decrescente";"Tombamento";1;0;0;0;0;0;0;0;0;0;1;0;0;0;0
"27/07/2025";"17:39:27";"119";"Sem vítima";"309,000";"BR-386/RS";"Decrescente";"Colisão traseira";1;0;0;0;0;0;0;0;0;0;1;0;0;0;0
"27/07/2025";"19:00:39";"131";"Sem vítima";"430,000";"BR-386/RS";"Crescente";"Choque";1;0;0;0;0;0;0;0;0;0;1;0;0;0;0
"27/07/2025";"19:14:20";"136";"Sem vítima";"19,000";"BR-290/RS";"Crescente";"Colisão lateral no mesmo sentido";1;0;0;0;0;0;0;0;0;0;1;0;0;0;0
"27/07/2025";"20:47:53";"150";"Sem vítima";"307,000";"BR-386/RS";"Crescente";"Choque";1;0;0;0;0;0;0;0;0;0;3;0;0;0;0
"27/07/2025";"22:30:12";"165";"Sem vítima";"19,000";"BR-290/RS";"Crescente";"Saída de pista";1;0;0;0;0;0;0;0;0;0;2;0;0;0;0
"27/07/2025";"22:31:33";"166";"Sem vítima";"2,000";"BR-101/RS";"Decrescente";"Saída de pista";1;0;0;0;0;0;0;0;0;0;1;0;0;0;0
"27/07/2025";"22:51:45";"169";"Sem vítima";"38,000";"BR-290/RS";"Decrescente";"Saída de pista";1;0;0;0;0;0;0;0;0;0;3;0;0;0;0
"28/07/2025";"09:25:57";"72";"Com vítima";"80,000";"BR-290/RS";"Decrescente";"Saída de pista";0;0;1;0;0;0;0;0;0;0;1;0;2;0;0
"28/07/2025";"15:25:21";"144";"Sem vítima";"406,000";"BR-386/RS";"Crescente";"Saída de pista";1;0;0;0;0;0;0;0;0;0;1;0;0;0;0
"28/07/2025";"15:51:14";"148";"Com vítima";"19,000";"BR-290/RS";"Crescente";"Capotamento";1;0;0;0;0;0;0;0;0;0;0;1;0;0;0
"28/07/2025";"16:20:28";"158";"Com vítima";"421,000";"BR-386/RS";"Decrescente";"Queda de moto";0;0;0;1;0;0;0;0;0;0;0;0;1;0;0
"29/07/2025";"04:17:25";"4";"Com vítima";"293,600";"BR-386/RS";"Decrescente";"Acidentes de outra natureza";1;0;0;0;0;0;0;0;0;0;0;2;0;0;0
"29/07/2025";"16:52:56";"212";"Sem vítima";"92,000";"BR-290/RS";"Decrescente";"Colisão traseira";1;0;0;0;0;0;0;0;0;0;1;0;0;0;0
"29/07/2025";"17:13:19";"214";"Sem vítima";"234,000";"BR-386/RS";"Decrescente";"Colisão traseira";2;0;0;0;0;0;0;0;0;0;5;0;0;0;0
"29/07/2025";"17:47:38";"220";"Sem vítima";"92,000";"BR-290/RS";"Decrescente";"Colisão traseira";2;0;0;0;0;0;0;0;0;0;3;0;0;0;0
"29/07/2025";"22:26:44";"247";"Com vítima";"442,000";"BR-386/RS";"Crescente";"Colisão transversal";2;0;0;0;0;0;0;0;0;0;2;0;1;0;0
"30/07/2025";"07:26:46";"57";"Sem vítima";"426,000";"BR-386/RS";"Crescente";"Colisão traseira";1;0;1;0;0;0;0;0;0;0;3;0;0;0;0
"30/07/2025";"08:32:57";"100";"Sem vítima";"425,000";"BR-386/RS";"Crescente";"Colisão lateral no mesmo sentido";0;0;2;0;0;0;0;0;0;0;4;0;0;0;0
"30/07/2025";"11:18:39";"156";"Sem vítima";"262,000";"BR-386/RS";"Decrescente";"Colisão transversal";1;0;1;0;0;0;0;0;0;0;3;0;0;0;0
"30/07/2025";"12:52:02";"164";"Sem vítima";"431,000";"BR-386/RS";"Crescente";"Colisão lateral no mesmo sentido";1;0;1;0;0;0;0;0;0;0;5;0;0;0;0
"30/07/2025";"13:33:05";"172";"Com vítima";"92,150";"BR-290/RS";"Crescente";"Colisão transversal";1;0;0;1;0;0;0;0;0;0;3;1;0;0;0
"30/07/2025";"17:40:19";"217";"Sem vítima";"349,000";"BR-386/RS";"Crescente";"Colisão lateral no mesmo sentido";1;0;1;0;0;0;0;0;0;0;2;0;0;0;0
"30/07/2025";"21:07:48";"239";"Sem vítima";"360,000";"BR-386/RS";"Crescente";"Choque";1;0;0;0;0;0;0;0;0;0;2;0;0;0;0
"31/07/2025";"01:44:00";"3";"Sem vítima";"86,000";"BR-290/RS";"Crescente";"Saída de pista";1;0;0;0;0;0;0;0;0;0;1;0;0;0;0
"31/07/2025";"07:20:32";"51";"Com vítima";"86,900";"BR-290/RS";"Decrescente";"Colisão transversal";0;0;0;1;0;0;0;0;0;0;0;0;1;0;0
"31/07/2025";"07:39:35";"58";"Sem vítima";"19,000";"BR-290/RS";"Crescente";"Colisão traseira";1;0;1;0;0;0;0;0;0;0;5;0;0;0;0
"31/07/2025";"11:50:48";"146";"Sem vítima";"248,000";"BR-386/RS";"Crescente";"Colisão traseira";1;0;0;0;0;0;0;0;0;0;4;0;0;0;0
"31/07/2025";"14:06:39";"175";"Sem vítima";"8,000";"BR-290/RS";"Crescente";"Colisão lateral no mesmo sentido";1;0;1;0;0;0;0;0;0;0;2;0;0;0;0
"31/07/2025";"16:09:36";"202";"Sem vítima";"342,000";"BR-386/RS";"Decrescente";"Colisão traseira";2;0;0;0;0;0;0;0;0;0;4;0;0;0;0
"31/07/2025";"16:37:06";"209";"Com vítima";"180,000";"BR-386/RS";"Crescente";"Colisão lateral no mesmo sentido";2;0;1;0;0;0;0;0;0;0;2;1;0;0;0
"31/07/2025";"18:02:27";"224";"Sem vítima";"60,000";"BR-290/RS";"Crescente";"Colisão traseira";2;0;0;0;0;0;0;0;0;0;4;0;0;0;0
"31/07/2025";"18:34:20";"230";"Com vítima";"93,000";"BR-290/RS";"Decrescente";"Colisão traseira";1;0;0;1;0;0;0;0;0;0;1;0;2;0;0
"31/07/2025";"19:14:45";"240";"Sem vítima";"302,000";"BR-386/RS";"Crescente";"Colisão lateral no mesmo sentido";1;0;1;0;0;0;0;0;0;0;3;0;0;0;0
"31/07/2025";"19:50:19";"246";"Sem vítima";"23,000";"BR-101/RS";"Crescente";"Colisão traseira";1;0;1;0;0;0;0;0;0;0;2;0;0;0;0
"31/07/2025";"22:51:44";"267";"Com vítima";"68,000";"BR-290/RS";"Crescente";"Colisão lateral no mesmo sentido";1;0;0;1;0;0;0;0;0;0;1;0;2;0;0
"01/08/2025";"07:06:15";"37";"Sem vítima";"92,000";"BR-290/RS";"Decrescente";"Engavetamento";3;0;0;0;0;0;0;0;0;0;7;0;0;0;0
"01/08/2025";"11:56:05";"172";"Sem vítima";"432,000";"BR-386/RS";"Decrescente";"Colisão lateral no mesmo sentido";1;0;1;0;0;0;0;0;0;0;4;0;0;0;0
"01/08/2025";"14:36:09";"200";"Sem vítima";"94,200";"BR-290/RS";"Crescente";"Colisão traseira";2;0;0;0;0;0;0;0;0;0;2;0;0;0;0
"01/08/2025";"15:43:51";"220";"Sem vítima";"434,000";"BR-386/RS";"Crescente";"Colisão traseira";2;0;0;0;0;0;0;0;0;0;7;0;0;0;0
"01/08/2025";"17:59:13";"249";"Sem vítima";"350,000";"BR-386/RS";"Decrescente";"Colisão traseira";1;0;1;0;0;0;0;0;0;0;2;0;0;0;0
"01/08/2025";"20:01:13";"270";"Com vítima";"53,000";"BR-290/RS";"Crescente";"Engavetamento";4;0;0;0;0;0;0;0;0;0;13;0;1;0;0
"01/08/2025";"22:04:39";"289";"Com vítima";"249,000";"BR-386/RS";"Decrescente";"Colisão traseira";1;0;1;0;0;0;0;0;0;0;1;0;1;0;0
"02/08/2025";"01:48:08";"7";"Sem vítima";"333,000";"BR-386/RS";"Decrescente";"Choque";0;0;1;0;0;0;0;0;0;0;1;0;0;0;0
"02/08/2025";"15:44:13";"113";"Com vítima";"261,000";"BR-386/RS";"Decrescente";"Colisão lateral no mesmo sentido";2;0;0;0;0;0;0;0;0;0;2;1;0;0;0
"03/08/2025";"04:27:56";"11";"Sem vítima";"94,170";"BR-290/RS";"Decrescente";"Choque";1;0;0;0;0;0;0;0;0;0;1;0;0;0;0
"03/08/2025";"05:14:50";"14";"Sem vítima";"85,000";"BR-290/RS";"Decrescente";"Choque";1;0;0;0;0;0;0;0;0;0;2;0;0;0;0
"03/08/2025";"06:07:55";"20";"Sem vítima";"84,000";"BR-290/RS";"Crescente";"Queda de moto";0;0;0;1;0;0;0;0;0;0;1;0;0;0;0
"03/08/2025";"07:03:02";"25";"Sem vítima";"188,000";"BR-386/RS";"Decrescente";"Atropelamento de animal";1;0;0;0;0;0;0;0;0;0;1;0;0;0;0
"03/08/2025";"08:06:53";"32";"Sem vítima";"276,000";"BR-386/RS";"Decrescente";"Capotamento";1;0;0;0;0;0;0;0;0;0;1;0;0;0;0
"03/08/2025";"08:56:55";"37";"Sem vítima";"398,000";"BR-386/RS";"Crescente";"Choque";1;0;0;0;0;0;0;0;0;0;5;0;0;0;0
"03/08/2025";"09:05:46";"38";"Com vítima";"306,000";"BR-386/RS";"Decrescente";"Colisão lateral no mesmo sentido";1;0;1;0;0;0;0;0;0;0;1;5;0;0;0
"03/08/2025";"09:54:14";"45";"Sem vítima";"78,000";"BR-290/RS";"Crescente";"Capotamento";1;0;0;0;0;0;0;0;0;0;2;0;0;0;0
"03/08/2025";"10:20:59";"51";"Sem vítima";"64,000";"BR-290/RS";"Crescente";"Capotamento";1;0;0;0;0;0;0;0;0;0;1;0;0;0;0
"03/08/2025";"10:30:13";"54";"Com vítima";"11,000";"BR-290/RS";"Decrescente";"Capotamento";1;0;0;0;0;0;0;0;0;0;0;1;0;0;0
"03/08/2025";"11:59:35";"67";"Sem vítima";"24,000";"BR-290/RS";"Crescente";"Saída de pista";1;0;0;0;0;0;0;0;0;0;1;0;0;0;0
"03/08/2025";"15:56:10";"115";"Sem vítima";"14,000";"BR-101/RS";"Crescente";"Colisão traseira";1;0;0;1;0;0;0;0;0;0;2;0;0;0;0
"03/08/2025";"16:14:46";"119";"Sem vítima";"320,000";"BR-386/RS";"Decrescente";"Tombamento";0;0;1;0;0;0;0;0;0;0;3;0;0;0;0
"03/08/2025";"16:18:30";"122";"Com vítima";"362,000";"BR-386/RS";"Crescente";"Colisão lateral no mesmo sentido";1;0;1;0;0;0;0;0;0;0;2;2;0;0;0
"03/08/2025";"17:54:32";"134";"Sem vítima";"262,000";"BR-386/RS";"Crescente";"Colisão lateral no mesmo sentido";1;0;1;0;0;0;0;0;0;0;3;0;0;0;0
"03/08/2025";"23:05:58";"172";"Sem vítima";"87,000";"BR-290/RS";"Decrescente";"Colisão traseira";2;0;0;0;0;0;0;0;0;0;6;0;0;0;0
"04/08/2025";"06:38:50";"28";"Com vítima";"76,400";"BR-101/RS";"Crescente";"Tombamento";0;0;1;0;0;0;0;0;0;0;0;0;1;0;0
"04/08/2025";"06:57:15";"34";"Sem vítima";"396,000";"BR-386/RS";"Decrescente";"Engavetamento";3;0;0;0;0;0;0;0;0;0;8;0;0;0;0
"04/08/2025";"07:04:52";"35";"Sem vítima";"355,000";"BR-386/RS";"Decrescente";"Saída de pista";1;0;0;0;0;0;0;0;0;0;1;0;0;0;0
"04/08/2025";"08:42:59";"77";"Com vítima";"40,000";"BR-101/RS";"Crescente";"Colisão transversal";1;0;0;0;0;0;0;0;0;0;3;1;0;0;0
"04/08/2025";"08:46:43";"78";"Com vítima";"307,000";"BR-386/RS";"Decrescente";"Colisão transversal";2;0;1;0;0;0;0;0;0;0;9;0;2;0;0
"04/08/2025";"09:34:31";"84";"Sem vítima";"429,000";"BR-386/RS";"Decrescente";"Colisão traseira";0;0;2;0;0;0;0;0;0;0;2;0;0;0;0
"04/08/2025";"09:59:59";"86";"Sem vítima";"48,000";"BR-290/RS";"Crescente";"Colisão traseira";2;0;0;0;0;0;0;0;0;0;2;0;0;0;0
"04/08/2025";"12:31:42";"107";"Sem vítima";"79,500";"BR-290/RS";"Crescente";"Saída de pista";1;0;0;0;0;0;0;0;0;0;1;0;0;0;0
"04/08/2025";"16:55:58";"138";"Sem vítima";"19,000";"BR-290/RS";"Crescente";"Tombamento";1;0;0;0;0;0;0;0;0;0;2;0;0;0;0
"04/08/2025";"17:00:35";"141";"Sem vítima";"397,000";"BR-386/RS";"Decrescente";"Colisão lateral no mesmo sentido";2;0;0;0;0;0;0;0;0;0;4;0;0;0;0
"04/08/2025";"18:28:52";"152";"Sem vítima";"272,000";"BR-386/RS";"Decrescente";"Colisão traseira";2;0;0;0;0;0;0;0;0;0;2;0;0;0;0
"04/08/2025";"19:22:59";"158";"Sem vítima";"411,000";"BR-386/RS";"Decrescente";"Tombamento";1;0;0;0;0;0;0;0;0;0;2;0;0;0;0
"04/08/2025";"21:12:27";"177";"Sem vítima";"226,000";"BR-386/RS";"Decrescente";"Saída de pista";1;0;0;0;0;0;0;0;0;0;2;0;0;0;0
"04/08/2025";"21:47:35";"182";"Sem vítima";"69,000";"BR-290/RS";"Crescente";"Saída de pista";1;0;0;0;0;0;0;0;0;0;4;0;0;0;0
"04/08/2025";"23:42:11";"194";"Sem vítima";"213,000";"BR-386/RS";"Decrescente";"Colisão traseira";0;0;1;0;0;0;0;0;0;0;1;0;0;0;0
"05/08/2025";"07:09:45";"42";"Sem vítima";"418,000";"BR-386/RS";"Crescente";"Saída de pista";1;0;0;0;0;0;0;0;0;0;2;0;0;0;0
"05/08/2025";"07:58:43";"63";"Sem vítima";"306,000";"BR-386/RS";"Crescente";"Choque";1;0;0;0;0;0;0;0;0;0;1;0;0;0;0
"05/08/2025";"08:51:45";"98";"Sem vítima";"306,000";"BR-386/RS";"Decrescente";"Saída de pista";1;0;0;0;0;0;0;0;0;0;5;0;0;0;0
"05/08/2025";"18:24:15";"224";"Sem vítima";"348,000";"BR-386/RS";"Decrescente";"Colisão traseira";3;0;0;0;0;0;0;0;0;0;4;0;0;0;0
"05/08/2025";"18:37:02";"227";"Sem vítima";"80,000";"BR-290/RS";"Decrescente";"Engavetamento";2;0;0;0;0;0;0;0;0;0;2;0;0;0;0
"06/08/2025";"01:25:24";"3";"Com vítima";"81,000";"BR-290/RS";"Decrescente";"Atropelamento de animal";1;0;0;0;0;0;0;0;0;0;0;0;1;0;0
"06/08/2025";"08:06:43";"78";"Com vítima";"356,000";"BR-386/RS";"Crescente";"Colisão lateral no mesmo sentido";2;0;0;0;0;0;0;0;0;0;0;0;1;0;0
"06/08/2025";"10:12:41";"138";"Sem vítima";"435,000";"BR-386/RS";"Crescente";"Colisão traseira";1;0;1;0;0;0;0;0;0;0;2;0;0;0;0
"06/08/2025";"13:44:42";"190";"Com vítima";"295,000";"BR-386/RS";"Decrescente";"Engavetamento";3;0;3;0;0;0;0;0;0;0;7;1;1;0;0
"06/08/2025";"20:45:39";"240";"Com vítima";"359,000";"BR-386/RS";"Decrescente";"Atropelamento de pedestre";0;0;0;1;0;0;0;0;0;0;0;0;0;1;1
"07/08/2025";"05:38:22";"11";"Sem vítima";"89,000";"BR-290/RS";"Decrescente";"Capotamento";1;0;0;0;0;0;0;0;0;0;2;0;0;0;0
"07/08/2025";"12:10:42";"130";"Com vítima";"48,000";"BR-101/RS";"Crescente";"Saída de pista";0;0;1;0;0;0;0;0;0;0;0;1;0;0;0
"07/08/2025";"13:09:29";"140";"Sem vítima";"436,000";"BR-386/RS";"Decrescente";"Colisão lateral no mesmo sentido";3;0;0;0;0;0;0;0;0;0;4;0;0;0;0
"07/08/2025";"19:04:34";"201";"Sem vítima";"90,000";"BR-290/RS";"Decrescente";"Engavetamento";4;0;1;0;0;0;0;0;0;0;5;0;0;0;0
"07/08/2025";"19:07:15";"202";"Sem vítima";"69,000";"BR-290/RS";"Decrescente";"Saída de pista";1;0;0;0;0;0;0;0;0;0;2;0;0;0;0
"07/08/2025";"19:45:04";"207";"Sem vítima";"392,000";"BR-386/RS";"Decrescente";"Saída de pista";1;0;0;0;0;0;0;0;0;0;3;0;0;0;0
"08/08/2025";"04:52:00";"18";"Com vítima";"356,000";"BR-386/RS";"Crescente";"Choque";1;0;0;0;0;0;0;0;0;0;0;1;0;0;0
"08/08/2025";"08:05:08";"50";"Sem vítima";"252,000";"BR-386/RS";"Crescente";"Capotamento";1;0;0;0;0;0;0;0;0;0;4;0;0;0;0
"08/08/2025";"08:10:11";"53";"Com vítima";"84,000";"BR-290/RS";"Crescente";"Colisão traseira";4;0;0;0;0;0;0;0;0;0;3;1;1;0;0
"08/08/2025";"08:40:38";"67";"Com vítima";"18,500";"BR-448/RS";"Decrescente";"Choque";1;0;0;0;0;0;0;0;0;0;0;0;1;0;0
"08/08/2025";"08:56:29";"72";"Sem vítima";"46,000";"BR-290/RS";"Crescente";"Choque";1;0;0;0;0;0;0;0;0;0;4;0;0;0;0
"08/08/2025";"10:21:56";"95";"Sem vítima";"434,600";"BR-386/RS";"Crescente";"Choque";1;0;0;0;0;0;0;0;0;0;1;0;0;0;0
"09/08/2025";"02:09:02";"7";"Sem vítima";"382,000";"BR-386/RS";"Crescente";"Saída de pista";0;0;1;0;0;0;0;0;0;0;1;0;0;0;0
"09/08/2025";"08:15:41";"54";"Sem vítima";"403,000";"BR-386/RS";"Decrescente";"Colisão traseira";2;0;0;0;0;0;0;0;0;0;10;0;0;0;0
"09/08/2025";"10:00:30";"83";"Sem vítima";"432,000";"BR-386/RS";"Decrescente";"Colisão transversal";2;0;0;0;0;0;0;0;0;0;4;0;0;0;0
"09/08/2025";"19:44:40";"153";"Sem vítima";"350,000";"BR-386/RS";"Decrescente";"Colisão lateral no mesmo sentido";2;0;0;0;0;0;0;0;0;0;3;0;0;0;0
"10/08/2025";"05:42:34";"22";"Sem vítima";"350,000";"BR-386/RS";"Decrescente";"Atropelamento de animal";1;0;0;0;0;0;0;0;0;0;1;0;0;0;0
"10/08/2025";"12:37:26";"67";"Com vítima";"304,000";"BR-386/RS";"Decrescente";"Colisão transversal";3;0;0;0;0;0;0;0;0;0;6;1;0;0;0
"10/08/2025";"17:14:43";"91";"Sem vítima";"26,000";"BR-290/RS";"Decrescente";"Colisão traseira";2;0;0;0;0;0;0;0;0;0;2;0;0;0;0
"10/08/2025";"18:05:14";"99";"Sem vítima";"86,000";"BR-101/RS";"Crescente";"Colisão traseira";2;0;0;0;0;0;0;0;0;0;2;0;0;0;0
"10/08/2025";"19:14:57";"119";"Sem vítima";"92,000";"BR-290/RS";"Crescente";"Engavetamento";4;0;0;0;0;0;0;0;0;0;8;0;0;0;0
"10/08/2025";"19:28:54";"120";"Sem vítima";"92,000";"BR-290/RS";"Crescente";"Colisão traseira";1;0;0;0;0;0;0;0;0;0;1;0;0;0;0
"10/08/2025";"20:13:49";"134";"Com vítima";"19,000";"BR-101/RS";"Crescente";"Colisão frontal";2;0;0;0;0;0;0;0;0;0;1;0;0;1;0
"10/08/2025";"20:24:37";"137";"Com vítima";"273,000";"BR-386/RS";"Crescente";"Colisão traseira";2;0;1;0;0;0;0;0;0;0;1;0;1;1;0
"11/08/2025";"02:24:32";"8";"Com vítima";"333,000";"BR-386/RS";"Decrescente";"Saída de pista";1;0;0;0;0;0;0;0;0;0;0;1;0;0;0
"11/08/2025";"03:09:38";"12";"Sem vítima";"60,000";"BR-290/RS";"Crescente";"Saída de pista";1;0;0;0;0;0;0;0;0;0;3;0;0;0;0
"11/08/2025";"07:22:01";"41";"Sem vítima";"262,000";"BR-386/RS";"Crescente";"Colisão traseira";2;0;0;0;0;0;0;0;0;0;6;0;0;0;0
"11/08/2025";"08:00:14";"61";"Com vítima";"95,000";"BR-290/RS";"Crescente";"Colisão lateral no mesmo sentido";1;0;0;1;0;0;0;0;0;0;5;1;0;0;0
"11/08/2025";"09:00:07";"90";"Sem vítima";"426,000";"BR-386/RS";"Crescente";"Colisão traseira";1;0;1;0;0;0;0;0;0;0;3;0;0;0;0
"11/08/2025";"11:10:17";"135";"Sem vítima";"428,000";"BR-386/RS";"Decrescente";"Colisão traseira";1;0;0;0;0;0;0;0;0;0;2;0;0;0;0
"11/08/2025";"15:08:18";"163";"Com vítima";"345,000";"BR-386/RS";"Crescente";"Colisão lateral no mesmo sentido";0;0;0;1;0;0;0;0;0;0;0;0;1;0;0
"11/08/2025";"17:58:36";"191";"Sem vítima";"60,960";"BR-101/RS";"Decrescente";"Saída de pista";1;0;0;0;0;0;0;0;0;0;1;0;0;0;0
"11/08/2025";"20:08:03";"210";"Com vítima";"282,600";"BR-386/RS";"Decrescente";"Colisão transversal";1;0;1;0;0;0;0;0;0;0;1;0;1;0;0
"11/08/2025";"21:16:03";"218";"Com vítima";"68,100";"BR-290/RS";"Decrescente";"Capotamento";1;0;0;0;0;0;0;0;0;0;0;0;0;1;0
"12/08/2025";"05:25:15";"10";"Sem vítima";"398,400";"BR-386/RS";"Crescente";"Saída de pista";1;0;0;0;0;0;0;0;0;0;1;0;0;0;0
"12/08/2025";"18:54:13";"221";"Com vítima";"443,000";"BR-386/RS";"Decrescente";"Colisão transversal";2;0;0;1;0;0;0;0;0;0;2;0;1;0;0
"12/08/2025";"19:38:38";"226";"Com vítima";"367,000";"BR-386/RS";"Crescente";"Colisão transversal";1;0;0;1;0;0;0;0;0;0;1;0;1;0;0
"12/08/2025";"20:13:21";"230";"Sem vítima";"257,800";"BR-386/RS";"Decrescente";"Choque";0;0;1;0;0;0;0;0;0;0;1;0;0;0;0
"13/08/2025";"06:25:11";"12";"Sem vítima";"273,000";"BR-386/RS";"Crescente";"Colisão lateral no mesmo sentido";1;0;0;0;0;0;0;0;0;0;3;0;0;0;0
"13/08/2025";"08:27:07";"74";"Sem vítima";"20,000";"BR-448/RS";"Crescente";"Colisão lateral no mesmo sentido";1;0;0;0;0;0;0;0;0;0;3;0;0;0;0
"13/08/2025";"09:37:02";"113";"Sem vítima";"54,000";"BR-290/RS";"Crescente";"Saída de pista";1;0;0;0;0;0;0;0;0;0;1;0;0;0;0
"13/08/2025";"15:04:43";"162";"Com vítima";"244,000";"BR-386/RS";"Decrescente";"Colisão transversal";2;0;0;0;0;0;0;0;0;0;1;3;0;0;0
"13/08/2025";"15:42:32";"166";"Sem vítima";"245,000";"BR-386/RS";"Decrescente";"Colisão transversal";2;0;0;0;0;0;0;0;0;0;2;0;0;0;0
"13/08/2025";"19:00:53";"196";"Sem vítima";"338,000";"BR-386/RS";"Decrescente";"Colisão lateral no mesmo sentido";1;0;1;0;0;0;0;0;0;0;4;0;0;0;0
"13/08/2025";"20:02:10";"202";"Com vítima";"50,000";"BR-290/RS";"Crescente";"Saída de pista";1;0;0;0;0;0;0;0;0;0;2;2;0;0;0
"14/08/2025";"07:19:38";"49";"Com vítima";"435,000";"BR-386/RS";"Crescente";"Colisão transversal";1;0;1;0;0;0;0;0;0;0;2;0;1;0;0
"14/08/2025";"08:29:51";"83";"Sem vítima";"92,000";"BR-290/RS";"Crescente";"Colisão transversal";2;0;0;0;0;0;0;0;0;0;2;0;0;0;0
"14/08/2025";"12:55:37";"149";"Sem vítima";"245,000";"BR-386/RS";"Decrescente";"Colisão transversal";2;0;1;0;0;0;0;0;0;0;4;0;0;0;0
"14/08/2025";"13:34:21";"155";"Com vítima";"40,000";"BR-101/RS";"Decrescente";"Colisão lateral no mesmo sentido";1;0;0;0;0;0;0;0;0;0;0;1;0;0;0
"14/08/2025";"14:09:13";"159";"Sem vítima";"60,000";"BR-290/RS";"Decrescente";"Colisão traseira";2;0;0;0;0;0;0;0;0;0;4;0;0;0;0
"14/08/2025";"14:21:59";"162";"Sem vítima";"307,000";"BR-386/RS";"Crescente";"Colisão traseira";0;0;2;0;0;0;0;0;0;0;3;0;0;0;0
"14/08/2025";"16:00:19";"176";"Sem vítima";"348,000";"BR-386/RS";"Decrescente";"Colisão traseira";2;0;0;0;0;0;0;0;0;0;3;0;0;0;0
"14/08/2025";"18:09:51";"197";"Com vítima";"88,000";"BR-290/RS";"Decrescente";"Colisão lateral no mesmo sentido";1;0;0;1;0;0;0;0;0;0;1;1;0;0;0
"14/08/2025";"18:14:52";"198";"Com vítima";"79,000";"BR-290/RS";"Decrescente";"Queda de moto";0;0;0;1;0;0;0;0;0;0;1;0;1;0;0
"14/08/2025";"19:33:39";"209";"Sem vítima";"444,000";"BR-386/RS";"Crescente";"Saída de pista";1;0;0;0;0;0;0;0;0;0;1;0;0;0;0
"15/08/2025";"05:24:19";"9";"Sem vítima";"32,000";"BR-290/RS";"Crescente";"Colisão traseira";0;0;1;0;0;0;0;0;0;0;2;0;0;0;0
"15/08/2025";"07:14:47";"39";"Sem vítima";"94,400";"BR-290/RS";"Crescente";"Colisão lateral no mesmo sentido";1;0;0;1;0;0;0;0;0;0;2;0;0;0;0
"15/08/2025";"15:48:27";"163";"Sem vítima";"69,000";"BR-290/RS";"Crescente";"Colisão traseira";1;0;1;0;0;0;0;0;0;0;2;0;0;0;0
"15/08/2025";"17:08:39";"174";"Sem vítima";"433,000";"BR-386/RS";"Crescente";"Colisão traseira";1;0;0;0;0;0;0;0;0;0;4;0;0;0;0
"15/08/2025";"17:37:43";"182";"Sem vítima";"432,000";"BR-386/RS";"Decrescente";"Colisão traseira";0;0;2;0;0;0;0;0;0;0;3;0;0;0;0
"15/08/2025";"17:59:22";"184";"Sem vítima";"74,000";"BR-290/RS";"Decrescente";"Colisão frontal";1;0;1;0;0;0;0;0;0;0;4;0;0;0;0
"16/08/2025";"00:05:08";"1";"Sem vítima";"262,000";"BR-386/RS";"Crescente";"Queda de carga";0;0;1;0;0;0;0;0;0;0;1;0;0;0;0
"16/08/2025";"00:35:02";"4";"Sem vítima";"20,400";"BR-101/RS";"Crescente";"Choque";1;0;0;0;0;0;0;0;0;0;1;0;0;0;0
"16/08/2025";"13:51:48";"125";"Com vítima";"362,000";"BR-386/RS";"Crescente";"Queda de moto";0;0;0;1;0;0;0;0;0;0;0;1;0;0;0
"16/08/2025";"17:57:04";"156";"Sem vítima";"386,200";"BR-386/RS";"Crescente";"Colisão lateral no mesmo sentido";2;0;0;0;0;0;0;0;0;0;5;0;0;0;0
"16/08/2025";"21:24:04";"185";"Sem vítima";"80,000";"BR-290/RS";"Decrescente";"Saída de pista";1;0;0;0;0;0;0;0;0;0;2;0;0;0;0
"17/08/2025";"01:14:07";"4";"Sem vítima";"352,000";"BR-386/RS";"Decrescente";"Choque";1;0;0;0;0;0;0;0;0;0;1;0;0;0;0
"17/08/2025";"17:55:12";"100";"Com vítima";"395,475";"BR-386/RS";"Crescente";"Saída de pista";1;0;0;0;0;0;0;0;0;0;1;1;0;0;0