data;horario;n_da_ocorrencia;tipo_de_ocorrencia;km;trecho;sentido;tipo_de_acidente;automovel;bicicleta;caminhao;moto;onibus;outros;tracao_animal;transporte_de_cargas_especiais;trator_maquinas;utilitarios;ilesos;levemente_feridos;moderadamente_feridos;gravemente_feridos;mortos
"17/08/2025";"18:23:26";"107";"Com vítima";"395,475";"BR-386/RS";"Crescente";"Colisão traseira";2;0;0;0;0;0;0;0;0;0;2;0;1;0;0
"17/08/2025";"19:42:05";"126";"Sem vítima";"411,000";"BR-386/RS";"Decrescente";"Colisão traseira";1;0;0;0;0;0;0;0;0;0;9;0;0;0;0
"17/08/2025";"20:03:13";"129";"Sem vítima";"222,000";"BR-386/RS";"Decrescente";"Choque";1;0;0;0;0;0;0;0;0;0;1;0;0;0;0
"17/08/2025";"23:56:55";"160";"Sem vítima";"80,000";"BR-290/RS";"Decrescente";"Saída de pista";1;0;0;0;0;0;0;0;0;0;4;0;0;0;0
"18/08/2025";"06:20:18";"23";"Sem vítima";"67,300";"BR-101/RS";"Crescente";"Choque";1;0;0;0;0;0;0;0;0;0;1;0;0;0;0
"18/08/2025";"13:30:15";"141";"Com vítima";"32,000";"BR-101/RS";"Crescente";"Colisão traseira";2;0;0;0;0;0;0;0;0;0;4;2;1;0;0
"18/08/2025";"17:51:20";"170";"Com vítima";"83,000";"BR-290/RS";"Decrescente";"Colisão traseira";0;0;0;1;0;0;0;0;0;0;0;0;1;0;0
"18/08/2025";"18:29:00";"179";"Sem vítima";"343,000";"BR-386/RS";"Crescente";"Colisão lateral no mesmo sentido";1;0;0;0;0;0;0;0;0;0;3;0;0;0;0
"18/08/2025";"18:29:55";"180";"Sem vítima";"86,000";"BR-290/RS";"Decrescente";"Colisão traseira";2;0;0;0;0;0;0;0;0;0;2;0;0;0;0
"18/08/2025";"20:38:49";"195";"Sem vítima";"304,000";"BR-386/RS";"Crescente";"Colisão traseira";0;0;1;0;0;0;0;0;0;0;1;0;0;0;0
"19/08/2025";"12:19:55";"119";"Com vítima";"281,900";"BR-386/RS";"Crescente";"Tombamento";0;0;1;0;0;0;0;0;0;0;0;2;0;0;0
"19/08/2025";"15:18:37";"144";"Com vítima";"62,000";"BR-101/RS";"Decrescente";"Acidentes de outra natureza";1;0;0;0;0;0;0;0;0;0;0;4;0;0;0
"19/08/2025";"18:24:03";"161";"Com vítima";"246,000";"BR-386/RS";"Crescente";"Colisão traseira";1;0;0;1;0;0;0;0;0;0;1;1;0;0;0
"19/08/2025";"18:29:43";"163";"Com vítima";"9,000";"BR-101/RS";"Decrescente";"Colisão traseira";1;0;0;1;0;0;0;0;0;0;1;0;1;0;0
"19/08/2025";"18:35:31";"164";"Sem vítima";"15,000";"BR-448/RS";"Decrescente";"Colisão lateral no mesmo sentido";1;0;1;0;0;0;0;0;0;0;5;0;0;0;0
"20/08/2025";"01:02:21";"3";"Sem vítima";"437,000";"BR-386/RS";"Crescente";"Colisão frontal";1;0;0;1;0;0;0;0;0;0;2;0;0;0;0
"20/08/2025";"12:47:14";"146";"Sem vítima";"96,000";"BR-290/RS";"Crescente";"Colisão lateral no mesmo sentido";1;0;0;0;1;0;0;0;0;0;4;0;0;0;0
"20/08/2025";"14:15:07";"159";"Com vítima";"40,000";"BR-290/RS";"Crescente";"Colisão traseira";1;0;0;1;0;0;0;0;0;0;1;1;0;0;0
"20/08/2025";"18:01:24";"196";"Com vítima";"378,000";"BR-386/RS";"Decrescente";"Queda de moto";0;0;0;1;0;0;0;0;0;0;0;0;1;0;0
"20/08/2025";"18:55:10";"208";"Sem vítima";"90,600";"BR-290/RS";"Decrescente";"Colisão lateral no mesmo sentido";2;0;0;1;0;0;0;0;0;0;3;0;0;0;0
"21/08/2025";"00:41:31";"3";"Com vítima";"33,090";"BR-290/RS";"Crescente";"Atropelamento de animal";0;0;2;0;0;0;0;0;0;0;1;1;0;0;0
"21/08/2025";"04:41:41";"14";"Sem vítima";"348,000";"BR-386/RS";"Decrescente";"Choque";1;0;0;0;0;0;0;0;0;0;1;0;0;0;0
"21/08/2025";"07:18:08";"53";"Sem vítima";"426,000";"BR-386/RS";"Decrescente";"Colisão lateral no mesmo sentido";1;0;0;1;0;0;0;0;0;0;3;0;0;0;0
"21/08/2025";"12:16:19";"139";"Com vítima";"437,000";"BR-386/RS";"Crescente";"Colisão lateral no mesmo sentido";1;0;0;1;0;0;0;0;0;0;2;0;1;0;0
"21/08/2025";"17:05:04";"183";"Sem vítima";"60,000";"BR-290/RS";"Decrescente";"Colisão lateral no mesmo sentido";1;0;0;0;0;0;0;0;0;0;1;0;0;0;0
"21/08/2025";"19:23:11";"199";"Sem vítima";"358,240";"BR-386/RS";"Crescente";"Colisão traseira";0;0;2;0;0;0;0;0;0;0;2;0;0;0;0
"21/08/2025";"21:17:14";"216";"Com vítima";"246,800";"BR-386/RS";"Crescente";"Colisão transversal";2;0;2;0;0;0;0;0;0;0;3;0;0;2;0
"22/08/2025";"02:22:22";"15";"Sem vítima";"18,500";"BR-448/RS";"Decrescente";"Choque";1;0;0;0;0;0;0;0;0;0;1;0;0;0;0
"22/08/2025";"04:45:43";"20";"Sem vítima";"307,400";"BR-386/RS";"Crescente";"Saída de pista";1;0;0;0;0;0;0;0;0;0;1;0;0;0;0
"22/08/2025";"06:13:39";"26";"Sem vítima";"414,500";"BR-386/RS";"Decrescente";"Saída de pista";1;0;0;0;0;0;0;0;0;0;2;0;0;0;0
"22/08/2025";"09:12:30";"89";"Sem vítima";"94,000";"BR-290/RS";"Decrescente";"Choque";1;0;0;0;0;0;0;0;0;0;1;0;0;0;0
"22/08/2025";"12:33:10";"122";"Sem vítima";"84,000";"BR-290/RS";"Crescente";"Colisão traseira";2;0;0;0;0;0;0;0;0;0;2;0;0;0;0
"22/08/2025";"22:14:16";"207";"Sem vítima";"81,000";"BR-101/RS";"Decrescente";"Colisão traseira";1;0;0;0;0;0;0;0;0;0;1;0;0;0;0
"23/08/2025";"01:17:34";"8";"Sem vítima";"258,000";"BR-386/RS";"Crescente";"Saída de pista";1;0;0;0;0;0;0;0;0;0;2;0;0;0;0
"23/08/2025";"05:18:16";"13";"Com vítima";"369,000";"BR-386/RS";"Crescente";"Saída de pista";0;0;0;1;0;0;0;0;0;0;0;1;1;0;0
"23/08/2025";"06:40:34";"23";"Sem vítima";"342,000";"BR-386/RS";"Crescente";"Saída de pista";1;0;0;0;0;0;0;0;0;0;2;0;0;0;0
"23/08/2025";"09:25:42";"49";"Sem vítima";"396,000";"BR-386/RS";"Crescente";"Choque";1;0;0;0;0;0;0;0;0;0;2;0;0;0;0
"23/08/2025";"10:27:53";"56";"Com vítima";"296,000";"BR-386/RS";"Decrescente";"Colisão transversal";3;0;0;0;0;0;0;0;0;0;7;4;0;0;0
"23/08/2025";"11:07:59";"60";"Sem vítima";"279,000";"BR-386/RS";"Crescente";"Choque";1;0;0;0;0;0;0;0;0;0;2;0;0;0;0
"23/08/2025";"11:10:06";"61";"Com vítima";"356,000";"BR-386/RS";"Decrescente";"Capotamento";1;0;0;0;0;0;0;0;0;0;1;2;0;0;0
"23/08/2025";"12:22:24";"67";"Sem vítima";"332,000";"BR-386/RS";"Crescente";"Capotamento";1;0;0;0;0;0;0;0;0;0;1;0;0;0;0
"23/08/2025";"12:48:24";"70";"Sem vítima";"396,000";"BR-386/RS";"Crescente";"Saída de pista";1;0;0;0;0;0;0;0;0;0;1;0;0;0;0
"23/08/2025";"12:53:24";"71";"Com vítima";"290,000";"BR-386/RS";"Crescente";"Colisão frontal";2;0;0;0;0;0;0;0;0;0;0;1;0;3;3
"23/08/2025";"13:03:21";"73";"Sem vítima";"10,000";"BR-290/RS";"Decrescente";"Choque";1;0;0;0;0;0;0;0;0;0;2;0;0;0;0
"23/08/2025";"13:19:29";"78";"Sem vítima";"22,000";"BR-448/RS";"Crescente";"Choque";1;0;0;0;0;0;0;0;0;0;2;0;0;0;0
"23/08/2025";"13:28:23";"80";"Sem vítima";"434,000";"BR-386/RS";"Crescente";"Colisão traseira";2;0;0;0;0;0;0;0;0;0;3;0;0;0;0
"23/08/2025";"13:41:39";"83";"Sem vítima";"411,000";"BR-386/RS";"Decrescente";"Saída de pista";1;0;0;0;0;0;0;0;0;0;2;0;0;0;0
"23/08/2025";"16:02:30";"88";"Sem vítima";"411,000";"BR-386/RS";"Decrescente";"Saída de pista";1;0;0;0;0;0;0;0;0;0;1;0;0;0;0
"23/08/2025";"16:06:26";"90";"Sem vítima";"295,000";"BR-386/RS";"Decrescente";"Colisão lateral no mesmo sentido";1;0;0;0;0;0;0;0;0;0;2;0;0;0;0
"23/08/2025";"21:11:32";"125";"Sem vítima";"91,000";"BR-290/RS";"Crescente";"Colisão traseira";2;0;0;0;0;0;0;0;0;0;11;0;0;0;0
"23/08/2025";"22:46:45";"133";"Sem vítima";"9,000";"BR-448/RS";"Crescente";"Choque";1;0;0;0;0;0;0;0;0;0;1;0;0;0;0
"23/08/2025";"23:54:30";"136";"Sem vítima";"9,000";"BR-448/RS";"Crescente";"Saída de pista";1;0;0;0;0;0;0;0;0;0;1;0;0;0;0
"24/08/2025";"03:03:22";"8";"Sem vítima";"19,000";"BR-290/RS";"Crescente";"Saída de pista";1;0;0;0;0;0;0;0;0;0;1;0;0;0;0
"24/08/2025";"05:38:00";"13";"Sem vítima";"86,000";"BR-290/RS";"Decrescente";"Choque";1;0;0;0;0;0;0;0;0;0;1;0;0;0;0
"24/08/2025";"11:15:30";"49";"Sem vítima";"307,000";"BR-386/RS";"Crescente";"Saída de pista";1;0;0;0;0;0;0;0;0;0;3;0;0;0;0
"24/08/2025";"15:24:29";"77";"Sem vítima";"1,000";"BR-290/RS";"Decrescente";"Saída de pista";1;0;0;0;0;0;0;0;0;0;2;0;0;0;0
"24/08/2025";"19:07:38";"106";"Sem vítima";"1,000";"BR-290/RS";"Decrescente";"Saída de pista";1;0;0;0;0;0;0;0;0;0;1;0;0;0;0
"24/08/2025";"19:18:11";"108";"Sem vítima";"16,000";"BR-290/RS";"Crescente";"Choque";1;0;0;0;0;0;0;0;0;0;1;0;0;0;0
"24/08/2025";"22:38:15";"127";"Sem vítima";"37,000";"BR-101/RS";"Crescente";"Saída de pista";0;0;1;0;0;0;0;0;0;0;1;0;0;0;0
"25/08/2025";"08:03:35";"75";"Sem vítima";"56,000";"BR-290/RS";"Decrescente";"Atropelamento de animal";1;0;0;0;0;0;0;0;0;0;2;0;0;0;0
"25/08/2025";"19:22:49";"225";"Sem vítima";"366,000";"BR-386/RS";"Decrescente";"Colisão traseira";1;0;0;0;0;0;0;0;0;0;1;0;0;0;0
"26/08/2025";"05:37:02";"11";"Sem vítima";"19,600";"BR-101/RS";"Decrescente";"Choque";1;0;0;0;0;0;0;0;0;0;1;0;0;0;0
"26/08/2025";"05:51:14";"14";"Sem vítima";"41,700";"BR-290/RS";"Crescente";"Colisão traseira";0;0;2;0;0;0;0;0;0;0;4;0;0;0;0
"26/08/2025";"07:22:06";"50";"Com vítima";"347,000";"BR-386/RS";"Decrescente";"Colisão lateral no mesmo sentido";1;0;0;1;0;0;0;0;0;0;2;1;0;0;0
"26/08/2025";"10:37:07";"139";"Sem vítima";"81,000";"BR-290/RS";"Crescente";"Choque";1;0;0;0;0;0;0;0;0;0;1;0;0;0;0
"26/08/2025";"14:42:45";"185";"Sem vítima";"392,000";"BR-386/RS";"Crescente";"Saída de pista";1;0;0;0;0;0;0;0;0;0;2;0;0;0;0
"26/08/2025";"15:06:58";"189";"Sem vítima";"48,000";"BR-290/RS";"Decrescente";"Colisão lateral no mesmo sentido";2;0;0;0;0;0;0;0;0;0;0;0;0;0;0
"26/08/2025";"15:41:06";"192";"Sem vítima";"379,000";"BR-386/RS";"Decrescente";"Colisão traseira";1;0;1;0;0;0;0;0;0;0;5;0;0;0;0
"26/08/2025";"17:13:42";"203";"Sem vítima";"265,000";"BR-386/RS";"Decrescente";"Saída de pista";1;0;0;0;0;0;0;0;0;0;1;0;0;0;0
"26/08/2025";"21:54:33";"231";"Sem vítima";"26,000";"BR-290/RS";"Decrescente";"Colisão lateral no mesmo sentido";0;0;0;1;0;0;0;0;0;0;1;0;0;0;0
"27/08/2025";"06:30:49";"28";"Sem vítima";"362,000";"BR-386/RS";"Crescente";"Colisão lateral no mesmo sentido";2;0;0;0;0;0;0;0;0;0;2;0;0;0;0
"27/08/2025";"06:52:21";"39";"Com vítima";"345,000";"BR-386/RS";"Crescente";"Choque";1;0;0;0;0;0;0;0;0;0;0;1;0;0;0
"27/08/2025";"08:08:13";"70";"Com vítima";"96,500";"BR-290/RS";"Crescente";"Colisão traseira";1;0;0;1;0;0;0;0;0;0;1;1;0;0;0
"27/08/2025";"14:46:53";"172";"Com vítima";"349,000";"BR-386/RS";"Decrescente";"Colisão lateral no mesmo sentido";1;0;0;1;0;0;0;0;0;0;1;1;0;0;0
"27/08/2025";"22:35:54";"245";"Com vítima";"8,000";"BR-448/RS";"Crescente";"Colisão traseira";1;0;0;2;0;0;0;0;0;0;1;0;1;1;0
"28/08/2025";"02:32:59";"3";"Sem vítima";"19,000";"BR-290/RS";"Crescente";"Choque";0;0;1;0;0;0;0;0;0;0;1;0;0;0;0
"28/08/2025";"07:31:46";"48";"Sem vítima";"95,000";"BR-290/RS";"Crescente";"Colisão traseira";1;0;1;0;0;0;0;0;0;0;3;0;0;0;0
"28/08/2025";"08:00:11";"60";"Com vítima";"354,000";"BR-386/RS";"Crescente";"Colisão lateral no mesmo sentido";1;0;1;0;0;0;0;0;0;0;0;1;1;0;0
"28/08/2025";"14:48:22";"158";"Com vítima";"417,000";"BR-386/RS";"Decrescente";"Colisão frontal";2;0;0;0;0;0;0;0;0;0;1;2;0;0;0
"28/08/2025";"19:29:35";"185";"Com vítima";"371,000";"BR-386/RS";"Decrescente";"Acidentes de outra natureza";1;0;0;0;0;0;0;0;0;0;0;1;0;0;0
"28/08/2025";"23:18:32";"208";"Com vítima";"214,000";"BR-386/RS";"Decrescente";"Colisão lateral no mesmo sentido";2;0;0;0;0;0;0;0;0;0;1;0;0;2;0
"29/08/2025";"05:35:04";"17";"Sem vítima";"354,000";"BR-386/RS";"Decrescente";"Choque";1;0;0;0;0;0;0;0;0;0;2;0;0;0;0
"29/08/2025";"12:42:36";"153";"Com vítima";"435,000";"BR-386/RS";"Decrescente";"Colisão lateral no mesmo sentido";1;0;0;1;0;0;0;0;0;0;2;1;0;0;0
"29/08/2025";"15:09:34";"182";"Sem vítima";"346,000";"BR-386/RS";"Crescente";"Colisão traseira";2;0;0;0;0;0;0;0;0;0;2;0;0;0;0
"29/08/2025";"15:47:15";"189";"Sem vítima";"90,000";"BR-290/RS";"Decrescente";"Colisão lateral no mesmo sentido";1;0;1;0;0;0;0;0;0;0;4;0;0;0;0
"29/08/2025";"18:04:44";"213";"Com vítima";"11,800";"BR-290/RS";"Decrescente";"Tombamento";0;0;1;0;0;0;0;0;0;0;0;1;0;0;0
"29/08/2025";"18:41:33";"217";"Com vítima";"435,000";"BR-386/RS";"Crescente";"Colisão transversal";1;0;0;1;0;0;0;0;0;0;1;0;0;0;1
"29/08/2025";"19:53:37";"230";"Com vítima";"429,000";"BR-386/RS";"Decrescente";"Colisão transversal";2;0;0;0;0;0;0;0;0;0;2;0;2;0;0
"30/08/2025";"03:21:56";"13";"Sem vítima";"57,000";"BR-101/RS";"Decrescente";"Saída de pista";0;0;1;0;0;0;0;0;0;0;1;0;0;0;0
"30/08/2025";"05:43:08";"18";"Com vítima";"418,650";"BR-386/RS";"Decrescente";"Colisão traseira";0;0;0;1;0;0;0;0;0;0;0;0;1;0;0
"30/08/2025";"10:31:57";"85";"Com vítima";"71,200";"BR-290/RS";"Decrescente";"Queda de moto";0;0;0;1;0;0;0;0;0;0;1;1;0;0;0
"30/08/2025";"15:57:33";"136";"Com vítima";"71,000";"BR-290/RS";"Crescente";"Choque";1;0;0;0;0;0;0;0;0;0;0;0;1;0;0
"30/08/2025";"19:05:14";"156";"Sem vítima";"76,000";"BR-290/RS";"Decrescente";"Tombamento";1;0;0;0;0;0;0;0;0;0;2;0;0;0;0
"30/08/2025";"19:09:33";"159";"Sem vítima";"21,000";"BR-290/RS";"Decrescente";"Saída de pista";1;0;0;0;0;0;0;0;0;0;2;0;0;0;0
"31/08/2025";"01:59:48";"5";"Com vítima";"50,000";"BR-101/RS";"Crescente";"Atropelamento de animal";1;0;0;0;0;0;0;0;0;0;0;1;0;0;0
"31/08/2025";"08:33:49";"39";"Com vítima";"4,000";"BR-290/RS";"Crescente";"Choque";1;0;0;0;0;0;0;0;0;0;1;0;1;3;0
"31/08/2025";"11:29:24";"67";"Com vítima";"352,000";"BR-386/RS";"Crescente";"Colisão traseira";2;0;0;1;0;0;0;0;0;0;2;1;1;0;0
"31/08/2025";"12:00:51";"71";"Sem vítima";"41,000";"BR-290/RS";"Decrescente";"Colisão lateral no mesmo sentido";1;0;1;0;0;0;0;0;0;0;3;0;0;0;0
"31/08/2025";"12:01:55";"72";"Sem vítima";"410,000";"BR-386/RS";"Crescente";"Saída de pista";1;0;0;0;0;0;0;0;0;0;3;0;0;0;0
"31/08/2025";"17:22:04";"117";"Sem vítima";"427,000";"BR-386/RS";"Decrescente";"Colisão traseira";1;0;0;0;0;0;0;0;0;0;1;0;0;0;0
"31/08/2025";"18:52:08";"134";"Com vítima";"86,000";"BR-290/RS";"Crescente";"Colisão lateral no mesmo sentido";1;0;0;1;0;0;0;0;0;0;1;1;0;0;0
"01/09/2025";"00:36:54";"1";"Com vítima";"29,000";"BR-290/RS";"Crescente";"Colisão traseira";0;0;2;0;0;0;0;0;0;0;1;0;1;0;0
"01/09/2025";"01:48:12";"3";"Com vítima";"39,000";"BR-101/RS";"Decrescente";"Queda de moto";0;0;0;1;0;0;0;0;0;0;0;0;1;0;0
"01/09/2025";"01:48:53";"4";"Com vítima";"89,200";"BR-290/RS";"Crescente";"Colisão lateral no mesmo sentido";2;0;0;0;0;0;0;0;0;0;0;0;1;1;0
"01/09/2025";"02:00:18";"7";"Sem vítima";"353,000";"BR-386/RS";"Decrescente";"Saída de pista";1;0;0;0;0;0;0;0;0;0;2;0;0;0;0
"01/09/2025";"02:11:22";"8";"Sem vítima";"363,800";"BR-386/RS";"Crescente";"Atropelamento de animal";1;0;0;0;0;0;0;0;0;0;3;0;0;0;0
"01/09/2025";"03:31:32";"12";"Sem vítima";"415,000";"BR-386/RS";"Crescente";"Choque";1;0;0;0;0;0;0;0;0;0;2;0;0;0;0
"01/09/2025";"04:49:43";"13";"Sem vítima";"413,000";"BR-386/RS";"Decrescente";"Tombamento";0;0;1;0;0;0;0;0;0;0;1;0;0;0;0
"01/09/2025";"07:56:04";"60";"Sem vítima";"86,000";"BR-290/RS";"Crescente";"Engavetamento";2;0;0;0;0;0;0;0;0;0;6;0;0;0;0
"01/09/2025";"08:23:59";"74";"Sem vítima";"85,000";"BR-290/RS";"Crescente";"Colisão traseira";1;0;1;0;0;0;0;0;0;0;2;0;0;0;0
"01/09/2025";"09:13:53";"97";"Com vítima";"22,000";"BR-448/RS";"Decrescente";"Queda de moto";0;0;0;1;0;0;0;0;0;0;0;1;0;0;0
"01/09/2025";"09:27:56";"101";"Sem vítima";"86,000";"BR-290/RS";"Crescente";"Colisão lateral no mesmo sentido";1;0;0;0;0;0;0;0;0;0;1;0;0;0;0
"01/09/2025";"11:36:27";"142";"Sem vítima";"279,000";"BR-386/RS";"Decrescente";"Tombamento";0;0;1;0;0;0;0;0;0;0;1;0;0;0;0
"01/09/2025";"17:04:42";"204";"Sem vítima";"80,000";"BR-101/RS";"Decrescente";"Capotamento";1;0;0;0;0;0;0;0;0;0;1;0;0;0;0
"01/09/2025";"17:46:15";"210";"Sem vítima";"345,000";"BR-386/RS";"Decrescente";"Colisão lateral no mesmo sentido";1;0;1;0;0;0;0;0;0;0;2;0;0;0;0
"01/09/2025";"21:20:05";"241";"Sem vítima";"197,000";"BR-386/RS";"Crescente";"Choque";1;0;0;0;0;0;0;0;0;0;1;0;0;0;0
"01/09/2025";"23:48:09";"249";"Sem vítima";"62,000";"BR-290/RS";"Decrescente";"Saída de pista";1;0;0;0;0;0;0;0;0;0;1;0;0;0;0
"02/09/2025";"07:03:53";"38";"Sem vítima";"86,000";"BR-290/RS";"Decrescente";"Capotamento";1;0;0;0;0;0;0;0;0;0;2;0;0;0;0
"02/09/2025";"10:19:48";"111";"Sem vítima";"229,400";"BR-386/RS";"Decrescente";"Tombamento";0;0;1;0;0;0;0;0;0;0;1;0;0;0;0
"02/09/2025";"13:01:07";"148";"Com vítima";"242,000";"BR-386/RS";"Decrescente";"Colisão traseira";1;0;1;0;0;0;0;0;0;0;2;1;0;0;0
"02/09/2025";"21:00:55";"220";"Sem vítima";"414,000";"BR-386/RS";"Decrescente";"Capotamento";1;0;0;0;0;0;0;0;0;0;1;0;0;0;0
"03/09/2025";"10:05:07";"92";"Sem vítima";"3,000";"BR-290/RS";"Crescente";"Colisão transversal";0;0;1;0;0;0;0;0;0;0;1;0;0;0;0
"03/09/2025";"11:04:46";"104";"Sem vítima";"2,000";"BR-101/RS";"Decrescente";"Colisão lateral no mesmo sentido";1;0;0;0;0;0;0;0;0;0;1;0;0;0;0
"03/09/2025";"15:24:15";"148";"Sem vítima";"411,000";"BR-386/RS";"Decrescente";"Saída de pista";1;0;0;0;0;0;0;0;0;0;2;0;0;0;0
"03/09/2025";"17:34:17";"167";"Sem vítima";"266,000";"BR-386/RS";"Decrescente";"Tombamento";0;0;1;0;0;0;0;0;0;0;1;0;0;0;0
"03/09/2025";"19:21:22";"189";"Sem vítima";"21,600";"BR-290/RS";"Decrescente";"Choque";1;0;0;0;0;0;0;0;0;0;2;0;0;0;0
"03/09/2025";"21:33:45";"213";"Sem vítima";"52,000";"BR-101/RS";"Decrescente";"Saída de pista";1;0;0;0;0;0;0;0;0;0;3;0;0;0;0
"04/09/2025";"03:48:35";"11";"Com vítima";"14,000";"BR-101/RS";"Decrescente";"Tombamento";0;0;1;0;0;0;0;0;0;0;0;1;0;0;0
"04/09/2025";"06:42:19";"17";"Com vítima";"325,000";"BR-386/RS";"Decrescente";"Colisão traseira";1;0;1;0;0;0;0;0;0;0;3;1;0;0;0
"04/09/2025";"07:48:14";"25";"Sem vítima";"346,000";"BR-386/RS";"Decrescente";"Colisão traseira";1;0;1;0;0;0;0;0;0;0;7;0;0;0;0
"04/09/2025";"08:08:00";"31";"Sem vítima";"38,000";"BR-290/RS";"Decrescente";"Choque";1;0;0;0;0;0;0;0;0;0;1;0;0;0;0
"04/09/2025";"08:51:14";"49";"Sem vítima";"366,000";"BR-386/RS";"Crescente";"Choque";1;0;0;0;0;0;0;0;0;0;1;0;0;0;0
"04/09/2025";"08:51:15";"48";"Sem vítima";"411,000";"BR-386/RS";"Decrescente";"Saída de pista";1;0;0;0;0;0;0;0;0;0;1;0;0;0;0
"04/09/2025";"08:58:34";"50";"Com vítima";"96,000";"BR-290/RS";"Decrescente";"Tombamento";1;0;0;0;0;0;0;0;0;0;0;2;1;0;0
"04/09/2025";"09:09:46";"54";"Sem vítima";"82,000";"BR-290/RS";"Crescente";"Colisão lateral no mesmo sentido";2;0;0;0;0;0;0;0;0;0;2;0;0;0;0
"04/09/2025";"11:53:33";"73";"Sem vítima";"365,000";"BR-386/RS";"Crescente";"Saída de pista";1;0;0;0;0;0;0;0;0;0;1;0;0;0;0
"04/09/2025";"12:09:22";"75";"Sem vítima";"23,000";"BR-290/RS";"Decrescente";"Saída de pista";1;0;0;0;0;0;0;0;0;0;3;0;0;0;0
"04/09/2025";"12:12:05";"77";"Sem vítima";"403,000";"BR-386/RS";"Decrescente";"Colisão traseira";1;0;1;0;0;0;0;0;0;0;2;0;0;0;0
"04/09/2025";"13:49:11";"83";"Com vítima";"24,000";"BR-290/RS";"Crescente";"Colisão traseira";1;0;0;0;0;0;0;0;0;0;0;1;0;0;0
"04/09/2025";"14:27:47";"88";"Sem vítima";"11,000";"BR-290/RS";"Crescente";"Saída de pista";1;0;0;0;0;0;0;0;0;0;1;0;0;0;0
"04/09/2025";"14:34:10";"89";"Sem vítima";"362,000";"BR-386/RS";"Crescente";"Capotamento";1;0;0;0;0;0;0;0;0;0;1;0;0;0;0
"04/09/2025";"15:17:25";"99";"Sem vítima";"397,000";"BR-386/RS";"Decrescente";"Choque";1;0;0;0;0;0;0;0;0;0;2;0;0;0;0
"04/09/2025";"17:52:25";"118";"Sem vítima";"435,000";"BR-386/RS";"Decrescente";"Colisão lateral no mesmo sentido";1;0;0;1;0;0;0;0;0;0;2;0;0;0;0
"04/09/2025";"18:00:42";"121";"Sem vítima";"361,000";"BR-386/RS";"Crescente";"Choque";1;0;0;0;0;0;0;0;0;0;2;0;0;0;0
"04/09/2025";"20:05:35";"144";"Sem vítima";"335,000";"BR-386/RS";"Crescente";"Choque";1;0;0;0;0;0;0;0;0;0;2;0;0;0;0
"04/09/2025";"20:42:34";"149";"Sem vítima";"268,000";"BR-386/RS";"Crescente";"Colisão lateral no mesmo sentido";1;0;1;0;0;0;0;0;0;0;5;0;0;0;0
"05/09/2025";"02:04:10";"5";"Sem vítima";"303,000";"BR-386/RS";"Crescente";"Saída de pista";1;0;0;0;0;0;0;0;0;0;1;0;0;0;0
"05/09/2025";"02:41:19";"8";"Sem vítima";"303,000";"BR-386/RS";"Crescente";"Saída de pista";1;0;0;0;0;0;0;0;0;0;1;0;0;0;0
"05/09/2025";"03:43:13";"11";"Sem vítima";"49,500";"BR-290/RS";"Crescente";"Choque";0;0;1;0;0;0;0;0;0;0;1;0;0;0;0
"05/09/2025";"07:01:01";"33";"Sem vítima";"24,000";"BR-290/RS";"Crescente";"Saída de pista";1;0;0;0;0;0;0;0;0;0;1;0;0;0;0
"05/09/2025";"07:52:15";"50";"Sem vítima";"22,000";"BR-448/RS";"Crescente";"Engavetamento";5;0;0;0;0;0;0;0;0;0;5;0;0;0;0
"05/09/2025";"09:29:45";"84";"Sem vítima";"86,000";"BR-290/RS";"Crescente";"Colisão lateral no mesmo sentido";1;0;1;0;0;0;0;0;0;0;2;0;0;0;0
"05/09/2025";"13:34:10";"126";"Com vítima";"67,700";"BR-101/RS";"Decrescente";"Choque";1;0;0;0;0;0;0;0;0;0;2;2;0;0;0
"05/09/2025";"13:36:12";"128";"Com vítima";"318,000";"BR-386/RS";"Crescente";"Colisão lateral no mesmo sentido";2;0;0;0;0;0;0;0;0;0;3;1;0;0;0
"05/09/2025";"15:03:42";"145";"Sem vítima";"432,000";"BR-386/RS";"Decrescente";"Colisão lateral no mesmo sentido";1;0;2;0;0;0;0;0;0;0;4;0;0;0;0
"05/09/2025";"16:41:10";"155";"Sem vítima";"427,000";"BR-386/RS";"Decrescente";"Engavetamento";1;0;0;0;0;0;0;0;0;0;1;0;0;0;0
"05/09/2025";"17:21:58";"162";"Sem vítima";"429,000";"BR-386/RS";"Decrescente";"Colisão traseira";2;0;0;0;0;0;0;0;0;0;4;0;0;0;0