data;horario;n_da_ocorrencia;tipo_de_ocorrencia;km;trecho;sentido;tipo_de_acidente;automovel;bicicleta;caminhao;moto;onibus;outros;tracao_animal;transporte_de_cargas_especiais;trator_maquinas;utilitarios;ilesos;levemente_feridos;moderadamente_feridos;gravemente_feridos;mortos
"22/09/2025";"11:08:36";"91";"Sem vítima";"74,600";"BR-290/RS";"Decrescente";"Tombamento";0;0;1;0;0;0;0;0;0;0;1;0;0;0;0
"22/09/2025";"16:49:39";"162";"Sem vítima";"426,000";"BR-386/RS";"Crescente";"Engavetamento";3;0;0;0;0;0;0;0;0;0;9;0;0;0;0
"22/09/2025";"18:10:40";"174";"Sem vítima";"2,000";"BR-290/RS";"Decrescente";"Saída de pista";1;0;0;0;0;0;0;0;0;0;4;0;0;0;0
"23/09/2025";"17:20:58";"145";"Com vítima";"69,000";"BR-290/RS";"Crescente";"Queda de moto";1;0;0;1;0;0;0;0;0;0;1;0;0;1;0
"24/09/2025";"07:30:46";"41";"Com vítima";"337,000";"BR-386/RS";"Decrescente";"Saída de pista";1;0;0;0;0;0;0;0;0;0;2;1;0;0;0
"24/09/2025";"11:49:37";"132";"Com vítima";"70,000";"BR-101/RS";"Decrescente";"Saída de pista";0;0;1;0;0;0;0;0;0;0;0;1;0;0;0
"24/09/2025";"13:55:12";"158";"Sem vítima";"8,000";"BR-290/RS";"Decrescente";"Saída de pista";1;0;0;0;0;0;0;0;0;0;2;0;0;0;0
"24/09/2025";"15:28:19";"173";"Sem vítima";"82,000";"BR-290/RS";"Crescente";"Colisão traseira";2;0;0;0;0;0;0;0;0;0;3;0;0;0;0
"24/09/2025";"15:33:00";"174";"Sem vítima";"308,000";"BR-386/RS";"Crescente";"Colisão lateral no mesmo sentido";4;0;0;0;0;0;0;0;0;0;10;0;0;0;0
"24/09/2025";"17:13:36";"184";"Sem vítima";"224,000";"BR-386/RS";"Decrescente";"Tombamento";0;0;1;0;0;0;0;0;0;0;1;0;0;0;0
"25/09/2025";"04:35:39";"3";"Sem vítima";"272,000";"BR-386/RS";"Decrescente";"Saída de pista";0;0;1;0;0;0;0;0;0;0;1;0;0;0;0
"25/09/2025";"09:16:20";"85";"Com vítima";"91,000";"BR-290/RS";"Crescente";"Colisão lateral no mesmo sentido";1;0;0;1;0;0;0;0;0;0;1;1;1;0;0
"25/09/2025";"21:05:05";"204";"Sem vítima";"445,000";"BR-386/RS";"Decrescente";"Atropelamento de animal";1;0;0;0;0;0;0;0;0;0;4;0;0;0;0
"26/09/2025";"14:16:50";"149";"Com vítima";"430,000";"BR-386/RS";"Crescente";"Colisão traseira";1;0;1;0;0;0;0;0;0;0;1;1;0;0;0
"26/09/2025";"16:04:51";"165";"Sem vítima";"294,000";"BR-386/RS";"Crescente";"Colisão transversal";0;0;2;0;0;0;0;0;0;0;2;0;0;0;0
"26/09/2025";"19:17:30";"194";"Sem vítima";"85,000";"BR-290/RS";"Decrescente";"Colisão lateral no mesmo sentido";1;0;1;0;0;0;0;0;0;0;4;0;0;0;0
"26/09/2025";"23:44:12";"242";"Com vítima";"345,000";"BR-386/RS";"Decrescente";"Saída de pista";1;0;0;0;0;0;0;0;0;0;0;1;0;0;0
"27/09/2025";"03:40:32";"6";"Sem vítima";"423,000";"BR-386/RS";"Decrescente";"Colisão transversal";2;0;0;0;0;0;0;0;0;0;5;0;0;0;0
"27/09/2025";"05:11:07";"12";"Sem vítima";"41,000";"BR-101/RS";"Decrescente";"Saída de pista";0;0;1;0;0;0;0;0;0;0;1;0;0;0;0
"27/09/2025";"05:48:45";"14";"Sem vítima";"31,600";"BR-290/RS";"Decrescente";"Saída de pista";1;0;0;0;0;0;0;0;0;0;1;0;0;0;0
"27/09/2025";"13:44:05";"112";"Sem vítima";"411,000";"BR-386/RS";"Crescente";"Colisão traseira";2;0;0;0;0;0;0;0;0;0;5;0;0;0;0
"27/09/2025";"23:25:23";"172";"Sem vítima";"90,000";"BR-290/RS";"Decrescente";"Colisão traseira";2;0;0;0;0;0;0;0;0;0;3;0;0;0;0
"28/09/2025";"05:40:15";"13";"Sem vítima";"14,000";"BR-290/RS";"Decrescente";"Saída de pista";1;0;0;0;0;0;0;0;0;0;2;0;0;0;0
"28/09/2025";"08:10:22";"22";"Com vítima";"92,000";"BR-290/RS";"Decrescente";"Tombamento";0;0;1;0;0;0;0;0;0;0;0;0;1;0;0
"28/09/2025";"14:05:02";"54";"Sem vítima";"13,000";"BR-101/RS";"Crescente";"Colisão traseira";1;0;1;0;0;0;0;0;0;0;6;0;0;0;0
"28/09/2025";"14:47:08";"55";"Com vítima";"91,000";"BR-290/RS";"Decrescente";"Colisão traseira";2;0;0;0;0;0;0;0;0;0;0;3;1;0;0
"28/09/2025";"21:06:19";"111";"Com vítima";"375,000";"BR-386/RS";"Crescente";"Choque";1;0;0;0;0;0;0;0;0;0;1;3;0;0;0
"29/09/2025";"06:29:10";"14";"Sem vítima";"303,000";"BR-386/RS";"Crescente";"Colisão traseira";0;0;0;1;0;0;0;0;0;0;2;0;0;0;0
"29/09/2025";"07:58:22";"43";"Sem vítima";"444,000";"BR-386/RS";"Crescente";"Colisão lateral no mesmo sentido";2;0;0;0;0;0;0;0;0;0;2;0;0;0;0
"29/09/2025";"08:35:31";"59";"Com vítima";"346,000";"BR-386/RS";"Crescente";"Colisão lateral no mesmo sentido";0;0;0;1;0;0;0;0;0;0;0;1;0;0;0
"29/09/2025";"15:36:13";"154";"Com vítima";"306,000";"BR-386/RS";"Crescente";"Colisão frontal";1;0;0;1;0;0;0;0;0;0;1;0;0;1;0
"29/09/2025";"16:36:59";"162";"Com vítima";"19,000";"BR-448/RS";"Decrescente";"Queda de moto";0;0;0;1;0;0;0;0;0;0;0;2;0;0;0
"29/09/2025";"19:16:53";"182";"Sem vítima";"48,000";"BR-290/RS";"Crescente";"Colisão traseira";1;0;1;0;0;0;0;0;0;0;2;0;0;0;0
"29/09/2025";"21:31:11";"194";"Sem vítima";"366,000";"BR-386/RS";"Crescente";"Choque";1;0;0;0;0;0;0;0;0;0;1;0;0;0;0
"30/09/2025";"06:59:37";"14";"Com vítima";"94,170";"BR-290/RS";"Crescente";"Choque";1;0;0;0;0;0;0;0;0;0;1;0;1;0;0
"30/09/2025";"08:06:22";"31";"Com vítima";"224,000";"BR-386/RS";"Decrescente";"Saída de pista";1;0;0;0;0;0;0;0;0;0;0;1;0;0;0
"30/09/2025";"14:25:17";"140";"Sem vítima";"360,000";"BR-386/RS";"Crescente";"Choque";1;0;0;0;0;0;0;0;0;0;4;0;0;0;0
"30/09/2025";"14:39:23";"143";"Sem vítima";"342,000";"BR-386/RS";"Crescente";"Colisão lateral no mesmo sentido";1;0;1;0;0;0;0;0;0;0;1;0;0;0;0
"30/09/2025";"14:53:13";"146";"Com vítima";"83,000";"BR-290/RS";"Crescente";"Choque";1;0;0;0;0;0;0;0;0;0;1;2;0;0;0
"30/09/2025";"15:23:56";"149";"Com vítima";"440,000";"BR-386/RS";"Crescente";"Saída de pista";1;0;0;0;0;0;0;0;0;0;2;1;0;0;0
"30/09/2025";"15:52:22";"153";"Sem vítima";"307,000";"BR-386/RS";"Crescente";"Saída de pista";1;0;0;0;0;0;0;0;0;0;1;0;0;0;0
"30/09/2025";"16:21:47";"155";"Sem vítima";"433,000";"BR-386/RS";"Decrescente";"Colisão traseira";2;0;0;0;0;0;0;0;0;0;9;0;0;0;0
"30/09/2025";"17:01:52";"160";"Sem vítima";"19,000";"BR-290/RS";"Crescente";"Choque";1;0;0;0;0;0;0;0;0;0;1;0;0;0;0
"30/09/2025";"18:38:53";"173";"Sem vítima";"214,000";"BR-386/RS";"Crescente";"Colisão traseira";2;0;0;0;0;0;0;0;0;0;3;0;0;0;0
"30/09/2025";"19:10:24";"181";"Sem vítima";"29,000";"BR-290/RS";"Decrescente";"Saída de pista";1;0;0;0;0;0;0;0;0;0;1;0;0;0;0
"30/09/2025";"22:51:50";"195";"Sem vítima";"25,000";"BR-290/RS";"Decrescente";"Saída de pista";0;0;1;0;0;0;0;0;0;0;1;0;0;0;0
"01/10/2025";"03:28:37";"6";"Sem vítima";"61,000";"BR-101/RS";"Crescente";"Saída de pista";0;0;1;0;0;0;0;0;0;0;1;0;0;0;0
"01/10/2025";"07:19:24";"26";"Sem vítima";"440,000";"BR-386/RS";"Decrescente";"Saída de pista";1;0;0;0;0;0;0;0;0;0;1;0;0;0;0
"01/10/2025";"07:31:08";"31";"Sem vítima";"84,000";"BR-290/RS";"Crescente";"Colisão traseira";2;0;0;0;0;0;0;0;0;0;3;0;0;0;0
"01/10/2025";"09:23:41";"66";"Sem vítima";"58,200";"BR-290/RS";"Crescente";"Saída de pista";1;0;0;0;0;0;0;0;0;0;2;0;0;0;0
"01/10/2025";"10:19:49";"91";"Com vítima";"255,000";"BR-386/RS";"Decrescente";"Colisão frontal";2;0;1;0;0;0;0;0;0;0;2;0;2;1;0
"01/10/2025";"11:22:18";"106";"Sem vítima";"255,000";"BR-386/RS";"Decrescente";"Colisão traseira";2;0;0;0;0;0;0;0;0;0;6;0;0;0;0
"01/10/2025";"15:54:11";"148";"Sem vítima";"26,000";"BR-290/RS";"Decrescente";"Saída de pista";1;0;0;0;0;0;0;0;0;0;1;0;0;0;0
"01/10/2025";"19:29:24";"175";"Sem vítima";"92,050";"BR-290/RS";"Crescente";"Choque";1;0;0;0;0;0;0;0;0;0;1;0;0;0;0
"01/10/2025";"21:51:21";"187";"Sem vítima";"367,000";"BR-386/RS";"Crescente";"Colisão traseira";2;0;0;0;0;0;0;0;0;0;4;0;0;0;0
"01/10/2025";"22:11:01";"188";"Sem vítima";"37,300";"BR-101/RS";"Crescente";"Choque";1;0;0;0;0;0;0;0;0;0;1;0;0;0;0
"02/10/2025";"05:47:05";"14";"Sem vítima";"17,400";"BR-290/RS";"Decrescente";"Saída de pista";0;0;1;0;0;0;0;0;0;0;1;0;0;0;0
"02/10/2025";"10:08:43";"108";"Sem vítima";"5,400";"BR-290/RS";"Decrescente";"Acidentes de outra natureza";1;0;0;0;0;0;0;0;0;0;1;0;0;0;0
"02/10/2025";"15:07:27";"152";"Com vítima";"202,000";"BR-386/RS";"Decrescente";"Queda de moto";0;0;0;1;0;0;0;0;0;0;0;0;1;0;0
"03/10/2025";"07:36:29";"35";"Com vítima";"360,000";"BR-386/RS";"Decrescente";"Colisão lateral no mesmo sentido";0;0;1;1;0;0;0;0;0;0;1;0;0;1;0
"03/10/2025";"07:46:26";"37";"Sem vítima";"439,000";"BR-386/RS";"Decrescente";"Capotamento";1;0;0;0;0;0;0;0;0;0;2;0;0;0;0
"03/10/2025";"08:03:58";"41";"Sem vítima";"75,000";"BR-290/RS";"Decrescente";"Saída de pista";1;0;0;0;0;0;0;0;0;0;1;0;0;0;0
"03/10/2025";"11:36:59";"90";"Sem vítima";"320,000";"BR-386/RS";"Crescente";"Saída de pista";0;0;1;0;0;0;0;0;0;0;1;0;0;0;0
"03/10/2025";"11:59:20";"95";"Sem vítima";"67,000";"BR-101/RS";"Decrescente";"Colisão traseira";2;0;0;0;0;0;0;0;0;0;2;0;0;0;0
"03/10/2025";"12:56:16";"106";"Com vítima";"48,000";"BR-290/RS";"Crescente";"Saída de pista";1;0;0;0;0;0;0;0;0;0;0;0;1;0;0
"03/10/2025";"14:11:01";"120";"Sem vítima";"436,000";"BR-386/RS";"Decrescente";"Colisão lateral no mesmo sentido";1;0;0;0;0;0;0;0;0;0;1;0;0;0;0
"03/10/2025";"15:28:28";"130";"Sem vítima";"282,000";"BR-386/RS";"Decrescente";"Colisão frontal";1;0;0;0;0;0;0;0;0;0;1;0;0;0;0
"03/10/2025";"17:13:11";"148";"Sem vítima";"294,000";"BR-386/RS";"Decrescente";"Saída de pista";1;0;0;0;0;0;0;0;0;0;2;0;0;0;0
"03/10/2025";"18:13:53";"160";"Sem vítima";"329,000";"BR-386/RS";"Crescente";"Colisão traseira";2;0;0;0;0;0;0;0;0;0;2;0;0;0;0
"03/10/2025";"19:01:19";"170";"Com vítima";"88,000";"BR-290/RS";"Decrescente";"Engavetamento";4;0;0;0;0;0;0;0;0;0;6;1;1;0;0
"03/10/2025";"20:46:09";"188";"Sem vítima";"435,000";"BR-386/RS";"Decrescente";"Colisão lateral no mesmo sentido";1;0;1;0;0;0;0;0;0;0;4;0;0;0;0
"04/10/2025";"01:16:32";"5";"Sem vítima";"53,000";"BR-290/RS";"Crescente";"Choque";1;0;0;0;0;0;0;0;0;0;2;0;0;0;0
"04/10/2025";"05:42:56";"15";"Com vítima";"411,000";"BR-386/RS";"Decrescente";"Colisão frontal";2;0;0;0;0;0;0;0;0;0;1;1;0;0;0
"04/10/2025";"10:29:50";"70";"Com vítima";"423,000";"BR-386/RS";"Crescente";"Colisão transversal";1;0;1;0;0;0;0;0;0;0;1;1;0;0;0
"04/10/2025";"20:12:57";"151";"Com vítima";"439,000";"BR-386/RS";"Decrescente";"Queda de moto";0;0;0;1;0;0;0;0;0;0;0;2;0;0;0
"04/10/2025";"21:24:51";"162";"Com vítima";"383,000";"BR-386/RS";"Decrescente";"Acidentes de outra natureza";0;0;0;0;0;0;0;0;0;1;1;0;0;0;1
"05/10/2025";"08:52:26";"42";"Sem vítima";"245,000";"BR-386/RS";"Crescente";"Colisão transversal";2;0;0;0;0;0;0;0;0;0;2;0;0;0;0
"05/10/2025";"09:11:44";"45";"Sem vítima";"91,600";"BR-290/RS";"Crescente";"Colisão traseira";1;0;0;1;0;0;0;0;0;0;3;0;0;0;0
"05/10/2025";"17:55:25";"119";"Sem vítima";"28,000";"BR-101/RS";"Crescente";"Colisão lateral no mesmo sentido";1;0;1;0;0;0;0;0;0;0;4;0;0;0;0
"05/10/2025";"17:56:42";"121";"Com vítima";"435,000";"BR-386/RS";"Decrescente";"Colisão lateral no mesmo sentido";2;0;0;0;0;0;0;0;0;0;0;2;2;0;0
"05/10/2025";"19:09:56";"134";"Sem vítima";"60,000";"BR-290/RS";"Crescente";"Colisão traseira";2;0;0;0;0;0;0;0;0;0;6;0;0;0;0
"05/10/2025";"22:34:40";"166";"Sem vítima";"62,000";"BR-290/RS";"Decrescente";"Atropelamento de animal";1;0;0;0;0;0;0;0;0;0;4;0;0;0;0
"06/10/2025";"06:29:42";"8";"Sem vítima";"38,000";"BR-101/RS";"Crescente";"Capotamento";1;0;0;0;0;0;0;0;0;0;1;0;0;0;0
"06/10/2025";"06:32:16";"9";"Com vítima";"372,000";"BR-386/RS";"Decrescente";"Choque";1;0;0;0;0;0;0;0;0;0;0;1;0;0;0
"06/10/2025";"06:44:12";"10";"Sem vítima";"378,000";"BR-386/RS";"Decrescente";"Choque";1;0;0;0;0;0;0;0;0;0;5;0;0;0;0
"06/10/2025";"07:30:34";"18";"Sem vítima";"419,000";"BR-386/RS";"Decrescente";"Colisão traseira";2;0;0;0;0;0;0;0;0;0;2;0;0;0;0
"06/10/2025";"10:07:26";"48";"Sem vítima";"297,000";"BR-386/RS";"Decrescente";"Saída de pista";1;0;0;0;0;0;0;0;0;0;2;0;0;0;0
"06/10/2025";"12:42:34";"67";"Com vítima";"15,000";"BR-448/RS";"Crescente";"Colisão lateral no mesmo sentido";1;0;1;0;0;0;0;0;0;0;1;2;0;0;0
"06/10/2025";"12:45:35";"68";"Sem vítima";"95,000";"BR-290/RS";"Decrescente";"Capotamento";1;0;0;0;0;0;0;0;0;0;1;0;0;0;0
"06/10/2025";"13:46:34";"80";"Sem vítima";"343,000";"BR-386/RS";"Decrescente";"Colisão lateral no mesmo sentido";2;0;0;0;0;0;0;0;0;0;2;0;0;0;0
"06/10/2025";"17:34:28";"100";"Sem vítima";"296,000";"BR-386/RS";"Decrescente";"Saída de pista";1;0;0;0;0;0;0;0;0;0;1;0;0;0;0
"06/10/2025";"18:22:54";"107";"Sem vítima";"91,000";"BR-290/RS";"Crescente";"Colisão traseira";2;0;0;0;0;0;0;0;0;0;2;0;0;0;0
"06/10/2025";"22:20:58";"121";"Com vítima";"321,000";"BR-386/RS";"Crescente";"Capotamento";1;0;0;0;0;0;0;0;0;0;0;2;0;0;0
"06/10/2025";"22:39:32";"123";"Com vítima";"69,000";"BR-290/RS";"Decrescente";"Capotamento";1;0;0;0;0;0;0;0;0;0;1;1;0;0;0
"07/10/2025";"06:17:08";"6";"Com vítima";"13,000";"BR-448/RS";"Crescente";"Tombamento";0;0;1;0;0;0;0;0;0;0;0;1;0;0;0
"07/10/2025";"08:48:37";"81";"Sem vítima";"392,000";"BR-386/RS";"Decrescente";"Queda de moto";0;0;0;1;0;0;0;0;0;0;1;0;0;0;0
"07/10/2025";"09:58:19";"99";"Sem vítima";"251,000";"BR-386/RS";"Decrescente";"Colisão lateral no mesmo sentido";1;0;1;0;0;0;0;0;0;0;5;0;0;0;0
"07/10/2025";"11:19:54";"111";"Com vítima";"22,000";"BR-448/RS";"Decrescente";"Tombamento";1;0;1;0;0;0;0;0;0;0;0;1;1;0;0
"07/10/2025";"21:32:31";"187";"Sem vítima";"426,000";"BR-386/RS";"Crescente";"Choque";0;0;0;0;0;0;0;1;0;0;1;0;0;0;0
"08/10/2025";"09:01:39";"81";"Com vítima";"38,000";"BR-101/RS";"Decrescente";"Choque";1;0;0;0;0;0;0;0;0;0;0;1;1;0;0
"08/10/2025";"09:13:19";"85";"Com vítima";"95,000";"BR-290/RS";"Crescente";"Engavetamento";3;0;0;0;0;0;0;0;0;0;3;1;0;0;0
"08/10/2025";"15:05:24";"147";"Sem vítima";"354,000";"BR-386/RS";"Decrescente";"Tombamento";0;0;1;0;0;0;0;0;0;0;1;0;0;0;0
"08/10/2025";"16:55:47";"161";"Sem vítima";"401,000";"BR-386/RS";"Crescente";"Saída de pista";1;0;0;0;0;0;0;0;0;0;2;0;0;0;0
"08/10/2025";"20:46:57";"184";"Sem vítima";"393,000";"BR-386/RS";"Decrescente";"Saída de pista";1;0;0;0;0;0;0;0;0;0;1;0;0;0;0
"08/10/2025";"22:50:39";"196";"Sem vítima";"9,000";"BR-290/RS";"Decrescente";"Saída de pista";1;0;0;0;0;0;0;0;0;0;1;0;0;0;0
"09/10/2025";"04:32:42";"8";"Sem vítima";"56,000";"BR-290/RS";"Crescente";"Saída de pista";0;0;1;0;0;0;0;0;0;0;1;0;0;0;0
"09/10/2025";"06:24:09";"11";"Sem vítima";"257,000";"BR-386/RS";"Decrescente";"Saída de pista";0;0;1;0;0;0;0;0;0;0;1;0;0;0;0
"09/10/2025";"06:45:26";"24";"Com vítima";"75,000";"BR-290/RS";"Crescente";"Queda de moto";0;0;0;1;0;0;0;0;0;0;0;0;1;0;0
"09/10/2025";"08:38:32";"93";"Com vítima";"80,000";"BR-290/RS";"Decrescente";"Colisão traseira";0;0;0;1;0;0;0;0;0;0;0;1;0;0;0
"09/10/2025";"15:56:42";"177";"Sem vítima";"217,000";"BR-386/RS";"Crescente";"Colisão traseira";2;0;0;0;0;0;0;0;0;0;11;0;0;0;0
"09/10/2025";"18:03:25";"194";"Sem vítima";"307,000";"BR-386/RS";"Crescente";"Colisão traseira";1;0;0;0;0;0;0;0;0;0;4;0;0;0;0
"09/10/2025";"20:02:47";"206";"Com vítima";"393,000";"BR-386/RS";"Crescente";"Colisão traseira";1;0;1;0;0;0;0;0;0;0;1;2;1;0;0
"10/10/2025";"02:02:19";"3";"Com vítima";"15,000";"BR-448/RS";"Crescente";"Choque";1;0;0;0;0;0;0;0;0;0;0;1;0;0;0
"10/10/2025";"14:46:37";"165";"Sem vítima";"96,000";"BR-290/RS";"Decrescente";"Choque";1;0;0;0;0;0;0;0;0;0;1;0;0;0;0
"10/10/2025";"14:55:51";"167";"Sem vítima";"310,000";"BR-386/RS";"Decrescente";"Saída de pista";1;0;0;0;0;0;0;0;0;0;2;0;0;0;0
"10/10/2025";"16:22:05";"185";"Sem vítima";"16,000";"BR-101/RS";"Decrescente";"Saída de pista";1;0;0;0;0;0;0;0;0;0;1;0;0;0;0
"10/10/2025";"17:10:11";"194";"Com vítima";"92,000";"BR-290/RS";"Decrescente";"Colisão lateral no mesmo sentido";0;0;0;1;0;0;0;0;0;0;1;0;1;0;0
"10/10/2025";"17:14:59";"196";"Sem vítima";"435,000";"BR-386/RS";"Crescente";"Colisão traseira";0;0;2;0;0;0;0;0;0;0;2;0;0;0;0
"10/10/2025";"17:40:44";"199";"Sem vítima";"242,000";"BR-386/RS";"Decrescente";"Colisão traseira";2;0;0;0;0;0;0;0;0;0;5;0;0;0;0
"10/10/2025";"18:06:20";"203";"Sem vítima";"436,000";"BR-386/RS";"Decrescente";"Engavetamento";3;0;0;0;0;0;0;0;0;0;4;0;0;0;0
"10/10/2025";"22:44:39";"241";"Sem vítima";"437,000";"BR-386/RS";"Decrescente";"Choque";1;0;0;0;0;0;0;0;0;0;1;0;0;0;0
"11/10/2025";"01:15:20";"8";"Sem vítima";"350,800";"BR-386/RS";"Decrescente";"Choque";1;0;0;0;0;0;0;0;0;0;1;0;0;0;0
"11/10/2025";"18:09:02";"125";"Sem vítima";"15,000";"BR-448/RS";"Crescente";"Colisão traseira";2;0;0;0;0;0;0;0;0;0;2;0;0;0;0
"11/10/2025";"18:41:46";"137";"Sem vítima";"75,000";"BR-290/RS";"Decrescente";"Capotamento";1;0;0;0;0;0;0;0;0;0;1;0;0;0;0
"11/10/2025";"22:01:16";"154";"Sem vítima";"25,000";"BR-290/RS";"Crescente";"Colisão traseira";2;0;0;0;0;0;0;0;0;0;4;0;0;0;0
"12/10/2025";"08:57:11";"35";"Com vítima";"219,000";"BR-386/RS";"Decrescente";"Capotamento";1;0;0;0;0;0;0;0;0;0;3;1;0;0;0
"12/10/2025";"10:42:15";"47";"Com vítima";"402,600";"BR-386/RS";"Decrescente";"Choque";1;0;1;0;0;0;0;0;0;0;1;1;0;0;0
"12/10/2025";"15:56:49";"75";"Sem vítima";"330,000";"BR-386/RS";"Decrescente";"Colisão lateral no mesmo sentido";1;0;0;0;0;0;0;0;0;0;5;0;0;0;0
"12/10/2025";"16:43:06";"81";"Sem vítima";"440,000";"BR-386/RS";"Crescente";"Capotamento";1;0;0;0;0;0;0;0;0;0;2;0;0;0;0
"12/10/2025";"16:56:05";"87";"Sem vítima";"75,000";"BR-290/RS";"Decrescente";"Capotamento";1;0;0;0;0;0;0;0;0;0;3;0;0;0;0
"12/10/2025";"18:24:33";"100";"Sem vítima";"19,000";"BR-290/RS";"Crescente";"Saída de pista";1;0;0;0;0;0;0;0;0;0;2;0;0;0;0
"12/10/2025";"19:42:49";"108";"Com vítima";"351,000";"BR-386/RS";"Decrescente";"Choque";1;0;0;0;0;0;0;0;0;0;0;0;1;0;0
"12/10/2025";"20:03:33";"110";"Sem vítima";"344,000";"BR-386/RS";"Decrescente";"Saída de pista";1;0;0;0;0;0;0;0;0;0;1;0;0;0;0
"12/10/2025";"20:21:23";"112";"Com vítima";"94,000";"BR-290/RS";"Crescente";"Colisão traseira";0;0;0;2;0;0;0;0;0;0;0;0;2;0;0
"13/10/2025";"03:28:28";"12";"Sem vítima";"248,000";"BR-386/RS";"Decrescente";"Saída de pista";1;0;0;0;0;0;0;0;0;0;1;0;0;0;0
"13/10/2025";"07:33:19";"45";"Sem vítima";"88,000";"BR-290/RS";"Crescente";"Engavetamento";3;0;0;0;0;0;0;0;0;0;5;0;0;0;0
"13/10/2025";"14:01:33";"162";"Sem vítima";"96,000";"BR-290/RS";"Crescente";"Colisão lateral no mesmo sentido";0;0;0;1;0;0;0;0;0;0;1;0;0;0;0
"13/10/2025";"15:32:25";"177";"Sem vítima";"92,000";"BR-290/RS";"Decrescente";"Colisão lateral no mesmo sentido";1;0;0;0;0;0;0;0;0;0;1;0;0;0;0
"13/10/2025";"16:11:42";"184";"Sem vítima";"262,800";"BR-386/RS";"Decrescente";"Colisão traseira";2;0;0;0;0;0;0;0;0;0;4;0;0;0;0
"13/10/2025";"21:34:58";"221";"Sem vítima";"73,000";"BR-101/RS";"Crescente";"Saída de pista";0;0;1;0;0;0;0;0;0;0;1;0;0;0;0
"14/10/2025";"07:22:59";"27";"Sem vítima";"261,000";"BR-386/RS";"Crescente";"Colisão lateral no mesmo sentido";1;0;1;0;0;0;0;0;0;0;2;0;0;0;0
"14/10/2025";"07:33:25";"33";"Sem vítima";"87,000";"BR-290/RS";"Crescente";"Colisão lateral no mesmo sentido";0;0;0;1;0;0;0;0;0;0;1;0;0;0;0
"14/10/2025";"07:43:55";"44";"Com vítima";"73,000";"BR-101/RS";"Crescente";"Colisão traseira";2;0;0;0;0;0;0;0;0;0;3;1;0;0;0
"14/10/2025";"13:52:59";"150";"Sem vítima";"44,000";"BR-101/RS";"Decrescente";"Choque";0;0;1;0;0;0;0;0;0;0;1;0;0;0;0
"14/10/2025";"15:26:06";"166";"Sem vítima";"351,000";"BR-386/RS";"Crescente";"Colisão lateral no mesmo sentido";1;0;1;0;0;0;0;0;0;0;2;0;0;0;0
"14/10/2025";"15:40:42";"171";"Com vítima";"92,000";"BR-290/RS";"Crescente";"Colisão transversal";2;0;0;0;0;0;0;0;0;0;3;1;0;0;0
"14/10/2025";"16:23:12";"177";"Com vítima";"75,000";"BR-290/RS";"Decrescente";"Colisão traseira";0;0;0;1;0;0;0;0;0;0;0;1;0;0;0
"14/10/2025";"17:00:38";"183";"Sem vítima";"19,000";"BR-290/RS";"Crescente";"Colisão lateral no mesmo sentido";1;0;1;0;0;0;0;0;0;0;2;0;0;0;0
"14/10/2025";"19:02:36";"197";"Com vítima";"67,000";"BR-101/RS";"Decrescente";"Atropelamento de animal";0;0;0;1;0;0;0;0;0;0;0;0;1;0;0
"14/10/2025";"21:51:43";"210";"Com vítima";"3,000";"BR-290/RS";"Crescente";"Capotamento";1;0;0;0;0;0;0;0;0;0;1;1;0;0;0
"16/10/2025";"14:39:50";"131";"Com vítima";"391,000";"BR-386/RS";"Crescente";"Colisão transversal";0;0;2;0;0;0;0;0;0;0;1;1;1;0;0
"17/10/2025";"13:05:02";"128";"Sem vítima";"1,000";"BR-101/RS";"Crescente";"Choque";1;0;0;0;0;0;0;0;0;0;2;0;0;0;0
"17/10/2025";"16:17:56";"154";"Sem vítima";"4,000";"BR-448/RS";"Decrescente";"Colisão traseira";2;0;0;0;0;0;0;0;0;0;5;0;0;0;0
"17/10/2025";"16:26:32";"156";"Sem vítima";"411,000";"BR-386/RS";"Decrescente";"Colisão traseira";2;0;0;0;0;0;0;0;0;0;7;0;0;0;0
"17/10/2025";"20:14:17";"190";"Sem vítima";"268,000";"BR-386/RS";"Decrescente";"Capotamento";1;0;0;0;0;0;0;0;0;0;1;0;0;0;0
"18/10/2025";"00:17:18";"2";"Sem vítima";"96,000";"BR-290/RS";"Crescente";"Choque";1;0;0;0;0;0;0;0;0;0;1;0;0;0;0
"18/10/2025";"00:23:33";"3";"Com vítima";"9,000";"BR-448/RS";"Crescente";"Colisão lateral no mesmo sentido";1;0;1;0;0;0;0;0;0;0;2;1;0;0;0