data;horario;n_da_ocorrencia;tipo_de_ocorrencia;km;trecho;sentido;tipo_de_acidente;automovel;bicicleta;caminhao;moto;onibus;outros;tracao_animal;transporte_de_cargas_especiais;trator_maquinas;utilitarios;ilesos;levemente_feridos;moderadamente_feridos;gravemente_feridos;mortos
"18/10/2025";"05:25:43";"8";"Sem vítima";"25,000";"BR-290/RS";"Crescente";"Saída de pista";1;0;0;0;0;0;0;0;0;0;1;0;0;0;0
"18/10/2025";"06:27:53";"11";"Com vítima";"91,000";"BR-290/RS";"Crescente";"Choque";1;0;0;0;0;0;0;0;0;0;0;0;1;0;0
"18/10/2025";"08:19:38";"43";"Sem vítima";"94,000";"BR-290/RS";"Crescente";"Choque";1;0;0;0;0;0;0;0;0;0;1;0;0;0;0
"18/10/2025";"12:11:00";"67";"Sem vítima";"307,000";"BR-386/RS";"Decrescente";"Capotamento";1;0;0;0;0;0;0;0;0;0;3;0;0;0;0
"18/10/2025";"13:59:16";"78";"Com vítima";"38,000";"BR-101/RS";"Crescente";"Capotamento";1;0;0;0;0;0;0;0;0;0;0;1;1;0;0
"18/10/2025";"14:11:11";"79";"Com vítima";"202,000";"BR-386/RS";"Decrescente";"Colisão transversal";1;0;0;1;0;0;0;0;0;0;1;0;1;0;0
"18/10/2025";"18:24:31";"103";"Sem vítima";"295,000";"BR-386/RS";"Decrescente";"Saída de pista";1;0;0;0;0;0;0;0;0;0;2;0;0;0;0
"18/10/2025";"21:02:51";"117";"Sem vítima";"80,000";"BR-290/RS";"Crescente";"Saída de pista";1;0;0;0;0;0;0;0;0;0;1;0;0;0;0
"19/10/2025";"08:25:22";"35";"Sem vítima";"352,000";"BR-386/RS";"Decrescente";"Choque";1;0;0;0;0;0;0;0;0;0;1;0;0;0;0
"19/10/2025";"08:47:28";"42";"Sem vítima";"223,300";"BR-386/RS";"Decrescente";"Choque";1;0;0;0;0;0;0;0;0;0;1;0;0;0;0
"19/10/2025";"23:05:46";"148";"Sem vítima";"75,000";"BR-290/RS";"Crescente";"Colisão traseira";1;0;1;0;0;0;0;0;0;0;4;0;0;0;0
"20/10/2025";"09:10:33";"79";"Sem vítima";"227,400";"BR-386/RS";"Decrescente";"Colisão transversal";2;0;2;0;0;0;0;0;0;0;7;0;0;0;0
"20/10/2025";"16:07:21";"174";"Sem vítima";"401,000";"BR-386/RS";"Decrescente";"Colisão lateral no mesmo sentido";1;0;1;0;0;0;0;0;0;0;5;0;0;0;0
"20/10/2025";"19:43:41";"196";"Sem vítima";"70,500";"BR-101/RS";"Crescente";"Tombamento";0;0;1;0;0;0;0;0;0;0;1;0;0;0;0
"21/10/2025";"08:26:34";"60";"Sem vítima";"431,000";"BR-386/RS";"Decrescente";"Colisão lateral no mesmo sentido";2;0;0;0;0;0;0;0;0;0;2;0;0;0;0
"21/10/2025";"16:19:27";"176";"Com vítima";"72,000";"BR-101/RS";"Decrescente";"Choque";1;0;0;0;0;0;0;0;0;0;1;1;0;0;0
"22/10/2025";"00:26:52";"1";"Sem vítima";"396,450";"BR-386/RS";"Decrescente";"Tombamento";0;0;1;0;0;0;0;0;0;0;1;0;0;0;0
"22/10/2025";"10:49:57";"89";"Com vítima";"389,000";"BR-386/RS";"Crescente";"Colisão traseira";0;0;1;1;0;0;0;0;0;0;1;0;0;0;1
"22/10/2025";"11:34:44";"101";"Sem vítima";"262,000";"BR-386/RS";"Decrescente";"Colisão traseira";0;0;2;0;0;0;0;0;0;0;2;0;0;0;0
"22/10/2025";"13:18:25";"134";"Com vítima";"345,000";"BR-386/RS";"Decrescente";"Colisão traseira";1;0;2;0;0;0;0;0;0;0;2;1;0;0;0
"22/10/2025";"17:41:24";"170";"Sem vítima";"415,000";"BR-386/RS";"Decrescente";"Engavetamento";0;0;3;0;0;0;0;0;0;0;3;0;0;0;0
"23/10/2025";"06:20:36";"5";"Com vítima";"272,000";"BR-386/RS";"Decrescente";"Colisão frontal";0;0;1;0;0;0;0;1;0;0;0;0;0;0;2
"23/10/2025";"07:16:05";"14";"Sem vítima";"434,000";"BR-386/RS";"Decrescente";"Colisão lateral no mesmo sentido";2;0;0;0;0;0;0;0;0;0;4;0;0;0;0
"23/10/2025";"08:04:27";"29";"Sem vítima";"19,000";"BR-290/RS";"Decrescente";"Colisão traseira";2;0;0;0;0;0;0;0;0;0;1;0;0;0;0
"23/10/2025";"08:20:00";"32";"Com vítima";"96,000";"BR-290/RS";"Crescente";"Queda de moto";0;0;0;1;0;0;0;0;0;0;0;0;1;0;0
"23/10/2025";"15:57:57";"148";"Sem vítima";"87,000";"BR-290/RS";"Crescente";"Saída de pista";1;0;1;0;0;0;0;0;0;0;2;0;0;0;0
"23/10/2025";"17:47:24";"166";"Com vítima";"68,000";"BR-290/RS";"Decrescente";"Capotamento";1;0;0;0;0;0;0;0;0;0;1;2;0;0;0
"23/10/2025";"18:08:31";"169";"Com vítima";"424,000";"BR-386/RS";"Crescente";"Colisão traseira";1;0;0;1;0;0;0;0;0;0;1;1;0;0;0
"23/10/2025";"23:17:47";"197";"Sem vítima";"19,000";"BR-290/RS";"Crescente";"Colisão traseira";2;0;0;0;0;0;0;0;0;0;3;0;0;0;0
"24/10/2025";"01:51:46";"3";"Com vítima";"50,000";"BR-101/RS";"Decrescente";"Saída de pista";0;0;1;0;0;0;0;0;0;0;1;1;0;0;0
"24/10/2025";"07:08:23";"33";"Sem vítima";"91,000";"BR-290/RS";"Crescente";"Colisão transversal";2;0;0;0;0;0;0;0;0;0;2;0;0;0;0
"24/10/2025";"19:25:37";"183";"Sem vítima";"279,000";"BR-386/RS";"Decrescente";"Colisão traseira";2;0;0;0;0;0;0;0;0;0;3;0;0;0;0
"25/10/2025";"00:07:09";"1";"Sem vítima";"354,000";"BR-386/RS";"Decrescente";"Saída de pista";1;0;0;0;0;0;0;0;0;0;1;0;0;0;0
"25/10/2025";"05:01:55";"7";"Sem vítima";"93,000";"BR-290/RS";"Crescente";"Tombamento";1;0;0;0;0;0;0;0;0;0;5;0;0;0;0
"25/10/2025";"05:41:23";"9";"Sem vítima";"18,000";"BR-290/RS";"Crescente";"Capotamento";1;0;0;0;0;0;0;0;0;0;1;0;0;0;0
"25/10/2025";"07:24:54";"43";"Com vítima";"306,000";"BR-386/RS";"Crescente";"Choque";1;0;0;0;0;0;0;0;0;0;0;1;0;0;0
"25/10/2025";"09:57:02";"75";"Sem vítima";"282,000";"BR-386/RS";"Decrescente";"Tombamento";0;0;1;0;0;0;0;0;0;0;1;0;0;0;0
"25/10/2025";"11:49:34";"85";"Com vítima";"351,000";"BR-386/RS";"Decrescente";"Colisão lateral no mesmo sentido";1;0;0;1;0;0;0;0;0;0;3;2;0;0;0
"25/10/2025";"15:48:00";"111";"Com vítima";"21,750";"BR-448/RS";"Crescente";"Choque";0;0;0;1;0;0;0;0;0;0;0;0;0;0;1
"25/10/2025";"16:38:09";"116";"Sem vítima";"305,000";"BR-386/RS";"Crescente";"Choque";1;0;0;0;0;0;0;0;0;0;3;0;0;0;0
"25/10/2025";"18:28:46";"121";"Sem vítima";"305,000";"BR-386/RS";"Decrescente";"Choque";1;0;0;0;0;0;0;0;0;0;2;0;0;0;0
"25/10/2025";"19:32:22";"125";"Com vítima";"438,000";"BR-386/RS";"Crescente";"Queda de moto";1;0;0;0;0;0;0;0;0;0;0;0;1;0;0
"25/10/2025";"22:23:45";"132";"Com vítima";"362,000";"BR-386/RS";"Crescente";"Colisão traseira";2;0;0;0;0;0;0;0;0;0;3;1;0;0;0
"26/10/2025";"07:45:15";"15";"Sem vítima";"17,000";"BR-290/RS";"Crescente";"Capotamento";1;0;0;0;0;0;0;0;0;0;1;0;0;0;0
"27/10/2025";"05:56:14";"13";"Sem vítima";"40,000";"BR-290/RS";"Crescente";"Saída de pista";1;0;0;0;0;0;0;0;0;0;1;0;0;0;0
"27/10/2025";"12:06:13";"121";"Com vítima";"313,100";"BR-386/RS";"Decrescente";"Colisão lateral no mesmo sentido";2;0;2;0;0;0;0;0;0;0;4;1;0;2;1
"28/10/2025";"13:56:26";"106";"Sem vítima";"305,000";"BR-386/RS";"Decrescente";"Choque";1;0;0;0;0;0;0;0;0;0;1;0;0;0;0
"28/10/2025";"20:49:49";"150";"Sem vítima";"307,000";"BR-386/RS";"Crescente";"Choque";1;0;0;0;0;0;0;0;0;0;1;0;0;0;0
"29/10/2025";"04:44:27";"5";"Sem vítima";"77,000";"BR-290/RS";"Crescente";"Saída de pista";1;0;0;0;0;0;0;0;0;0;1;0;0;0;0
"29/10/2025";"12:47:34";"84";"Sem vítima";"22,000";"BR-448/RS";"Crescente";"Choque";1;0;0;0;0;0;0;0;0;0;1;0;0;0;0
"29/10/2025";"16:08:53";"107";"Com vítima";"247,000";"BR-386/RS";"Decrescente";"Colisão transversal";1;0;0;1;0;0;0;0;0;0;2;1;0;0;0
"30/10/2025";"05:14:25";"6";"Sem vítima";"17,000";"BR-290/RS";"Crescente";"Choque";0;0;1;0;0;0;0;0;0;0;1;0;0;0;0
"30/10/2025";"07:38:52";"30";"Sem vítima";"76,000";"BR-101/RS";"Crescente";"Choque";1;0;0;0;0;0;0;0;0;0;1;0;0;0;0
"30/10/2025";"09:15:31";"79";"Sem vítima";"16,000";"BR-290/RS";"Decrescente";"Colisão traseira";2;0;0;0;0;0;0;0;0;0;4;0;0;0;0
"30/10/2025";"11:33:16";"117";"Sem vítima";"262,000";"BR-386/RS";"Crescente";"Colisão traseira";2;0;0;0;0;0;0;0;0;0;2;0;0;0;0
"30/10/2025";"12:13:40";"124";"Sem vítima";"69,400";"BR-290/RS";"Crescente";"Choque";1;0;0;0;0;0;0;0;0;0;2;0;0;0;0
"30/10/2025";"13:28:47";"137";"Sem vítima";"247,000";"BR-386/RS";"Decrescente";"Colisão traseira";1;0;1;0;0;0;0;0;0;0;2;0;0;0;0
"30/10/2025";"21:53:28";"190";"Sem vítima";"50,000";"BR-101/RS";"Crescente";"Colisão traseira";0;0;2;0;0;0;0;0;0;0;2;0;0;0;0
"31/10/2025";"10:26:18";"84";"Sem vítima";"235,000";"BR-386/RS";"Crescente";"Capotamento";1;0;0;0;0;0;0;0;0;0;1;0;0;0;0
"31/10/2025";"14:39:44";"122";"Com vítima";"435,000";"BR-386/RS";"Decrescente";"Colisão lateral no mesmo sentido";1;0;0;1;0;0;0;0;0;0;1;1;0;0;0
"31/10/2025";"15:56:05";"131";"Com vítima";"356,000";"BR-386/RS";"Crescente";"Queda de moto";0;0;0;1;0;0;0;0;0;0;0;2;0;0;0
"31/10/2025";"17:33:16";"142";"Sem vítima";"386,000";"BR-386/RS";"Decrescente";"Colisão traseira";2;0;0;0;0;0;0;0;0;0;2;0;0;0;0
"31/10/2025";"17:50:56";"144";"Sem vítima";"392,000";"BR-386/RS";"Crescente";"Choque";1;0;0;0;0;0;0;0;0;0;1;0;0;0;0
"01/11/2025";"08:43:05";"35";"Sem vítima";"446,000";"BR-386/RS";"Crescente";"Colisão lateral no mesmo sentido";2;0;0;0;0;0;0;0;0;0;0;0;0;0;0
"01/11/2025";"10:12:26";"74";"Sem vítima";"400,000";"BR-386/RS";"Crescente";"Colisão lateral no mesmo sentido";1;0;0;0;0;0;0;0;0;0;0;0;0;0;0
"02/11/2025";"15:01:27";"54";"Sem vítima";"324,000";"BR-386/RS";"Crescente";"Choque";1;0;0;0;0;0;0;0;0;0;0;0;0;0;0
"03/11/2025";"00:19:44";"2";"Sem vítima";"233,200";"BR-386/RS";"Crescente";"Atropelamento de animal";1;0;0;0;0;0;0;0;0;0;0;0;0;0;0
"03/11/2025";"07:10:36";"20";"Sem vítima";"411,000";"BR-386/RS";"Decrescente";"Colisão lateral no mesmo sentido";1;0;0;0;0;0;0;0;0;0;0;0;0;0;0
"03/11/2025";"07:34:56";"27";"Sem vítima";"439,000";"BR-386/RS";"Crescente";"Colisão traseira";2;0;0;0;0;0;0;0;0;0;0;0;0;0;0
"03/11/2025";"08:22:44";"31";"Sem vítima";"42,000";"BR-101/RS";"Crescente";"Acidentes de outra natureza";1;0;0;0;0;0;0;0;0;0;0;0;0;0;0
"03/11/2025";"08:54:51";"32";"Sem vítima";"10,000";"BR-290/RS";"Crescente";"Engavetamento";1;0;0;0;0;0;0;0;0;0;0;0;0;0;0
"03/11/2025";"15:31:10";"144";"Sem vítima";"245,000";"BR-386/RS";"Crescente";"Colisão traseira";1;0;1;0;0;0;0;0;0;0;0;0;0;0;0
"04/11/2025";"13:15:52";"131";"Sem vítima";"32,000";"BR-290/RS";"Crescente";"Acidentes de outra natureza";1;0;0;0;0;0;0;0;0;0;0;0;0;0;0
"04/11/2025";"22:24:55";"197";"Sem vítima";"243,000";"BR-386/RS";"Crescente";"Atropelamento de animal";1;0;0;0;0;0;0;0;0;0;0;0;0;0;0
"05/11/2025";"08:09:25";"62";"Sem vítima";"88,000";"BR-290/RS";"Decrescente";"Engavetamento";4;0;0;0;0;0;0;0;0;0;0;0;0;0;0
"05/11/2025";"15:20:10";"149";"Sem vítima";"89,000";"BR-290/RS";"Decrescente";"Tombamento";0;0;0;1;0;0;0;0;0;0;0;0;0;0;0
"05/11/2025";"15:40:09";"154";"Sem vítima";"17,000";"BR-448/RS";"Crescente";"Capotamento";1;0;0;0;0;0;0;0;0;0;0;0;0;0;0
"06/11/2025";"06:27:56";"17";"Sem vítima";"362,000";"BR-386/RS";"Decrescente";"Acidentes de outra natureza";0;1;0;0;0;0;0;0;0;0;0;0;0;0;0
"07/11/2025";"12:02:30";"70";"Sem vítima";"351,000";"BR-386/RS";"Crescente";"Engavetamento";2;0;0;0;0;0;0;0;0;0;0;0;0;0;0
"07/11/2025";"14:10:41";"78";"Sem vítima";"307,000";"BR-386/RS";"Decrescente";"Colisão frontal";1;0;0;0;0;0;0;0;0;0;0;0;0;0;0
"07/11/2025";"14:37:39";"82";"Sem vítima";"184,000";"BR-386/RS";"Crescente";"Acidentes de outra natureza";1;0;0;0;0;0;0;0;0;0;0;0;0;0;0
"07/11/2025";"14:58:09";"85";"Sem vítima";"9,000";"BR-290/RS";"Crescente";"Acidentes de outra natureza";1;0;0;0;0;0;0;0;0;0;0;0;0;0;0
"07/11/2025";"15:06:55";"86";"Sem vítima";"43,000";"BR-290/RS";"Decrescente";"Acidentes de outra natureza";1;0;0;0;0;0;0;0;0;0;0;0;0;0;0
"07/11/2025";"17:36:27";"104";"Sem vítima";"433,000";"BR-386/RS";"Decrescente";"Acidentes de outra natureza";0;0;0;0;0;0;0;0;0;0;0;0;0;0;0
"07/11/2025";"17:46:39";"108";"Sem vítima";"436,000";"BR-386/RS";"Crescente";"Acidentes de outra natureza";0;0;0;0;0;0;0;0;0;0;0;0;0;0;0
"07/11/2025";"18:29:00";"115";"Sem vítima";"255,000";"BR-386/RS";"Decrescente";"Choque";1;0;0;0;0;0;0;0;0;0;0;0;0;0;0
"07/11/2025";"20:56:00";"153";"Sem vítima";"306,000";"BR-386/RS";"Crescente";"Capotamento";1;0;0;0;0;0;0;0;0;0;0;0;0;0;0
"08/11/2025";"06:02:54";"28";"Sem vítima";"412,000";"BR-386/RS";"Decrescente";"Choque";1;0;0;0;0;0;0;0;0;0;0;0;0;0;0
"08/11/2025";"06:35:09";"30";"Sem vítima";"22,000";"BR-101/RS";"Decrescente";"Choque";1;0;0;0;0;0;0;0;0;0;0;0;0;0;0
"08/11/2025";"09:58:57";"48";"Sem vítima";"305,000";"BR-386/RS";"Crescente";"Acidentes de outra natureza";1;0;0;0;0;0;0;0;0;0;0;0;0;0;0
"08/11/2025";"10:09:05";"49";"Sem vítima";"440,000";"BR-386/RS";"Crescente";"Acidentes de outra natureza";1;0;0;0;0;0;0;0;0;0;0;0;0;0;0
"08/11/2025";"11:24:39";"56";"Sem vítima";"86,000";"BR-101/RS";"Crescente";"Choque";1;0;0;0;0;0;0;0;0;0;0;0;0;0;0
"08/11/2025";"11:52:04";"61";"Sem vítima";"435,000";"BR-386/RS";"Crescente";"Colisão traseira";2;0;0;0;0;0;0;0;0;0;0;0;0;0;0
"08/11/2025";"13:55:13";"72";"Sem vítima";"440,000";"BR-386/RS";"Crescente";"Colisão traseira";1;0;0;0;0;0;0;0;0;0;0;0;0;0;0
"08/11/2025";"23:15:05";"132";"Sem vítima";"389,000";"BR-386/RS";"Crescente";"Colisão lateral no mesmo sentido";1;0;0;0;0;0;0;0;0;0;0;0;0;0;0
"09/11/2025";"17:03:57";"115";"Sem vítima";"372,000";"BR-386/RS";"Decrescente";"Engavetamento";3;0;0;0;0;0;0;0;0;0;0;0;0;0;0
"09/11/2025";"17:15:24";"119";"Sem vítima";"248,000";"BR-386/RS";"Decrescente";"Colisão traseira";2;0;0;0;0;0;0;0;0;0;5;0;0;0;0
"09/11/2025";"22:57:44";"164";"Sem vítima";"309,000";"BR-386/RS";"Decrescente";"Colisão frontal";2;0;0;0;0;0;0;0;0;0;0;0;0;0;0
"10/11/2025";"04:17:48";"40";"Sem vítima";"63,000";"BR-290/RS";"Decrescente";"Acidentes de outra natureza";0;0;1;0;0;0;0;0;0;0;1;0;0;0;0
"10/11/2025";"08:12:15";"101";"Sem vítima";"435,000";"BR-386/RS";"Decrescente";"Colisão traseira";2;0;0;0;0;0;0;0;0;0;0;0;0;0;0
"10/11/2025";"10:35:55";"146";"Sem vítima";"16,000";"BR-101/RS";"Crescente";"Acidentes de outra natureza";1;0;0;0;0;0;0;0;0;0;0;0;0;0;0
"10/11/2025";"18:39:34";"233";"Sem vítima";"6,000";"BR-290/RS";"Decrescente";"Tombamento";0;0;1;0;0;0;0;0;0;0;1;0;0;0;0
"11/11/2025";"03:27:28";"8";"Com vítima";"80,000";"BR-290/RS";"Decrescente";"Choque";1;0;0;0;0;0;0;0;0;0;0;1;0;0;0
"11/11/2025";"13:00:03";"145";"Com vítima";"13,000";"BR-290/RS";"Decrescente";"Choque";0;0;1;0;0;0;0;0;0;0;0;0;1;0;0
"12/11/2025";"08:38:41";"45";"Com vítima";"73,000";"BR-290/RS";"Decrescente";"Engavetamento";3;0;0;0;0;0;0;0;0;0;3;1;0;0;0
"12/11/2025";"08:58:53";"57";"Sem vítima";"230,000";"BR-386/RS";"Crescente";"Engavetamento";2;0;1;0;0;0;0;0;0;0;0;0;0;0;0
"12/11/2025";"19:10:47";"193";"Sem vítima";"86,000";"BR-290/RS";"Crescente";"Colisão traseira";0;0;1;0;0;0;0;0;0;1;1;0;0;0;0
"13/11/2025";"07:21:13";"38";"Com vítima";"75,000";"BR-290/RS";"Decrescente";"Acidentes de outra natureza";1;1;0;0;0;0;0;0;0;0;0;1;1;0;0
"13/11/2025";"10:47:33";"104";"Sem vítima";"66,000";"BR-101/RS";"Crescente";"Acidentes de outra natureza";0;0;0;0;0;0;0;0;0;0;0;0;0;0;0
"13/11/2025";"11:52:03";"112";"Com vítima";"442,000";"BR-386/RS";"Crescente";"Capotamento";1;0;0;0;0;0;0;0;0;0;0;1;0;0;0
"13/11/2025";"13:21:31";"125";"Sem vítima";"86,000";"BR-101/RS";"Decrescente";"Colisão lateral no mesmo sentido";1;0;1;0;0;0;0;0;0;0;0;0;0;0;0
"14/11/2025";"18:06:35";"188";"Sem vítima";"290,000";"BR-386/RS";"Decrescente";"Colisão traseira";2;0;0;0;0;0;0;0;0;0;0;0;0;0;0
"14/11/2025";"20:56:14";"227";"Sem vítima";"417,000";"BR-386/RS";"Crescente";"Engavetamento";3;0;0;0;0;0;0;0;0;0;0;0;0;0;0
"15/11/2025";"00:02:55";"1";"Sem vítima";"15,000";"BR-101/RS";"Crescente";"Acidentes de outra natureza";1;0;0;0;0;0;0;0;0;0;0;0;0;0;0
"15/11/2025";"01:53:21";"6";"Com vítima";"24,000";"BR-290/RS";"Decrescente";"Choque";0;0;1;0;0;0;0;0;0;0;0;1;0;0;0
"15/11/2025";"02:30:37";"7";"Sem vítima";"352,800";"BR-386/RS";"Decrescente";"Choque";1;0;0;0;0;0;0;0;0;0;0;0;0;0;0
"15/11/2025";"05:45:45";"10";"Com vítima";"22,000";"BR-101/RS";"Decrescente";"Capotamento";1;0;0;0;0;0;0;0;0;0;0;0;0;1;0
"15/11/2025";"10:53:07";"80";"Com vítima";"86,000";"BR-290/RS";"Crescente";"Colisão traseira";1;0;0;1;0;0;0;0;0;0;0;0;1;0;0
"15/11/2025";"20:57:49";"183";"Sem vítima";"307,000";"BR-386/RS";"Decrescente";"Choque";0;0;0;0;0;0;0;0;0;1;0;0;0;0;0
"15/11/2025";"21:02:25";"185";"Sem vítima";"282,000";"BR-386/RS";"Crescente";"Choque";0;0;1;0;0;0;0;0;0;0;0;0;0;0;0
"15/11/2025";"22:26:24";"199";"Com vítima";"18,000";"BR-101/RS";"Crescente";"Colisão frontal";1;0;0;1;0;0;0;0;0;0;0;1;0;0;0
"16/11/2025";"07:35:22";"38";"Sem vítima";"61,000";"BR-290/RS";"Crescente";"Choque";1;0;0;0;0;0;0;0;0;0;1;0;0;0;0
"16/11/2025";"12:36:23";"78";"Com vítima";"56,000";"BR-290/RS";"Crescente";"Capotamento";1;0;0;0;0;0;0;0;0;0;1;1;0;0;0
"16/11/2025";"18:07:05";"124";"Sem vítima";"308,000";"BR-386/RS";"Crescente";"Acidentes de outra natureza";0;0;0;0;0;0;0;0;0;1;0;0;0;0;0
"16/11/2025";"19:35:36";"154";"Sem vítima";"422,000";"BR-386/RS";"Crescente";"Choque";1;0;0;0;0;0;0;0;0;0;0;0;0;0;0
"16/11/2025";"21:17:23";"179";"Com vítima";"416,000";"BR-386/RS";"Crescente";"Capotamento";2;0;0;0;0;0;0;0;0;0;1;1;0;0;0
"17/11/2025";"03:27:33";"9";"Sem vítima";"15,000";"BR-101/RS";"Crescente";"Choque";1;0;0;0;0;0;0;0;0;0;3;0;0;0;0
"17/11/2025";"09:51:15";"69";"Sem vítima";"438,000";"BR-386/RS";"Crescente";"Colisão traseira";2;0;0;0;0;0;0;0;0;0;0;0;0;0;0
"17/11/2025";"11:00:52";"87";"Sem vítima";"348,000";"BR-386/RS";"Crescente";"Engavetamento";1;0;2;0;0;0;0;0;0;0;0;0;0;0;0
"17/11/2025";"15:52:36";"153";"Sem vítima";"91,000";"BR-290/RS";"Decrescente";"Acidentes de outra natureza";1;0;0;0;0;0;0;0;0;0;1;0;0;0;0
"17/11/2025";"18:43:43";"183";"Sem vítima";"409,000";"BR-386/RS";"Decrescente";"Colisão lateral no mesmo sentido";1;0;1;0;0;0;0;0;0;0;0;0;0;0;0
"18/11/2025";"05:21:53";"15";"Sem vítima";"268,000";"BR-386/RS";"Decrescente";"Choque";0;0;1;0;0;0;0;0;0;0;0;0;0;0;0
"18/11/2025";"05:31:50";"16";"Sem vítima";"32,700";"BR-290/RS";"Crescente";"Tombamento";0;0;1;0;0;0;0;0;0;0;0;0;0;0;0
"18/11/2025";"15:03:18";"147";"Sem vítima";"417,450";"BR-386/RS";"Crescente";"Queda de carga";0;0;1;0;0;0;0;0;0;0;0;0;0;0;0
"18/11/2025";"16:06:33";"154";"Sem vítima";"86,000";"BR-290/RS";"Decrescente";"Acidentes de outra natureza";0;0;1;0;0;0;0;0;0;0;1;0;0;0;0
"19/11/2025";"08:39:50";"53";"Sem vítima";"94,000";"BR-290/RS";"Decrescente";"Colisão lateral no mesmo sentido";1;0;0;0;0;0;0;0;0;0;0;0;0;0;0
"19/11/2025";"21:44:50";"206";"Sem vítima";"429,000";"BR-386/RS";"Crescente";"Choque";1;0;0;0;0;0;0;0;0;0;0;0;0;0;0
"19/11/2025";"21:48:54";"207";"Sem vítima";"240,000";"BR-386/RS";"Decrescente";"Choque";0;0;1;0;0;0;0;0;0;0;0;0;0;0;0
"19/11/2025";"23:06:33";"219";"Com vítima";"354,000";"BR-386/RS";"Decrescente";"Colisão lateral no mesmo sentido";1;0;1;0;0;0;0;0;0;0;0;1;0;0;0
"20/11/2025";"08:22:11";"57";"Sem vítima";"356,000";"BR-386/RS";"Decrescente";"Colisão traseira";1;0;0;1;0;0;0;0;0;0;0;0;0;0;0
"20/11/2025";"14:52:09";"163";"Sem vítima";"277,000";"BR-386/RS";"Decrescente";"Choque";1;0;0;0;0;0;0;0;0;0;1;0;0;0;0
"20/11/2025";"18:35:35";"195";"Sem vítima";"92,000";"BR-290/RS";"Decrescente";"Colisão lateral no mesmo sentido";1;0;1;0;0;0;0;0;0;0;0;0;0;0;0
"21/11/2025";"11:56:21";"120";"Com vítima";"87,500";"BR-290/RS";"Crescente";"Choque";1;0;0;0;0;0;0;0;0;0;0;0;1;0;0
"21/11/2025";"18:00:39";"188";"Com vítima";"366,700";"BR-386/RS";"Decrescente";"Capotamento";1;0;0;0;0;0;0;0;0;0;0;2;0;0;0
"22/11/2025";"12:53:09";"95";"Sem vítima";"83,000";"BR-290/RS";"Crescente";"Colisão lateral no mesmo sentido";1;0;1;0;0;0;0;0;0;0;0;0;0;0;0
"22/11/2025";"13:49:13";"103";"Sem vítima";"86,500";"BR-290/RS";"Crescente";"Choque";1;0;0;0;0;0;0;0;0;0;0;0;0;0;0
"22/11/2025";"14:30:21";"111";"Sem vítima";"300,000";"BR-386/RS";"Decrescente";"Acidentes de outra natureza";0;0;0;0;0;0;0;0;0;1;0;0;0;0;0
"22/11/2025";"19:11:10";"144";"Sem vítima";"75,000";"BR-101/RS";"Crescente";"Choque";1;0;0;0;0;0;0;0;0;0;1;0;0;0;0
"22/11/2025";"23:28:48";"182";"Sem vítima";"40,000";"BR-101/RS";"Crescente";"Choque";1;0;0;0;0;0;0;0;0;0;1;0;0;0;0
"23/11/2025";"04:01:36";"14";"Sem vítima";"72,000";"BR-290/RS";"Decrescente";"Choque";1;0;0;0;0;0;0;0;0;0;1;0;0;0;0
"23/11/2025";"06:24:26";"23";"Sem vítima";"75,000";"BR-101/RS";"Decrescente";"Choque";1;0;0;0;0;0;0;0;0;0;0;0;0;0;0
"23/11/2025";"11:52:11";"84";"Sem vítima";"11,000";"BR-290/RS";"Decrescente";"Colisão traseira";1;0;0;0;0;0;0;0;0;0;0;0;0;0;0
"23/11/2025";"12:24:08";"87";"Sem vítima";"32,500";"BR-101/RS";"Crescente";"Colisão lateral no mesmo sentido";2;0;0;0;0;0;0;0;0;0;0;0;0;0;0
"23/11/2025";"12:40:29";"93";"Sem vítima";"68,000";"BR-101/RS";"Crescente";"Colisão lateral no mesmo sentido";1;0;1;0;0;0;0;0;0;0;0;0;0;0;0
"23/11/2025";"18:06:08";"151";"Com vítima";"71,000";"BR-290/RS";"Crescente";"Atropelamento de pedestre";1;0;0;0;0;0;0;0;0;0;0;0;0;1;0
"23/11/2025";"22:40:06";"207";"Sem vítima";"86,000";"BR-290/RS";"Decrescente";"Acidentes de outra natureza";1;0;0;0;0;0;0;0;0;0;0;0;0;0;0
"23/11/2025";"22:53:15";"212";"Sem vítima";"276,000";"BR-386/RS";"Crescente";"Choque";0;0;0;0;0;0;0;0;0;1;0;0;0;0;0
"24/11/2025";"00:06:02";"1";"Sem vítima";"19,000";"BR-290/RS";"Crescente";"Colisão traseira";2;0;0;0;0;0;0;0;0;0;2;0;0;0;0