data;horario;n_da_ocorrencia;tipo_de_ocorrencia;km;trecho;sentido;tipo_de_acidente;automovel;bicicleta;caminhao;moto;onibus;outros;tracao_animal;transporte_de_cargas_especiais;trator_maquinas;utilitarios;ilesos;levemente_feridos;moderadamente_feridos;gravemente_feridos;mortos
"24/11/2025";"09:22:09";"74";"Sem vítima";"70,300";"BR-290/RS";"Crescente";"Acidentes de outra natureza";1;0;0;0;0;0;0;0;0;0;0;0;0;0;0
"24/11/2025";"11:27:20";"112";"Com vítima";"221,000";"BR-386/RS";"Decrescente";"Colisão traseira";0;0;1;0;1;0;0;0;0;0;0;0;1;0;0
"24/11/2025";"13:07:55";"123";"Sem vítima";"81,000";"BR-101/RS";"Decrescente";"Colisão traseira";0;0;1;0;0;0;0;0;0;0;0;0;0;0;0
"24/11/2025";"13:08:15";"124";"Sem vítima";"81,000";"BR-101/RS";"Crescente";"Acidentes de outra natureza";1;0;0;0;0;0;0;0;0;0;0;0;0;0;0
"24/11/2025";"13:08:22";"125";"Sem vítima";"81,000";"BR-101/RS";"Crescente";"Atropelamento de pedestre";1;0;0;0;0;0;0;0;0;0;0;0;0;0;0
"24/11/2025";"13:08:55";"126";"Sem vítima";"81,000";"BR-101/RS";"Crescente";"Acidentes de outra natureza";1;0;0;0;0;0;0;0;0;0;0;0;0;0;0
"24/11/2025";"21:24:49";"200";"Sem vítima";"306,000";"BR-386/RS";"Decrescente";"Choque";0;0;1;0;0;0;0;0;0;0;0;0;0;0;0
"25/11/2025";"19:43:57";"192";"Sem vítima";"347,000";"BR-386/RS";"Crescente";"Queda de moto";0;0;0;1;0;0;0;0;0;0;0;0;0;0;0
"27/11/2025";"10:39:16";"111";"Sem vítima";"438,000";"BR-386/RS";"Decrescente";"Acidentes de outra natureza";1;0;0;0;0;0;0;0;0;0;0;0;0;0;0
"27/11/2025";"18:31:29";"173";"Sem vítima";"258,000";"BR-386/RS";"Crescente";"Colisão lateral no mesmo sentido";1;0;1;0;0;0;0;0;0;0;0;0;0;0;0
"28/11/2025";"18:45:06";"173";"Sem vítima";"356,000";"BR-386/RS";"Decrescente";"Colisão traseira";2;0;0;0;0;0;0;0;0;0;0;0;0;0;0
"29/11/2025";"00:19:50";"1";"Sem vítima";"226,000";"BR-386/RS";"Crescente";"Tombamento";1;0;0;0;0;0;0;0;0;0;0;0;0;0;0
"29/11/2025";"00:59:36";"3";"Sem vítima";"292,000";"BR-386/RS";"Decrescente";"Acidentes de outra natureza";0;0;1;0;0;0;0;0;0;0;0;0;0;0;0
"01/12/2025";"15:15:11";"171";"Sem vítima";"245,000";"BR-386/RS";"Crescente";"Colisão traseira";1;0;1;0;0;0;0;0;0;0;0;0;0;0;0
"01/12/2025";"21:48:20";"214";"Sem vítima";"405,500";"BR-386/RS";"Decrescente";"Queda de moto";0;0;0;1;0;0;0;0;0;0;0;0;0;0;0
"02/12/2025";"08:35:14";"45";"Sem vítima";"17,000";"BR-448/RS";"Crescente";"Acidentes de outra natureza";1;0;0;0;0;0;0;0;0;0;0;0;0;0;0
"02/12/2025";"11:31:11";"119";"Sem vítima";"226,000";"BR-386/RS";"Decrescente";"Engavetamento";3;0;0;0;0;0;0;0;0;1;0;0;0;0;0
"02/12/2025";"12:08:03";"135";"Sem vítima";"357,000";"BR-386/RS";"Crescente";"Colisão traseira";0;0;1;0;0;0;0;0;0;1;0;0;0;0;0
"04/12/2025";"04:34:47";"9";"Sem vítima";"246,000";"BR-386/RS";"Crescente";"Acidentes de outra natureza";1;0;0;0;0;0;0;0;0;0;0;0;0;0;0
"04/12/2025";"14:39:25";"138";"Sem vítima";"374,000";"BR-386/RS";"Crescente";"Colisão traseira";1;0;1;0;0;0;0;0;0;0;0;0;0;0;0
"04/12/2025";"15:03:42";"141";"Sem vítima";"215,000";"BR-386/RS";"Crescente";"Colisão lateral no mesmo sentido";1;0;0;0;0;0;0;0;0;0;0;0;0;0;0
"06/12/2025";"18:06:38";"140";"Sem vítima";"236,000";"BR-386/RS";"Decrescente";"Choque";1;0;0;0;0;0;0;0;0;0;0;0;0;0;0
"06/12/2025";"19:32:27";"157";"Sem vítima";"367,000";"BR-386/RS";"Decrescente";"Colisão lateral no mesmo sentido";1;0;1;0;0;0;0;0;0;0;0;0;0;0;0
"07/12/2025";"00:06:16";"1";"Sem vítima";"29,000";"BR-290/RS";"Decrescente";"Colisão traseira";2;0;0;0;0;0;0;0;0;0;0;0;0;0;0
"07/12/2025";"02:39:21";"13";"Sem vítima";"396,500";"BR-386/RS";"Decrescente";"Choque";1;0;0;0;0;0;0;0;0;0;0;0;0;0;0
"07/12/2025";"04:19:23";"20";"Sem vítima";"267,000";"BR-386/RS";"Decrescente";"Choque";1;0;0;0;0;0;0;0;0;0;0;0;0;0;0
"07/12/2025";"12:17:24";"97";"Sem vítima";"54,000";"BR-290/RS";"Crescente";"Choque";1;0;0;0;0;0;0;0;0;0;0;0;0;0;0
"07/12/2025";"18:59:25";"168";"Sem vítima";"56,000";"BR-290/RS";"Crescente";"Engavetamento";3;0;0;0;0;0;0;0;0;0;0;0;0;0;0
"07/12/2025";"23:17:16";"221";"Sem vítima";"395,000";"BR-386/RS";"Decrescente";"Acidentes de outra natureza";0;0;1;0;0;0;0;0;0;0;0;0;0;0;0
"08/12/2025";"00:57:20";"6";"Sem vítima";"7,000";"BR-101/RS";"Decrescente";"Colisão traseira";1;0;1;0;0;0;0;0;0;0;0;0;0;0;0
"08/12/2025";"04:03:08";"9";"Sem vítima";"270,500";"BR-386/RS";"Crescente";"Choque";1;0;0;0;0;0;0;0;0;0;0;0;0;0;0
"08/12/2025";"13:08:09";"130";"Com vítima";"12,000";"BR-290/RS";"Crescente";"Acidentes de outra natureza";0;0;0;0;0;0;0;0;0;0;0;0;0;0;0
"08/12/2025";"21:27:07";"215";"Sem vítima";"372,000";"BR-386/RS";"Decrescente";"Choque";1;0;0;0;0;0;0;0;0;0;0;0;0;0;0
"09/12/2025";"11:30:37";"63";"Sem vítima";"94,000";"BR-290/RS";"Crescente";"Choque";1;0;0;0;0;0;0;0;0;0;0;0;0;0;0
"09/12/2025";"12:24:54";"75";"Sem vítima";"214,000";"BR-386/RS";"Crescente";"Acidentes de outra natureza";1;0;0;0;0;0;0;0;0;0;0;0;0;0;0
"09/12/2025";"15:35:49";"106";"Sem vítima";"391,000";"BR-386/RS";"Crescente";"Choque";1;0;0;0;0;0;0;0;0;0;0;0;0;0;0
"10/12/2025";"06:16:32";"15";"Sem vítima";"296,000";"BR-386/RS";"Crescente";"Choque";1;0;0;0;0;0;0;0;0;0;0;0;0;0;0
"10/12/2025";"10:42:27";"55";"Sem vítima";"51,000";"BR-290/RS";"Decrescente";"Choque";1;0;0;0;0;0;0;0;0;0;0;0;0;0;0
"10/12/2025";"11:14:09";"59";"Sem vítima";"359,000";"BR-386/RS";"Decrescente";"Choque";0;0;1;0;0;0;0;0;0;0;0;0;0;0;0
"12/12/2025";"09:14:51";"52";"Sem vítima";"22,000";"BR-290/RS";"Crescente";"Choque";1;0;0;0;0;0;0;0;0;0;0;0;0;0;0
"12/12/2025";"13:39:08";"91";"Sem vítima";"352,000";"BR-386/RS";"Decrescente";"Colisão traseira";1;0;0;0;0;0;0;0;0;0;0;0;0;0;0
"12/12/2025";"16:55:30";"120";"Sem vítima";"416,000";"BR-386/RS";"Crescente";"Colisão traseira";1;0;0;0;0;0;0;0;0;0;0;0;0;0;0
"12/12/2025";"19:26:59";"141";"Sem vítima";"215,000";"BR-386/RS";"Decrescente";"Colisão lateral no mesmo sentido";2;0;0;0;0;0;0;0;0;0;0;0;0;0;0
"12/12/2025";"20:30:28";"155";"Sem vítima";"420,000";"BR-386/RS";"Crescente";"Colisão lateral no mesmo sentido";1;0;1;0;0;0;0;0;0;0;0;0;0;0;0
"13/12/2025";"03:07:57";"22";"Sem vítima";"247,000";"BR-386/RS";"Crescente";"Colisão lateral no mesmo sentido";2;0;0;0;0;0;0;0;0;0;0;0;0;0;0
"13/12/2025";"16:17:14";"156";"Sem vítima";"345,800";"BR-386/RS";"Crescente";"Engavetamento";4;0;0;0;0;0;0;0;0;0;0;0;0;0;0
"15/12/2025";"15:26:45";"144";"Sem vítima";"238,000";"BR-386/RS";"Decrescente";"Engavetamento";0;0;0;0;0;0;0;0;0;3;0;0;0;0;0
"15/12/2025";"16:52:06";"160";"Sem vítima";"249,000";"BR-386/RS";"Crescente";"Colisão traseira";2;0;0;0;0;0;0;0;0;0;0;0;0;0;0
"15/12/2025";"23:28:37";"201";"Sem vítima";"26,000";"BR-101/RS";"Decrescente";"Colisão traseira";1;0;1;0;0;0;0;0;0;0;0;0;0;0;0
"16/12/2025";"02:41:20";"6";"Sem vítima";"56,000";"BR-290/RS";"Crescente";"Choque";1;0;0;0;0;0;0;0;0;0;0;0;0;0;0
"19/12/2025";"12:28:56";"146";"Sem vítima";"389,000";"BR-386/RS";"Decrescente";"Colisão lateral no mesmo sentido";1;0;0;1;0;0;0;0;0;0;0;0;0;0;0
"19/12/2025";"23:24:52";"260";"Sem vítima";"353,000";"BR-386/RS";"Crescente";"Queda de moto";0;0;0;1;0;0;0;0;0;0;0;0;0;0;0
"20/12/2025";"01:56:10";"13";"Sem vítima";"62,000";"BR-290/RS";"Crescente";"Colisão traseira";2;0;0;0;0;0;0;0;0;0;0;0;0;0;0
"20/12/2025";"20:45:04";"215";"Com vítima";"346,000";"BR-386/RS";"Crescente";"Atropelamento de pedestre";0;0;0;0;0;0;0;0;0;0;0;0;0;0;1
"20/12/2025";"21:07:52";"219";"Sem vítima";"445,000";"BR-386/RS";"Crescente";"Atropelamento de animal";1;0;0;0;0;0;0;0;0;0;0;0;0;0;0
"21/12/2025";"16:12:30";"125";"Sem vítima";"406,000";"BR-386/RS";"Decrescente";"Colisão traseira";2;0;0;0;0;0;0;0;0;0;0;0;0;0;0
"22/12/2025";"07:48:50";"36";"Sem vítima";"91,000";"BR-290/RS";"Decrescente";"Colisão traseira";2;0;0;0;0;0;0;0;0;0;0;0;0;0;0
"22/12/2025";"09:24:14";"70";"Sem vítima";"438,000";"BR-386/RS";"Decrescente";"Colisão lateral no mesmo sentido";1;0;1;0;0;0;0;0;0;0;0;0;0;0;0
"22/12/2025";"19:12:03";"166";"Sem vítima";"68,000";"BR-101/RS";"Crescente";"Colisão traseira";0;0;0;0;0;0;0;0;1;2;0;0;0;0;0
"23/12/2025";"06:13:19";"22";"Sem vítima";"249,000";"BR-386/RS";"Crescente";"Choque";1;0;0;0;0;0;0;0;0;0;0;0;0;0;0
"23/12/2025";"06:43:04";"26";"Sem vítima";"304,000";"BR-386/RS";"Decrescente";"Colisão traseira";1;0;1;0;0;0;0;0;0;0;0;0;0;0;0
"23/12/2025";"07:35:17";"42";"Sem vítima";"350,000";"BR-386/RS";"Crescente";"Engavetamento";1;0;0;2;0;0;0;0;0;0;0;0;0;0;0
"23/12/2025";"10:17:23";"89";"Sem vítima";"407,000";"BR-386/RS";"Decrescente";"Engavetamento";3;0;0;0;0;0;0;0;0;0;0;0;0;0;0
"23/12/2025";"10:51:48";"99";"Sem vítima";"352,000";"BR-386/RS";"Decrescente";"Choque";1;0;0;0;0;0;0;0;0;0;0;0;0;0;0
"23/12/2025";"11:32:36";"111";"Sem vítima";"354,000";"BR-386/RS";"Crescente";"Acidentes de outra natureza";1;0;0;0;0;0;0;0;0;0;0;0;0;0;0
"23/12/2025";"11:36:08";"112";"Sem vítima";"246,000";"BR-386/RS";"Decrescente";"Colisão traseira";1;0;1;0;0;0;0;0;0;0;0;0;0;0;0
"23/12/2025";"12:37:22";"126";"Sem vítima";"261,000";"BR-386/RS";"Crescente";"Acidentes de outra natureza";1;0;0;0;0;0;0;0;0;0;0;0;0;0;0
"23/12/2025";"12:45:49";"129";"Sem vítima";"351,000";"BR-386/RS";"Decrescente";"Choque";1;0;0;0;0;0;0;0;0;0;0;0;0;0;0
"23/12/2025";"12:53:01";"132";"Sem vítima";"300,000";"BR-386/RS";"Decrescente";"Colisão traseira";1;0;1;0;0;0;0;0;0;0;0;0;0;0;0
"23/12/2025";"13:28:57";"139";"Sem vítima";"262,000";"BR-386/RS";"Decrescente";"Colisão traseira";1;0;1;0;0;0;0;0;0;0;0;0;0;0;0
"23/12/2025";"14:37:19";"146";"Sem vítima";"10,000";"BR-448/RS";"Crescente";"Engavetamento";2;0;1;0;0;0;0;0;0;0;0;0;0;0;0
"23/12/2025";"15:31:36";"152";"Sem vítima";"440,000";"BR-386/RS";"Decrescente";"Colisão traseira";1;0;1;0;0;0;0;0;0;0;0;0;0;0;0
"24/12/2025";"08:00:55";"54";"Sem vítima";"440,500";"BR-386/RS";"Decrescente";"Capotamento";1;0;0;0;0;0;0;0;0;0;0;0;0;0;0
"24/12/2025";"08:34:47";"67";"Sem vítima";"288,000";"BR-386/RS";"Crescente";"Choque";1;0;0;0;0;0;0;0;0;0;0;0;0;0;0
"24/12/2025";"08:40:03";"69";"Sem vítima";"281,000";"BR-386/RS";"Crescente";"Engavetamento";3;0;1;0;0;0;0;0;0;0;0;0;0;0;0
"24/12/2025";"09:49:23";"76";"Sem vítima";"431,000";"BR-386/RS";"Decrescente";"Engavetamento";2;0;2;0;0;0;0;0;0;0;0;0;0;0;0
"24/12/2025";"10:57:20";"88";"Sem vítima";"306,000";"BR-386/RS";"Decrescente";"Colisão frontal";2;0;0;0;0;0;0;0;0;0;0;0;0;0;0
"24/12/2025";"20:19:54";"186";"Sem vítima";"17,000";"BR-101/RS";"Crescente";"Colisão traseira";2;0;0;0;0;0;0;0;0;0;0;0;0;0;0
"24/12/2025";"23:58:52";"214";"Sem vítima";"92,000";"BR-290/RS";"Crescente";"Colisão traseira";1;0;0;0;0;0;0;0;0;0;1;0;0;0;0
"26/12/2025";"12:51:25";"80";"Sem vítima";"14,000";"BR-290/RS";"Crescente";"Colisão traseira";2;0;0;0;0;0;0;0;0;0;0;0;0;0;0
"26/12/2025";"16:57:21";"122";"Com vítima";"92,000";"BR-290/RS";"Decrescente";"Colisão traseira";1;0;0;0;0;0;0;0;0;1;6;1;0;0;0
"26/12/2025";"22:03:32";"181";"Sem vítima";"80,000";"BR-290/RS";"Decrescente";"Choque";1;0;0;0;0;0;0;0;0;0;0;0;0;0;0
"27/12/2025";"04:43:18";"10";"Sem vítima";"26,500";"BR-290/RS";"Crescente";"Choque";2;0;0;0;0;0;0;0;0;0;3;0;0;0;0
"27/12/2025";"09:18:02";"41";"Sem vítima";"46,000";"BR-290/RS";"Decrescente";"Colisão traseira";2;0;0;0;0;0;0;0;0;0;0;0;0;0;0
"27/12/2025";"15:18:22";"109";"Sem vítima";"12,200";"BR-101/RS";"Decrescente";"Engavetamento";3;0;0;0;0;0;0;0;0;0;0;0;0;0;0
"27/12/2025";"16:09:14";"118";"Sem vítima";"440,000";"BR-386/RS";"Decrescente";"Acidentes de outra natureza";1;0;0;0;0;0;0;0;0;0;0;0;0;0;0
"27/12/2025";"16:17:24";"120";"Sem vítima";"365,000";"BR-386/RS";"Crescente";"Acidentes de outra natureza";1;0;0;0;0;0;0;0;0;0;0;0;0;0;0
"27/12/2025";"16:25:15";"124";"Sem vítima";"23,000";"BR-101/RS";"Crescente";"Engavetamento";2;0;0;0;0;0;0;0;0;0;0;0;0;0;0
"27/12/2025";"16:32:23";"126";"Sem vítima";"17,000";"BR-101/RS";"Decrescente";"Engavetamento";2;0;0;0;0;0;0;0;0;0;0;0;0;0;0
"27/12/2025";"18:24:57";"142";"Sem vítima";"75,000";"BR-290/RS";"Decrescente";"Choque";1;0;0;0;0;0;0;0;0;0;0;0;0;0;0
"27/12/2025";"19:01:52";"148";"Sem vítima";"94,200";"BR-290/RS";"Decrescente";"Colisão traseira";1;0;0;0;0;0;0;0;0;0;0;0;0;0;0
"29/12/2025";"10:05:06";"91";"Sem vítima";"296,000";"BR-386/RS";"Crescente";"Choque";1;0;0;0;0;0;0;0;0;0;0;0;0;0;0
"30/12/2025";"19:09:41";"145";"Sem vítima";"62,000";"BR-290/RS";"Decrescente";"Colisão traseira";1;0;0;0;1;0;0;0;0;0;0;0;0;0;0
"30/12/2025";"20:27:44";"167";"Sem vítima";"29,000";"BR-290/RS";"Crescente";"Choque";1;0;0;0;0;0;0;0;0;0;0;0;0;0;0
"30/12/2025";"22:29:08";"201";"Sem vítima";"20,000";"BR-290/RS";"Crescente";"Colisão traseira";0;0;2;0;0;0;0;0;0;0;0;0;0;0;0
"30/12/2025";"22:40:23";"203";"Sem vítima";"31,000";"BR-290/RS";"Decrescente";"Queda de moto";0;0;0;1;0;0;0;0;0;0;0;0;0;0;0
"31/12/2025";"00:56:16";"15";"Sem vítima";"21,000";"BR-101/RS";"Decrescente";"Choque";1;0;0;0;0;0;0;0;0;0;0;0;0;0;0
"31/12/2025";"02:28:49";"40";"Sem vítima";"19,000";"BR-290/RS";"Crescente";"Choque";1;0;0;0;0;0;0;0;0;0;0;0;0;0;0
"31/12/2025";"06:27:17";"79";"Com vítima";"392,000";"BR-386/RS";"Crescente";"Atropelamento de pedestre";0;0;0;0;0;0;0;0;0;0;0;0;1;0;0
"31/12/2025";"16:51:11";"216";"Sem vítima";"288,000";"BR-386/RS";"Crescente";"Choque";1;0;0;0;0;0;0;0;0;0;0;0;0;0;0
"31/12/2025";"20:07:33";"259";"Com vítima";"62,000";"BR-101/RS";"Crescente";"Atropelamento de pedestre";1;0;0;0;0;0;0;0;0;0;0;0;0;1;0
"01/01/2026";"15:31:20";"127";"Sem vítima";"60,000";"BR-290/RS";"Decrescente";"Colisão traseira";2;0;0;0;0;0;0;0;0;0;0;0;0;0;0
"01/01/2026";"20:56:14";"208";"Sem vítima";"71,000";"BR-290/RS";"Decrescente";"Colisão lateral no mesmo sentido";2;0;0;0;0;0;0;0;0;0;0;0;0;0;0
"02/01/2026";"04:45:13";"23";"Sem vítima";"54,000";"BR-101/RS";"Crescente";"Choque";1;0;0;0;0;0;0;0;0;0;0;0;0;0;0
"02/01/2026";"14:09:32";"128";"Sem vítima";"277,000";"BR-386/RS";"Crescente";"Engavetamento";3;0;0;0;0;0;0;0;0;0;0;0;0;0;0
"04/01/2026";"11:17:06";"119";"Sem vítima";"4,500";"BR-290/RS";"Crescente";"Colisão traseira";1;0;0;0;0;0;0;0;0;0;0;0;0;0;0
"06/01/2026";"06:08:54";"14";"Sem vítima";"246,000";"BR-386/RS";"Decrescente";"Colisão lateral no mesmo sentido";1;0;1;0;0;0;0;0;0;0;0;0;0;0;0
"06/01/2026";"07:31:37";"31";"Sem vítima";"253,000";"BR-386/RS";"Decrescente";"Colisão lateral no mesmo sentido";1;0;1;0;0;0;0;0;0;0;0;0;0;0;0
"06/01/2026";"09:39:50";"75";"Sem vítima";"47,000";"BR-290/RS";"Decrescente";"Colisão lateral no mesmo sentido";1;0;1;0;0;0;0;0;0;0;0;0;0;0;0
"07/01/2026";"09:27:00";"67";"Sem vítima";"308,750";"BR-386/RS";"Crescente";"Colisão traseira";0;0;1;0;1;0;0;0;0;0;0;0;0;0;0
"08/01/2026";"14:53:58";"112";"Sem vítima";"428,000";"BR-386/RS";"Decrescente";"Colisão traseira";0;0;3;0;0;0;0;0;0;0;0;0;0;0;0
"08/01/2026";"16:01:47";"122";"Sem vítima";"33,000";"BR-290/RS";"Decrescente";"Acidentes de outra natureza";1;0;0;0;0;0;0;0;0;0;0;0;0;0;0
"09/01/2026";"19:38:10";"166";"Sem vítima";"307,000";"BR-386/RS";"Decrescente";"Engavetamento";2;0;1;0;0;0;0;0;0;0;0;0;0;0;0
"10/01/2026";"00:51:02";"1";"Sem vítima";"21,700";"BR-448/RS";"Crescente";"Choque";1;0;0;0;0;0;0;0;0;0;0;0;0;0;0
"10/01/2026";"02:39:50";"11";"Sem vítima";"429,000";"BR-386/RS";"Crescente";"Choque";1;0;0;0;0;0;0;0;0;0;0;0;0;0;0
"10/01/2026";"03:10:03";"14";"Sem vítima";"400,900";"BR-386/RS";"Crescente";"Choque";0;0;0;0;0;0;0;0;0;1;0;0;0;0;0
"10/01/2026";"10:25:40";"77";"Sem vítima";"81,000";"BR-101/RS";"Crescente";"Colisão traseira";1;0;0;0;0;0;0;0;0;0;0;0;0;0;0
"10/01/2026";"23:31:46";"186";"Sem vítima";"356,500";"BR-386/RS";"Crescente";"Acidentes de outra natureza";1;0;0;0;0;0;0;0;0;0;0;0;0;0;0
"11/01/2026";"09:25:23";"42";"Sem vítima";"306,000";"BR-386/RS";"Decrescente";"Acidentes de outra natureza";1;0;0;0;0;0;0;0;0;0;0;0;0;0;0
"12/01/2026";"04:05:59";"12";"Sem vítima";"432,000";"BR-386/RS";"Crescente";"Atropelamento de animal";0;0;1;0;0;0;0;0;0;0;0;0;0;0;0
"12/01/2026";"07:48:49";"25";"Sem vítima";"83,000";"BR-290/RS";"Decrescente";"Colisão traseira";0;0;0;1;0;0;0;0;0;0;0;0;0;0;0
"12/01/2026";"22:18:25";"183";"Sem vítima";"85,000";"BR-101/RS";"Crescente";"Colisão traseira";1;0;1;0;0;0;0;0;0;0;2;0;0;0;0
"13/01/2026";"10:35:13";"77";"Sem vítima";"290,000";"BR-386/RS";"Crescente";"Choque";1;0;0;0;0;0;0;0;0;0;0;0;0;0;0
"13/01/2026";"10:37:23";"78";"Sem vítima";"307,000";"BR-386/RS";"Crescente";"Colisão traseira";0;0;1;0;0;0;0;0;0;1;0;0;0;0;0
"14/01/2026";"01:33:16";"10";"Sem vítima";"1,000";"BR-290/RS";"Decrescente";"Capotamento";1;0;0;0;0;0;0;0;0;0;0;0;0;0;0
"14/01/2026";"21:46:37";"190";"Sem vítima";"280,000";"BR-386/RS";"Crescente";"Choque";1;0;0;0;0;0;0;0;0;0;0;0;0;0;0
"15/01/2026";"11:02:48";"130";"Sem vítima";"92,000";"BR-290/RS";"Crescente";"Colisão lateral no mesmo sentido";2;0;0;0;0;0;0;0;0;0;0;0;0;0;0
"15/01/2026";"16:25:09";"178";"Sem vítima";"266,000";"BR-386/RS";"Decrescente";"Colisão lateral no mesmo sentido";1;0;1;0;0;0;0;0;0;0;0;0;0;0;0
"16/01/2026";"08:21:27";"65";"Sem vítima";"432,000";"BR-386/RS";"Decrescente";"Colisão traseira";2;0;0;0;0;0;0;0;0;0;0;0;0;0;0
"16/01/2026";"09:41:43";"89";"Sem vítima";"91,000";"BR-290/RS";"Decrescente";"Colisão lateral no mesmo sentido";2;0;0;0;0;0;0;0;0;0;0;0;0;0;0
"16/01/2026";"16:41:08";"183";"Sem vítima";"417,000";"BR-386/RS";"Decrescente";"Acidentes de outra natureza";1;0;0;0;0;0;0;0;0;0;0;0;0;0;0
"16/01/2026";"18:41:34";"196";"Sem vítima";"419,000";"BR-386/RS";"Decrescente";"Acidentes de outra natureza";1;0;0;0;0;0;0;0;0;0;0;0;0;0;0
"16/01/2026";"18:51:45";"198";"Sem vítima";"262,000";"BR-386/RS";"Crescente";"Colisão traseira";1;0;1;0;0;0;0;0;0;0;0;0;0;0;0
"16/01/2026";"22:40:11";"235";"Sem vítima";"438,000";"BR-386/RS";"Decrescente";"Colisão traseira";1;0;0;0;0;0;0;0;0;0;0;0;0;0;0
"19/01/2026";"08:32:31";"56";"Sem vítima";"429,000";"BR-386/RS";"Crescente";"Engavetamento";1;0;0;0;0;0;0;0;0;0;0;0;0;0;0
"20/01/2026";"16:12:16";"141";"Sem vítima";"44,000";"BR-290/RS";"Crescente";"Colisão traseira";2;0;0;0;0;0;0;0;0;0;0;0;0;0;0
"20/01/2026";"16:42:44";"148";"Sem vítima";"19,000";"BR-448/RS";"Crescente";"Colisão traseira";1;0;0;1;0;0;0;0;0;0;0;0;0;0;0
"20/01/2026";"16:55:44";"152";"Sem vítima";"63,000";"BR-101/RS";"Crescente";"Colisão traseira";2;0;0;0;0;0;0;0;0;0;0;0;0;0;0
"21/01/2026";"09:20:01";"68";"Sem vítima";"430,000";"BR-386/RS";"Crescente";"Colisão frontal";2;0;0;0;0;0;0;0;0;0;0;0;0;0;0
"21/01/2026";"17:23:30";"156";"Com vítima";"77,000";"BR-290/RS";"Decrescente";"Choque";1;0;0;0;0;0;0;0;0;0;0;0;1;0;0
"21/01/2026";"19:37:00";"173";"Sem vítima";"92,000";"BR-290/RS";"Decrescente";"Colisão frontal";2;0;0;0;0;0;0;0;0;0;0;0;0;0;0
"22/01/2026";"18:53:32";"158";"Sem vítima";"412,000";"BR-386/RS";"Crescente";"Colisão traseira";2;0;0;0;0;0;0;0;0;0;0;0;0;0;0
"23/01/2026";"17:39:47";"131";"Sem vítima";"26,000";"BR-290/RS";"Decrescente";"Colisão traseira";2;0;0;0;0;0;0;0;0;0;5;0;0;0;0
"23/01/2026";"20:01:51";"154";"Sem vítima";"369,000";"BR-386/RS";"Crescente";"Colisão traseira";2;0;0;0;0;0;0;0;0;0;0;0;0;0;0
"23/01/2026";"21:37:18";"179";"Com vítima";"60,000";"BR-101/RS";"Crescente";"Queda de moto";0;0;0;1;0;0;0;0;0;0;0;2;0;0;0
"24/01/2026";"17:17:27";"123";"Sem vítima";"40,500";"BR-290/RS";"Crescente";"Colisão lateral no mesmo sentido";2;0;0;0;0;0;0;0;0;0;2;0;0;0;0
"24/01/2026";"21:32:34";"163";"Com vítima";"23,800";"BR-101/RS";"Crescente";"Atropelamento de animal";1;0;0;0;0;0;0;0;0;0;0;0;1;0;0
"25/01/2026";"14:44:18";"104";"Sem vítima";"3,000";"BR-290/RS";"Decrescente";"Colisão traseira";1;0;1;0;0;0;0;0;0;0;0;0;0;0;0
"25/01/2026";"19:32:10";"157";"Sem vítima";"356,000";"BR-386/RS";"Crescente";"Capotamento";1;0;0;0;0;0;0;0;0;0;0;0;0;0;0
"26/01/2026";"00:37:02";"5";"Com vítima";"395,000";"BR-386/RS";"Crescente";"Atropelamento de pedestre";0;0;1;0;0;0;0;0;0;0;0;0;0;0;1
"26/01/2026";"11:19:09";"127";"Sem vítima";"387,000";"BR-386/RS";"Decrescente";"Colisão lateral no mesmo sentido";2;0;1;0;0;0;0;0;0;0;0;0;0;0;0
"28/01/2026";"03:15:36";"4";"Sem vítima";"227,000";"BR-386/RS";"Decrescente";"Choque";1;0;0;0;0;0;0;0;0;0;0;0;0;0;0
"29/01/2026";"06:32:58";"21";"Sem vítima";"308,000";"BR-386/RS";"Crescente";"Colisão lateral no mesmo sentido";1;0;0;0;0;0;0;0;0;0;0;0;0;0;0
"29/01/2026";"18:34:46";"171";"Sem vítima";"386,000";"BR-386/RS";"Decrescente";"Colisão traseira";2;0;0;0;0;0;0;0;0;0;0;0;0;0;0
"30/01/2026";"03:09:37";"9";"Sem vítima";"36,000";"BR-290/RS";"Crescente";"Choque";0;0;1;0;0;0;0;0;0;0;0;0;0;0;0
"30/01/2026";"15:42:50";"170";"Sem vítima";"376,000";"BR-386/RS";"Crescente";"Acidentes de outra natureza";2;0;0;0;0;0;0;0;0;0;0;0;0;0;0